id,name,category,source_page_url,source_url,local_path,declared_sha256,local_sha256,local_bytes,local_width,local_height,http_status,content_type,final_url,remote_sha256,remote_bytes,remote_width,remote_height,remote_format,declared_matches_local,remote_matches_local,dimensions_match,error,attempts
currency_wars_equipment_001,命运圣杯星徽,faction_emblem,https://wiki.biligame.com/sr/%E5%91%BD%E8%BF%90%E5%9C%A3%E6%9D%AF%E6%98%9F%E5%BE%BD,https://patchwiki.biligame.com/images/sr/3/32/mt2jp8xagpnmlqvtk4v20pql8zpbdp1.png,data/runtime/1.0.0/4.4/equipment/assets/currency_wars_equipment_icons/currency_wars_equipment_001.png,501478d2b05cfdb8b55ff859d64f074347885803bb1a6d62cf79a2463e536dd0,501478d2b05cfdb8b55ff859d64f074347885803bb1a6d62cf79a2463e536dd0,27950,128,128,200,image/png,https://patchwiki.biligame.com/images/sr/3/32/mt2jp8xagpnmlqvtk4v20pql8zpbdp1.png,501478d2b05cfdb8b55ff859d64f074347885803bb1a6d62cf79a2463e536dd0,27950,128,128,PNG,True,True,True,,1
currency_wars_equipment_002,分裂•圣杯,fate_component,https://wiki.biligame.com/sr/%E5%88%86%E8%A3%82%E2%80%A2%E5%9C%A3%E6%9D%AF,https://patchwiki.biligame.com/images/sr/9/9e/a898nbnuv6ywty7ktmu4wepm8nkdqep.png,data/runtime/1.0.0/4.4/equipment/assets/currency_wars_equipment_icons/currency_wars_equipment_002.png,9c8bafb41cc081b61811196ad180dce749b04c54725fde5d09a3ab0766741780,9c8bafb41cc081b61811196ad180dce749b04c54725fde5d09a3ab0766741780,33508,128,128,200,image/png,https://patchwiki.biligame.com/images/sr/9/9e/a898nbnuv6ywty7ktmu4wepm8nkdqep.png,9c8bafb41cc081b61811196ad180dce749b04c54725fde5d09a3ab0766741780,33508,128,128,PNG,True,True,True,,1
currency_wars_equipment_003,圣杯,fate_component,https://wiki.biligame.com/sr/%E5%9C%A3%E6%9D%AF,https://patchwiki.biligame.com/images/sr/6/62/a898nbnuv6ywty7ktmu4wepm8nkdqep.png,data/runtime/1.0.0/4.4/equipment/assets/currency_wars_equipment_icons/currency_wars_equipment_003.png,9c8bafb41cc081b61811196ad180dce749b04c54725fde5d09a3ab0766741780,9c8bafb41cc081b61811196ad180dce749b04c54725fde5d09a3ab0766741780,33508,128,128,200,image/png,https://patchwiki.biligame.com/images/sr/6/62/a898nbnuv6ywty7ktmu4wepm8nkdqep.png,9c8bafb41cc081b61811196ad180dce749b04c54725fde5d09a3ab0766741780,33508,128,128,PNG,True,True,True,,1
currency_wars_equipment_004,天地乖离开辟之星,fate_component,https://wiki.biligame.com/sr/%E5%A4%A9%E5%9C%B0%E4%B9%96%E7%A6%BB%E5%BC%80%E8%BE%9F%E4%B9%8B%E6%98%9F,https://patchwiki.biligame.com/images/sr/0/09/jl72tex7wlvns8yo9xeqj1u1qbo67zw.png,data/runtime/1.0.0/4.4/equipment/assets/currency_wars_equipment_icons/currency_wars_equipment_004.png,cc6f1dc7a6bca0646026af6139c43c658e6182fbd686040f58dcd24de89d2963,cc6f1dc7a6bca0646026af6139c43c658e6182fbd686040f58dcd24de89d2963,32624,128,128,200,image/png,https://patchwiki.biligame.com/images/sr/0/09/jl72tex7wlvns8yo9xeqj1u1qbo67zw.png,cc6f1dc7a6bca0646026af6139c43c658e6182fbd686040f58dcd24de89d2963,32624,128,128,PNG,True,True,True,,1
currency_wars_equipment_005,宝石剑泽尔里奇,fate_component,https://wiki.biligame.com/sr/%E5%AE%9D%E7%9F%B3%E5%89%91%E6%B3%BD%E5%B0%94%E9%87%8C%E5%A5%87,https://patchwiki.biligame.com/images/sr/5/5f/7vt0o74f8dyheiguftbnclyuretmfc1.png,data/runtime/1.0.0/4.4/equipment/assets/currency_wars_equipment_icons/currency_wars_equipment_005.png,01b3a550d1ab3f78d27ba856e15c50a3c05c399f9a281ae4ad7352dced994f0f,01b3a550d1ab3f78d27ba856e15c50a3c05c399f9a281ae4ad7352dced994f0f,26921,128,128,200,image/png,https://patchwiki.biligame.com/images/sr/5/5f/7vt0o74f8dyheiguftbnclyuretmfc1.png,01b3a550d1ab3f78d27ba856e15c50a3c05c399f9a281ae4ad7352dced994f0f,26921,128,128,PNG,True,True,True,,1
currency_wars_equipment_006,干将莫邪,fate_component,https://wiki.biligame.com/sr/%E5%B9%B2%E5%B0%86%E8%8E%AB%E9%82%AA,https://patchwiki.biligame.com/images/sr/6/6a/ggxm1iskstxe4qlaxb4g2mk6q9v8r1g.png,data/runtime/1.0.0/4.4/equipment/assets/currency_wars_equipment_icons/currency_wars_equipment_006.png,8acf2cd30d8767f494c80a77d6b34df19bde721eddcbdddfcf4002161122e1ca,8acf2cd30d8767f494c80a77d6b34df19bde721eddcbdddfcf4002161122e1ca,31431,128,128,200,image/png,https://patchwiki.biligame.com/images/sr/6/6a/ggxm1iskstxe4qlaxb4g2mk6q9v8r1g.png,8acf2cd30d8767f494c80a77d6b34df19bde721eddcbdddfcf4002161122e1ca,31431,128,128,PNG,True,True,True,,1
currency_wars_equipment_007,极•天地乖离开辟之星,fate_component,https://wiki.biligame.com/sr/%E6%9E%81%E2%80%A2%E5%A4%A9%E5%9C%B0%E4%B9%96%E7%A6%BB%E5%BC%80%E8%BE%9F%E4%B9%8B%E6%98%9F,https://patchwiki.biligame.com/images/sr/3/35/jl72tex7wlvns8yo9xeqj1u1qbo67zw.png,data/runtime/1.0.0/4.4/equipment/assets/currency_wars_equipment_icons/currency_wars_equipment_007.png,cc6f1dc7a6bca0646026af6139c43c658e6182fbd686040f58dcd24de89d2963,cc6f1dc7a6bca0646026af6139c43c658e6182fbd686040f58dcd24de89d2963,32624,128,128,200,image/png,https://patchwiki.biligame.com/images/sr/3/35/jl72tex7wlvns8yo9xeqj1u1qbo67zw.png,cc6f1dc7a6bca0646026af6139c43c658e6182fbd686040f58dcd24de89d2963,32624,128,128,PNG,True,True,True,,1
currency_wars_equipment_008,极•宝石剑泽尔里奇,fate_component,https://wiki.biligame.com/sr/%E6%9E%81%E2%80%A2%E5%AE%9D%E7%9F%B3%E5%89%91%E6%B3%BD%E5%B0%94%E9%87%8C%E5%A5%87,https://patchwiki.biligame.com/images/sr/6/61/7vt0o74f8dyheiguftbnclyuretmfc1.png,data/runtime/1.0.0/4.4/equipment/assets/currency_wars_equipment_icons/currency_wars_equipment_008.png,01b3a550d1ab3f78d27ba856e15c50a3c05c399f9a281ae4ad7352dced994f0f,01b3a550d1ab3f78d27ba856e15c50a3c05c399f9a281ae4ad7352dced994f0f,26921,128,128,200,image/png,https://patchwiki.biligame.com/images/sr/6/61/7vt0o74f8dyheiguftbnclyuretmfc1.png,01b3a550d1ab3f78d27ba856e15c50a3c05c399f9a281ae4ad7352dced994f0f,26921,128,128,PNG,True,True,True,,1
currency_wars_equipment_009,极•干将莫邪,fate_component,https://wiki.biligame.com/sr/%E6%9E%81%E2%80%A2%E5%B9%B2%E5%B0%86%E8%8E%AB%E9%82%AA,https://patchwiki.biligame.com/images/sr/3/38/ggxm1iskstxe4qlaxb4g2mk6q9v8r1g.png,data/runtime/1.0.0/4.4/equipment/assets/currency_wars_equipment_icons/currency_wars_equipment_009.png,8acf2cd30d8767f494c80a77d6b34df19bde721eddcbdddfcf4002161122e1ca,8acf2cd30d8767f494c80a77d6b34df19bde721eddcbdddfcf4002161122e1ca,31431,128,128,200,image/png,https://patchwiki.biligame.com/images/sr/3/38/ggxm1iskstxe4qlaxb4g2mk6q9v8r1g.png,8acf2cd30d8767f494c80a77d6b34df19bde721eddcbdddfcf4002161122e1ca,31431,128,128,PNG,True,True,True,,1
currency_wars_equipment_010,极•阿瓦隆,fate_component,https://wiki.biligame.com/sr/%E6%9E%81%E2%80%A2%E9%98%BF%E7%93%A6%E9%9A%86,https://patchwiki.biligame.com/images/sr/1/18/iht3g55xaq1r666csbnjpbfc7onrud7.png,data/runtime/1.0.0/4.4/equipment/assets/currency_wars_equipment_icons/currency_wars_equipment_010.png,f3bed270b62a20ee5b4fd20767f8490872a12d701bdbd3f86783fbdf0128fb20,f3bed270b62a20ee5b4fd20767f8490872a12d701bdbd3f86783fbdf0128fb20,30646,128,128,200,image/png,https://patchwiki.biligame.com/images/sr/1/18/iht3g55xaq1r666csbnjpbfc7onrud7.png,f3bed270b62a20ee5b4fd20767f8490872a12d701bdbd3f86783fbdf0128fb20,30646,128,128,PNG,True,True,True,,1
currency_wars_equipment_011,穿刺死棘之枪,fate_component,https://wiki.biligame.com/sr/%E7%A9%BF%E5%88%BA%E6%AD%BB%E6%A3%98%E4%B9%8B%E6%9E%AA,https://patchwiki.biligame.com/images/sr/7/7b/rh56dh7ooqd569qbd3ouybjic8b0dlw.png,data/runtime/1.0.0/4.4/equipment/assets/currency_wars_equipment_icons/currency_wars_equipment_011.png,b76cf23e2e2a70f706b61150374fec2a60f2282f18256467d1d8d90591b0a531,b76cf23e2e2a70f706b61150374fec2a60f2282f18256467d1d8d90591b0a531,29153,128,128,200,image/png,https://patchwiki.biligame.com/images/sr/7/7b/rh56dh7ooqd569qbd3ouybjic8b0dlw.png,b76cf23e2e2a70f706b61150374fec2a60f2282f18256467d1d8d90591b0a531,29153,128,128,PNG,True,True,True,,1
currency_wars_equipment_012,罪孽王冠,fate_component,https://wiki.biligame.com/sr/%E7%BD%AA%E5%AD%BD%E7%8E%8B%E5%86%A0,https://patchwiki.biligame.com/images/sr/9/9c/iuehtsznpoffsv35v33zm8ylit3wic6.png,data/runtime/1.0.0/4.4/equipment/assets/currency_wars_equipment_icons/currency_wars_equipment_012.png,492d69c4b540dc8354045387b84d3a94ff655c20f3acd373be398708bd4d85d9,492d69c4b540dc8354045387b84d3a94ff655c20f3acd373be398708bd4d85d9,32913,128,128,200,image/png,https://patchwiki.biligame.com/images/sr/9/9c/iuehtsznpoffsv35v33zm8ylit3wic6.png,492d69c4b540dc8354045387b84d3a94ff655c20f3acd373be398708bd4d85d9,32913,128,128,PNG,True,True,True,,1
currency_wars_equipment_013,诅咒•圣杯,fate_component,https://wiki.biligame.com/sr/%E8%AF%85%E5%92%92%E2%80%A2%E5%9C%A3%E6%9D%AF,https://patchwiki.biligame.com/images/sr/b/b7/a898nbnuv6ywty7ktmu4wepm8nkdqep.png,data/runtime/1.0.0/4.4/equipment/assets/currency_wars_equipment_icons/currency_wars_equipment_013.png,9c8bafb41cc081b61811196ad180dce749b04c54725fde5d09a3ab0766741780,9c8bafb41cc081b61811196ad180dce749b04c54725fde5d09a3ab0766741780,33508,128,128,200,image/png,https://patchwiki.biligame.com/images/sr/b/b7/a898nbnuv6ywty7ktmu4wepm8nkdqep.png,9c8bafb41cc081b61811196ad180dce749b04c54725fde5d09a3ab0766741780,33508,128,128,PNG,True,True,True,,1
currency_wars_equipment_014,诅咒•天地乖离开辟之星,fate_component,https://wiki.biligame.com/sr/%E8%AF%85%E5%92%92%E2%80%A2%E5%A4%A9%E5%9C%B0%E4%B9%96%E7%A6%BB%E5%BC%80%E8%BE%9F%E4%B9%8B%E6%98%9F,https://patchwiki.biligame.com/images/sr/b/bc/jl72tex7wlvns8yo9xeqj1u1qbo67zw.png,data/runtime/1.0.0/4.4/equipment/assets/currency_wars_equipment_icons/currency_wars_equipment_014.png,cc6f1dc7a6bca0646026af6139c43c658e6182fbd686040f58dcd24de89d2963,cc6f1dc7a6bca0646026af6139c43c658e6182fbd686040f58dcd24de89d2963,32624,128,128,200,image/png,https://patchwiki.biligame.com/images/sr/b/bc/jl72tex7wlvns8yo9xeqj1u1qbo67zw.png,cc6f1dc7a6bca0646026af6139c43c658e6182fbd686040f58dcd24de89d2963,32624,128,128,PNG,True,True,True,,1
currency_wars_equipment_015,诅咒•宝石剑泽尔里奇,fate_component,https://wiki.biligame.com/sr/%E8%AF%85%E5%92%92%E2%80%A2%E5%AE%9D%E7%9F%B3%E5%89%91%E6%B3%BD%E5%B0%94%E9%87%8C%E5%A5%87,https://patchwiki.biligame.com/images/sr/4/44/7vt0o74f8dyheiguftbnclyuretmfc1.png,data/runtime/1.0.0/4.4/equipment/assets/currency_wars_equipment_icons/currency_wars_equipment_015.png,01b3a550d1ab3f78d27ba856e15c50a3c05c399f9a281ae4ad7352dced994f0f,01b3a550d1ab3f78d27ba856e15c50a3c05c399f9a281ae4ad7352dced994f0f,26921,128,128,200,image/png,https://patchwiki.biligame.com/images/sr/4/44/7vt0o74f8dyheiguftbnclyuretmfc1.png,01b3a550d1ab3f78d27ba856e15c50a3c05c399f9a281ae4ad7352dced994f0f,26921,128,128,PNG,True,True,True,,1
currency_wars_equipment_016,诅咒•干将莫邪,fate_component,https://wiki.biligame.com/sr/%E8%AF%85%E5%92%92%E2%80%A2%E5%B9%B2%E5%B0%86%E8%8E%AB%E9%82%AA,https://patchwiki.biligame.com/images/sr/a/a7/ggxm1iskstxe4qlaxb4g2mk6q9v8r1g.png,data/runtime/1.0.0/4.4/equipment/assets/currency_wars_equipment_icons/currency_wars_equipment_016.png,8acf2cd30d8767f494c80a77d6b34df19bde721eddcbdddfcf4002161122e1ca,8acf2cd30d8767f494c80a77d6b34df19bde721eddcbdddfcf4002161122e1ca,31431,128,128,200,image/png,https://patchwiki.biligame.com/images/sr/a/a7/ggxm1iskstxe4qlaxb4g2mk6q9v8r1g.png,8acf2cd30d8767f494c80a77d6b34df19bde721eddcbdddfcf4002161122e1ca,31431,128,128,PNG,True,True,True,,1
currency_wars_equipment_017,诅咒•阿瓦隆,fate_component,https://wiki.biligame.com/sr/%E8%AF%85%E5%92%92%E2%80%A2%E9%98%BF%E7%93%A6%E9%9A%86,https://patchwiki.biligame.com/images/sr/9/99/iht3g55xaq1r666csbnjpbfc7onrud7.png,data/runtime/1.0.0/4.4/equipment/assets/currency_wars_equipment_icons/currency_wars_equipment_017.png,f3bed270b62a20ee5b4fd20767f8490872a12d701bdbd3f86783fbdf0128fb20,f3bed270b62a20ee5b4fd20767f8490872a12d701bdbd3f86783fbdf0128fb20,30646,128,128,200,image/png,https://patchwiki.biligame.com/images/sr/9/99/iht3g55xaq1r666csbnjpbfc7onrud7.png,f3bed270b62a20ee5b4fd20767f8490872a12d701bdbd3f86783fbdf0128fb20,30646,128,128,PNG,True,True,True,,1
currency_wars_equipment_020,阿瓦隆,fate_component,https://wiki.biligame.com/sr/%E9%98%BF%E7%93%A6%E9%9A%86,https://patchwiki.biligame.com/images/sr/4/47/iht3g55xaq1r666csbnjpbfc7onrud7.png,data/runtime/1.0.0/4.4/equipment/assets/currency_wars_equipment_icons/currency_wars_equipment_020.png,f3bed270b62a20ee5b4fd20767f8490872a12d701bdbd3f86783fbdf0128fb20,f3bed270b62a20ee5b4fd20767f8490872a12d701bdbd3f86783fbdf0128fb20,30646,128,128,200,image/png,https://patchwiki.biligame.com/images/sr/4/47/iht3g55xaq1r666csbnjpbfc7onrud7.png,f3bed270b62a20ee5b4fd20767f8490872a12d701bdbd3f86783fbdf0128fb20,30646,128,128,PNG,True,True,True,,1
currency_wars_equipment_021,欢愉星徽,style_emblem,https://wiki.biligame.com/sr/%E6%AC%A2%E6%84%89%E6%98%9F%E5%BE%BD,https://patchwiki.biligame.com/images/sr/e/e8/tstujhmze6hmqvrfdkz87iwad9x9ea1.png,data/runtime/1.0.0/4.4/equipment/assets/currency_wars_equipment_icons/currency_wars_equipment_021.png,5790f420123a8c5c13f73666891d70bc7384c7061d990ecbc7071d6ebb073f12,5790f420123a8c5c13f73666891d70bc7384c7061d990ecbc7071d6ebb073f12,33358,128,128,200,image/png,https://patchwiki.biligame.com/images/sr/e/e8/tstujhmze6hmqvrfdkz87iwad9x9ea1.png,5790f420123a8c5c13f73666891d70bc7384c7061d990ecbc7071d6ebb073f12,33358,128,128,PNG,True,True,True,,1
currency_wars_equipment_022,分身墨镜,hacking_component,https://wiki.biligame.com/sr/%E5%88%86%E8%BA%AB%E5%A2%A8%E9%95%9C,https://patchwiki.biligame.com/images/sr/1/1a/emh3rn2idwueurtdyfysii3x8catb5o.png,data/runtime/1.0.0/4.4/equipment/assets/currency_wars_equipment_icons/currency_wars_equipment_022.png,f0441e17ce30349f9454dc72c5730e631a70843499c9b1692d410783a8b914ea,f0441e17ce30349f9454dc72c5730e631a70843499c9b1692d410783a8b914ea,26569,128,128,200,image/png,https://patchwiki.biligame.com/images/sr/1/1a/emh3rn2idwueurtdyfysii3x8catb5o.png,f0441e17ce30349f9454dc72c5730e631a70843499c9b1692d410783a8b914ea,26569,128,128,PNG,True,True,True,,1
currency_wars_equipment_023,分身墨镜Max,hacking_component,https://wiki.biligame.com/sr/%E5%88%86%E8%BA%AB%E5%A2%A8%E9%95%9CMax,https://patchwiki.biligame.com/images/sr/8/87/emh3rn2idwueurtdyfysii3x8catb5o.png,data/runtime/1.0.0/4.4/equipment/assets/currency_wars_equipment_icons/currency_wars_equipment_023.png,f0441e17ce30349f9454dc72c5730e631a70843499c9b1692d410783a8b914ea,f0441e17ce30349f9454dc72c5730e631a70843499c9b1692d410783a8b914ea,26569,128,128,200,image/png,https://patchwiki.biligame.com/images/sr/8/87/emh3rn2idwueurtdyfysii3x8catb5o.png,f0441e17ce30349f9454dc72c5730e631a70843499c9b1692d410783a8b914ea,26569,128,128,PNG,True,True,True,,1
currency_wars_equipment_024,扑满病毒,hacking_component,https://wiki.biligame.com/sr/%E6%89%91%E6%BB%A1%E7%97%85%E6%AF%92,https://patchwiki.biligame.com/images/sr/9/90/b7cdaze07091ukd588kbyjid7md76l7.png,data/runtime/1.0.0/4.4/equipment/assets/currency_wars_equipment_icons/currency_wars_equipment_024.png,a1cb19ac93cdcdefe2cf4d4f98e32770f1b60e047b33a25e9e2daee54912419c,a1cb19ac93cdcdefe2cf4d4f98e32770f1b60e047b33a25e9e2daee54912419c,22471,128,128,200,image/png,https://patchwiki.biligame.com/images/sr/9/90/b7cdaze07091ukd588kbyjid7md76l7.png,a1cb19ac93cdcdefe2cf4d4f98e32770f1b60e047b33a25e9e2daee54912419c,22471,128,128,PNG,True,True,True,,1
currency_wars_equipment_025,扑满病毒Max,hacking_component,https://wiki.biligame.com/sr/%E6%89%91%E6%BB%A1%E7%97%85%E6%AF%92Max,https://patchwiki.biligame.com/images/sr/d/d0/b7cdaze07091ukd588kbyjid7md76l7.png,data/runtime/1.0.0/4.4/equipment/assets/currency_wars_equipment_icons/currency_wars_equipment_025.png,a1cb19ac93cdcdefe2cf4d4f98e32770f1b60e047b33a25e9e2daee54912419c,a1cb19ac93cdcdefe2cf4d4f98e32770f1b60e047b33a25e9e2daee54912419c,22471,128,128,200,image/png,https://patchwiki.biligame.com/images/sr/d/d0/b7cdaze07091ukd588kbyjid7md76l7.png,a1cb19ac93cdcdefe2cf4d4f98e32770f1b60e047b33a25e9e2daee54912419c,22471,128,128,PNG,True,True,True,,1
currency_wars_equipment_026,扑满病毒Pro,hacking_component,https://wiki.biligame.com/sr/%E6%89%91%E6%BB%A1%E7%97%85%E6%AF%92Pro,https://patchwiki.biligame.com/images/sr/2/23/b7cdaze07091ukd588kbyjid7md76l7.png,data/runtime/1.0.0/4.4/equipment/assets/currency_wars_equipment_icons/currency_wars_equipment_026.png,a1cb19ac93cdcdefe2cf4d4f98e32770f1b60e047b33a25e9e2daee54912419c,a1cb19ac93cdcdefe2cf4d4f98e32770f1b60e047b33a25e9e2daee54912419c,22471,128,128,200,image/png,https://patchwiki.biligame.com/images/sr/2/23/b7cdaze07091ukd588kbyjid7md76l7.png,a1cb19ac93cdcdefe2cf4d4f98e32770f1b60e047b33a25e9e2daee54912419c,22471,128,128,PNG,True,True,True,,1
currency_wars_equipment_027,数据拷贝仪,hacking_component,https://wiki.biligame.com/sr/%E6%95%B0%E6%8D%AE%E6%8B%B7%E8%B4%9D%E4%BB%AA,https://patchwiki.biligame.com/images/sr/4/42/g7d2z7yk1xtrk1nza76mj2vgwfcrpyy.png,data/runtime/1.0.0/4.4/equipment/assets/currency_wars_equipment_icons/currency_wars_equipment_027.png,9ef6d5af3970dd9023021ac532d72a3a1a3c57b97507a99b432677be3635b4af,9ef6d5af3970dd9023021ac532d72a3a1a3c57b97507a99b432677be3635b4af,31237,128,128,200,image/png,https://patchwiki.biligame.com/images/sr/4/42/g7d2z7yk1xtrk1nza76mj2vgwfcrpyy.png,9ef6d5af3970dd9023021ac532d72a3a1a3c57b97507a99b432677be3635b4af,31237,128,128,PNG,True,True,True,,1
currency_wars_equipment_028,数据拷贝仪Max,hacking_component,https://wiki.biligame.com/sr/%E6%95%B0%E6%8D%AE%E6%8B%B7%E8%B4%9D%E4%BB%AAMax,https://patchwiki.biligame.com/images/sr/0/05/g7d2z7yk1xtrk1nza76mj2vgwfcrpyy.png,data/runtime/1.0.0/4.4/equipment/assets/currency_wars_equipment_icons/currency_wars_equipment_028.png,9ef6d5af3970dd9023021ac532d72a3a1a3c57b97507a99b432677be3635b4af,9ef6d5af3970dd9023021ac532d72a3a1a3c57b97507a99b432677be3635b4af,31237,128,128,200,image/png,https://patchwiki.biligame.com/images/sr/0/05/g7d2z7yk1xtrk1nza76mj2vgwfcrpyy.png,9ef6d5af3970dd9023021ac532d72a3a1a3c57b97507a99b432677be3635b4af,31237,128,128,PNG,True,True,True,,1
currency_wars_equipment_029,数据拷贝仪Pro,hacking_component,https://wiki.biligame.com/sr/%E6%95%B0%E6%8D%AE%E6%8B%B7%E8%B4%9D%E4%BB%AAPro,https://patchwiki.biligame.com/images/sr/4/49/g7d2z7yk1xtrk1nza76mj2vgwfcrpyy.png,data/runtime/1.0.0/4.4/equipment/assets/currency_wars_equipment_icons/currency_wars_equipment_029.png,9ef6d5af3970dd9023021ac532d72a3a1a3c57b97507a99b432677be3635b4af,9ef6d5af3970dd9023021ac532d72a3a1a3c57b97507a99b432677be3635b4af,31237,128,128,200,image/png,https://patchwiki.biligame.com/images/sr/4/49/g7d2z7yk1xtrk1nza76mj2vgwfcrpyy.png,9ef6d5af3970dd9023021ac532d72a3a1a3c57b97507a99b432677be3635b4af,31237,128,128,PNG,True,True,True,,1
currency_wars_equipment_030,星核猎手卡带,hacking_component,https://wiki.biligame.com/sr/%E6%98%9F%E6%A0%B8%E7%8C%8E%E6%89%8B%E5%8D%A1%E5%B8%A6,https://patchwiki.biligame.com/images/sr/0/05/4gz84q81cg5l3ygh6bjip2ytanu5lhf.png,data/runtime/1.0.0/4.4/equipment/assets/currency_wars_equipment_icons/currency_wars_equipment_030.png,5e7cfa755e8919353448b176967365876c4748dca06fd6c1e0ae66e899032788,5e7cfa755e8919353448b176967365876c4748dca06fd6c1e0ae66e899032788,28923,128,128,200,image/png,https://patchwiki.biligame.com/images/sr/0/05/4gz84q81cg5l3ygh6bjip2ytanu5lhf.png,5e7cfa755e8919353448b176967365876c4748dca06fd6c1e0ae66e899032788,28923,128,128,PNG,True,True,True,,1
currency_wars_equipment_031,星核猎手卡带Max,hacking_component,https://wiki.biligame.com/sr/%E6%98%9F%E6%A0%B8%E7%8C%8E%E6%89%8B%E5%8D%A1%E5%B8%A6Max,https://patchwiki.biligame.com/images/sr/f/f3/4gz84q81cg5l3ygh6bjip2ytanu5lhf.png,data/runtime/1.0.0/4.4/equipment/assets/currency_wars_equipment_icons/currency_wars_equipment_031.png,5e7cfa755e8919353448b176967365876c4748dca06fd6c1e0ae66e899032788,5e7cfa755e8919353448b176967365876c4748dca06fd6c1e0ae66e899032788,28923,128,128,200,image/png,https://patchwiki.biligame.com/images/sr/f/f3/4gz84q81cg5l3ygh6bjip2ytanu5lhf.png,5e7cfa755e8919353448b176967365876c4748dca06fd6c1e0ae66e899032788,28923,128,128,PNG,True,True,True,,1
currency_wars_equipment_032,欢愉卡带,hacking_component,https://wiki.biligame.com/sr/%E6%AC%A2%E6%84%89%E5%8D%A1%E5%B8%A6,https://patchwiki.biligame.com/images/sr/3/3c/m9l08rfrkf6adh8v9qwem5ch0rxlpba.png,data/runtime/1.0.0/4.4/equipment/assets/currency_wars_equipment_icons/currency_wars_equipment_032.png,41bf730530558f7ffe3c31adc6c4aeca06ab97bc495b8e372d7482642fbb4c53,41bf730530558f7ffe3c31adc6c4aeca06ab97bc495b8e372d7482642fbb4c53,30570,128,128,200,image/png,https://patchwiki.biligame.com/images/sr/3/3c/m9l08rfrkf6adh8v9qwem5ch0rxlpba.png,41bf730530558f7ffe3c31adc6c4aeca06ab97bc495b8e372d7482642fbb4c53,30570,128,128,PNG,True,True,True,,1
currency_wars_equipment_033,欢愉卡带Max,hacking_component,https://wiki.biligame.com/sr/%E6%AC%A2%E6%84%89%E5%8D%A1%E5%B8%A6Max,https://patchwiki.biligame.com/images/sr/3/37/m9l08rfrkf6adh8v9qwem5ch0rxlpba.png,data/runtime/1.0.0/4.4/equipment/assets/currency_wars_equipment_icons/currency_wars_equipment_033.png,41bf730530558f7ffe3c31adc6c4aeca06ab97bc495b8e372d7482642fbb4c53,41bf730530558f7ffe3c31adc6c4aeca06ab97bc495b8e372d7482642fbb4c53,30570,128,128,200,image/png,https://patchwiki.biligame.com/images/sr/3/37/m9l08rfrkf6adh8v9qwem5ch0rxlpba.png,41bf730530558f7ffe3c31adc6c4aeca06ab97bc495b8e372d7482642fbb4c53,30570,128,128,PNG,True,True,True,,1
currency_wars_equipment_034,病毒防火墙,hacking_component,https://wiki.biligame.com/sr/%E7%97%85%E6%AF%92%E9%98%B2%E7%81%AB%E5%A2%99,https://patchwiki.biligame.com/images/sr/d/df/qfh49x0x28j4oxozvjtvvrdo1qxg92t.png,data/runtime/1.0.0/4.4/equipment/assets/currency_wars_equipment_icons/currency_wars_equipment_034.png,0dff01418203ef0b8953f58ea464daa675e1f7dcf15d3e8f7a1862dea70d1d07,0dff01418203ef0b8953f58ea464daa675e1f7dcf15d3e8f7a1862dea70d1d07,30116,128,128,200,image/png,https://patchwiki.biligame.com/images/sr/d/df/qfh49x0x28j4oxozvjtvvrdo1qxg92t.png,0dff01418203ef0b8953f58ea464daa675e1f7dcf15d3e8f7a1862dea70d1d07,30116,128,128,PNG,True,True,True,,1
currency_wars_equipment_035,病毒防火墙Max,hacking_component,https://wiki.biligame.com/sr/%E7%97%85%E6%AF%92%E9%98%B2%E7%81%AB%E5%A2%99Max,https://patchwiki.biligame.com/images/sr/d/d8/qfh49x0x28j4oxozvjtvvrdo1qxg92t.png,data/runtime/1.0.0/4.4/equipment/assets/currency_wars_equipment_icons/currency_wars_equipment_035.png,0dff01418203ef0b8953f58ea464daa675e1f7dcf15d3e8f7a1862dea70d1d07,0dff01418203ef0b8953f58ea464daa675e1f7dcf15d3e8f7a1862dea70d1d07,30116,128,128,200,image/png,https://patchwiki.biligame.com/images/sr/d/d8/qfh49x0x28j4oxozvjtvvrdo1qxg92t.png,0dff01418203ef0b8953f58ea464daa675e1f7dcf15d3e8f7a1862dea70d1d07,30116,128,128,PNG,True,True,True,,1
currency_wars_equipment_036,破解芯片,hacking_component,https://wiki.biligame.com/sr/%E7%A0%B4%E8%A7%A3%E8%8A%AF%E7%89%87,https://patchwiki.biligame.com/images/sr/f/fb/m434g5lpflmkuhum94x1vkdpf95s04v.png,data/runtime/1.0.0/4.4/equipment/assets/currency_wars_equipment_icons/currency_wars_equipment_036.png,7f1683113b9e41cda1a63b4e538b1281cd1da09ce3952c5693e0ebba607626ee,7f1683113b9e41cda1a63b4e538b1281cd1da09ce3952c5693e0ebba607626ee,31045,128,128,200,image/png,https://patchwiki.biligame.com/images/sr/f/fb/m434g5lpflmkuhum94x1vkdpf95s04v.png,7f1683113b9e41cda1a63b4e538b1281cd1da09ce3952c5693e0ebba607626ee,31045,128,128,PNG,True,True,True,,1
currency_wars_equipment_037,管理员手套ProMax,hacking_component,https://wiki.biligame.com/sr/%E7%AE%A1%E7%90%86%E5%91%98%E6%89%8B%E5%A5%97ProMax,https://patchwiki.biligame.com/images/sr/5/59/2emick776yvh75j4ufh5knj1l1i25l0.png,data/runtime/1.0.0/4.4/equipment/assets/currency_wars_equipment_icons/currency_wars_equipment_037.png,5bac56504b1db84ae69062e3ecd70d19a3b66d62bae4054de1f2e407624032fd,5bac56504b1db84ae69062e3ecd70d19a3b66d62bae4054de1f2e407624032fd,32843,128,128,200,image/png,https://patchwiki.biligame.com/images/sr/5/59/2emick776yvh75j4ufh5knj1l1i25l0.png,5bac56504b1db84ae69062e3ecd70d19a3b66d62bae4054de1f2e407624032fd,32843,128,128,PNG,True,True,True,,1
currency_wars_equipment_038,垃圾袋,special_material,https://wiki.biligame.com/sr/%E5%9E%83%E5%9C%BE%E8%A2%8B,https://patchwiki.biligame.com/images/sr/6/68/tfubi1plc8f6cbakh2y7jwl2fi493ln.png,data/runtime/1.0.0/4.4/equipment/assets/currency_wars_equipment_icons/currency_wars_equipment_038.png,dcff06368995fd6ca429b87f3885c8d6db241fbcd9492ddb245e9ba6b828e98f,dcff06368995fd6ca429b87f3885c8d6db241fbcd9492ddb245e9ba6b828e98f,25685,128,128,200,image/png,https://patchwiki.biligame.com/images/sr/6/68/tfubi1plc8f6cbakh2y7jwl2fi493ln.png,dcff06368995fd6ca429b87f3885c8d6db241fbcd9492ddb245e9ba6b828e98f,25685,128,128,PNG,True,True,True,,1
currency_wars_equipment_039,金垃圾袋,special_material,https://wiki.biligame.com/sr/%E9%87%91%E5%9E%83%E5%9C%BE%E8%A2%8B,https://patchwiki.biligame.com/images/sr/2/2a/8ubsp3k0083fix177nan94xruy3h6qc.png,data/runtime/1.0.0/4.4/equipment/assets/currency_wars_equipment_icons/currency_wars_equipment_039.png,b8999031cac93715af548d29aeae29006fd0ccb2d993f830593dc9d2f3099e49,b8999031cac93715af548d29aeae29006fd0ccb2d993f830593dc9d2f3099e49,29806,128,128,200,image/png,https://patchwiki.biligame.com/images/sr/2/2a/8ubsp3k0083fix177nan94xruy3h6qc.png,b8999031cac93715af548d29aeae29006fd0ccb2d993f830593dc9d2f3099e49,29806,128,128,PNG,True,True,True,,1
currency_wars_equipment_040,以太钻头,basic,https://wiki.biligame.com/sr/%E4%BB%A5%E5%A4%AA%E9%92%BB%E5%A4%B4,https://patchwiki.biligame.com/images/sr/6/6e/bhk964m385zlsbozvgxuyp143xatr3t.png,data/runtime/1.0.0/4.4/equipment/assets/currency_wars_equipment_icons/currency_wars_equipment_040.png,3bf2828af7d7ddb7fc4dd7ec056806d1e4c0b52088be0c8ed5f43047b70de715,3bf2828af7d7ddb7fc4dd7ec056806d1e4c0b52088be0c8ed5f43047b70de715,13641,98,100,200,image/png,https://patchwiki.biligame.com/images/sr/6/6e/bhk964m385zlsbozvgxuyp143xatr3t.png,3bf2828af7d7ddb7fc4dd7ec056806d1e4c0b52088be0c8ed5f43047b70de715,13641,98,100,PNG,True,True,True,,1
currency_wars_equipment_041,光能电池,basic,https://wiki.biligame.com/sr/%E5%85%89%E8%83%BD%E7%94%B5%E6%B1%A0,https://patchwiki.biligame.com/images/sr/5/5a/s5tbp47335hgbqoey7at9rquqdwzgw4.png,data/runtime/1.0.0/4.4/equipment/assets/currency_wars_equipment_icons/currency_wars_equipment_041.png,9f391d51343b6fbdeb159b5832d4013412170df6dd49f2d4f407e54e9f7f0013,9f391d51343b6fbdeb159b5832d4013412170df6dd49f2d4f407e54e9f7f0013,14421,105,106,200,image/png,https://patchwiki.biligame.com/images/sr/5/5a/s5tbp47335hgbqoey7at9rquqdwzgw4.png,9f391d51343b6fbdeb159b5832d4013412170df6dd49f2d4f407e54e9f7f0013,14421,105,106,PNG,True,True,True,,1
currency_wars_equipment_042,和平手枪,basic,https://wiki.biligame.com/sr/%E5%92%8C%E5%B9%B3%E6%89%8B%E6%9E%AA,https://patchwiki.biligame.com/images/sr/4/47/pzpvx95meoarawtue4rr20emrzkllqw.png,data/runtime/1.0.0/4.4/equipment/assets/currency_wars_equipment_icons/currency_wars_equipment_042.png,7fe80889efea95eea2445faadc74748aa5c236bad00ed96e1111d6b91b03eb09,7fe80889efea95eea2445faadc74748aa5c236bad00ed96e1111d6b91b03eb09,16206,115,119,200,image/png,https://patchwiki.biligame.com/images/sr/4/47/pzpvx95meoarawtue4rr20emrzkllqw.png,7fe80889efea95eea2445faadc74748aa5c236bad00ed96e1111d6b91b03eb09,16206,115,119,PNG,True,True,True,,1
currency_wars_equipment_043,幸运星,basic,https://wiki.biligame.com/sr/%E5%B9%B8%E8%BF%90%E6%98%9F,https://patchwiki.biligame.com/images/sr/f/f0/p1elhq9rvdan8fi3fnuj7q1rj626pn0.png,data/runtime/1.0.0/4.4/equipment/assets/currency_wars_equipment_icons/currency_wars_equipment_043.png,0f48b0a0f9fb6045a0c9f0955416a0016e9484e2ef46f3e1f61d84b604019bf7,0f48b0a0f9fb6045a0c9f0955416a0016e9484e2ef46f3e1f61d84b604019bf7,13879,110,105,200,image/png,https://patchwiki.biligame.com/images/sr/f/f0/p1elhq9rvdan8fi3fnuj7q1rj626pn0.png,0f48b0a0f9fb6045a0c9f0955416a0016e9484e2ef46f3e1f61d84b604019bf7,13879,110,105,PNG,True,True,True,,1
currency_wars_equipment_044,折叠小刀,basic,https://wiki.biligame.com/sr/%E6%8A%98%E5%8F%A0%E5%B0%8F%E5%88%80,https://patchwiki.biligame.com/images/sr/b/b6/3xtgvw37s5gakbvjzb9afhec2zkngnt.png,data/runtime/1.0.0/4.4/equipment/assets/currency_wars_equipment_icons/currency_wars_equipment_044.png,a9e3c2be6eaef07306123fd11a9c326d182a8d7ddebcea7b06489b2783c18de4,a9e3c2be6eaef07306123fd11a9c326d182a8d7ddebcea7b06489b2783c18de4,11910,115,99,200,image/png,https://patchwiki.biligame.com/images/sr/b/b6/3xtgvw37s5gakbvjzb9afhec2zkngnt.png,a9e3c2be6eaef07306123fd11a9c326d182a8d7ddebcea7b06489b2783c18de4,11910,115,99,PNG,True,True,True,,1
currency_wars_equipment_045,生命之花,basic,https://wiki.biligame.com/sr/%E7%94%9F%E5%91%BD%E4%B9%8B%E8%8A%B1,https://patchwiki.biligame.com/images/sr/9/9b/ova1zcng0frnbh1932iij24m58031be.png,data/runtime/1.0.0/4.4/equipment/assets/currency_wars_equipment_icons/currency_wars_equipment_045.png,08498d5f24560de057cf968027c9dccf579e81bcf04cd8efb03806bda74e0a62,08498d5f24560de057cf968027c9dccf579e81bcf04cd8efb03806bda74e0a62,19244,105,109,200,image/png,https://patchwiki.biligame.com/images/sr/9/9b/ova1zcng0frnbh1932iij24m58031be.png,08498d5f24560de057cf968027c9dccf579e81bcf04cd8efb03806bda74e0a62,19244,105,109,PNG,True,True,True,,1
currency_wars_equipment_046,轮滑鞋,basic,https://wiki.biligame.com/sr/%E8%BD%AE%E6%BB%91%E9%9E%8B,https://patchwiki.biligame.com/images/sr/f/f1/qu4txn7itc6ho8i79dv2ulrqnzhj0bh.png,data/runtime/1.0.0/4.4/equipment/assets/currency_wars_equipment_icons/currency_wars_equipment_046.png,35e375357edaf3cdbe3fd7d57989bf4302350ff428ce1d2160a2c555a94d67b1,35e375357edaf3cdbe3fd7d57989bf4302350ff428ce1d2160a2c555a94d67b1,18603,115,120,200,image/png,https://patchwiki.biligame.com/images/sr/f/f1/qu4txn7itc6ho8i79dv2ulrqnzhj0bh.png,35e375357edaf3cdbe3fd7d57989bf4302350ff428ce1d2160a2c555a94d67b1,18603,115,120,PNG,True,True,True,,1
currency_wars_equipment_047,量产型装甲,basic,https://wiki.biligame.com/sr/%E9%87%8F%E4%BA%A7%E5%9E%8B%E8%A3%85%E7%94%B2,https://patchwiki.biligame.com/images/sr/c/c9/ahyladeaygqsp08r7ym0u4n14ued1r7.png,data/runtime/1.0.0/4.4/equipment/assets/currency_wars_equipment_icons/currency_wars_equipment_047.png,c261f505b9f0b395cf89838f153c4f073decdb3ec3076a78f9fb12def099d56f,c261f505b9f0b395cf89838f153c4f073decdb3ec3076a78f9fb12def099d56f,14406,103,114,200,image/png,https://patchwiki.biligame.com/images/sr/c/c9/ahyladeaygqsp08r7ym0u4n14ued1r7.png,c261f505b9f0b395cf89838f153c4f073decdb3ec3076a78f9fb12def099d56f,14406,103,114,PNG,True,True,True,,1
currency_wars_equipment_048,以牙还牙甲,advanced,https://wiki.biligame.com/sr/%E4%BB%A5%E7%89%99%E8%BF%98%E7%89%99%E7%94%B2,https://patchwiki.biligame.com/images/sr/d/db/eo02d2gr85j4lqukmjstaz91b6ip3wu.png,data/runtime/1.0.0/4.4/equipment/assets/currency_wars_equipment_icons/currency_wars_equipment_048.png,0111479a0ccb4585ccb931acbaab0e9771877936a5ce7ae10850242a446e0cb9,0111479a0ccb4585ccb931acbaab0e9771877936a5ce7ae10850242a446e0cb9,35177,128,128,200,image/png,https://patchwiki.biligame.com/images/sr/d/db/eo02d2gr85j4lqukmjstaz91b6ip3wu.png,0111479a0ccb4585ccb931acbaab0e9771877936a5ce7ae10850242a446e0cb9,35177,128,128,PNG,True,True,True,,1
currency_wars_equipment_049,信心注入器,advanced,https://wiki.biligame.com/sr/%E4%BF%A1%E5%BF%83%E6%B3%A8%E5%85%A5%E5%99%A8,https://patchwiki.biligame.com/images/sr/a/a0/4hqov03g1ee61d5brm35ncbu1ln8tje.png,data/runtime/1.0.0/4.4/equipment/assets/currency_wars_equipment_icons/currency_wars_equipment_049.png,56bea7098d3578a24612068268e277f53e143b1aa23ac0d32df8afadca76c09e,56bea7098d3578a24612068268e277f53e143b1aa23ac0d32df8afadca76c09e,31189,128,128,200,image/png,https://patchwiki.biligame.com/images/sr/a/a0/4hqov03g1ee61d5brm35ncbu1ln8tje.png,56bea7098d3578a24612068268e277f53e143b1aa23ac0d32df8afadca76c09e,31189,128,128,PNG,True,True,True,,1
currency_wars_equipment_050,光能盾牌,advanced,https://wiki.biligame.com/sr/%E5%85%89%E8%83%BD%E7%9B%BE%E7%89%8C,https://patchwiki.biligame.com/images/sr/9/96/mehybcs3df2tt1o2lv56ktaea1caa3q.png,data/runtime/1.0.0/4.4/equipment/assets/currency_wars_equipment_icons/currency_wars_equipment_050.png,4c7f19fa94a7b2845a067e086a52874e66cd3f35ffb3533a14b142dd475fb782,4c7f19fa94a7b2845a067e086a52874e66cd3f35ffb3533a14b142dd475fb782,23578,128,128,200,image/png,https://patchwiki.biligame.com/images/sr/9/96/mehybcs3df2tt1o2lv56ktaea1caa3q.png,4c7f19fa94a7b2845a067e086a52874e66cd3f35ffb3533a14b142dd475fb782,23578,128,128,PNG,True,True,True,,1
currency_wars_equipment_051,光速螺旋桨,advanced,https://wiki.biligame.com/sr/%E5%85%89%E9%80%9F%E8%9E%BA%E6%97%8B%E6%A1%A8,https://patchwiki.biligame.com/images/sr/e/ed/tuj9v192vmobh7xslh16kbia0uurl7q.png,data/runtime/1.0.0/4.4/equipment/assets/currency_wars_equipment_icons/currency_wars_equipment_051.png,e6a8adcd7331b1036186a76b3190cd5746b58d89e84e5a6aa07a25860b760eb2,e6a8adcd7331b1036186a76b3190cd5746b58d89e84e5a6aa07a25860b760eb2,31526,128,128,200,image/png,https://patchwiki.biligame.com/images/sr/e/ed/tuj9v192vmobh7xslh16kbia0uurl7q.png,e6a8adcd7331b1036186a76b3190cd5746b58d89e84e5a6aa07a25860b760eb2,31526,128,128,PNG,True,True,True,,1
currency_wars_equipment_052,冷笑话引擎,advanced,https://wiki.biligame.com/sr/%E5%86%B7%E7%AC%91%E8%AF%9D%E5%BC%95%E6%93%8E,https://patchwiki.biligame.com/images/sr/a/a8/7slh4vr9sj62l96ejejxu2emvixd77o.png,data/runtime/1.0.0/4.4/equipment/assets/currency_wars_equipment_icons/currency_wars_equipment_052.png,8558d839f989cfece0189ce7007c88f6deb48c685f9cfb48fa717f2e85273cc9,8558d839f989cfece0189ce7007c88f6deb48c685f9cfb48fa717f2e85273cc9,32541,128,128,200,image/png,https://patchwiki.biligame.com/images/sr/a/a8/7slh4vr9sj62l96ejejxu2emvixd77o.png,8558d839f989cfece0189ce7007c88f6deb48c685f9cfb48fa717f2e85273cc9,32541,128,128,PNG,True,True,True,,1
currency_wars_equipment_053,动能激发剑,advanced,https://wiki.biligame.com/sr/%E5%8A%A8%E8%83%BD%E6%BF%80%E5%8F%91%E5%89%91,https://patchwiki.biligame.com/images/sr/4/4e/pfnwa5i7hlxk6ziktp34zphh6s7h757.png,data/runtime/1.0.0/4.4/equipment/assets/currency_wars_equipment_icons/currency_wars_equipment_053.png,359b80002377cf9ecec3020db298d7dd3210dd5a6041da94304099da2f042d58,359b80002377cf9ecec3020db298d7dd3210dd5a6041da94304099da2f042d58,29689,128,128,200,image/png,https://patchwiki.biligame.com/images/sr/4/4e/pfnwa5i7hlxk6ziktp34zphh6s7h757.png,359b80002377cf9ecec3020db298d7dd3210dd5a6041da94304099da2f042d58,29689,128,128,PNG,True,True,True,,1
currency_wars_equipment_054,反卫星狙击枪,advanced,https://wiki.biligame.com/sr/%E5%8F%8D%E5%8D%AB%E6%98%9F%E7%8B%99%E5%87%BB%E6%9E%AA,https://patchwiki.biligame.com/images/sr/7/7f/ih4obknjsrxnsotbtbgko1mtl6jtg6v.png,data/runtime/1.0.0/4.4/equipment/assets/currency_wars_equipment_icons/currency_wars_equipment_054.png,d56460779d29bc6f8e2169276f523f28c6e341ce95aa0905c903bd5e8cf415f5,d56460779d29bc6f8e2169276f523f28c6e341ce95aa0905c903bd5e8cf415f5,32182,128,128,200,image/png,https://patchwiki.biligame.com/images/sr/7/7f/ih4obknjsrxnsotbtbgko1mtl6jtg6v.png,d56460779d29bc6f8e2169276f523f28c6e341ce95aa0905c903bd5e8cf415f5,32182,128,128,PNG,True,True,True,,1
currency_wars_equipment_055,反重力皮靴,advanced,https://wiki.biligame.com/sr/%E5%8F%8D%E9%87%8D%E5%8A%9B%E7%9A%AE%E9%9D%B4,https://patchwiki.biligame.com/images/sr/2/27/cvbi5e5z4thqgs311yf2j5ln6m5p89m.png,data/runtime/1.0.0/4.4/equipment/assets/currency_wars_equipment_icons/currency_wars_equipment_055.png,4ed72ae50d0fe4badc8ed4aa14681ede39657bbc080e4bc89bc2d18d90f145a3,4ed72ae50d0fe4badc8ed4aa14681ede39657bbc080e4bc89bc2d18d90f145a3,27496,128,128,200,image/png,https://patchwiki.biligame.com/images/sr/2/27/cvbi5e5z4thqgs311yf2j5ln6m5p89m.png,4ed72ae50d0fe4badc8ed4aa14681ede39657bbc080e4bc89bc2d18d90f145a3,27496,128,128,PNG,True,True,True,,1
currency_wars_equipment_056,天基轨道炮,advanced,https://wiki.biligame.com/sr/%E5%A4%A9%E5%9F%BA%E8%BD%A8%E9%81%93%E7%82%AE,https://patchwiki.biligame.com/images/sr/6/65/qv6dvngy31xn8r2eorix1rfc0uu5k4z.png,data/runtime/1.0.0/4.4/equipment/assets/currency_wars_equipment_icons/currency_wars_equipment_056.png,99b3abc3f7a8173db5accad10cbc62cf4dce5ea3fec2ed23e2d5f8f57c3ec898,99b3abc3f7a8173db5accad10cbc62cf4dce5ea3fec2ed23e2d5f8f57c3ec898,36000,128,128,200,image/png,https://patchwiki.biligame.com/images/sr/6/65/qv6dvngy31xn8r2eorix1rfc0uu5k4z.png,99b3abc3f7a8173db5accad10cbc62cf4dce5ea3fec2ed23e2d5f8f57c3ec898,36000,128,128,PNG,True,True,True,,1
currency_wars_equipment_057,很硬的甲,advanced,https://wiki.biligame.com/sr/%E5%BE%88%E7%A1%AC%E7%9A%84%E7%94%B2,https://patchwiki.biligame.com/images/sr/0/02/mefj3fu8vx0ri4eb0c103cor4it683j.png,data/runtime/1.0.0/4.4/equipment/assets/currency_wars_equipment_icons/currency_wars_equipment_057.png,fe7118a0d80b31261cc4d653850bc491820b4c1be3ba1dedf59a73cdf8eb8618,fe7118a0d80b31261cc4d653850bc491820b4c1be3ba1dedf59a73cdf8eb8618,29210,128,128,200,image/png,https://patchwiki.biligame.com/images/sr/0/02/mefj3fu8vx0ri4eb0c103cor4it683j.png,fe7118a0d80b31261cc4d653850bc491820b4c1be3ba1dedf59a73cdf8eb8618,29210,128,128,PNG,True,True,True,,1
currency_wars_equipment_058,战场进化手册,advanced,https://wiki.biligame.com/sr/%E6%88%98%E5%9C%BA%E8%BF%9B%E5%8C%96%E6%89%8B%E5%86%8C,https://patchwiki.biligame.com/images/sr/9/9c/0unwdntnbtfeibmr78936k53mwugz26.png,data/runtime/1.0.0/4.4/equipment/assets/currency_wars_equipment_icons/currency_wars_equipment_058.png,ceb9c15bd35a9524343fec674b485fc4c2695d6bc659a7a2ec311d65e9c4e78e,ceb9c15bd35a9524343fec674b485fc4c2695d6bc659a7a2ec311d65e9c4e78e,32644,128,128,200,image/png,https://patchwiki.biligame.com/images/sr/9/9c/0unwdntnbtfeibmr78936k53mwugz26.png,ceb9c15bd35a9524343fec674b485fc4c2695d6bc659a7a2ec311d65e9c4e78e,32644,128,128,PNG,True,True,True,,1
currency_wars_equipment_059,掩体生成枪,advanced,https://wiki.biligame.com/sr/%E6%8E%A9%E4%BD%93%E7%94%9F%E6%88%90%E6%9E%AA,https://patchwiki.biligame.com/images/sr/3/31/tt9chl4txl7z29941avj88i1yoedelf.png,data/runtime/1.0.0/4.4/equipment/assets/currency_wars_equipment_icons/currency_wars_equipment_059.png,141d508a6fdef1b32355695aae4ce660ce2ab31ddd97f7a353192992fc7b6c83,141d508a6fdef1b32355695aae4ce660ce2ab31ddd97f7a353192992fc7b6c83,31931,128,128,200,image/png,https://patchwiki.biligame.com/images/sr/3/31/tt9chl4txl7z29941avj88i1yoedelf.png,141d508a6fdef1b32355695aae4ce660ce2ab31ddd97f7a353192992fc7b6c83,31931,128,128,PNG,True,True,True,,1
currency_wars_equipment_060,斩首行动,advanced,https://wiki.biligame.com/sr/%E6%96%A9%E9%A6%96%E8%A1%8C%E5%8A%A8,https://patchwiki.biligame.com/images/sr/3/36/pz3qe0xci2okxgu51qyp9zur7ejpert.png,data/runtime/1.0.0/4.4/equipment/assets/currency_wars_equipment_icons/currency_wars_equipment_060.png,b0adf69dddd5d0a23fdd0fea212c0b83a830ed01a268fbdddcc3f9825bfbc7a5,b0adf69dddd5d0a23fdd0fea212c0b83a830ed01a268fbdddcc3f9825bfbc7a5,31190,128,128,200,image/png,https://patchwiki.biligame.com/images/sr/3/36/pz3qe0xci2okxgu51qyp9zur7ejpert.png,b0adf69dddd5d0a23fdd0fea212c0b83a830ed01a268fbdddcc3f9825bfbc7a5,31190,128,128,PNG,True,True,True,,1
currency_wars_equipment_061,杀红眼,advanced,https://wiki.biligame.com/sr/%E6%9D%80%E7%BA%A2%E7%9C%BC,https://patchwiki.biligame.com/images/sr/9/9d/c8u8zqx3igju3acfb4lw5inlon0t9rq.png,data/runtime/1.0.0/4.4/equipment/assets/currency_wars_equipment_icons/currency_wars_equipment_061.png,f521d20bc46c8e46893fa4ebed01e15fdc6732e627607eaaf062680cad852b7b,f521d20bc46c8e46893fa4ebed01e15fdc6732e627607eaaf062680cad852b7b,29300,128,128,200,image/png,https://patchwiki.biligame.com/images/sr/9/9d/c8u8zqx3igju3acfb4lw5inlon0t9rq.png,f521d20bc46c8e46893fa4ebed01e15fdc6732e627607eaaf062680cad852b7b,29300,128,128,PNG,True,True,True,,1
currency_wars_equipment_062,步步生花,advanced,https://wiki.biligame.com/sr/%E6%AD%A5%E6%AD%A5%E7%94%9F%E8%8A%B1,https://patchwiki.biligame.com/images/sr/a/a6/tp9rcxq8umu91bel9q1dgy0h5any5f3.png,data/runtime/1.0.0/4.4/equipment/assets/currency_wars_equipment_icons/currency_wars_equipment_062.png,4c8eae7c74f190fa5c1fd125f6edcf48bf821f2363f91e4ab6774e0fbb20b8b7,4c8eae7c74f190fa5c1fd125f6edcf48bf821f2363f91e4ab6774e0fbb20b8b7,31263,128,128,200,image/png,https://patchwiki.biligame.com/images/sr/a/a6/tp9rcxq8umu91bel9q1dgy0h5any5f3.png,4c8eae7c74f190fa5c1fd125f6edcf48bf821f2363f91e4ab6774e0fbb20b8b7,31263,128,128,PNG,True,True,True,,1
currency_wars_equipment_063,武器大师,advanced,https://wiki.biligame.com/sr/%E6%AD%A6%E5%99%A8%E5%A4%A7%E5%B8%88,https://patchwiki.biligame.com/images/sr/4/48/hgt31ij3fy4x37nmhmuads1kd3ffaw1.png,data/runtime/1.0.0/4.4/equipment/assets/currency_wars_equipment_icons/currency_wars_equipment_063.png,93348c2a315f9c98e8161bda98add1b8f30ca312fd1ca69d1b26d466f4dfcc06,93348c2a315f9c98e8161bda98add1b8f30ca312fd1ca69d1b26d466f4dfcc06,34524,128,128,200,image/png,https://patchwiki.biligame.com/images/sr/4/48/hgt31ij3fy4x37nmhmuads1kd3ffaw1.png,93348c2a315f9c98e8161bda98add1b8f30ca312fd1ca69d1b26d466f4dfcc06,34524,128,128,PNG,True,True,True,,1
currency_wars_equipment_064,永动机,advanced,https://wiki.biligame.com/sr/%E6%B0%B8%E5%8A%A8%E6%9C%BA,https://patchwiki.biligame.com/images/sr/8/85/q757o4d9skctjwjsmnow7zsyexw5le2.png,data/runtime/1.0.0/4.4/equipment/assets/currency_wars_equipment_icons/currency_wars_equipment_064.png,20f77f28e219c512cc588f109f488b5ea091da115a8a98ad2968abfc39b6ea7e,20f77f28e219c512cc588f109f488b5ea091da115a8a98ad2968abfc39b6ea7e,32428,128,128,200,image/png,https://patchwiki.biligame.com/images/sr/8/85/q757o4d9skctjwjsmnow7zsyexw5le2.png,20f77f28e219c512cc588f109f488b5ea091da115a8a98ad2968abfc39b6ea7e,32428,128,128,PNG,True,True,True,,1
currency_wars_equipment_065,流星飞翼,advanced,https://wiki.biligame.com/sr/%E6%B5%81%E6%98%9F%E9%A3%9E%E7%BF%BC,https://patchwiki.biligame.com/images/sr/c/c4/alrn3tliluloz3vgqjrk499cd0w0da2.png,data/runtime/1.0.0/4.4/equipment/assets/currency_wars_equipment_icons/currency_wars_equipment_065.png,563ed7f4a54407f1b8ee88e837789e264cb59f4cb17de0460115d5f747796d4b,563ed7f4a54407f1b8ee88e837789e264cb59f4cb17de0460115d5f747796d4b,29579,128,128,200,image/png,https://patchwiki.biligame.com/images/sr/c/c4/alrn3tliluloz3vgqjrk499cd0w0da2.png,563ed7f4a54407f1b8ee88e837789e264cb59f4cb17de0460115d5f747796d4b,29579,128,128,PNG,True,True,True,,1
currency_wars_equipment_066,火力风暴潮,advanced,https://wiki.biligame.com/sr/%E7%81%AB%E5%8A%9B%E9%A3%8E%E6%9A%B4%E6%BD%AE,https://patchwiki.biligame.com/images/sr/e/ec/procmtsk0qooo58ce92in7h1z2v9tv0.png,data/runtime/1.0.0/4.4/equipment/assets/currency_wars_equipment_icons/currency_wars_equipment_066.png,3f53c178daa9ce82877b9e7bf4d39f0dcac781e269e892b800f0551c68d6f548,3f53c178daa9ce82877b9e7bf4d39f0dcac781e269e892b800f0551c68d6f548,26355,128,128,200,image/png,https://patchwiki.biligame.com/images/sr/e/ec/procmtsk0qooo58ce92in7h1z2v9tv0.png,3f53c178daa9ce82877b9e7bf4d39f0dcac781e269e892b800f0551c68d6f548,26355,128,128,PNG,True,True,True,,1
currency_wars_equipment_067,热血沸腾拳,advanced,https://wiki.biligame.com/sr/%E7%83%AD%E8%A1%80%E6%B2%B8%E8%85%BE%E6%8B%B3,https://patchwiki.biligame.com/images/sr/3/38/t7w5i6ofsl91u1vognn688cpmp6ubi3.png,data/runtime/1.0.0/4.4/equipment/assets/currency_wars_equipment_icons/currency_wars_equipment_067.png,111a5d051a9c8ceea2486d22098c6f919130418e525d151f6098ce9fa1625389,111a5d051a9c8ceea2486d22098c6f919130418e525d151f6098ce9fa1625389,32281,128,128,200,image/png,https://patchwiki.biligame.com/images/sr/3/38/t7w5i6ofsl91u1vognn688cpmp6ubi3.png,111a5d051a9c8ceea2486d22098c6f919130418e525d151f6098ce9fa1625389,32281,128,128,PNG,True,True,True,,1
currency_wars_equipment_068,物质分解液,advanced,https://wiki.biligame.com/sr/%E7%89%A9%E8%B4%A8%E5%88%86%E8%A7%A3%E6%B6%B2,https://patchwiki.biligame.com/images/sr/2/2e/owez3qwb6fk9kcaoslr3tz116fhqblr.png,data/runtime/1.0.0/4.4/equipment/assets/currency_wars_equipment_icons/currency_wars_equipment_068.png,4204a0b84679223ecf29a6ca036e6aa95957cf6cd33512c64e55e6ae576dbb2e,4204a0b84679223ecf29a6ca036e6aa95957cf6cd33512c64e55e6ae576dbb2e,25438,128,128,200,image/png,https://patchwiki.biligame.com/images/sr/2/2e/owez3qwb6fk9kcaoslr3tz116fhqblr.png,4204a0b84679223ecf29a6ca036e6aa95957cf6cd33512c64e55e6ae576dbb2e,25438,128,128,PNG,True,True,True,,1
currency_wars_equipment_069,生命之环,advanced,https://wiki.biligame.com/sr/%E7%94%9F%E5%91%BD%E4%B9%8B%E7%8E%AF,https://patchwiki.biligame.com/images/sr/a/a6/r6bi8e7h04qglgienze9g5nbz625m97.png,data/runtime/1.0.0/4.4/equipment/assets/currency_wars_equipment_icons/currency_wars_equipment_069.png,f61a5944c98c2e3d9db314585345c0e673df145de7ce9ba27cea447c8d9d2220,f61a5944c98c2e3d9db314585345c0e673df145de7ce9ba27cea447c8d9d2220,33094,128,128,200,image/png,https://patchwiki.biligame.com/images/sr/a/a6/r6bi8e7h04qglgienze9g5nbz625m97.png,f61a5944c98c2e3d9db314585345c0e673df145de7ce9ba27cea447c8d9d2220,33094,128,128,PNG,True,True,True,,1
currency_wars_equipment_070,电光履,advanced,https://wiki.biligame.com/sr/%E7%94%B5%E5%85%89%E5%B1%A5,https://patchwiki.biligame.com/images/sr/0/0c/kwytpntq59eppt02fspkrfkxg0zt8h8.png,data/runtime/1.0.0/4.4/equipment/assets/currency_wars_equipment_icons/currency_wars_equipment_070.png,88a4334ec2c83711532325576281581f338b1b709b968407b0c90458cf2b63b8,88a4334ec2c83711532325576281581f338b1b709b968407b0c90458cf2b63b8,29134,128,128,200,image/png,https://patchwiki.biligame.com/images/sr/0/0c/kwytpntq59eppt02fspkrfkxg0zt8h8.png,88a4334ec2c83711532325576281581f338b1b709b968407b0c90458cf2b63b8,29134,128,128,PNG,True,True,True,,1
currency_wars_equipment_071,电磁弹射器,advanced,https://wiki.biligame.com/sr/%E7%94%B5%E7%A3%81%E5%BC%B9%E5%B0%84%E5%99%A8,https://patchwiki.biligame.com/images/sr/7/70/ok0fy6uy98drftzv20o7k5djfhbshnv.png,data/runtime/1.0.0/4.4/equipment/assets/currency_wars_equipment_icons/currency_wars_equipment_071.png,4a5f98d5703c2f8ec46dd348a41161178ef6976ea790711cc3bef4331708ec47,4a5f98d5703c2f8ec46dd348a41161178ef6976ea790711cc3bef4331708ec47,32555,128,128,200,image/png,https://patchwiki.biligame.com/images/sr/7/70/ok0fy6uy98drftzv20o7k5djfhbshnv.png,4a5f98d5703c2f8ec46dd348a41161178ef6976ea790711cc3bef4331708ec47,32555,128,128,PNG,True,True,True,,1
currency_wars_equipment_072,痛觉阻断芯片,advanced,https://wiki.biligame.com/sr/%E7%97%9B%E8%A7%89%E9%98%BB%E6%96%AD%E8%8A%AF%E7%89%87,https://patchwiki.biligame.com/images/sr/7/71/6549yh6pqolczbqqxp02vqdjmzfs7ke.png,data/runtime/1.0.0/4.4/equipment/assets/currency_wars_equipment_icons/currency_wars_equipment_072.png,0e381740b644f074d8d57a640343a5197bba7c3469149f96c7d6bae8ea2d124b,0e381740b644f074d8d57a640343a5197bba7c3469149f96c7d6bae8ea2d124b,29438,128,128,200,image/png,https://patchwiki.biligame.com/images/sr/7/71/6549yh6pqolczbqqxp02vqdjmzfs7ke.png,0e381740b644f074d8d57a640343a5197bba7c3469149f96c7d6bae8ea2d124b,29438,128,128,PNG,True,True,True,,1
currency_wars_equipment_073,碎星斩舰刀,advanced,https://wiki.biligame.com/sr/%E7%A2%8E%E6%98%9F%E6%96%A9%E8%88%B0%E5%88%80,https://patchwiki.biligame.com/images/sr/1/11/4tp5deflxs90qowulzea1284u7y5xj7.png,data/runtime/1.0.0/4.4/equipment/assets/currency_wars_equipment_icons/currency_wars_equipment_073.png,bc53b2f878f643ce96519b04075f5e3d9301249e8c703dbeafc2c83098710fea,bc53b2f878f643ce96519b04075f5e3d9301249e8c703dbeafc2c83098710fea,31837,128,128,200,image/png,https://patchwiki.biligame.com/images/sr/1/11/4tp5deflxs90qowulzea1284u7y5xj7.png,bc53b2f878f643ce96519b04075f5e3d9301249e8c703dbeafc2c83098710fea,31837,128,128,PNG,True,True,True,,1
currency_wars_equipment_074,绝对热量,advanced,https://wiki.biligame.com/sr/%E7%BB%9D%E5%AF%B9%E7%83%AD%E9%87%8F,https://patchwiki.biligame.com/images/sr/5/58/44folvfa971o8gov65thbnxgum3u1f2.png,data/runtime/1.0.0/4.4/equipment/assets/currency_wars_equipment_icons/currency_wars_equipment_074.png,b7715ddb5c9dea4d24897d8f80a1c790c272ce6cbfa1ab336a6078c379b610d2,b7715ddb5c9dea4d24897d8f80a1c790c272ce6cbfa1ab336a6078c379b610d2,30024,128,128,200,image/png,https://patchwiki.biligame.com/images/sr/5/58/44folvfa971o8gov65thbnxgum3u1f2.png,b7715ddb5c9dea4d24897d8f80a1c790c272ce6cbfa1ab336a6078c379b610d2,30024,128,128,PNG,True,True,True,,1
currency_wars_equipment_075,胜利之旗,advanced,https://wiki.biligame.com/sr/%E8%83%9C%E5%88%A9%E4%B9%8B%E6%97%97,https://patchwiki.biligame.com/images/sr/3/31/535v3d7kzwbgfxudq0forup9v3chxok.png,data/runtime/1.0.0/4.4/equipment/assets/currency_wars_equipment_icons/currency_wars_equipment_075.png,a7992e1a9bc95462f233d13ad4619571c80b69e62ddca7f14275f4abd006ea90,a7992e1a9bc95462f233d13ad4619571c80b69e62ddca7f14275f4abd006ea90,25775,128,128,200,image/png,https://patchwiki.biligame.com/images/sr/3/31/535v3d7kzwbgfxudq0forup9v3chxok.png,a7992e1a9bc95462f233d13ad4619571c80b69e62ddca7f14275f4abd006ea90,25775,128,128,PNG,True,True,True,,1
currency_wars_equipment_076,自适应外骨骼,advanced,https://wiki.biligame.com/sr/%E8%87%AA%E9%80%82%E5%BA%94%E5%A4%96%E9%AA%A8%E9%AA%BC,https://patchwiki.biligame.com/images/sr/e/e7/es524rclnsrht795b56rnt1nfxkvjln.png,data/runtime/1.0.0/4.4/equipment/assets/currency_wars_equipment_icons/currency_wars_equipment_076.png,4f0536a5df57dbb1fd94fa4688a2da232f7e20347f9810ad0d3633404917eaac,4f0536a5df57dbb1fd94fa4688a2da232f7e20347f9810ad0d3633404917eaac,34365,128,128,200,image/png,https://patchwiki.biligame.com/images/sr/e/e7/es524rclnsrht795b56rnt1nfxkvjln.png,4f0536a5df57dbb1fd94fa4688a2da232f7e20347f9810ad0d3633404917eaac,34365,128,128,PNG,True,True,True,,1
currency_wars_equipment_077,蓄能帆,advanced,https://wiki.biligame.com/sr/%E8%93%84%E8%83%BD%E5%B8%86,https://patchwiki.biligame.com/images/sr/3/31/50olq8xte3l0aeuagqh7l3gcu0hmjm6.png,data/runtime/1.0.0/4.4/equipment/assets/currency_wars_equipment_icons/currency_wars_equipment_077.png,33121ab041df3a0573fb638f4687c2dabd116e0ba6f4ae08d6a0839d25affe9c,33121ab041df3a0573fb638f4687c2dabd116e0ba6f4ae08d6a0839d25affe9c,34741,128,128,200,image/png,https://patchwiki.biligame.com/images/sr/3/31/50olq8xte3l0aeuagqh7l3gcu0hmjm6.png,33121ab041df3a0573fb638f4687c2dabd116e0ba6f4ae08d6a0839d25affe9c,34741,128,128,PNG,True,True,True,,1
currency_wars_equipment_078,虫洞掘进钻头,advanced,https://wiki.biligame.com/sr/%E8%99%AB%E6%B4%9E%E6%8E%98%E8%BF%9B%E9%92%BB%E5%A4%B4,https://patchwiki.biligame.com/images/sr/5/5d/7alriyktsxdl43fuoc5z3hkqog26m5l.png,data/runtime/1.0.0/4.4/equipment/assets/currency_wars_equipment_icons/currency_wars_equipment_078.png,5468037f10a03db79db0ff7fd5c64de648cc4a5e9459279826d25a2e9d083302,5468037f10a03db79db0ff7fd5c64de648cc4a5e9459279826d25a2e9d083302,32726,128,128,200,image/png,https://patchwiki.biligame.com/images/sr/5/5d/7alriyktsxdl43fuoc5z3hkqog26m5l.png,5468037f10a03db79db0ff7fd5c64de648cc4a5e9459279826d25a2e9d083302,32726,128,128,PNG,True,True,True,,1
currency_wars_equipment_079,行星钻地弹,advanced,https://wiki.biligame.com/sr/%E8%A1%8C%E6%98%9F%E9%92%BB%E5%9C%B0%E5%BC%B9,https://patchwiki.biligame.com/images/sr/2/24/4hbqrn3pq600ijf5mkqpqzdeude4h5i.png,data/runtime/1.0.0/4.4/equipment/assets/currency_wars_equipment_icons/currency_wars_equipment_079.png,057093a212c7dc7196a410cd1fae91fec7bd4e34113ea1ffe0fd38573350dc11,057093a212c7dc7196a410cd1fae91fec7bd4e34113ea1ffe0fd38573350dc11,26340,128,128,200,image/png,https://patchwiki.biligame.com/images/sr/2/24/4hbqrn3pq600ijf5mkqpqzdeude4h5i.png,057093a212c7dc7196a410cd1fae91fec7bd4e34113ea1ffe0fd38573350dc11,26340,128,128,PNG,True,True,True,,1
currency_wars_equipment_080,追逐星辰,advanced,https://wiki.biligame.com/sr/%E8%BF%BD%E9%80%90%E6%98%9F%E8%BE%B0,https://patchwiki.biligame.com/images/sr/9/99/b0d8lme3910kdmbez1qs905zlxudaz6.png,data/runtime/1.0.0/4.4/equipment/assets/currency_wars_equipment_icons/currency_wars_equipment_080.png,ef05ef9c99143308d34121776f49b584f899a13afff12bc3d8ae58c6acac8898,ef05ef9c99143308d34121776f49b584f899a13afff12bc3d8ae58c6acac8898,33526,128,128,200,image/png,https://patchwiki.biligame.com/images/sr/9/99/b0d8lme3910kdmbez1qs905zlxudaz6.png,ef05ef9c99143308d34121776f49b584f899a13afff12bc3d8ae58c6acac8898,33526,128,128,PNG,True,True,True,,1
currency_wars_equipment_081,闪光手榴弹,advanced,https://wiki.biligame.com/sr/%E9%97%AA%E5%85%89%E6%89%8B%E6%A6%B4%E5%BC%B9,https://patchwiki.biligame.com/images/sr/8/85/kubtrv6ger3f7d36hfttomyu0smwfvk.png,data/runtime/1.0.0/4.4/equipment/assets/currency_wars_equipment_icons/currency_wars_equipment_081.png,014ef547bca716049301e771bb5f9ff025777d31210818901237269f6872a98b,014ef547bca716049301e771bb5f9ff025777d31210818901237269f6872a98b,31824,128,128,200,image/png,https://patchwiki.biligame.com/images/sr/8/85/kubtrv6ger3f7d36hfttomyu0smwfvk.png,014ef547bca716049301e771bb5f9ff025777d31210818901237269f6872a98b,31824,128,128,PNG,True,True,True,,1
currency_wars_equipment_082,随便骰子,advanced,https://wiki.biligame.com/sr/%E9%9A%8F%E4%BE%BF%E9%AA%B0%E5%AD%90,https://patchwiki.biligame.com/images/sr/f/fe/2r86qfn8jis73yz7ymp1keg0ljkppe8.png,data/runtime/1.0.0/4.4/equipment/assets/currency_wars_equipment_icons/currency_wars_equipment_082.png,41503631a9126cb5eff4a7386e577541e7a29c980222264e131febf96517b31b,41503631a9126cb5eff4a7386e577541e7a29c980222264e131febf96517b31b,24563,128,128,200,image/png,https://patchwiki.biligame.com/images/sr/f/fe/2r86qfn8jis73yz7ymp1keg0ljkppe8.png,41503631a9126cb5eff4a7386e577541e7a29c980222264e131febf96517b31b,24563,128,128,PNG,True,True,True,,1
currency_wars_equipment_083,高周波电锯,advanced,https://wiki.biligame.com/sr/%E9%AB%98%E5%91%A8%E6%B3%A2%E7%94%B5%E9%94%AF,https://patchwiki.biligame.com/images/sr/d/d1/295dp1qdznous57998ddav5rpftk3q2.png,data/runtime/1.0.0/4.4/equipment/assets/currency_wars_equipment_icons/currency_wars_equipment_083.png,68bb0c44f85d14e6d41ada9323292b90c02acd6ff956315e456b912f73c8bf4e,68bb0c44f85d14e6d41ada9323292b90c02acd6ff956315e456b912f73c8bf4e,30328,128,128,200,image/png,https://patchwiki.biligame.com/images/sr/d/d1/295dp1qdznous57998ddav5rpftk3q2.png,68bb0c44f85d14e6d41ada9323292b90c02acd6ff956315e456b912f73c8bf4e,30328,128,128,PNG,True,True,True,,1
currency_wars_equipment_084,红钻,gem_material,https://wiki.biligame.com/sr/%E7%BA%A2%E9%92%BB,https://patchwiki.biligame.com/images/sr/4/42/2u1q96qnbehmsfl5aothiodopwi83gn.png,data/runtime/1.0.0/4.4/equipment/assets/currency_wars_equipment_icons/currency_wars_equipment_084.png,89a8842bef4cd82a65c23ccc24c11539b90bd4c9f3245e3d46d5238e1c1f7999,89a8842bef4cd82a65c23ccc24c11539b90bd4c9f3245e3d46d5238e1c1f7999,25537,128,128,200,image/png,https://patchwiki.biligame.com/images/sr/4/42/2u1q96qnbehmsfl5aothiodopwi83gn.png,89a8842bef4cd82a65c23ccc24c11539b90bd4c9f3245e3d46d5238e1c1f7999,25537,128,128,PNG,True,True,True,,1
currency_wars_equipment_085,蓝钻,gem_material,https://wiki.biligame.com/sr/%E8%93%9D%E9%92%BB,https://patchwiki.biligame.com/images/sr/b/b5/jy9fk5wb7wlcv16m191bwp2fjzkd8d5.png,data/runtime/1.0.0/4.4/equipment/assets/currency_wars_equipment_icons/currency_wars_equipment_085.png,7d996184f8090bd7a0bb79699810f2a9e1cdebd52fde7ed2cf34ec7e8e6d143c,7d996184f8090bd7a0bb79699810f2a9e1cdebd52fde7ed2cf34ec7e8e6d143c,23266,128,128,200,image/png,https://patchwiki.biligame.com/images/sr/b/b5/jy9fk5wb7wlcv16m191bwp2fjzkd8d5.png,7d996184f8090bd7a0bb79699810f2a9e1cdebd52fde7ed2cf34ec7e8e6d143c,23266,128,128,PNG,True,True,True,,1
currency_wars_equipment_086,财富宝钻,wealth_gem,https://wiki.biligame.com/sr/%E8%B4%A2%E5%AF%8C%E5%AE%9D%E9%92%BB,https://patchwiki.biligame.com/images/sr/6/6b/61t8p4n2dqp3hckscoinmra0mypyfsl.png,data/runtime/1.0.0/4.4/equipment/assets/currency_wars_equipment_icons/currency_wars_equipment_086.png,1e13d90dc6590245df3aa2df61285035f1a37d311dba5770e7588e4d5e9543cb,1e13d90dc6590245df3aa2df61285035f1a37d311dba5770e7588e4d5e9543cb,25733,128,128,200,image/png,https://patchwiki.biligame.com/images/sr/6/6b/61t8p4n2dqp3hckscoinmra0mypyfsl.png,1e13d90dc6590245df3aa2df61285035f1a37d311dba5770e7588e4d5e9543cb,25733,128,128,PNG,True,True,True,,1
currency_wars_equipment_087,以牙还牙甲•特权,privileged,https://wiki.biligame.com/sr/%E4%BB%A5%E7%89%99%E8%BF%98%E7%89%99%E7%94%B2%E2%80%A2%E7%89%B9%E6%9D%83,https://patchwiki.biligame.com/images/sr/b/b9/eo02d2gr85j4lqukmjstaz91b6ip3wu.png,data/runtime/1.0.0/4.4/equipment/assets/currency_wars_equipment_icons/currency_wars_equipment_087.png,0111479a0ccb4585ccb931acbaab0e9771877936a5ce7ae10850242a446e0cb9,0111479a0ccb4585ccb931acbaab0e9771877936a5ce7ae10850242a446e0cb9,35177,128,128,200,image/png,https://patchwiki.biligame.com/images/sr/b/b9/eo02d2gr85j4lqukmjstaz91b6ip3wu.png,0111479a0ccb4585ccb931acbaab0e9771877936a5ce7ae10850242a446e0cb9,35177,128,128,PNG,True,True,True,,1
currency_wars_equipment_088,信心注入器•特权,privileged,https://wiki.biligame.com/sr/%E4%BF%A1%E5%BF%83%E6%B3%A8%E5%85%A5%E5%99%A8%E2%80%A2%E7%89%B9%E6%9D%83,https://patchwiki.biligame.com/images/sr/1/19/4hqov03g1ee61d5brm35ncbu1ln8tje.png,data/runtime/1.0.0/4.4/equipment/assets/currency_wars_equipment_icons/currency_wars_equipment_088.png,56bea7098d3578a24612068268e277f53e143b1aa23ac0d32df8afadca76c09e,56bea7098d3578a24612068268e277f53e143b1aa23ac0d32df8afadca76c09e,31189,128,128,200,image/png,https://patchwiki.biligame.com/images/sr/1/19/4hqov03g1ee61d5brm35ncbu1ln8tje.png,56bea7098d3578a24612068268e277f53e143b1aa23ac0d32df8afadca76c09e,31189,128,128,PNG,True,True,True,,1
currency_wars_equipment_089,光能盾牌•特权,privileged,https://wiki.biligame.com/sr/%E5%85%89%E8%83%BD%E7%9B%BE%E7%89%8C%E2%80%A2%E7%89%B9%E6%9D%83,https://patchwiki.biligame.com/images/sr/3/3b/mehybcs3df2tt1o2lv56ktaea1caa3q.png,data/runtime/1.0.0/4.4/equipment/assets/currency_wars_equipment_icons/currency_wars_equipment_089.png,4c7f19fa94a7b2845a067e086a52874e66cd3f35ffb3533a14b142dd475fb782,4c7f19fa94a7b2845a067e086a52874e66cd3f35ffb3533a14b142dd475fb782,23578,128,128,200,image/png,https://patchwiki.biligame.com/images/sr/3/3b/mehybcs3df2tt1o2lv56ktaea1caa3q.png,4c7f19fa94a7b2845a067e086a52874e66cd3f35ffb3533a14b142dd475fb782,23578,128,128,PNG,True,True,True,,1
currency_wars_equipment_090,光速螺旋桨•特权,privileged,https://wiki.biligame.com/sr/%E5%85%89%E9%80%9F%E8%9E%BA%E6%97%8B%E6%A1%A8%E2%80%A2%E7%89%B9%E6%9D%83,https://patchwiki.biligame.com/images/sr/9/99/tuj9v192vmobh7xslh16kbia0uurl7q.png,data/runtime/1.0.0/4.4/equipment/assets/currency_wars_equipment_icons/currency_wars_equipment_090.png,e6a8adcd7331b1036186a76b3190cd5746b58d89e84e5a6aa07a25860b760eb2,e6a8adcd7331b1036186a76b3190cd5746b58d89e84e5a6aa07a25860b760eb2,31526,128,128,200,image/png,https://patchwiki.biligame.com/images/sr/9/99/tuj9v192vmobh7xslh16kbia0uurl7q.png,e6a8adcd7331b1036186a76b3190cd5746b58d89e84e5a6aa07a25860b760eb2,31526,128,128,PNG,True,True,True,,1
currency_wars_equipment_091,冷笑话引擎•特权,privileged,https://wiki.biligame.com/sr/%E5%86%B7%E7%AC%91%E8%AF%9D%E5%BC%95%E6%93%8E%E2%80%A2%E7%89%B9%E6%9D%83,https://patchwiki.biligame.com/images/sr/0/00/7slh4vr9sj62l96ejejxu2emvixd77o.png,data/runtime/1.0.0/4.4/equipment/assets/currency_wars_equipment_icons/currency_wars_equipment_091.png,8558d839f989cfece0189ce7007c88f6deb48c685f9cfb48fa717f2e85273cc9,8558d839f989cfece0189ce7007c88f6deb48c685f9cfb48fa717f2e85273cc9,32541,128,128,200,image/png,https://patchwiki.biligame.com/images/sr/0/00/7slh4vr9sj62l96ejejxu2emvixd77o.png,8558d839f989cfece0189ce7007c88f6deb48c685f9cfb48fa717f2e85273cc9,32541,128,128,PNG,True,True,True,,1
currency_wars_equipment_092,动能激发剑•特权,privileged,https://wiki.biligame.com/sr/%E5%8A%A8%E8%83%BD%E6%BF%80%E5%8F%91%E5%89%91%E2%80%A2%E7%89%B9%E6%9D%83,https://patchwiki.biligame.com/images/sr/5/53/pfnwa5i7hlxk6ziktp34zphh6s7h757.png,data/runtime/1.0.0/4.4/equipment/assets/currency_wars_equipment_icons/currency_wars_equipment_092.png,359b80002377cf9ecec3020db298d7dd3210dd5a6041da94304099da2f042d58,359b80002377cf9ecec3020db298d7dd3210dd5a6041da94304099da2f042d58,29689,128,128,200,image/png,https://patchwiki.biligame.com/images/sr/5/53/pfnwa5i7hlxk6ziktp34zphh6s7h757.png,359b80002377cf9ecec3020db298d7dd3210dd5a6041da94304099da2f042d58,29689,128,128,PNG,True,True,True,,1
currency_wars_equipment_093,反卫星狙击枪•特权,privileged,https://wiki.biligame.com/sr/%E5%8F%8D%E5%8D%AB%E6%98%9F%E7%8B%99%E5%87%BB%E6%9E%AA%E2%80%A2%E7%89%B9%E6%9D%83,https://patchwiki.biligame.com/images/sr/0/0f/ih4obknjsrxnsotbtbgko1mtl6jtg6v.png,data/runtime/1.0.0/4.4/equipment/assets/currency_wars_equipment_icons/currency_wars_equipment_093.png,d56460779d29bc6f8e2169276f523f28c6e341ce95aa0905c903bd5e8cf415f5,d56460779d29bc6f8e2169276f523f28c6e341ce95aa0905c903bd5e8cf415f5,32182,128,128,200,image/png,https://patchwiki.biligame.com/images/sr/0/0f/ih4obknjsrxnsotbtbgko1mtl6jtg6v.png,d56460779d29bc6f8e2169276f523f28c6e341ce95aa0905c903bd5e8cf415f5,32182,128,128,PNG,True,True,True,,1
currency_wars_equipment_094,反重力皮靴•特权,privileged,https://wiki.biligame.com/sr/%E5%8F%8D%E9%87%8D%E5%8A%9B%E7%9A%AE%E9%9D%B4%E2%80%A2%E7%89%B9%E6%9D%83,https://patchwiki.biligame.com/images/sr/9/9d/cvbi5e5z4thqgs311yf2j5ln6m5p89m.png,data/runtime/1.0.0/4.4/equipment/assets/currency_wars_equipment_icons/currency_wars_equipment_094.png,4ed72ae50d0fe4badc8ed4aa14681ede39657bbc080e4bc89bc2d18d90f145a3,4ed72ae50d0fe4badc8ed4aa14681ede39657bbc080e4bc89bc2d18d90f145a3,27496,128,128,200,image/png,https://patchwiki.biligame.com/images/sr/9/9d/cvbi5e5z4thqgs311yf2j5ln6m5p89m.png,4ed72ae50d0fe4badc8ed4aa14681ede39657bbc080e4bc89bc2d18d90f145a3,27496,128,128,PNG,True,True,True,,1
currency_wars_equipment_095,天基轨道炮•特权,privileged,https://wiki.biligame.com/sr/%E5%A4%A9%E5%9F%BA%E8%BD%A8%E9%81%93%E7%82%AE%E2%80%A2%E7%89%B9%E6%9D%83,https://patchwiki.biligame.com/images/sr/4/4a/qv6dvngy31xn8r2eorix1rfc0uu5k4z.png,data/runtime/1.0.0/4.4/equipment/assets/currency_wars_equipment_icons/currency_wars_equipment_095.png,99b3abc3f7a8173db5accad10cbc62cf4dce5ea3fec2ed23e2d5f8f57c3ec898,99b3abc3f7a8173db5accad10cbc62cf4dce5ea3fec2ed23e2d5f8f57c3ec898,36000,128,128,200,image/png,https://patchwiki.biligame.com/images/sr/4/4a/qv6dvngy31xn8r2eorix1rfc0uu5k4z.png,99b3abc3f7a8173db5accad10cbc62cf4dce5ea3fec2ed23e2d5f8f57c3ec898,36000,128,128,PNG,True,True,True,,1
currency_wars_equipment_096,很硬的甲•特权,privileged,https://wiki.biligame.com/sr/%E5%BE%88%E7%A1%AC%E7%9A%84%E7%94%B2%E2%80%A2%E7%89%B9%E6%9D%83,https://patchwiki.biligame.com/images/sr/f/fe/mefj3fu8vx0ri4eb0c103cor4it683j.png,data/runtime/1.0.0/4.4/equipment/assets/currency_wars_equipment_icons/currency_wars_equipment_096.png,fe7118a0d80b31261cc4d653850bc491820b4c1be3ba1dedf59a73cdf8eb8618,fe7118a0d80b31261cc4d653850bc491820b4c1be3ba1dedf59a73cdf8eb8618,29210,128,128,200,image/png,https://patchwiki.biligame.com/images/sr/f/fe/mefj3fu8vx0ri4eb0c103cor4it683j.png,fe7118a0d80b31261cc4d653850bc491820b4c1be3ba1dedf59a73cdf8eb8618,29210,128,128,PNG,True,True,True,,1
currency_wars_equipment_097,战场进化手册•特权,privileged,https://wiki.biligame.com/sr/%E6%88%98%E5%9C%BA%E8%BF%9B%E5%8C%96%E6%89%8B%E5%86%8C%E2%80%A2%E7%89%B9%E6%9D%83,https://patchwiki.biligame.com/images/sr/b/b0/0unwdntnbtfeibmr78936k53mwugz26.png,data/runtime/1.0.0/4.4/equipment/assets/currency_wars_equipment_icons/currency_wars_equipment_097.png,ceb9c15bd35a9524343fec674b485fc4c2695d6bc659a7a2ec311d65e9c4e78e,ceb9c15bd35a9524343fec674b485fc4c2695d6bc659a7a2ec311d65e9c4e78e,32644,128,128,200,image/png,https://patchwiki.biligame.com/images/sr/b/b0/0unwdntnbtfeibmr78936k53mwugz26.png,ceb9c15bd35a9524343fec674b485fc4c2695d6bc659a7a2ec311d65e9c4e78e,32644,128,128,PNG,True,True,True,,1
currency_wars_equipment_098,掩体生成枪•特权,privileged,https://wiki.biligame.com/sr/%E6%8E%A9%E4%BD%93%E7%94%9F%E6%88%90%E6%9E%AA%E2%80%A2%E7%89%B9%E6%9D%83,https://patchwiki.biligame.com/images/sr/3/3a/tt9chl4txl7z29941avj88i1yoedelf.png,data/runtime/1.0.0/4.4/equipment/assets/currency_wars_equipment_icons/currency_wars_equipment_098.png,141d508a6fdef1b32355695aae4ce660ce2ab31ddd97f7a353192992fc7b6c83,141d508a6fdef1b32355695aae4ce660ce2ab31ddd97f7a353192992fc7b6c83,31931,128,128,200,image/png,https://patchwiki.biligame.com/images/sr/3/3a/tt9chl4txl7z29941avj88i1yoedelf.png,141d508a6fdef1b32355695aae4ce660ce2ab31ddd97f7a353192992fc7b6c83,31931,128,128,PNG,True,True,True,,1
currency_wars_equipment_099,斩首行动•特权,privileged,https://wiki.biligame.com/sr/%E6%96%A9%E9%A6%96%E8%A1%8C%E5%8A%A8%E2%80%A2%E7%89%B9%E6%9D%83,https://patchwiki.biligame.com/images/sr/d/dc/pz3qe0xci2okxgu51qyp9zur7ejpert.png,data/runtime/1.0.0/4.4/equipment/assets/currency_wars_equipment_icons/currency_wars_equipment_099.png,b0adf69dddd5d0a23fdd0fea212c0b83a830ed01a268fbdddcc3f9825bfbc7a5,b0adf69dddd5d0a23fdd0fea212c0b83a830ed01a268fbdddcc3f9825bfbc7a5,31190,128,128,200,image/png,https://patchwiki.biligame.com/images/sr/d/dc/pz3qe0xci2okxgu51qyp9zur7ejpert.png,b0adf69dddd5d0a23fdd0fea212c0b83a830ed01a268fbdddcc3f9825bfbc7a5,31190,128,128,PNG,True,True,True,,1
currency_wars_equipment_100,杀红眼•特权,privileged,https://wiki.biligame.com/sr/%E6%9D%80%E7%BA%A2%E7%9C%BC%E2%80%A2%E7%89%B9%E6%9D%83,https://patchwiki.biligame.com/images/sr/0/06/c8u8zqx3igju3acfb4lw5inlon0t9rq.png,data/runtime/1.0.0/4.4/equipment/assets/currency_wars_equipment_icons/currency_wars_equipment_100.png,f521d20bc46c8e46893fa4ebed01e15fdc6732e627607eaaf062680cad852b7b,f521d20bc46c8e46893fa4ebed01e15fdc6732e627607eaaf062680cad852b7b,29300,128,128,200,image/png,https://patchwiki.biligame.com/images/sr/0/06/c8u8zqx3igju3acfb4lw5inlon0t9rq.png,f521d20bc46c8e46893fa4ebed01e15fdc6732e627607eaaf062680cad852b7b,29300,128,128,PNG,True,True,True,,1
currency_wars_equipment_101,步步生花•特权,privileged,https://wiki.biligame.com/sr/%E6%AD%A5%E6%AD%A5%E7%94%9F%E8%8A%B1%E2%80%A2%E7%89%B9%E6%9D%83,https://patchwiki.biligame.com/images/sr/3/39/tp9rcxq8umu91bel9q1dgy0h5any5f3.png,data/runtime/1.0.0/4.4/equipment/assets/currency_wars_equipment_icons/currency_wars_equipment_101.png,4c8eae7c74f190fa5c1fd125f6edcf48bf821f2363f91e4ab6774e0fbb20b8b7,4c8eae7c74f190fa5c1fd125f6edcf48bf821f2363f91e4ab6774e0fbb20b8b7,31263,128,128,200,image/png,https://patchwiki.biligame.com/images/sr/3/39/tp9rcxq8umu91bel9q1dgy0h5any5f3.png,4c8eae7c74f190fa5c1fd125f6edcf48bf821f2363f91e4ab6774e0fbb20b8b7,31263,128,128,PNG,True,True,True,,1
currency_wars_equipment_102,武器大师•特权,privileged,https://wiki.biligame.com/sr/%E6%AD%A6%E5%99%A8%E5%A4%A7%E5%B8%88%E2%80%A2%E7%89%B9%E6%9D%83,https://patchwiki.biligame.com/images/sr/6/61/hgt31ij3fy4x37nmhmuads1kd3ffaw1.png,data/runtime/1.0.0/4.4/equipment/assets/currency_wars_equipment_icons/currency_wars_equipment_102.png,93348c2a315f9c98e8161bda98add1b8f30ca312fd1ca69d1b26d466f4dfcc06,93348c2a315f9c98e8161bda98add1b8f30ca312fd1ca69d1b26d466f4dfcc06,34524,128,128,200,image/png,https://patchwiki.biligame.com/images/sr/6/61/hgt31ij3fy4x37nmhmuads1kd3ffaw1.png,93348c2a315f9c98e8161bda98add1b8f30ca312fd1ca69d1b26d466f4dfcc06,34524,128,128,PNG,True,True,True,,1
currency_wars_equipment_103,永动机•特权,privileged,https://wiki.biligame.com/sr/%E6%B0%B8%E5%8A%A8%E6%9C%BA%E2%80%A2%E7%89%B9%E6%9D%83,https://patchwiki.biligame.com/images/sr/9/90/q757o4d9skctjwjsmnow7zsyexw5le2.png,data/runtime/1.0.0/4.4/equipment/assets/currency_wars_equipment_icons/currency_wars_equipment_103.png,20f77f28e219c512cc588f109f488b5ea091da115a8a98ad2968abfc39b6ea7e,20f77f28e219c512cc588f109f488b5ea091da115a8a98ad2968abfc39b6ea7e,32428,128,128,200,image/png,https://patchwiki.biligame.com/images/sr/9/90/q757o4d9skctjwjsmnow7zsyexw5le2.png,20f77f28e219c512cc588f109f488b5ea091da115a8a98ad2968abfc39b6ea7e,32428,128,128,PNG,True,True,True,,1
currency_wars_equipment_104,流星飞翼•特权,privileged,https://wiki.biligame.com/sr/%E6%B5%81%E6%98%9F%E9%A3%9E%E7%BF%BC%E2%80%A2%E7%89%B9%E6%9D%83,https://patchwiki.biligame.com/images/sr/f/f0/alrn3tliluloz3vgqjrk499cd0w0da2.png,data/runtime/1.0.0/4.4/equipment/assets/currency_wars_equipment_icons/currency_wars_equipment_104.png,563ed7f4a54407f1b8ee88e837789e264cb59f4cb17de0460115d5f747796d4b,563ed7f4a54407f1b8ee88e837789e264cb59f4cb17de0460115d5f747796d4b,29579,128,128,200,image/png,https://patchwiki.biligame.com/images/sr/f/f0/alrn3tliluloz3vgqjrk499cd0w0da2.png,563ed7f4a54407f1b8ee88e837789e264cb59f4cb17de0460115d5f747796d4b,29579,128,128,PNG,True,True,True,,1
currency_wars_equipment_105,火力风暴潮•特权,privileged,https://wiki.biligame.com/sr/%E7%81%AB%E5%8A%9B%E9%A3%8E%E6%9A%B4%E6%BD%AE%E2%80%A2%E7%89%B9%E6%9D%83,https://patchwiki.biligame.com/images/sr/e/e4/procmtsk0qooo58ce92in7h1z2v9tv0.png,data/runtime/1.0.0/4.4/equipment/assets/currency_wars_equipment_icons/currency_wars_equipment_105.png,3f53c178daa9ce82877b9e7bf4d39f0dcac781e269e892b800f0551c68d6f548,3f53c178daa9ce82877b9e7bf4d39f0dcac781e269e892b800f0551c68d6f548,26355,128,128,200,image/png,https://patchwiki.biligame.com/images/sr/e/e4/procmtsk0qooo58ce92in7h1z2v9tv0.png,3f53c178daa9ce82877b9e7bf4d39f0dcac781e269e892b800f0551c68d6f548,26355,128,128,PNG,True,True,True,,1
currency_wars_equipment_106,热血沸腾拳•特权,privileged,https://wiki.biligame.com/sr/%E7%83%AD%E8%A1%80%E6%B2%B8%E8%85%BE%E6%8B%B3%E2%80%A2%E7%89%B9%E6%9D%83,https://patchwiki.biligame.com/images/sr/f/f1/t7w5i6ofsl91u1vognn688cpmp6ubi3.png,data/runtime/1.0.0/4.4/equipment/assets/currency_wars_equipment_icons/currency_wars_equipment_106.png,111a5d051a9c8ceea2486d22098c6f919130418e525d151f6098ce9fa1625389,111a5d051a9c8ceea2486d22098c6f919130418e525d151f6098ce9fa1625389,32281,128,128,200,image/png,https://patchwiki.biligame.com/images/sr/f/f1/t7w5i6ofsl91u1vognn688cpmp6ubi3.png,111a5d051a9c8ceea2486d22098c6f919130418e525d151f6098ce9fa1625389,32281,128,128,PNG,True,True,True,,1
currency_wars_equipment_107,物质分解液•特权,privileged,https://wiki.biligame.com/sr/%E7%89%A9%E8%B4%A8%E5%88%86%E8%A7%A3%E6%B6%B2%E2%80%A2%E7%89%B9%E6%9D%83,https://patchwiki.biligame.com/images/sr/7/74/owez3qwb6fk9kcaoslr3tz116fhqblr.png,data/runtime/1.0.0/4.4/equipment/assets/currency_wars_equipment_icons/currency_wars_equipment_107.png,4204a0b84679223ecf29a6ca036e6aa95957cf6cd33512c64e55e6ae576dbb2e,4204a0b84679223ecf29a6ca036e6aa95957cf6cd33512c64e55e6ae576dbb2e,25438,128,128,200,image/png,https://patchwiki.biligame.com/images/sr/7/74/owez3qwb6fk9kcaoslr3tz116fhqblr.png,4204a0b84679223ecf29a6ca036e6aa95957cf6cd33512c64e55e6ae576dbb2e,25438,128,128,PNG,True,True,True,,1
currency_wars_equipment_108,生命之环•特权,privileged,https://wiki.biligame.com/sr/%E7%94%9F%E5%91%BD%E4%B9%8B%E7%8E%AF%E2%80%A2%E7%89%B9%E6%9D%83,https://patchwiki.biligame.com/images/sr/b/ba/r6bi8e7h04qglgienze9g5nbz625m97.png,data/runtime/1.0.0/4.4/equipment/assets/currency_wars_equipment_icons/currency_wars_equipment_108.png,f61a5944c98c2e3d9db314585345c0e673df145de7ce9ba27cea447c8d9d2220,f61a5944c98c2e3d9db314585345c0e673df145de7ce9ba27cea447c8d9d2220,33094,128,128,200,image/png,https://patchwiki.biligame.com/images/sr/b/ba/r6bi8e7h04qglgienze9g5nbz625m97.png,f61a5944c98c2e3d9db314585345c0e673df145de7ce9ba27cea447c8d9d2220,33094,128,128,PNG,True,True,True,,1
currency_wars_equipment_109,电光履•特权,privileged,https://wiki.biligame.com/sr/%E7%94%B5%E5%85%89%E5%B1%A5%E2%80%A2%E7%89%B9%E6%9D%83,https://patchwiki.biligame.com/images/sr/3/37/kwytpntq59eppt02fspkrfkxg0zt8h8.png,data/runtime/1.0.0/4.4/equipment/assets/currency_wars_equipment_icons/currency_wars_equipment_109.png,88a4334ec2c83711532325576281581f338b1b709b968407b0c90458cf2b63b8,88a4334ec2c83711532325576281581f338b1b709b968407b0c90458cf2b63b8,29134,128,128,200,image/png,https://patchwiki.biligame.com/images/sr/3/37/kwytpntq59eppt02fspkrfkxg0zt8h8.png,88a4334ec2c83711532325576281581f338b1b709b968407b0c90458cf2b63b8,29134,128,128,PNG,True,True,True,,1
currency_wars_equipment_110,电磁弹射器•特权,privileged,https://wiki.biligame.com/sr/%E7%94%B5%E7%A3%81%E5%BC%B9%E5%B0%84%E5%99%A8%E2%80%A2%E7%89%B9%E6%9D%83,https://patchwiki.biligame.com/images/sr/4/45/ok0fy6uy98drftzv20o7k5djfhbshnv.png,data/runtime/1.0.0/4.4/equipment/assets/currency_wars_equipment_icons/currency_wars_equipment_110.png,4a5f98d5703c2f8ec46dd348a41161178ef6976ea790711cc3bef4331708ec47,4a5f98d5703c2f8ec46dd348a41161178ef6976ea790711cc3bef4331708ec47,32555,128,128,200,image/png,https://patchwiki.biligame.com/images/sr/4/45/ok0fy6uy98drftzv20o7k5djfhbshnv.png,4a5f98d5703c2f8ec46dd348a41161178ef6976ea790711cc3bef4331708ec47,32555,128,128,PNG,True,True,True,,1
currency_wars_equipment_111,痛觉阻断芯片•特权,privileged,https://wiki.biligame.com/sr/%E7%97%9B%E8%A7%89%E9%98%BB%E6%96%AD%E8%8A%AF%E7%89%87%E2%80%A2%E7%89%B9%E6%9D%83,https://patchwiki.biligame.com/images/sr/3/39/6549yh6pqolczbqqxp02vqdjmzfs7ke.png,data/runtime/1.0.0/4.4/equipment/assets/currency_wars_equipment_icons/currency_wars_equipment_111.png,0e381740b644f074d8d57a640343a5197bba7c3469149f96c7d6bae8ea2d124b,0e381740b644f074d8d57a640343a5197bba7c3469149f96c7d6bae8ea2d124b,29438,128,128,200,image/png,https://patchwiki.biligame.com/images/sr/3/39/6549yh6pqolczbqqxp02vqdjmzfs7ke.png,0e381740b644f074d8d57a640343a5197bba7c3469149f96c7d6bae8ea2d124b,29438,128,128,PNG,True,True,True,,1
currency_wars_equipment_112,碎星斩舰刀•特权,privileged,https://wiki.biligame.com/sr/%E7%A2%8E%E6%98%9F%E6%96%A9%E8%88%B0%E5%88%80%E2%80%A2%E7%89%B9%E6%9D%83,https://patchwiki.biligame.com/images/sr/6/6b/4tp5deflxs90qowulzea1284u7y5xj7.png,data/runtime/1.0.0/4.4/equipment/assets/currency_wars_equipment_icons/currency_wars_equipment_112.png,bc53b2f878f643ce96519b04075f5e3d9301249e8c703dbeafc2c83098710fea,bc53b2f878f643ce96519b04075f5e3d9301249e8c703dbeafc2c83098710fea,31837,128,128,200,image/png,https://patchwiki.biligame.com/images/sr/6/6b/4tp5deflxs90qowulzea1284u7y5xj7.png,bc53b2f878f643ce96519b04075f5e3d9301249e8c703dbeafc2c83098710fea,31837,128,128,PNG,True,True,True,,1
currency_wars_equipment_113,绝对热量•特权,privileged,https://wiki.biligame.com/sr/%E7%BB%9D%E5%AF%B9%E7%83%AD%E9%87%8F%E2%80%A2%E7%89%B9%E6%9D%83,https://patchwiki.biligame.com/images/sr/7/7d/44folvfa971o8gov65thbnxgum3u1f2.png,data/runtime/1.0.0/4.4/equipment/assets/currency_wars_equipment_icons/currency_wars_equipment_113.png,b7715ddb5c9dea4d24897d8f80a1c790c272ce6cbfa1ab336a6078c379b610d2,b7715ddb5c9dea4d24897d8f80a1c790c272ce6cbfa1ab336a6078c379b610d2,30024,128,128,200,image/png,https://patchwiki.biligame.com/images/sr/7/7d/44folvfa971o8gov65thbnxgum3u1f2.png,b7715ddb5c9dea4d24897d8f80a1c790c272ce6cbfa1ab336a6078c379b610d2,30024,128,128,PNG,True,True,True,,1
currency_wars_equipment_114,胜利之旗•特权,privileged,https://wiki.biligame.com/sr/%E8%83%9C%E5%88%A9%E4%B9%8B%E6%97%97%E2%80%A2%E7%89%B9%E6%9D%83,https://patchwiki.biligame.com/images/sr/0/0c/535v3d7kzwbgfxudq0forup9v3chxok.png,data/runtime/1.0.0/4.4/equipment/assets/currency_wars_equipment_icons/currency_wars_equipment_114.png,a7992e1a9bc95462f233d13ad4619571c80b69e62ddca7f14275f4abd006ea90,a7992e1a9bc95462f233d13ad4619571c80b69e62ddca7f14275f4abd006ea90,25775,128,128,200,image/png,https://patchwiki.biligame.com/images/sr/0/0c/535v3d7kzwbgfxudq0forup9v3chxok.png,a7992e1a9bc95462f233d13ad4619571c80b69e62ddca7f14275f4abd006ea90,25775,128,128,PNG,True,True,True,,1
currency_wars_equipment_115,自适应外骨骼•特权,privileged,https://wiki.biligame.com/sr/%E8%87%AA%E9%80%82%E5%BA%94%E5%A4%96%E9%AA%A8%E9%AA%BC%E2%80%A2%E7%89%B9%E6%9D%83,https://patchwiki.biligame.com/images/sr/9/94/es524rclnsrht795b56rnt1nfxkvjln.png,data/runtime/1.0.0/4.4/equipment/assets/currency_wars_equipment_icons/currency_wars_equipment_115.png,4f0536a5df57dbb1fd94fa4688a2da232f7e20347f9810ad0d3633404917eaac,4f0536a5df57dbb1fd94fa4688a2da232f7e20347f9810ad0d3633404917eaac,34365,128,128,200,image/png,https://patchwiki.biligame.com/images/sr/9/94/es524rclnsrht795b56rnt1nfxkvjln.png,4f0536a5df57dbb1fd94fa4688a2da232f7e20347f9810ad0d3633404917eaac,34365,128,128,PNG,True,True,True,,1
currency_wars_equipment_116,蓄能帆•特权,privileged,https://wiki.biligame.com/sr/%E8%93%84%E8%83%BD%E5%B8%86%E2%80%A2%E7%89%B9%E6%9D%83,https://patchwiki.biligame.com/images/sr/5/5d/50olq8xte3l0aeuagqh7l3gcu0hmjm6.png,data/runtime/1.0.0/4.4/equipment/assets/currency_wars_equipment_icons/currency_wars_equipment_116.png,33121ab041df3a0573fb638f4687c2dabd116e0ba6f4ae08d6a0839d25affe9c,33121ab041df3a0573fb638f4687c2dabd116e0ba6f4ae08d6a0839d25affe9c,34741,128,128,200,image/png,https://patchwiki.biligame.com/images/sr/5/5d/50olq8xte3l0aeuagqh7l3gcu0hmjm6.png,33121ab041df3a0573fb638f4687c2dabd116e0ba6f4ae08d6a0839d25affe9c,34741,128,128,PNG,True,True,True,,1
currency_wars_equipment_117,虫洞掘进钻头•特权,privileged,https://wiki.biligame.com/sr/%E8%99%AB%E6%B4%9E%E6%8E%98%E8%BF%9B%E9%92%BB%E5%A4%B4%E2%80%A2%E7%89%B9%E6%9D%83,https://patchwiki.biligame.com/images/sr/a/a2/7alriyktsxdl43fuoc5z3hkqog26m5l.png,data/runtime/1.0.0/4.4/equipment/assets/currency_wars_equipment_icons/currency_wars_equipment_117.png,5468037f10a03db79db0ff7fd5c64de648cc4a5e9459279826d25a2e9d083302,5468037f10a03db79db0ff7fd5c64de648cc4a5e9459279826d25a2e9d083302,32726,128,128,200,image/png,https://patchwiki.biligame.com/images/sr/a/a2/7alriyktsxdl43fuoc5z3hkqog26m5l.png,5468037f10a03db79db0ff7fd5c64de648cc4a5e9459279826d25a2e9d083302,32726,128,128,PNG,True,True,True,,1
currency_wars_equipment_118,行星钻地弹•特权,privileged,https://wiki.biligame.com/sr/%E8%A1%8C%E6%98%9F%E9%92%BB%E5%9C%B0%E5%BC%B9%E2%80%A2%E7%89%B9%E6%9D%83,https://patchwiki.biligame.com/images/sr/3/33/4hbqrn3pq600ijf5mkqpqzdeude4h5i.png,data/runtime/1.0.0/4.4/equipment/assets/currency_wars_equipment_icons/currency_wars_equipment_118.png,057093a212c7dc7196a410cd1fae91fec7bd4e34113ea1ffe0fd38573350dc11,057093a212c7dc7196a410cd1fae91fec7bd4e34113ea1ffe0fd38573350dc11,26340,128,128,200,image/png,https://patchwiki.biligame.com/images/sr/3/33/4hbqrn3pq600ijf5mkqpqzdeude4h5i.png,057093a212c7dc7196a410cd1fae91fec7bd4e34113ea1ffe0fd38573350dc11,26340,128,128,PNG,True,True,True,,1
currency_wars_equipment_119,追逐星辰•特权,privileged,https://wiki.biligame.com/sr/%E8%BF%BD%E9%80%90%E6%98%9F%E8%BE%B0%E2%80%A2%E7%89%B9%E6%9D%83,https://patchwiki.biligame.com/images/sr/7/70/b0d8lme3910kdmbez1qs905zlxudaz6.png,data/runtime/1.0.0/4.4/equipment/assets/currency_wars_equipment_icons/currency_wars_equipment_119.png,ef05ef9c99143308d34121776f49b584f899a13afff12bc3d8ae58c6acac8898,ef05ef9c99143308d34121776f49b584f899a13afff12bc3d8ae58c6acac8898,33526,128,128,200,image/png,https://patchwiki.biligame.com/images/sr/7/70/b0d8lme3910kdmbez1qs905zlxudaz6.png,ef05ef9c99143308d34121776f49b584f899a13afff12bc3d8ae58c6acac8898,33526,128,128,PNG,True,True,True,,1
currency_wars_equipment_120,闪光手榴弹•特权,privileged,https://wiki.biligame.com/sr/%E9%97%AA%E5%85%89%E6%89%8B%E6%A6%B4%E5%BC%B9%E2%80%A2%E7%89%B9%E6%9D%83,https://patchwiki.biligame.com/images/sr/8/84/kubtrv6ger3f7d36hfttomyu0smwfvk.png,data/runtime/1.0.0/4.4/equipment/assets/currency_wars_equipment_icons/currency_wars_equipment_120.png,014ef547bca716049301e771bb5f9ff025777d31210818901237269f6872a98b,014ef547bca716049301e771bb5f9ff025777d31210818901237269f6872a98b,31824,128,128,200,image/png,https://patchwiki.biligame.com/images/sr/8/84/kubtrv6ger3f7d36hfttomyu0smwfvk.png,014ef547bca716049301e771bb5f9ff025777d31210818901237269f6872a98b,31824,128,128,PNG,True,True,True,,1
currency_wars_equipment_121,随便骰子•特权,privileged,https://wiki.biligame.com/sr/%E9%9A%8F%E4%BE%BF%E9%AA%B0%E5%AD%90%E2%80%A2%E7%89%B9%E6%9D%83,https://patchwiki.biligame.com/images/sr/3/3d/2r86qfn8jis73yz7ymp1keg0ljkppe8.png,data/runtime/1.0.0/4.4/equipment/assets/currency_wars_equipment_icons/currency_wars_equipment_121.png,41503631a9126cb5eff4a7386e577541e7a29c980222264e131febf96517b31b,41503631a9126cb5eff4a7386e577541e7a29c980222264e131febf96517b31b,24563,128,128,200,image/png,https://patchwiki.biligame.com/images/sr/3/3d/2r86qfn8jis73yz7ymp1keg0ljkppe8.png,41503631a9126cb5eff4a7386e577541e7a29c980222264e131febf96517b31b,24563,128,128,PNG,True,True,True,,1
currency_wars_equipment_122,高周波电锯•特权,privileged,https://wiki.biligame.com/sr/%E9%AB%98%E5%91%A8%E6%B3%A2%E7%94%B5%E9%94%AF%E2%80%A2%E7%89%B9%E6%9D%83,https://patchwiki.biligame.com/images/sr/9/9a/295dp1qdznous57998ddav5rpftk3q2.png,data/runtime/1.0.0/4.4/equipment/assets/currency_wars_equipment_icons/currency_wars_equipment_122.png,68bb0c44f85d14e6d41ada9323292b90c02acd6ff956315e456b912f73c8bf4e,68bb0c44f85d14e6d41ada9323292b90c02acd6ff956315e456b912f73c8bf4e,30328,128,128,200,image/png,https://patchwiki.biligame.com/images/sr/9/9a/295dp1qdznous57998ddav5rpftk3q2.png,68bb0c44f85d14e6d41ada9323292b90c02acd6ff956315e456b912f73c8bf4e,30328,128,128,PNG,True,True,True,,1
currency_wars_equipment_123,仙舟星徽,faction_emblem,https://wiki.biligame.com/sr/%E4%BB%99%E8%88%9F%E6%98%9F%E5%BE%BD,https://patchwiki.biligame.com/images/sr/2/2b/dtb6cawn7laskup2sv7snm7j61d5hf7.png,data/runtime/1.0.0/4.4/equipment/assets/currency_wars_equipment_icons/currency_wars_equipment_123.png,38a5e8c5f8a6501e4f39d29f089f8285f6c436da2e3565efb22ebb032fc10ead,38a5e8c5f8a6501e4f39d29f089f8285f6c436da2e3565efb22ebb032fc10ead,27148,128,128,200,image/png,https://patchwiki.biligame.com/images/sr/2/2b/dtb6cawn7laskup2sv7snm7j61d5hf7.png,38a5e8c5f8a6501e4f39d29f089f8285f6c436da2e3565efb22ebb032fc10ead,27148,128,128,PNG,True,True,True,,1
currency_wars_equipment_124,列车同行星徽,faction_emblem,https://wiki.biligame.com/sr/%E5%88%97%E8%BD%A6%E5%90%8C%E8%A1%8C%E6%98%9F%E5%BE%BD,https://patchwiki.biligame.com/images/sr/c/c6/tkj5rv3wtbmt6wa5uplhrxam2j0oyow.png,data/runtime/1.0.0/4.4/equipment/assets/currency_wars_equipment_icons/currency_wars_equipment_124.png,2869b5b66d622304f025a8128beea24990f68ece240482a1765a59a6301e70b3,2869b5b66d622304f025a8128beea24990f68ece240482a1765a59a6301e70b3,25846,128,128,200,image/png,https://patchwiki.biligame.com/images/sr/c/c6/tkj5rv3wtbmt6wa5uplhrxam2j0oyow.png,2869b5b66d622304f025a8128beea24990f68ece240482a1765a59a6301e70b3,25846,128,128,PNG,True,True,True,,1
currency_wars_equipment_125,夜之半神星徽,faction_emblem,https://wiki.biligame.com/sr/%E5%A4%9C%E4%B9%8B%E5%8D%8A%E7%A5%9E%E6%98%9F%E5%BE%BD,https://patchwiki.biligame.com/images/sr/6/63/lbdmz7g25pygp32wxfvrj3qstk47c39.png,data/runtime/1.0.0/4.4/equipment/assets/currency_wars_equipment_icons/currency_wars_equipment_125.png,aa71050e1b417b0fd8e55512fbbc3a97d5cf5c0b53d8b92ffca2f775c3a8e688,aa71050e1b417b0fd8e55512fbbc3a97d5cf5c0b53d8b92ffca2f775c3a8e688,25909,128,128,200,image/png,https://patchwiki.biligame.com/images/sr/6/63/lbdmz7g25pygp32wxfvrj3qstk47c39.png,aa71050e1b417b0fd8e55512fbbc3a97d5cf5c0b53d8b92ffca2f775c3a8e688,25909,128,128,PNG,True,True,True,,1
currency_wars_equipment_126,星间旅人星徽,faction_emblem,https://wiki.biligame.com/sr/%E6%98%9F%E9%97%B4%E6%97%85%E4%BA%BA%E6%98%9F%E5%BE%BD,https://patchwiki.biligame.com/images/sr/5/55/o1i8w4wb2rvqrhv8f2jjagfvo24v784.png,data/runtime/1.0.0/4.4/equipment/assets/currency_wars_equipment_icons/currency_wars_equipment_126.png,c16bcfcf474563dc9990b04fe05763aff710c3d8faed01b11adc4ddf9d2410bc,c16bcfcf474563dc9990b04fe05763aff710c3d8faed01b11adc4ddf9d2410bc,26082,128,128,200,image/png,https://patchwiki.biligame.com/images/sr/5/55/o1i8w4wb2rvqrhv8f2jjagfvo24v784.png,c16bcfcf474563dc9990b04fe05763aff710c3d8faed01b11adc4ddf9d2410bc,26082,128,128,PNG,True,True,True,,1
currency_wars_equipment_127,昼之半神星徽,faction_emblem,https://wiki.biligame.com/sr/%E6%98%BC%E4%B9%8B%E5%8D%8A%E7%A5%9E%E6%98%9F%E5%BE%BD,https://patchwiki.biligame.com/images/sr/a/a3/9p2645jqpndr6gmn7zybd1h0xo8ym68.png,data/runtime/1.0.0/4.4/equipment/assets/currency_wars_equipment_icons/currency_wars_equipment_127.png,dccf11fdb09f71f7f570f079cfd58863fd7757dad39bdba3ff03eee4349c0c56,dccf11fdb09f71f7f570f079cfd58863fd7757dad39bdba3ff03eee4349c0c56,26680,128,128,200,image/png,https://patchwiki.biligame.com/images/sr/a/a3/9p2645jqpndr6gmn7zybd1h0xo8ym68.png,dccf11fdb09f71f7f570f079cfd58863fd7757dad39bdba3ff03eee4349c0c56,26680,128,128,PNG,True,True,True,,1
currency_wars_equipment_128,狼狩星徽,faction_emblem,https://wiki.biligame.com/sr/%E7%8B%BC%E7%8B%A9%E6%98%9F%E5%BE%BD,https://patchwiki.biligame.com/images/sr/c/cd/9vasx98ucji1qjf4gl29g6esbxhs5ry.png,data/runtime/1.0.0/4.4/equipment/assets/currency_wars_equipment_icons/currency_wars_equipment_128.png,9f2a9834bcd8371c975a437b2b5cf1152563aad16093868017f4f7f19489e37c,9f2a9834bcd8371c975a437b2b5cf1152563aad16093868017f4f7f19489e37c,26614,128,128,200,image/png,https://patchwiki.biligame.com/images/sr/c/cd/9vasx98ucji1qjf4gl29g6esbxhs5ry.png,9f2a9834bcd8371c975a437b2b5cf1152563aad16093868017f4f7f19489e37c,26614,128,128,PNG,True,True,True,,1
currency_wars_equipment_129,盛会之星星徽,faction_emblem,https://wiki.biligame.com/sr/%E7%9B%9B%E4%BC%9A%E4%B9%8B%E6%98%9F%E6%98%9F%E5%BE%BD,https://patchwiki.biligame.com/images/sr/b/b0/t3fdqap7fwrxkd042pgcojbmikgceoc.png,data/runtime/1.0.0/4.4/equipment/assets/currency_wars_equipment_icons/currency_wars_equipment_129.png,710a48b9c446d50c60fc386e373a1c3cf25fdf4ee5e547c2f4fb31369d7b81d3,710a48b9c446d50c60fc386e373a1c3cf25fdf4ee5e547c2f4fb31369d7b81d3,27034,128,128,200,image/png,https://patchwiki.biligame.com/images/sr/b/b0/t3fdqap7fwrxkd042pgcojbmikgceoc.png,710a48b9c446d50c60fc386e373a1c3cf25fdf4ee5e547c2f4fb31369d7b81d3,27034,128,128,PNG,True,True,True,,1
currency_wars_equipment_130,贝洛伯格星徽,faction_emblem,https://wiki.biligame.com/sr/%E8%B4%9D%E6%B4%9B%E4%BC%AF%E6%A0%BC%E6%98%9F%E5%BE%BD,https://patchwiki.biligame.com/images/sr/f/fc/r6llwnn97af90pwv0p2yt7s7k58lycy.png,data/runtime/1.0.0/4.4/equipment/assets/currency_wars_equipment_icons/currency_wars_equipment_130.png,81b1786cfd6e9b9e549d6a6b7323dc02e6d40a3b3ca7a85315d3faaeb5e029b7,81b1786cfd6e9b9e549d6a6b7323dc02e6d40a3b3ca7a85315d3faaeb5e029b7,25578,128,128,200,image/png,https://patchwiki.biligame.com/images/sr/f/fc/r6llwnn97af90pwv0p2yt7s7k58lycy.png,81b1786cfd6e9b9e549d6a6b7323dc02e6d40a3b3ca7a85315d3faaeb5e029b7,25578,128,128,PNG,True,True,True,,1
currency_wars_equipment_131,银河学者星徽,faction_emblem,https://wiki.biligame.com/sr/%E9%93%B6%E6%B2%B3%E5%AD%A6%E8%80%85%E6%98%9F%E5%BE%BD,https://patchwiki.biligame.com/images/sr/b/bb/tb3yzne2ury2gfe2jqy9x9cnnbwat63.png,data/runtime/1.0.0/4.4/equipment/assets/currency_wars_equipment_icons/currency_wars_equipment_131.png,7dae9e939ac94f2c746eca6de9bd3728fbe82ff62eb553d39216af4088141975,7dae9e939ac94f2c746eca6de9bd3728fbe82ff62eb553d39216af4088141975,25394,128,128,200,image/png,https://patchwiki.biligame.com/images/sr/b/bb/tb3yzne2ury2gfe2jqy9x9cnnbwat63.png,7dae9e939ac94f2c746eca6de9bd3728fbe82ff62eb553d39216af4088141975,25394,128,128,PNG,True,True,True,,1
currency_wars_equipment_132,减益星徽,style_emblem,https://wiki.biligame.com/sr/%E5%87%8F%E7%9B%8A%E6%98%9F%E5%BE%BD,https://patchwiki.biligame.com/images/sr/3/31/oyb57y9ny4vkniy0725jayleew3t3u8.png,data/runtime/1.0.0/4.4/equipment/assets/currency_wars_equipment_icons/currency_wars_equipment_132.png,585a2587813f1f4bfd773e2130ed0ca0b8de2f02290f404ad95bbbe11e929b10,585a2587813f1f4bfd773e2130ed0ca0b8de2f02290f404ad95bbbe11e929b10,27178,128,128,200,image/png,https://patchwiki.biligame.com/images/sr/3/31/oyb57y9ny4vkniy0725jayleew3t3u8.png,585a2587813f1f4bfd773e2130ed0ca0b8de2f02290f404ad95bbbe11e929b10,27178,128,128,PNG,True,True,True,,1
currency_wars_equipment_133,击破星徽,style_emblem,https://wiki.biligame.com/sr/%E5%87%BB%E7%A0%B4%E6%98%9F%E5%BE%BD,https://patchwiki.biligame.com/images/sr/4/4f/ptsnpbtwlf73l26d4op71l8qtw3ofd2.png,data/runtime/1.0.0/4.4/equipment/assets/currency_wars_equipment_icons/currency_wars_equipment_133.png,870f1be4b0c3e3e61e4e5b81f1664a50b5a6198641651097ea723bfa39e74415,870f1be4b0c3e3e61e4e5b81f1664a50b5a6198641651097ea723bfa39e74415,25113,128,128,200,image/png,https://patchwiki.biligame.com/images/sr/4/4f/ptsnpbtwlf73l26d4op71l8qtw3ofd2.png,870f1be4b0c3e3e61e4e5b81f1664a50b5a6198641651097ea723bfa39e74415,25113,128,128,PNG,True,True,True,,1
currency_wars_equipment_134,战技点星徽,style_emblem,https://wiki.biligame.com/sr/%E6%88%98%E6%8A%80%E7%82%B9%E6%98%9F%E5%BE%BD,https://patchwiki.biligame.com/images/sr/6/67/m80i6wskk8pvz90it9ump9xbhdydv8t.png,data/runtime/1.0.0/4.4/equipment/assets/currency_wars_equipment_icons/currency_wars_equipment_134.png,8af9217d459ceb46087dd63761c0fd1bb201b2efb4f7c258c58ab2a8a1fc5428,8af9217d459ceb46087dd63761c0fd1bb201b2efb4f7c258c58ab2a8a1fc5428,26933,128,128,200,image/png,https://patchwiki.biligame.com/images/sr/6/67/m80i6wskk8pvz90it9ump9xbhdydv8t.png,8af9217d459ceb46087dd63761c0fd1bb201b2efb4f7c258c58ab2a8a1fc5428,26933,128,128,PNG,True,True,True,,1
currency_wars_equipment_135,护盾星徽,style_emblem,https://wiki.biligame.com/sr/%E6%8A%A4%E7%9B%BE%E6%98%9F%E5%BE%BD,https://patchwiki.biligame.com/images/sr/3/37/mao35lg1cseoabbpvbv7l6i2x42c1d1.png,data/runtime/1.0.0/4.4/equipment/assets/currency_wars_equipment_icons/currency_wars_equipment_135.png,bc44eee255bb1d4f622ffb9bbe1da30f5b6b594ddf60c3a72e885736878c24d8,bc44eee255bb1d4f622ffb9bbe1da30f5b6b594ddf60c3a72e885736878c24d8,24888,128,128,200,image/png,https://patchwiki.biligame.com/images/sr/3/37/mao35lg1cseoabbpvbv7l6i2x42c1d1.png,bc44eee255bb1d4f622ffb9bbe1da30f5b6b594ddf60c3a72e885736878c24d8,24888,128,128,PNG,True,True,True,,1
currency_wars_equipment_136,持续伤害星徽,style_emblem,https://wiki.biligame.com/sr/%E6%8C%81%E7%BB%AD%E4%BC%A4%E5%AE%B3%E6%98%9F%E5%BE%BD,https://patchwiki.biligame.com/images/sr/a/ad/ivtu3g97uenx0kqgjtc4i10hw31wvv2.png,data/runtime/1.0.0/4.4/equipment/assets/currency_wars_equipment_icons/currency_wars_equipment_136.png,725f266ea49995ee8f41806ec5cf20b7c3a0bc0ca8cd50d083022d166b3aa3cc,725f266ea49995ee8f41806ec5cf20b7c3a0bc0ca8cd50d083022d166b3aa3cc,27559,128,128,200,image/png,https://patchwiki.biligame.com/images/sr/a/ad/ivtu3g97uenx0kqgjtc4i10hw31wvv2.png,725f266ea49995ee8f41806ec5cf20b7c3a0bc0ca8cd50d083022d166b3aa3cc,27559,128,128,PNG,True,True,True,,1
currency_wars_equipment_137,治疗星徽,style_emblem,https://wiki.biligame.com/sr/%E6%B2%BB%E7%96%97%E6%98%9F%E5%BE%BD,https://patchwiki.biligame.com/images/sr/1/14/ff8v3eqgtwxnw7if42twnvxijhyiuwd.png,data/runtime/1.0.0/4.4/equipment/assets/currency_wars_equipment_icons/currency_wars_equipment_137.png,9bbeb50daf0a95e2ce786c53f82303d2d40ad7bc3eefd9653f701867f922aacf,9bbeb50daf0a95e2ce786c53f82303d2d40ad7bc3eefd9653f701867f922aacf,24766,128,128,200,image/png,https://patchwiki.biligame.com/images/sr/1/14/ff8v3eqgtwxnw7if42twnvxijhyiuwd.png,9bbeb50daf0a95e2ce786c53f82303d2d40ad7bc3eefd9653f701867f922aacf,24766,128,128,PNG,True,True,True,,1
currency_wars_equipment_138,燃血星徽,style_emblem,https://wiki.biligame.com/sr/%E7%87%83%E8%A1%80%E6%98%9F%E5%BE%BD,https://patchwiki.biligame.com/images/sr/5/5e/opcd5d3mm9ij4o4mpw9ciyb46c7ny25.png,data/runtime/1.0.0/4.4/equipment/assets/currency_wars_equipment_icons/currency_wars_equipment_138.png,8003530a04476b75315bda28e9874c06a97faef18906c0fe57e11954930445f5,8003530a04476b75315bda28e9874c06a97faef18906c0fe57e11954930445f5,26359,128,128,200,image/png,https://patchwiki.biligame.com/images/sr/5/5e/opcd5d3mm9ij4o4mpw9ciyb46c7ny25.png,8003530a04476b75315bda28e9874c06a97faef18906c0fe57e11954930445f5,26359,128,128,PNG,True,True,True,,1
currency_wars_equipment_139,群攻星徽,style_emblem,https://wiki.biligame.com/sr/%E7%BE%A4%E6%94%BB%E6%98%9F%E5%BE%BD,https://patchwiki.biligame.com/images/sr/e/e6/kt8zr4eug1g4fgqke749w70e0ocmwa6.png,data/runtime/1.0.0/4.4/equipment/assets/currency_wars_equipment_icons/currency_wars_equipment_139.png,97668b0024b2fe93b402593edc60fe012573248ccd6c6d0197abbd00317c7647,97668b0024b2fe93b402593edc60fe012573248ccd6c6d0197abbd00317c7647,26370,128,128,200,image/png,https://patchwiki.biligame.com/images/sr/e/e6/kt8zr4eug1g4fgqke749w70e0ocmwa6.png,97668b0024b2fe93b402593edc60fe012573248ccd6c6d0197abbd00317c7647,26370,128,128,PNG,True,True,True,,1
currency_wars_equipment_140,能量星徽,style_emblem,https://wiki.biligame.com/sr/%E8%83%BD%E9%87%8F%E6%98%9F%E5%BE%BD,https://patchwiki.biligame.com/images/sr/d/da/50uqdwdxpy277ilhqvqyxzcko0nz1gw.png,data/runtime/1.0.0/4.4/equipment/assets/currency_wars_equipment_icons/currency_wars_equipment_140.png,6bf18d593f86e4963b0ac3862024e6a45424db064e41a5fe8dc55cb91f7dec5f,6bf18d593f86e4963b0ac3862024e6a45424db064e41a5fe8dc55cb91f7dec5f,25558,128,128,200,image/png,https://patchwiki.biligame.com/images/sr/d/da/50uqdwdxpy277ilhqvqyxzcko0nz1gw.png,6bf18d593f86e4963b0ac3862024e6a45424db064e41a5fe8dc55cb91f7dec5f,25558,128,128,PNG,True,True,True,,1
currency_wars_equipment_141,追击星徽,style_emblem,https://wiki.biligame.com/sr/%E8%BF%BD%E5%87%BB%E6%98%9F%E5%BE%BD,https://patchwiki.biligame.com/images/sr/d/dd/mfq8mgtwupqqbp5v4nbftz4dw581c7y.png,data/runtime/1.0.0/4.4/equipment/assets/currency_wars_equipment_icons/currency_wars_equipment_141.png,665cbd400c31a3fc7c53968301bbee428275924775d69d0848d631924c94c4cd,665cbd400c31a3fc7c53968301bbee428275924775d69d0848d631924c94c4cd,25965,128,128,200,image/png,https://patchwiki.biligame.com/images/sr/d/dd/mfq8mgtwupqqbp5v4nbftz4dw581c7y.png,665cbd400c31a3fc7c53968301bbee428275924775d69d0848d631924c94c4cd,25965,128,128,PNG,True,True,True,,1
currency_wars_equipment_142,量子同频星徽,style_emblem,https://wiki.biligame.com/sr/%E9%87%8F%E5%AD%90%E5%90%8C%E9%A2%91%E6%98%9F%E5%BE%BD,https://patchwiki.biligame.com/images/sr/1/19/bkvzoohw5g9n06c2rufyqhytuevu5vx.png,data/runtime/1.0.0/4.4/equipment/assets/currency_wars_equipment_icons/currency_wars_equipment_142.png,cea8385b73e582e4c3ce4889fdc34ee4bdef30e897e43d077fc9f751015b2ca2,cea8385b73e582e4c3ce4889fdc34ee4bdef30e897e43d077fc9f751015b2ca2,25361,128,128,200,image/png,https://patchwiki.biligame.com/images/sr/1/19/bkvzoohw5g9n06c2rufyqhytuevu5vx.png,cea8385b73e582e4c3ce4889fdc34ee4bdef30e897e43d077fc9f751015b2ca2,25361,128,128,PNG,True,True,True,,1
currency_wars_equipment_143,极•白昼•光速螺旋桨,bond_equipment,https://wiki.biligame.com/sr/%E6%9E%81%E2%80%A2%E7%99%BD%E6%98%BC%E2%80%A2%E5%85%89%E9%80%9F%E8%9E%BA%E6%97%8B%E6%A1%A8,https://patchwiki.biligame.com/images/sr/2/2f/tuj9v192vmobh7xslh16kbia0uurl7q.png,data/runtime/1.0.0/4.4/equipment/assets/currency_wars_equipment_icons/currency_wars_equipment_143.png,e6a8adcd7331b1036186a76b3190cd5746b58d89e84e5a6aa07a25860b760eb2,e6a8adcd7331b1036186a76b3190cd5746b58d89e84e5a6aa07a25860b760eb2,31526,128,128,200,image/png,https://patchwiki.biligame.com/images/sr/2/2f/tuj9v192vmobh7xslh16kbia0uurl7q.png,e6a8adcd7331b1036186a76b3190cd5746b58d89e84e5a6aa07a25860b760eb2,31526,128,128,PNG,True,True,True,,1
currency_wars_equipment_144,极•白昼•斩首行动,bond_equipment,https://wiki.biligame.com/sr/%E6%9E%81%E2%80%A2%E7%99%BD%E6%98%BC%E2%80%A2%E6%96%A9%E9%A6%96%E8%A1%8C%E5%8A%A8,https://patchwiki.biligame.com/images/sr/5/52/pz3qe0xci2okxgu51qyp9zur7ejpert.png,data/runtime/1.0.0/4.4/equipment/assets/currency_wars_equipment_icons/currency_wars_equipment_144.png,b0adf69dddd5d0a23fdd0fea212c0b83a830ed01a268fbdddcc3f9825bfbc7a5,b0adf69dddd5d0a23fdd0fea212c0b83a830ed01a268fbdddcc3f9825bfbc7a5,31190,128,128,200,image/png,https://patchwiki.biligame.com/images/sr/5/52/pz3qe0xci2okxgu51qyp9zur7ejpert.png,b0adf69dddd5d0a23fdd0fea212c0b83a830ed01a268fbdddcc3f9825bfbc7a5,31190,128,128,PNG,True,True,True,,1
currency_wars_equipment_145,极•白昼•武器大师,bond_equipment,https://wiki.biligame.com/sr/%E6%9E%81%E2%80%A2%E7%99%BD%E6%98%BC%E2%80%A2%E6%AD%A6%E5%99%A8%E5%A4%A7%E5%B8%88,https://patchwiki.biligame.com/images/sr/b/b1/hgt31ij3fy4x37nmhmuads1kd3ffaw1.png,data/runtime/1.0.0/4.4/equipment/assets/currency_wars_equipment_icons/currency_wars_equipment_145.png,93348c2a315f9c98e8161bda98add1b8f30ca312fd1ca69d1b26d466f4dfcc06,93348c2a315f9c98e8161bda98add1b8f30ca312fd1ca69d1b26d466f4dfcc06,34524,128,128,200,image/png,https://patchwiki.biligame.com/images/sr/b/b1/hgt31ij3fy4x37nmhmuads1kd3ffaw1.png,93348c2a315f9c98e8161bda98add1b8f30ca312fd1ca69d1b26d466f4dfcc06,34524,128,128,PNG,True,True,True,,1
currency_wars_equipment_146,白昼•光速螺旋桨,bond_equipment,https://wiki.biligame.com/sr/%E7%99%BD%E6%98%BC%E2%80%A2%E5%85%89%E9%80%9F%E8%9E%BA%E6%97%8B%E6%A1%A8,https://patchwiki.biligame.com/images/sr/6/69/tuj9v192vmobh7xslh16kbia0uurl7q.png,data/runtime/1.0.0/4.4/equipment/assets/currency_wars_equipment_icons/currency_wars_equipment_146.png,e6a8adcd7331b1036186a76b3190cd5746b58d89e84e5a6aa07a25860b760eb2,e6a8adcd7331b1036186a76b3190cd5746b58d89e84e5a6aa07a25860b760eb2,31526,128,128,200,image/png,https://patchwiki.biligame.com/images/sr/6/69/tuj9v192vmobh7xslh16kbia0uurl7q.png,e6a8adcd7331b1036186a76b3190cd5746b58d89e84e5a6aa07a25860b760eb2,31526,128,128,PNG,True,True,True,,1
currency_wars_equipment_147,白昼•斩首行动,bond_equipment,https://wiki.biligame.com/sr/%E7%99%BD%E6%98%BC%E2%80%A2%E6%96%A9%E9%A6%96%E8%A1%8C%E5%8A%A8,https://patchwiki.biligame.com/images/sr/8/8d/pz3qe0xci2okxgu51qyp9zur7ejpert.png,data/runtime/1.0.0/4.4/equipment/assets/currency_wars_equipment_icons/currency_wars_equipment_147.png,b0adf69dddd5d0a23fdd0fea212c0b83a830ed01a268fbdddcc3f9825bfbc7a5,b0adf69dddd5d0a23fdd0fea212c0b83a830ed01a268fbdddcc3f9825bfbc7a5,31190,128,128,200,image/png,https://patchwiki.biligame.com/images/sr/8/8d/pz3qe0xci2okxgu51qyp9zur7ejpert.png,b0adf69dddd5d0a23fdd0fea212c0b83a830ed01a268fbdddcc3f9825bfbc7a5,31190,128,128,PNG,True,True,True,,1
currency_wars_equipment_148,白昼•武器大师,bond_equipment,https://wiki.biligame.com/sr/%E7%99%BD%E6%98%BC%E2%80%A2%E6%AD%A6%E5%99%A8%E5%A4%A7%E5%B8%88,https://patchwiki.biligame.com/images/sr/0/0d/hgt31ij3fy4x37nmhmuads1kd3ffaw1.png,data/runtime/1.0.0/4.4/equipment/assets/currency_wars_equipment_icons/currency_wars_equipment_148.png,93348c2a315f9c98e8161bda98add1b8f30ca312fd1ca69d1b26d466f4dfcc06,93348c2a315f9c98e8161bda98add1b8f30ca312fd1ca69d1b26d466f4dfcc06,34524,128,128,200,image/png,https://patchwiki.biligame.com/images/sr/0/0d/hgt31ij3fy4x37nmhmuads1kd3ffaw1.png,93348c2a315f9c98e8161bda98add1b8f30ca312fd1ca69d1b26d466f4dfcc06,34524,128,128,PNG,True,True,True,,1
currency_wars_equipment_149,冶金炉,consumable,https://wiki.biligame.com/sr/%E5%86%B6%E9%87%91%E7%82%89,https://patchwiki.biligame.com/images/sr/e/ee/tm987zq2s9k6gioxrt0xrpon793eq27.png,data/runtime/1.0.0/4.4/equipment/assets/currency_wars_equipment_icons/currency_wars_equipment_149.png,52909de2e822053c674356b2f226e42ec3431c9352facfabee595f226b0fb0d2,52909de2e822053c674356b2f226e42ec3431c9352facfabee595f226b0fb0d2,31684,128,128,200,image/png,https://patchwiki.biligame.com/images/sr/e/ee/tm987zq2s9k6gioxrt0xrpon793eq27.png,52909de2e822053c674356b2f226e42ec3431c9352facfabee595f226b0fb0d2,31684,128,128,PNG,True,True,True,,1
currency_wars_equipment_150,员工投影仪,consumable,https://wiki.biligame.com/sr/%E5%91%98%E5%B7%A5%E6%8A%95%E5%BD%B1%E4%BB%AA,https://patchwiki.biligame.com/images/sr/6/6a/5h34jtucjpahjnya0s4dty34fofr8zd.png,data/runtime/1.0.0/4.4/equipment/assets/currency_wars_equipment_icons/currency_wars_equipment_150.png,47ab81a776419ebfbf96b932d1478c479722741510867f78d6185af939c1d524,47ab81a776419ebfbf96b932d1478c479722741510867f78d6185af939c1d524,21516,128,128,200,image/png,https://patchwiki.biligame.com/images/sr/6/6a/5h34jtucjpahjnya0s4dty34fofr8zd.png,47ab81a776419ebfbf96b932d1478c479722741510867f78d6185af939c1d524,21516,128,128,PNG,True,True,True,,1
currency_wars_equipment_151,好运令牌,consumable,https://wiki.biligame.com/sr/%E5%A5%BD%E8%BF%90%E4%BB%A4%E7%89%8C,https://patchwiki.biligame.com/images/sr/e/eb/ec1wmho5we8rjxna2gmxcn5wy6ld1lv.png,data/runtime/1.0.0/4.4/equipment/assets/currency_wars_equipment_icons/currency_wars_equipment_151.png,16a3b61d5ea6814e5356616d975dc92138dd7caa538d2c7d8107615acf9666b7,16a3b61d5ea6814e5356616d975dc92138dd7caa538d2c7d8107615acf9666b7,29452,128,128,200,image/png,https://patchwiki.biligame.com/images/sr/e/eb/ec1wmho5we8rjxna2gmxcn5wy6ld1lv.png,16a3b61d5ea6814e5356616d975dc92138dd7caa538d2c7d8107615acf9666b7,29452,128,128,PNG,True,True,True,,1
currency_wars_equipment_152,完美投影仪,consumable,https://wiki.biligame.com/sr/%E5%AE%8C%E7%BE%8E%E6%8A%95%E5%BD%B1%E4%BB%AA,https://patchwiki.biligame.com/images/sr/d/d0/ltbni6v7mh0xnhfhbbprmwwaxufelnj.png,data/runtime/1.0.0/4.4/equipment/assets/currency_wars_equipment_icons/currency_wars_equipment_152.png,a26c1fad95d900395c1970af71cb8e27ef8cb33e813612f8b95688e1597adcc8,a26c1fad95d900395c1970af71cb8e27ef8cb33e813612f8b95688e1597adcc8,25723,128,128,200,image/png,https://patchwiki.biligame.com/images/sr/d/d0/ltbni6v7mh0xnhfhbbprmwwaxufelnj.png,a26c1fad95d900395c1970af71cb8e27ef8cb33e813612f8b95688e1597adcc8,25723,128,128,PNG,True,True,True,,1
currency_wars_equipment_153,拆装扳手,consumable,https://wiki.biligame.com/sr/%E6%8B%86%E8%A3%85%E6%89%B3%E6%89%8B,https://patchwiki.biligame.com/images/sr/8/8d/byr0dil4xk0vofznnae74s0uixdjray.png,data/runtime/1.0.0/4.4/equipment/assets/currency_wars_equipment_icons/currency_wars_equipment_153.png,9844590643c43ac6f7fafc0d4c46f0139fa14587939c1b4a1179756fb930d083,9844590643c43ac6f7fafc0d4c46f0139fa14587939c1b4a1179756fb930d083,23025,128,128,200,image/png,https://patchwiki.biligame.com/images/sr/8/8d/byr0dil4xk0vofznnae74s0uixdjray.png,9844590643c43ac6f7fafc0d4c46f0139fa14587939c1b4a1179756fb930d083,23025,128,128,PNG,True,True,True,,1
currency_wars_equipment_154,特权赋予卡,consumable,https://wiki.biligame.com/sr/%E7%89%B9%E6%9D%83%E8%B5%8B%E4%BA%88%E5%8D%A1,https://patchwiki.biligame.com/images/sr/3/3b/jsi3f3awcru1azwl2ms2a4wov5g8jy9.png,data/runtime/1.0.0/4.4/equipment/assets/currency_wars_equipment_icons/currency_wars_equipment_154.png,4ef96afdd43945d75018892980415b2c408c8c6e6cb8146b47590a7024835655,4ef96afdd43945d75018892980415b2c408c8c6e6cb8146b47590a7024835655,30878,128,128,200,image/png,https://patchwiki.biligame.com/images/sr/3/3b/jsi3f3awcru1azwl2ms2a4wov5g8jy9.png,4ef96afdd43945d75018892980415b2c408c8c6e6cb8146b47590a7024835655,30878,128,128,PNG,True,True,True,,1
currency_wars_equipment_155,精密拆装扳手,consumable,https://wiki.biligame.com/sr/%E7%B2%BE%E5%AF%86%E6%8B%86%E8%A3%85%E6%89%B3%E6%89%8B,https://patchwiki.biligame.com/images/sr/2/27/1r0qt0a4jyq2ijfzgs5evx66mf6h9rb.png,data/runtime/1.0.0/4.4/equipment/assets/currency_wars_equipment_icons/currency_wars_equipment_155.png,eef0a6e2130743ff0573605b704486f6302e6cd69ce21a34696b29501ee3da40,eef0a6e2130743ff0573605b704486f6302e6cd69ce21a34696b29501ee3da40,28657,128,128,200,image/png,https://patchwiki.biligame.com/images/sr/2/27/1r0qt0a4jyq2ijfzgs5evx66mf6h9rb.png,eef0a6e2130743ff0573605b704486f6302e6cd69ce21a34696b29501ee3da40,28657,128,128,PNG,True,True,True,,1
currency_wars_equipment_156,特权武装箱,armament_box,https://wiki.biligame.com/sr/%E7%89%B9%E6%9D%83%E6%AD%A6%E8%A3%85%E7%AE%B1,https://patchwiki.biligame.com/images/sr/7/7a/b81pv64eg17eei1fq9zsa03djcryphh.png,data/runtime/1.0.0/4.4/equipment/assets/currency_wars_equipment_icons/currency_wars_equipment_156.png,711860952e82f3e60ade4dc4c1bab8ca671ad4e6bf29b651240a81ee20041448,711860952e82f3e60ade4dc4c1bab8ca671ad4e6bf29b651240a81ee20041448,66998,256,256,200,image/png,https://patchwiki.biligame.com/images/sr/7/7a/b81pv64eg17eei1fq9zsa03djcryphh.png,711860952e82f3e60ade4dc4c1bab8ca671ad4e6bf29b651240a81ee20041448,66998,256,256,PNG,True,True,True,,1
currency_wars_equipment_157,简易武装箱,armament_box,https://wiki.biligame.com/sr/%E7%AE%80%E6%98%93%E6%AD%A6%E8%A3%85%E7%AE%B1,https://patchwiki.biligame.com/images/sr/2/25/3j97sn7gxou5qosa2cn6qzpzkpmzweh.png,data/runtime/1.0.0/4.4/equipment/assets/currency_wars_equipment_icons/currency_wars_equipment_157.png,a71aaabf88d868e61717a8a8a855a11e9ec2a93cbb19b197f3cd5a113db39d7d,a71aaabf88d868e61717a8a8a855a11e9ec2a93cbb19b197f3cd5a113db39d7d,64322,256,256,200,image/png,https://patchwiki.biligame.com/images/sr/2/25/3j97sn7gxou5qosa2cn6qzpzkpmzweh.png,a71aaabf88d868e61717a8a8a855a11e9ec2a93cbb19b197f3cd5a113db39d7d,64322,256,256,PNG,True,True,True,,1
currency_wars_equipment_158,进阶武装箱,armament_box,https://wiki.biligame.com/sr/%E8%BF%9B%E9%98%B6%E6%AD%A6%E8%A3%85%E7%AE%B1,https://patchwiki.biligame.com/images/sr/c/cb/jvtcs2l2xrk58kbxoe7se04ifkxwvpq.png,data/runtime/1.0.0/4.4/equipment/assets/currency_wars_equipment_icons/currency_wars_equipment_158.png,9ba802baa6ddbac5a2350d9193e4ca9e989c507bd87610612a1a506e7e1bf1cb,9ba802baa6ddbac5a2350d9193e4ca9e989c507bd87610612a1a506e7e1bf1cb,73683,256,256,200,image/png,https://patchwiki.biligame.com/images/sr/c/cb/jvtcs2l2xrk58kbxoe7se04ifkxwvpq.png,9ba802baa6ddbac5a2350d9193e4ca9e989c507bd87610612a1a506e7e1bf1cb,73683,256,256,PNG,True,True,True,,1
currency_wars_equipment_159,星徽秘典,special_item,https://wiki.biligame.com/sr/装备一览,https://patchwiki.biligame.com/images/sr/4/4e/26bh0motok3wj2egjzvtzek8qsiis4e.png,data/runtime/1.0.0/4.4/equipment/assets/currency_wars_equipment_icons/currency_wars_equipment_159.png,a53c1ec7a89554e14c61ba004aa0b670bc79f14111e74ff11a37cf8ce3396359,a53c1ec7a89554e14c61ba004aa0b670bc79f14111e74ff11a37cf8ce3396359,79028,256,256,200,image/png,https://patchwiki.biligame.com/images/sr/4/4e/26bh0motok3wj2egjzvtzek8qsiis4e.png,a53c1ec7a89554e14c61ba004aa0b670bc79f14111e74ff11a37cf8ce3396359,79028,256,256,PNG,True,True,True,,1
