"Path","Bytes","SHA256"
".gitignore","71","A5179F2AA7C7AFB7649802E17CC4776BCD058959E420D5ADFC41EA6C641F7827"
"AI_DEVELOPMENT_PROMPT_2026-08-01.md","2108","89B4CE8F5EB68869DF73740C0872CB27566296E5EFBB3F836B937B87015C02FF"
"BETTERGI_REFERENCE_ARCHITECTURE.md","14809","0AA805B283CC32A01C5CBFDE8C442A1A7DA6E26BB08C2369E519AF01CEBDF974"
"config/community.json","151","328E355A42FC8F8A1B9DCBFADE6F7A25354E77D19501AD52C6B34DAF1B7DD252"
"config/live-readiness.template.json","1111","1B8527921CD7BEEC0A5904D88F0F4101033B9CCEF5368D9C8CE5EC29320164D4"
"config/navigation-flow.json","4956","9EF13940E28F725457F08B9D64EBD5A0800ECEDDBA224112A9F32D91688C2466"
"config/opening-rules.json","489","E70A5F8B63A62399F522EFABA8BFC033000ED44602D09E95F342469D96E7C1E7"
"config/page-recognition.1920x1080.json","13694","845D80AE74BC0A64046BE9DFA739E7D5684371FAFCD1E5B4EF9ABFDD8AF31CCF"
"config/recognition.json","377","E87D7E2D8B07D854A40C5508AAED41EC399BB6FA51EF5AB29AEE945AA2AAACC0"
"config/screen-layouts.1920x1080.json","6240","58B2D1A5B1D5172A1F6B796989E1D75143F3EA2080F67AFAF71B215002687C80"
"config/templates/1920x1080/pages/abandon-settlement-prompt.png","64947","722E17B672EF7A9DDF7AD249D5F533A32BFC958687345DA38524657500567406"
"config/templates/1920x1080/pages/battle-damage-tabs.png","22175","43464113A6FAB5DC458FA887CC618FE18E7D3C817F3CFD26741C69DEC5CD7FC8"
"config/templates/1920x1080/pages/battle-pause-control.png","6001","D8D3F42B15E882437671F759392D365BBC4562013E0FDDD2E5B56CEE35C65E4F"
"config/templates/1920x1080/pages/challenge-ended-title.png","36366","FE0EA0C81C16AF0B651892818362C09829E160B26683082632540F830B3CDF17"
"config/templates/1920x1080/pages/challenge-failed-title.png","48951","87A789FA4BFB41CBA7E5FE8CDC65003CDC7AC9E80F21B04563027AD9B785A574"
"config/templates/1920x1080/pages/challenge-success-title.png","66282","1CEB29F26E18DAC0103BF0B82AFCA98598627B4DEDA448941962721AFB08E3D9"
"config/templates/1920x1080/pages/companion-selection-instruction.png","43612","FB538875F69EEE6C8DD34625E012F1AD54342E90E114CC18BDC68D41709E2753"
"config/templates/1920x1080/pages/companion-selection-title.png","7673","8CF4B0AC3E95F4301B8108B2E7A4C388A0FA39F661E3EE7F950B2F675E784309"
"config/templates/1920x1080/pages/currency-wars-home-title.png","70655","F722EDE6F31F413102A9AD17C76F2E3D2DA0A676E33BB8C71249CCF1AEEF5154"
"config/templates/1920x1080/pages/enemy-overview-leader-label.png","74360","2A244FFEB2768571B8536AE1FEF924881CD6C95F731EF1CD78D8FA13B6E8A7EB"
"config/templates/1920x1080/pages/guide-currency-wars-title.png","8263","78B8FD5E9DEDF396EB23266A90675B83FA8ACEEBA19967D122D44570D22B6DCE"
"config/templates/1920x1080/pages/guide-shell-title.png","7148","2520C976F187A355F319587D7C80B0637F5D92EF51A42A45B15A19BAC9BF1B09"
"config/templates/1920x1080/pages/incomplete-lineup-prompt-message.png","15658","EAF72CC2630FA7F1D6D4EA22599F6DF50B8422A97B4B91115EF0B0582139ED0A"
"config/templates/1920x1080/pages/incomplete-lineup-prompt-title.png","3902","F2ACBC8FA7406DE18D5B5283E90C91C227351F0F9467806EF7ADB31355851D97"
"config/templates/1920x1080/pages/investment-environment-title.png","21155","5814DC24F225201745B649362801929505F82A9371347CB759A9710DDB3171DB"
"config/templates/1920x1080/pages/investment-strategy-title.png","38683","A65C0FD83A7D5AA81A502D299EF6DC06105F95E1524ABA6872E0F4850E415535"
"config/templates/1920x1080/pages/mode-selection-standard-header.png","39985","EC6E45BFDED159E065D035E82A71DE3A2DF6817F4630E5791BABC2659978D2F8"
"config/templates/1920x1080/pages/normal-hud-guide-button.png","6979","781AA7A5E8A47B9B69B0CB6CC4DE71EE81949241EF011F4165E1D06E7B7DE902"
"config/templates/1920x1080/pages/normal-hud-guide-button-edge.png","4934","CA60AFF3D8BA52B7BCCF024AE22CEF119029ED0FFCF3271B23B45706FB392BFB"
"config/templates/1920x1080/pages/plane-progress-continue.png","10825","C1C488187AB8311D95981BA684A44111DA0122FCEDFDB6FADF9A04860131AA65"
"config/templates/1920x1080/pages/preparation-stage-1-1.png","14145","97F60515C6297300C0A726533E85DCC7E62F42599CDE478EC276FFE640FA6F13"
"config/templates/1920x1080/pages/preparation-stage-1-2.png","25944","C0AE43661EA958F8042260348D4D453CBDA90C80A7A7BFF6913B0DBEAE3579B7"
"config/templates/1920x1080/pages/preparation-stage-label.png","6718","DD38400E6D224551AD65D2400A4F9FB62C984DEC534B4157EEC2EBA21ECCC223"
"config/templates/1920x1080/pages/rank-difficulty-header.png","71750","601189035F91EDD756649AE4D29A90B9240180833F5F959663D2E5C014E43C55"
"config/templates/1920x1080/pages/rank-difficulty-in-progress-actions.png","40003","2C512320A87D52124027160D88CCC407FBFCC6A26907BEBDC59AFC5249C93D3B"
"config/templates/1920x1080/pages/reward-battle-pause-retreat-controls.png","20955","0BE825E3A2C5A34D85A287388ED4C09D70E0A8E742AFB3FF68EDC4F0D4283079"
"config/templates/1920x1080/pages/reward-battle-pause-title.png","17919","89E2E981836AA8F0F1C39133D750E41312A41EF2AE227432407BAC6F412A9F0F"
"config/templates/1920x1080/pages/reward-battle-status-bar.png","5728","23076FEAE2D28B2C36CD7759DA28EC42310A4E8D76AC1B06B3A308999E35CD93"
"config/templates/1920x1080/pages/reward-shop-refresh-disabled-panel.png","51886","9BA62FB19D6019BBB65A5FFBA1BB22A5C5567B5231C0D76E7D84CB6D30EED7DB"
"config/templates/1920x1080/pages/reward-shop-refresh-panel.png","68116","04BC04F98E559A1F03A44521A0DBF9CADC5CBAA3655A4618FDF3DCE3A70F8680"
"config/templates/1920x1080/pages/score-popup-title.png","17081","71FCB0D77D508DAE0DBE57620E897180AA0AD7F3768812BE471F81443DA3D868"
"config/templates/1920x1080/pages/update-popup-header.png","35252","3976477AF5B88C3F7EFC5D6D21ACC334A232AF6C4E746192593D617FA5C3CC89"
"config/templates/1920x1080/README.md","773","A9ABA62FAEF532B3011AEADEB42224FD450DA4041B71B7F9368E295092D34C75"
"CurrencyWarsAssistant.sln","5228","46AF071411878D085382495D742194A07A944981ED355749769A40E9FC1CD5B2"
"data/4.4/action-digit-templates/digit_0__glow.png","1709","FE47F02176E2E57A7FCB26E98AAB89D0896D234637B1FF1F1E7FB7D25887796B"
"data/4.4/action-digit-templates/digit_0__live.png","1139","43382A6ABF506E431D958406C2CBD0C68B20C7BA0EF7A0CFB2188C30C2E1821B"
"data/4.4/action-digit-templates/digit_1__live.png","878","8FE8C69CEDDA32A26B10BA55B8C699A6BE98741359137AA70AA530F0B3467E96"
"data/4.4/action-digit-templates/digit_2__live.png","1413","B82CE6EA565B24DEE5844A437FA24D6FEA835DCCD8D1B7B3D6F74392A17785B8"
"data/4.4/action-digit-templates/digit_3__live.png","2159","34D959100799B0B19096EB884BB0B37E6FE13AFD0CA17742A3A33CBAD828592C"
"data/4.4/action-digit-templates/digit_4__live.png","1193","5AFC1875F472762DC80C9D96DEDA93BDECF77B39DA7D3698D8FFC5F508DBC9BA"
"data/4.4/action-digit-templates/digit_5__live.png","1541","2213BCB1E838663DE39A386A90EC80FE368D84ECEB13086978D48146D32E52FB"
"data/4.4/action-digit-templates/digit_6__live.png","1705","C51AB4DA11210114AE10B11855CB38E2BE9C686A082D0B4B3D552FB85A71E6F6"
"data/4.4/action-digit-templates/digit_7__live.png","1914","DB75AA7D765A1CD9F0B3E03AF74BC55600AC78969B0784D49C443333EAB0C67A"
"data/4.4/action-digit-templates/digit_8__glow.png","1690","B6AFDDDC40FB20152A923724ED3346AF731846896475641B35D9D7485AC7348E"
"data/4.4/action-digit-templates/digit_8__live.png","1471","F17209F7A39E13BFA075D6ED246283971E0C3467DAE62A18B00955A476E84AEA"
"data/4.4/action-digit-templates/digit_9__live.png","1296","536B06E5DFF4A711446CCBDD04304C445C68EB0A59FE01C1727F7806F2B4CC00"
"data/4.4/character-card-templates/bench_special_privilege_armament_box.png","23383","5B4871234B9842A0D6FD287E35051131AF03EC30F23D418223CBBABDE40AF257"
"data/4.4/character-card-templates/bench-empty.png","3827","3D9A88AED5829815E7A1F9810CB432D726FECC6259B42464DC8A37143B25FD26"
"data/4.4/character-card-templates/bench-empty-05.png","3827","3D9A88AED5829815E7A1F9810CB432D726FECC6259B42464DC8A37143B25FD26"
"data/4.4/character-card-templates/bench-empty-06.png","4044","375160EF156BDDED77BF072BDF4C9A1F72A949024B9374B5058E1D0F26F6D10F"
"data/4.4/character-card-templates/bench-empty-07.png","4624","C290BF2054E34D1F048BB2F3D765EB3F78E9EB44A31EE5DD988281C5A5B192DB"
"data/4.4/character-card-templates/bench-empty-08.png","4836","85007E20659D7B557FDCCF2E136A58F5C7667B6F56F52EE30EBDC90D478CFF76"
"data/4.4/character-card-templates/bench-empty-09.png","3987","DE46D92DD86A2A658530533227B79497D748A67B50594C2C9F52895B740FBA78"
"data/4.4/character-card-templates/bench-empty-10.png","18007","5DC98D6D0FD1D987DA3E9580F855ECFC5D23A939815E9A69F11B06CAB36DB41D"
"data/4.4/character-card-templates/currency_wars_character_01__default.png","27339","D84AED66BB6354A8E22B278D60F686FC6BF34D69827C30B6A2F97B6FF4365170"
"data/4.4/character-card-templates/currency_wars_character_02__default.png","24856","996C5EE9468BD527B9A6F21887FFB240AB804D5314E5B7FE87E898A262F35B6F"
"data/4.4/character-card-templates/currency_wars_character_03__default.png","21153","7488BD5F1AC503C9757F1012B0F2214EA7E8B5BE1F9D7C77394B1A49486E6502"
"data/4.4/character-card-templates/currency_wars_character_04__default.png","27163","071408F2B3102F2A90C2C6F68FCDC9679C061D93AFA878951C7C45600BF2EF17"
"data/4.4/character-card-templates/currency_wars_character_05__default.png","27832","9CF75969D9393910DEE7DA3AF2B96FEDE70E69D41A407093961CB5346114EDAD"
"data/4.4/character-card-templates/currency_wars_character_07__default.png","27145","98AF388127842D95D551510038EC01653EBD05DCC0B7D24A44BC5CDF6503AB00"
"data/4.4/character-card-templates/currency_wars_character_08__default.png","26219","AE09FD1C7FB643E605B1B7A8C9CDF5217EB8004FB258C50418F8DC87E9E14B22"
"data/4.4/character-card-templates/currency_wars_character_09__default.png","27625","4E6FC50BE1071E35424C1437D5D20A3C5850418AC0BB5936F960A70BEB4629EF"
"data/4.4/character-card-templates/currency_wars_character_10__default.png","27315","AF73B090DF6A9FDEB97B74E62F5A14F29094C8B31208C122D95483D9DE06CEF4"
"data/4.4/character-card-templates/currency_wars_character_11__default.png","26592","00A9DB86358A96148B8B619826B61CA5032A118E9A31F22643F00929D67E9781"
"data/4.4/character-card-templates/currency_wars_character_12__default.png","27885","54192439ED4AD1CB5476BA9B71F793DD568AC100DF3A5AB40A0663EDB17D892D"
"data/4.4/character-card-templates/currency_wars_character_13__default.png","28791","66C7EFAFC42A6795EC9BBD2C03402DC8CF9F5D7FC826BD8B4E2B8E646B956124"
"data/4.4/character-card-templates/currency_wars_character_14__default.png","22827","CD5E22A88B5E5372381491E287169F9CCE94BE0ADA211DE33CAC52BD1EA7BDBB"
"data/4.4/character-card-templates/currency_wars_character_15__default.png","28615","FEEF25A2261304911A66A20FAF073B433FEE287ACF52F2F5EFD6A22078FD4DC7"
"data/4.4/character-card-templates/currency_wars_character_16__default.png","26294","9D473189BBB4BB6D305415108D9A99E060916939D929CAA03D37260C7955B8D8"
"data/4.4/character-card-templates/currency_wars_character_17__default.png","27039","F30B8B6BCBB2D2CD14B475630436BFDF9814712291F026AD2E07DF2B9DDDB184"
"data/4.4/character-card-templates/currency_wars_character_18__default.png","29269","956E0A3C7C26E8C61652320D1175A47EC9352FF8F9679E1F3D7BF7D7E2DF7458"
"data/4.4/character-card-templates/currency_wars_character_19__default.png","28845","B2744DC1344DDE68708E71F0E2027BEE578D303A760E782D2F62B7999A5BB340"
"data/4.4/character-card-templates/currency_wars_character_20__default.png","23973","D04E6831B567C4CAC8897CC86C94D8AA9520EB08B04827E68C7736F4CAEB3BD2"
"data/4.4/character-card-templates/currency_wars_character_21__default.png","25363","EB8C733749D3679A9F1234B00D09A86BD1B0DFB0A87E8B624AD1833217041F47"
"data/4.4/character-card-templates/currency_wars_character_22__default.png","25978","4E76DA3D0DC3021D782E2D84AF86CC04BAD4A9C4A84ED8AD0D794F8FBB276ABA"
"data/4.4/character-card-templates/currency_wars_character_23__default.png","27979","4DA5EE883088EF79480BC2E270EF3CA5446EDAC3F89749311DE85ADDA6EEED60"
"data/4.4/character-card-templates/currency_wars_character_24__幽梦翩跹.png","26192","ED1F9CFCD638EC2FFD5F5350DFA1819C6AEBCEBCA5BD95AFE93033870A6CD3FA"
"data/4.4/character-card-templates/currency_wars_character_25__default.png","25814","396CA6DA40C7AF63F6D559D2C34A3DA465FC08357AE9680C144AF30F9F4C2582"
"data/4.4/character-card-templates/currency_wars_character_26__default.png","26207","0346B77F6561EB319F14D36CDA2BD1438874D45530084FA5C6780A669944F068"
"data/4.4/character-card-templates/currency_wars_character_27__default.png","28969","B7336C51664154151CC14A7240463696FCF04FFF001C14BA74B50FE02B88F3F1"
"data/4.4/character-card-templates/currency_wars_character_29__default.png","27817","FAC62360A8E6C5F4C3B40881299072AD0C23000FD68BE6200FAF8380F2B0D512"
"data/4.4/character-card-templates/currency_wars_character_30__default.png","26098","9C7A9E11605AD3015BD5928702A09683329C89E7A7D05F2A7AB78E7B848E95ED"
"data/4.4/character-card-templates/currency_wars_character_31__default.png","28194","E2A6D91D57889B873F13F0662E8697CABA84FE0F4182B967184CB7595F427248"
"data/4.4/character-card-templates/currency_wars_character_32__default.png","28043","02995196D1F6C4074646A1DA10F4213CAD94C534ED65F9D071D89A1ED1A3485E"
"data/4.4/character-card-templates/currency_wars_character_33__default.png","25129","C798B8AAAD8909F3870B43834E39957B2CDF8D0FC6BEB56D29D17C47DC33F163"
"data/4.4/character-card-templates/currency_wars_character_34__default.png","27785","B4D3C25D9DCA7CDE0A5557AFB9F291C2A511CDCE71CE139B88D238CF2E957C55"
"data/4.4/character-card-templates/currency_wars_character_35__default.png","24100","32E56DCA9E09119E19FB5C617F7917439651044D4C7055F009304AE669CF4480"
"data/4.4/character-card-templates/currency_wars_character_36__default.png","29259","0E7D081F13DB7C47279560A692D09EE0E0A2F4B5B5A5ADBFC3C6B92D3D1E87F7"
"data/4.4/character-card-templates/currency_wars_character_37__default.png","24795","EF1C558F164CF4BFC04D1247BA3752834995CD506A5828D17DB17F9D09731542"
"data/4.4/character-card-templates/currency_wars_character_38__default.png","27316","B8C0153F2032BDDB88CAA930633BA3E48C5BA357CDA4A5EEE0DF9E4E390E7F6C"
"data/4.4/character-card-templates/currency_wars_character_39__default.png","27536","33CFB09637F2D11652D6444333F0A050498D13D1AB46550ADF74CB310B31C8B4"
"data/4.4/character-card-templates/currency_wars_character_40__default.png","25859","4B648D7230449A570BBD4E3D2F8352D2D0FF8C7499B3AFD33E3CA1441B1F92F1"
"data/4.4/character-card-templates/currency_wars_character_41__default.png","27847","0B11E4218B25BF4C293640DAAEBF00DC238409E67391C550367F141CFDC585A3"
"data/4.4/character-card-templates/currency_wars_character_42__default.png","27102","67DCEB2BD837CF0F262C29C661C298A8EB4EFED00C6D55F33FFD1A91875EBDEE"
"data/4.4/character-card-templates/currency_wars_character_43__default.png","26904","1B1B351FDB2F7A2BCE473BF270BF370838B89D53552A898955D34762A5F4738C"
"data/4.4/character-card-templates/currency_wars_character_44__default.png","23715","1C6B51B49F3B4A5A0F2DE5CE09D2037B98F41027C5E1E5A6C9780B5000A7CE63"
"data/4.4/character-card-templates/currency_wars_character_45__default.png","25541","3243ACD1B348139BAE4DD07E534CEE316B384B990D0AB36B56B41D6C24463289"
"data/4.4/character-card-templates/currency_wars_character_46__default.png","22132","2B7FA79D5662C83D2F96128E9B16775AF56767C86732B7EBA072B9BF0BDBC8AB"
"data/4.4/character-card-templates/currency_wars_character_47__default.png","28765","63B0DF3739570C399F5B292032575D2F25DCCCD505698D16CC7279640E95B17D"
"data/4.4/character-card-templates/currency_wars_character_48__雪绽梅笺.png","25313","C6298539C140A095290BF41D8ED799DC06D89FE57A5945F68170BE35831EBF64"
"data/4.4/character-card-templates/currency_wars_character_49__default.png","27421","DF1027905F833ADC281647C37D1B3A6345CCDA34ED42237FEC74CFD547A0BA4A"
"data/4.4/character-card-templates/currency_wars_character_50__default.png","22117","8DFE0B516883DF6FC43AA3DB1104D0B5F030A23D490B18E47894ECA49AD6DCAB"
"data/4.4/character-card-templates/currency_wars_character_51__default.png","24296","0699DEBDDA9DF600D8A860A739239B2BCC333395B7C8D12A3A451CA9FD0679BA"
"data/4.4/character-card-templates/currency_wars_character_52__default.png","26818","5E0251BCA6B8F1C7B3B1B9FC8EF3629A481231CD2ED9C871F824C2ABD0937FEA"
"data/4.4/character-card-templates/currency_wars_character_53__default.png","23885","99E65027F914C2E26D152CE756F1D2E9425688B2CAFD8FEDB77C5C30D6B23DB4"
"data/4.4/character-card-templates/currency_wars_character_54__default.png","27672","51875B732F9675ED9188BCFEC1C9933A4640B7E8A165F23CCE43CBCFE4EECC11"
"data/4.4/character-card-templates/currency_wars_character_55__default.png","27154","1036FC95D8477ACFCF3DCF649E1EBCE9477D0DD9B56F52B1C90C2367E6898BCB"
"data/4.4/character-card-templates/currency_wars_character_56__default.png","29877","66CA2F652A59EF057C45EBFDB3D42A3BFF9815FA51EC20F4CA8B5C591169E245"
"data/4.4/character-card-templates/currency_wars_character_57__default.png","27473","149AA67BA723BBA7833AE9B9AC2434A684C0E51B332856FC00D0DBA22BEC5B63"
"data/4.4/character-card-templates/currency_wars_character_58__default.png","24497","79178EDEE414BC3CFB13F7886D52E0FBEE89C7968FEC4026AE2892C41730B2FC"
"data/4.4/character-card-templates/currency_wars_character_59__default.png","24640","E401C71D83FA1373597AE2264F6C87521FA8B900D2B1ECF7323B0010372209ED"
"data/4.4/character-card-templates/currency_wars_character_60__default.png","28601","5CA27B5B120FF53A57F2D58A5F0BD6DF83B214C7BED5076C376FEE2FECABD78C"
"data/4.4/character-card-templates/currency_wars_character_61__default.png","25255","583BEC0101285D6D52E82F1457F29C950D8497EBF6826196CABAEB5BC1444877"
"data/4.4/character-card-templates/currency_wars_character_62__default.png","24485","FD5E4F4BBF618B1085CF53031B3A4E1317159B2296BAED088E6592575AA0EDD2"
"data/4.4/character-card-templates/currency_wars_character_63__default.png","25356","85C20CA046BCB837765973A8782D1188B28DB271F84F9B540CD248479FC22F54"
"data/4.4/character-card-templates/currency_wars_character_64__default.png","24710","5AADE39B52EEFA56EDF4A6061B5BC67EAE80B5F97A902A57BFF75F2D2EB71A68"
"data/4.4/character-card-templates/currency_wars_character_65__default.png","28887","43014459D4254CE948F134CC5013366CBF6859020490FD9FC369C6D8AA98EB62"
"data/4.4/character-card-templates/currency_wars_character_66__default.png","27962","BD83AE5CC11FBB0CD3BBDC79BB79F9787E9AD580833C3F09F63C1A21B95C72F2"
"data/4.4/character-card-templates/currency_wars_character_67__default.png","26900","6E16380BA8F622735E0E0FA3DCDFB6612BAC8BEA8C842248D91CFD7ADA965A1A"
"data/4.4/character-card-templates/currency_wars_character_68__default.png","27644","96C34547D6EA2E2F4914ED201B9414898E1249238659C965810D956D4B635700"
"data/4.4/character-card-templates/currency_wars_character_69__default.png","29130","2B66D0FA60B83ABFAE4517D818D33BCA9E597CE19EDDD68E68550BA942CFC186"
"data/4.4/character-card-templates/currency_wars_character_70__default.png","23268","8235EF50AD09571C4C8761F0EB94C26D0C399777FEBAFDFD2A44507CF5A322D2"
"data/4.4/character-card-templates/currency_wars_character_71__default.png","24748","214D99A77AF7153B9737E6B6C5512E17F8E3449DB0E39A6F60AD99D23B67CF4C"
"data/4.4/character-card-templates/currency_wars_character_72__default.png","27110","5364F4E763A1C4776AA37BE94F5CB8AAA1F45EC975E98465CA94C85DF08FD375"
"data/4.4/character-card-templates/currency_wars_character_trailblazer__player_male_form_unspecified.png","25867","A43B2A12C2386DFF645665774C6674AAAB1AFB5B600A7F47ABF40FC235C81CE2"
"data/4.4/character-small-avatar-templates/currency_wars_character_01__default.png","49475","4C118477B807CA6AAE3C8AA16F0B493B3061D2250648580152263DDF9CF2C543"
"data/4.4/character-small-avatar-templates/currency_wars_character_02__default.png","9985","613DEBB24DF07C14BD7461FCAB24FC4E44B2A3D33F2AE8465A4F42C8A038E6EA"
"data/4.4/character-small-avatar-templates/currency_wars_character_03__default.png","45798","199D8FE0FF3A24479210376C125003D0855A8520529E35174692EA8CEDC3C017"
"data/4.4/character-small-avatar-templates/currency_wars_character_04__default.png","41141","A79DAEBA4D082B222C9AD633FD063B2C4A7B71978BACF7124A81779926265462"
"data/4.4/character-small-avatar-templates/currency_wars_character_05__default.png","10429","C3F8F5065E2A6EFCF076FBCE2D4F376B58C8B25471B38552600C0BDE259B85A5"
"data/4.4/character-small-avatar-templates/currency_wars_character_07__default.png","47433","377777C31496D97EB22EBF8846E5C06F01C0B26CF4FDC1805389F366EF0CEC2F"
"data/4.4/character-small-avatar-templates/currency_wars_character_08__default.png","10458","15CF04CE5D5C671FB63764226306D1F6FE10D17897CEDF72E269FE6CD1C4EB23"
"data/4.4/character-small-avatar-templates/currency_wars_character_09__default.png","10880","BF8CB2223FA20C3BBA9C9F1B64890433089FFC56D29ABE2899B5EC8E68158B69"
"data/4.4/character-small-avatar-templates/currency_wars_character_10__default.png","10688","0D3C212868064631927C6285F90D9AAF6FD5416B128D40DE3ADD901A8B9D21E8"
"data/4.4/character-small-avatar-templates/currency_wars_character_11__default.png","10481","AFCC2BDEB4B3026E96CEC2A4233E1071E5DD23952246C193C58BDE617080CBB0"
"data/4.4/character-small-avatar-templates/currency_wars_character_12__default.png","11211","DFC36F6295A394A6D0FBD9DFB34D4529B550F3CDDB85B687256CB229A295602D"
"data/4.4/character-small-avatar-templates/currency_wars_character_13__default.png","10896","2BBB63814156E842F518521AA63C31D73B9DCB4B511107BF8DDDAF4FC7D79731"
"data/4.4/character-small-avatar-templates/currency_wars_character_14__default.png","9293","D0A5DDD1C1092BAD26E94D50E94D88F44237D989D1A18C0E3BBD04E201D53698"
"data/4.4/character-small-avatar-templates/currency_wars_character_15__default.png","11017","335B9ECB0F857147A6831B2BC016C0E249E58BA92812592F9563EE176EA536B7"
"data/4.4/character-small-avatar-templates/currency_wars_character_16__default.png","10460","BC473CF632527A02B70DDE68CB5AE2B36E4526BF65CDE843E868A90B6C8E0030"
"data/4.4/character-small-avatar-templates/currency_wars_character_17__default.png","11058","096C1ABBFE854420204C324D691AF118816277D8285DC20BB5A91D74AB9B4632"
"data/4.4/character-small-avatar-templates/currency_wars_character_18__default.png","10601","92AE3639B1D72B3E660EC02D937D3B1440B0D34522E380E002E04032A2FDBF2F"
"data/4.4/character-small-avatar-templates/currency_wars_character_19__default.png","10732","6CCBD32264B9990065400BD80EA89997BCE5473BF08BCF36148AC2D241808C9D"
"data/4.4/character-small-avatar-templates/currency_wars_character_20__default.png","9805","8FA4DBB108D65DFB13BEE3E2674DF709EB9F590A6C75AAE61C2FD0C4B9D1D2BA"
"data/4.4/character-small-avatar-templates/currency_wars_character_21__default.png","10436","12331C755C1BE1E19A1014C3F94A8B0ACC1AF37FA20761DE8E3D122354F07937"
"data/4.4/character-small-avatar-templates/currency_wars_character_22__default.png","10308","8E897A172624FE0D074737900B18BD015383336E994AFD2C89709A51695887FF"
"data/4.4/character-small-avatar-templates/currency_wars_character_23__default.png","10562","77D9767509BA51955C21C9F04FF51C832325F3047AE2BB9EC4ED5AA99AC3DA23"
"data/4.4/character-small-avatar-templates/currency_wars_character_24__default.png","10370","856306DE1C28841D0E57E62D62BAEE9C82CB984C246229A91D33F5FA7B9A44B3"
"data/4.4/character-small-avatar-templates/currency_wars_character_25__default.png","10872","5753E547A02DB28271867127A2770F08FA037EC5525841B844A8D6E66FE69C52"
"data/4.4/character-small-avatar-templates/currency_wars_character_26__default.png","10538","C5DB5B1CE203157EC26C0A79549B5F7F6B7A09F133FB574ABCC1AFC6837F14FB"
"data/4.4/character-small-avatar-templates/currency_wars_character_27__default.png","10982","53CA02CE91158407C8D76245774F4EAD965BB3A5BB9F6FC4FD4893F6E1CF0DF6"
"data/4.4/character-small-avatar-templates/currency_wars_character_29__default.png","10180","B4A4E7F5A12C5151D2BC76794F326F16FCD64678D6CE4CEF7B920BDEE42A9A0A"
"data/4.4/character-small-avatar-templates/currency_wars_character_30__default.png","10361","BA2F4763AF92EE64D7BF91FD1A7D97B6EB5A64F1BB14F1961551EB0D9EE6F14F"
"data/4.4/character-small-avatar-templates/currency_wars_character_31__default.png","10627","50D450BAEFA4522B3D7B34C29A866CC1C3259036FE3C621C7D29563C94DDC93F"
"data/4.4/character-small-avatar-templates/currency_wars_character_32__default.png","7977","EAC7F1697867B594FD2030A9C21E7372384D33CA39A739286834683630D5C7DB"
"data/4.4/character-small-avatar-templates/currency_wars_character_33__default.png","9576","0D89392FD8F896C5C6E13C276538858351CD54070CADAD2138F158A89A6B891C"
"data/4.4/character-small-avatar-templates/currency_wars_character_34__default.png","10851","24D6D784FD54FF2AA757C6889966A511A2E96D5C3E596907B8247737E63C994F"
"data/4.4/character-small-avatar-templates/currency_wars_character_35__default.png","10342","069981B67F9553C8FD274F012EB47D32679623C985993B58BC898A72A8AC02B9"
"data/4.4/character-small-avatar-templates/currency_wars_character_36__default.png","11039","27CC4C6A7C0DD16D5DF304623AC6D765162974E4BF58A353F696D9F884DCB68F"
"data/4.4/character-small-avatar-templates/currency_wars_character_37__default.png","9830","E6E4B55A8B70C7A8811FFBDB7499D92FA382846C0838A93DF64F8F568692F264"
"data/4.4/character-small-avatar-templates/currency_wars_character_38__default.png","10671","D3A679DF86E82B9EE5A2C35397D48CAB879D8B4AD1DC62DD344307E2FF3DBE85"
"data/4.4/character-small-avatar-templates/currency_wars_character_39__default.png","10739","0E008B5992C2B84A7E7C16779D2D30D28D7FDC62902A7CA158F5514F2E6C063B"
"data/4.4/character-small-avatar-templates/currency_wars_character_40__default.png","10646","2EA026ACD90FB8F9CFEAA021A10D1C704B4733559769D309D64925A22D756E3A"
"data/4.4/character-small-avatar-templates/currency_wars_character_41__default.png","10619","092EC17D9CD07CA8CAC8249780BACFDA5C84557EBD6715BC42652A0FA5535170"
"data/4.4/character-small-avatar-templates/currency_wars_character_42__default.png","48253","55AF771647CAF1B09CD8206449D3D5E1D315B2706ACDAD6B106023548C2E14C1"
"data/4.4/character-small-avatar-templates/currency_wars_character_43__default.png","9926","77DABC83AB4CA01030F6E1B6BAB2CBA1B0F1545AAB84C5F42BC5E54B4DCCF336"
"data/4.4/character-small-avatar-templates/currency_wars_character_44__default.png","10497","ACA5035BC9A57ED8262312F0D1AE76C4A2E32B747E8E87EBAAFA75E624311568"
"data/4.4/character-small-avatar-templates/currency_wars_character_45__default.png","46354","B216932A707910526111B1273C6D4C55B98AA44EFD20E46763060C94A69E9C2B"
"data/4.4/character-small-avatar-templates/currency_wars_character_46__default.png","9636","0E92CAFED38ECB70982197E66010CFFAA5870D4C65331E1F4E542C818103D7DB"
"data/4.4/character-small-avatar-templates/currency_wars_character_47__default.png","10703","E6E6CA57C9AF2A9CD9D8B5643A80F4FA03E411034D9876591B3B7D5540170DFA"
"data/4.4/character-small-avatar-templates/currency_wars_character_48__雪绽梅笺.png","10353","5F5DB39E2A022A790D4F387A86B690E394AA7F68FAC000BA2B32A862F89C9B41"
"data/4.4/character-small-avatar-templates/currency_wars_character_49__default.png","49279","385FC528AA0D8BF246A082085D5C8EC10341874A299C6CBA36DFDADBC87DDA35"
"data/4.4/character-small-avatar-templates/currency_wars_character_50__default.png","9336","2A2CA10C4A65ABC9D56DF6D70F8B616F99630110D46469BEE34CB5A74C51995F"
"data/4.4/character-small-avatar-templates/currency_wars_character_51__default.png","10502","E3374A67D811B4CCDCA51978DEA798B277A41991553A662BD402C9545FE1FD71"
"data/4.4/character-small-avatar-templates/currency_wars_character_52__default.png","9637","BD181D5D52241D4514286BC7A39CABB7141312511BD4D727848B7F4630D4BA1F"
"data/4.4/character-small-avatar-templates/currency_wars_character_53__default.png","9220","F96273D4D23F3891D280C77DFE7122D7CA6D3FE12FCD10A89C1ED58F7FD5F046"
"data/4.4/character-small-avatar-templates/currency_wars_character_54__default.png","10733","C849995289E38EB76C0550320694DFE98BF856D010788F32F469A3AFDE72AEF5"
"data/4.4/character-small-avatar-templates/currency_wars_character_55__default.png","10712","243A595A28CD5661DE230A8468B136745E4B2B76BEB818DECCEC15432F69F996"
"data/4.4/character-small-avatar-templates/currency_wars_character_56__default.png","11012","0E429A841391698B84A636E241A7BAF6FEDC732976CE23A0BA4EA66E414A4BCF"
"data/4.4/character-small-avatar-templates/currency_wars_character_57__default.png","10574","768350AFCE8C4D44333BF7F9F60D56BF17BCF310578DDB676B5557B0ACBA818E"
"data/4.4/character-small-avatar-templates/currency_wars_character_58__default.png","10580","4830758ACCC113F7F126B9FB8D7A8E66496C58A4EB5B3D08574EB380F2C83A91"
"data/4.4/character-small-avatar-templates/currency_wars_character_59__default.png","10128","8533E7E5208D2C10A4A77577418ACD3086851DD5322303D48F5E24027FE8CE6F"
"data/4.4/character-small-avatar-templates/currency_wars_character_60__default.png","10515","E73C1A5FB992DA69F9E6BF3888712B3553E33F0A2FBC77F1E63E15087ADDDAFA"
"data/4.4/character-small-avatar-templates/currency_wars_character_61__default.png","46302","E4A0138ABC2B0B18A373739A025360A80111900504AE4159DB1B44B13820F0B5"
"data/4.4/character-small-avatar-templates/currency_wars_character_62__default.png","44789","4D2A29022C846BA7F31B6011B8B7E1ABAB27DED40724DCC0537EF829013D7378"
"data/4.4/character-small-avatar-templates/currency_wars_character_63__default.png","44379","FCBF99151E8CE7345532A564B806696F3611EA9D2DE191897E7A15021208B5D5"
"data/4.4/character-small-avatar-templates/currency_wars_character_64__default.png","45364","D551674CF2AA9D9A315E3AFBC1A0F24879D23C67E2CFA25EBE1AED1B8172FC15"
"data/4.4/character-small-avatar-templates/currency_wars_character_65__default.png","10775","A88EC0B0A6D9A1661A460F88DB83058651C18933CE16BA17B22700986CA292B7"
"data/4.4/character-small-avatar-templates/currency_wars_character_66__default.png","46741","91D9C6BA498421E4EC8FB16C1D864B499D8489D8B95355FCEE97241A893288D9"
"data/4.4/character-small-avatar-templates/currency_wars_character_67__default.png","10648","725C4971DD1D3FE971885BF581FFF569E14FC0DB1C948B66876870E3DC4F2477"
"data/4.4/character-small-avatar-templates/currency_wars_character_68__default.png","11012","2BD189EE81CCAED387C2127D5986D9B24CE96553E9C3EC896358697AF261D345"
"data/4.4/character-small-avatar-templates/currency_wars_character_69__default.png","10984","8D36A308A16B4582A33F6458FC869CC420450E3F4557164C83C1B7858FF473E0"
"data/4.4/character-small-avatar-templates/currency_wars_character_70__default.png","43368","D77BBD4D9B060B1C89853EAF55A034C180F255D2AE542370A77A317C98883143"
"data/4.4/character-small-avatar-templates/currency_wars_character_71__default.png","42302","630CA28C98A070572B8B87943BD23C3BC70D186AEE5F06F906943305B014ACA7"
"data/4.4/character-small-avatar-templates/currency_wars_character_72__default.png","10729","8FB1607E9F59AB83E14BF4FF84B1D15AAF4F3E331E5D109616B27B58B4C426DF"
"data/4.4/character-small-avatar-templates/currency_wars_character_trailblazer__开拓者_欢愉.png","9933","5C7F57FC5583DA27385BE78B4F2A9DA7B181D53B3D551C38849777D2429554BD"
"data/4.4/character-small-avatar-templates/currency_wars_character_trailblazer__开拓者_记忆.png","10399","D3F578D8A749B9B6499E2A7E0ACFD3E6E30B431C020FC2360335F9F6D86BA23F"
"data/4.4/competitors.json","15868","AFC207E5C153BA46F3E2372348A6961F4C4019E0B66889DE6C4187F1E7F16C38"
"data/4.4/currency-wars-characters.json","1043429","CB437A66324E1907D04E66BE94821CC935370477C9CAF8FB7225D7B9703D2CE6"
"data/4.4/enemy-affixes.json","20090","F672B8F5D496436A5F49402EC35B20FB2074A74B0B8784AA8E65AC9FFCEFB2AF"
"data/4.4/gold-digit-templates/digit_3.png","475","E2FEC5DFB1075AD9074CDCBA9571FBE7E5B5081ECFCE336378324FADC91CD4F5"
"data/4.4/gold-digit-templates/digit_7.png","471","BF9915C4F8CFEE196FD3D5FED3244B103B06D0D9ABACCBA5F6BBA83E5151DD1E"
"data/4.4/investment-environments.json","38285","4DB4A2FF2DC1742F6429BD04D40F7230067E42E1C1A5F507F9FD5ADEB856467E"
"data/4.4/investment-strategies.json","150529","79EB06A044A7B1564DACCB3BBB629FED5EE29075BC81A51316691BDADB94E6B7"
"data/4.4/metadata.json","1609","F4D2E7CE3D200CDD9620190D2BAB2DACBD13A94EF7CD2C3EFFBF32D7CF3793A4"
"data/4.4/phase2-action-indicator-templates/round-1-action-100.png","9588","6BC004D9FE43648A718FEBBF41BE0D6AE74EC23C07C4F432F122CE1D7217031D"
"data/4.4/phase2-action-indicator-templates/round-1-action-28.png","10453","D105E245C45C26191B57E09B233E1B1C482099193ADD8EE71D0BEEF868883471"
"data/4.4/phase2-icon-assets/asset-manifest.jsonl","632044","A3F5F1927406DD7148D3AA517AD6E89A8DEFA4E79295E34C342B4AF0A33E7FA2"
"data/4.4/phase2-icon-assets/recognition-overrides.json","339","74F6BFB6FC750BFF251FEA6B6BAF6DCCF5A5CD2B861F0EA7AC3584A24CFFF735"
"data/4.4/phase2-icon-assets/source-coverage-report.md","1477","A6710124BE0B42EF6199F5959CCBD71BB490D073343C0652CA60296CB5863FB2"
"data/4.4/phase2-icon-assets/source-missing-or-ambiguous.csv","6718","B446585F05CF60EA396D783CAE5DA3E9B3534E22C6ED7B3748ABE6E07869D1EB"
"data/4.4/phase2-icon-assets/source-taxonomy.json","28902","3BC6ACCBC2EE355A879F885FD288859DE9A0D98925AF3D5E01EE3CDBF9A457D7"
"data/4.4/phase2-icon-assets/source-validation.json","287","206ACF7F5B2C220ECD39B4A12E3107561A8A50F6A0D61184FFF11CD2C944F2A0"
"data/4.4/phase2-icon-assets/standardized/bond_state/bond_贝洛伯格_inactive.png","8863","60D5C957E546A7AF528EFF75D2130992741E20CB59109F9DC58BDA6FAF75E817"
"data/4.4/phase2-icon-assets/standardized/bond_state/bond_贝洛伯格_p2.png","8863","60D5C957E546A7AF528EFF75D2130992741E20CB59109F9DC58BDA6FAF75E817"
"data/4.4/phase2-icon-assets/standardized/bond_state/bond_贝洛伯格_p4.png","8863","60D5C957E546A7AF528EFF75D2130992741E20CB59109F9DC58BDA6FAF75E817"
"data/4.4/phase2-icon-assets/standardized/bond_state/bond_持续伤害_inactive.png","6494","0BD5B7817EE20FEACD7E55578E61723EDF433C49279618711A941D81F781B4B0"
"data/4.4/phase2-icon-assets/standardized/bond_state/bond_持续伤害_p2.png","6494","0BD5B7817EE20FEACD7E55578E61723EDF433C49279618711A941D81F781B4B0"
"data/4.4/phase2-icon-assets/standardized/bond_state/bond_持续伤害_p4.png","6494","0BD5B7817EE20FEACD7E55578E61723EDF433C49279618711A941D81F781B4B0"
"data/4.4/phase2-icon-assets/standardized/bond_state/bond_持续伤害_p6.png","6494","0BD5B7817EE20FEACD7E55578E61723EDF433C49279618711A941D81F781B4B0"
"data/4.4/phase2-icon-assets/standardized/bond_state/bond_大守护者_inactive.png","7531","EB52C1C100B4B953DF4DD330C3B61422C787088150D8CCDB13AFD64FFB556158"
"data/4.4/phase2-icon-assets/standardized/bond_state/bond_大守护者_p1.png","7531","EB52C1C100B4B953DF4DD330C3B61422C787088150D8CCDB13AFD64FFB556158"
"data/4.4/phase2-icon-assets/standardized/bond_state/bond_公司_inactive.png","7017","35CEEC6EC3D0E0C2BC4A28557A90288F52A797E2421D4D5B0E5A57D6E03316B7"
"data/4.4/phase2-icon-assets/standardized/bond_state/bond_公司_p2.png","7017","35CEEC6EC3D0E0C2BC4A28557A90288F52A797E2421D4D5B0E5A57D6E03316B7"
"data/4.4/phase2-icon-assets/standardized/bond_state/bond_公司_p3.png","7017","35CEEC6EC3D0E0C2BC4A28557A90288F52A797E2421D4D5B0E5A57D6E03316B7"
"data/4.4/phase2-icon-assets/standardized/bond_state/bond_护盾_inactive.png","8807","1A92B60733802AB9B2EC8A41D280A63748F7BA602DBB3DEB827F4A9EF1942199"
"data/4.4/phase2-icon-assets/standardized/bond_state/bond_护盾_p2.png","8807","1A92B60733802AB9B2EC8A41D280A63748F7BA602DBB3DEB827F4A9EF1942199"
"data/4.4/phase2-icon-assets/standardized/bond_state/bond_护盾_p4.png","8807","1A92B60733802AB9B2EC8A41D280A63748F7BA602DBB3DEB827F4A9EF1942199"
"data/4.4/phase2-icon-assets/standardized/bond_state/bond_欢愉_inactive.png","10537","20F34FA781D3072C8D80129B235B190D4B50964EFE9BEBF1E12C4A902B988EB2"
"data/4.4/phase2-icon-assets/standardized/bond_state/bond_欢愉_p3.png","10537","20F34FA781D3072C8D80129B235B190D4B50964EFE9BEBF1E12C4A902B988EB2"
"data/4.4/phase2-icon-assets/standardized/bond_state/bond_欢愉_p4.png","10537","20F34FA781D3072C8D80129B235B190D4B50964EFE9BEBF1E12C4A902B988EB2"
"data/4.4/phase2-icon-assets/standardized/bond_state/bond_欢愉_p5.png","10537","20F34FA781D3072C8D80129B235B190D4B50964EFE9BEBF1E12C4A902B988EB2"
"data/4.4/phase2-icon-assets/standardized/bond_state/bond_欢愉_p7.png","10537","20F34FA781D3072C8D80129B235B190D4B50964EFE9BEBF1E12C4A902B988EB2"
"data/4.4/phase2-icon-assets/standardized/bond_state/bond_击破_inactive.png","7769","50D9CCABB8029C75BD8BDD820631BACB6EF06284A6509772843707DB14E72284"
"data/4.4/phase2-icon-assets/standardized/bond_state/bond_击破_p2.png","7769","50D9CCABB8029C75BD8BDD820631BACB6EF06284A6509772843707DB14E72284"
"data/4.4/phase2-icon-assets/standardized/bond_state/bond_击破_p4.png","7769","50D9CCABB8029C75BD8BDD820631BACB6EF06284A6509772843707DB14E72284"
"data/4.4/phase2-icon-assets/standardized/bond_state/bond_击破_p6.png","7769","50D9CCABB8029C75BD8BDD820631BACB6EF06284A6509772843707DB14E72284"
"data/4.4/phase2-icon-assets/standardized/bond_state/bond_击破_p9.png","7769","50D9CCABB8029C75BD8BDD820631BACB6EF06284A6509772843707DB14E72284"
"data/4.4/phase2-icon-assets/standardized/bond_state/bond_减益_inactive.png","7933","73309445D20588ADCC5FF80A956690F9E4C046778B379C0B074458212D7E2682"
"data/4.4/phase2-icon-assets/standardized/bond_state/bond_减益_p2.png","7933","73309445D20588ADCC5FF80A956690F9E4C046778B379C0B074458212D7E2682"
"data/4.4/phase2-icon-assets/standardized/bond_state/bond_减益_p4.png","7933","73309445D20588ADCC5FF80A956690F9E4C046778B379C0B074458212D7E2682"
"data/4.4/phase2-icon-assets/standardized/bond_state/bond_减益_p6.png","7933","73309445D20588ADCC5FF80A956690F9E4C046778B379C0B074458212D7E2682"
"data/4.4/phase2-icon-assets/standardized/bond_state/bond_减益_p8.png","7933","73309445D20588ADCC5FF80A956690F9E4C046778B379C0B074458212D7E2682"
"data/4.4/phase2-icon-assets/standardized/bond_state/bond_救世主_inactive.png","9335","FB2C20B2E72BEEB25AC0305F2B00009B0A5D37E89E39D7E88D1564BDA10DBC20"
"data/4.4/phase2-icon-assets/standardized/bond_state/bond_救世主_p1.png","9335","FB2C20B2E72BEEB25AC0305F2B00009B0A5D37E89E39D7E88D1564BDA10DBC20"
"data/4.4/phase2-icon-assets/standardized/bond_state/bond_狼狩_inactive.png","9675","DBE42DF996542463C60D5573C7835EA9307A2C980D7CED8B88E00C831C1F6D7B"
"data/4.4/phase2-icon-assets/standardized/bond_state/bond_狼狩_p3.png","9675","DBE42DF996542463C60D5573C7835EA9307A2C980D7CED8B88E00C831C1F6D7B"
"data/4.4/phase2-icon-assets/standardized/bond_state/bond_狼狩_p5.png","9675","DBE42DF996542463C60D5573C7835EA9307A2C980D7CED8B88E00C831C1F6D7B"
"data/4.4/phase2-icon-assets/standardized/bond_state/bond_狼狩_p6.png","9675","DBE42DF996542463C60D5573C7835EA9307A2C980D7CED8B88E00C831C1F6D7B"
"data/4.4/phase2-icon-assets/standardized/bond_state/bond_狼狩_p8.png","9675","DBE42DF996542463C60D5573C7835EA9307A2C980D7CED8B88E00C831C1F6D7B"
"data/4.4/phase2-icon-assets/standardized/bond_state/bond_量子同频_inactive.png","7031","E9B9489235B100F3DB25D8600D9029C03A999239C7CC9799F0F1E9DCDE2B0D14"
"data/4.4/phase2-icon-assets/standardized/bond_state/bond_量子同频_p2.png","7031","E9B9489235B100F3DB25D8600D9029C03A999239C7CC9799F0F1E9DCDE2B0D14"
"data/4.4/phase2-icon-assets/standardized/bond_state/bond_量子同频_p3.png","7031","E9B9489235B100F3DB25D8600D9029C03A999239C7CC9799F0F1E9DCDE2B0D14"
"data/4.4/phase2-icon-assets/standardized/bond_state/bond_量子同频_p4.png","7031","E9B9489235B100F3DB25D8600D9029C03A999239C7CC9799F0F1E9DCDE2B0D14"
"data/4.4/phase2-icon-assets/standardized/bond_state/bond_量子同频_p5.png","7031","E9B9489235B100F3DB25D8600D9029C03A999239C7CC9799F0F1E9DCDE2B0D14"
"data/4.4/phase2-icon-assets/standardized/bond_state/bond_列车同行_inactive.png","8353","A2DEA7E2D1E5B18E6FC85E36E99C7C565B7EBC3EDE8D0B7595434A3973E596DA"
"data/4.4/phase2-icon-assets/standardized/bond_state/bond_列车同行_p2.png","8353","A2DEA7E2D1E5B18E6FC85E36E99C7C565B7EBC3EDE8D0B7595434A3973E596DA"
"data/4.4/phase2-icon-assets/standardized/bond_state/bond_列车同行_p4.png","8353","A2DEA7E2D1E5B18E6FC85E36E99C7C565B7EBC3EDE8D0B7595434A3973E596DA"
"data/4.4/phase2-icon-assets/standardized/bond_state/bond_列车同行_p6.png","8353","A2DEA7E2D1E5B18E6FC85E36E99C7C565B7EBC3EDE8D0B7595434A3973E596DA"
"data/4.4/phase2-icon-assets/standardized/bond_state/bond_领航员_inactive.png","16619","42C6F47AFD609AF329E290A875EA9835C2E2515A2EC9A9A4FDB1E2E6081EE6A3"
"data/4.4/phase2-icon-assets/standardized/bond_state/bond_领航员_p1.png","16619","42C6F47AFD609AF329E290A875EA9835C2E2515A2EC9A9A4FDB1E2E6081EE6A3"
"data/4.4/phase2-icon-assets/standardized/bond_state/bond_命运卜者_inactive.png","8708","C05175E18A6F0450F97F1C5242225E45A96B0FEFA271F670396268BD04CA8312"
"data/4.4/phase2-icon-assets/standardized/bond_state/bond_命运卜者_p1.png","8708","C05175E18A6F0450F97F1C5242225E45A96B0FEFA271F670396268BD04CA8312"
"data/4.4/phase2-icon-assets/standardized/bond_state/bond_命运圣杯_inactive.png","7027","7F49EF1CA7C248C0A90067DF52973D329BB28B42B27995449BBE77606D467E8D"
"data/4.4/phase2-icon-assets/standardized/bond_state/bond_命运圣杯_p2.png","7027","7F49EF1CA7C248C0A90067DF52973D329BB28B42B27995449BBE77606D467E8D"
"data/4.4/phase2-icon-assets/standardized/bond_state/bond_命运圣杯_p3.png","7027","7F49EF1CA7C248C0A90067DF52973D329BB28B42B27995449BBE77606D467E8D"
"data/4.4/phase2-icon-assets/standardized/bond_state/bond_命运圣杯_p4.png","7027","7F49EF1CA7C248C0A90067DF52973D329BB28B42B27995449BBE77606D467E8D"
"data/4.4/phase2-icon-assets/standardized/bond_state/bond_命运圣杯_p5.png","7027","7F49EF1CA7C248C0A90067DF52973D329BB28B42B27995449BBE77606D467E8D"
"data/4.4/phase2-icon-assets/standardized/bond_state/bond_魔术师_inactive.png","9213","64DAA20F5E67F0B828D2D54333CE3DBF90CECE1C5392816E17E6DD38EEF99113"
"data/4.4/phase2-icon-assets/standardized/bond_state/bond_魔术师_p1.png","9213","64DAA20F5E67F0B828D2D54333CE3DBF90CECE1C5392816E17E6DD38EEF99113"
"data/4.4/phase2-icon-assets/standardized/bond_state/bond_能量_inactive.png","4207","BEECA256E04EA6F59620D539090140A9F2DEFA7161C1FE3ED6B897654004D894"
"data/4.4/phase2-icon-assets/standardized/bond_state/bond_能量_p10.png","4207","BEECA256E04EA6F59620D539090140A9F2DEFA7161C1FE3ED6B897654004D894"
"data/4.4/phase2-icon-assets/standardized/bond_state/bond_能量_p3.png","4207","BEECA256E04EA6F59620D539090140A9F2DEFA7161C1FE3ED6B897654004D894"
"data/4.4/phase2-icon-assets/standardized/bond_state/bond_能量_p5.png","4207","BEECA256E04EA6F59620D539090140A9F2DEFA7161C1FE3ED6B897654004D894"
"data/4.4/phase2-icon-assets/standardized/bond_state/bond_能量_p7.png","4207","BEECA256E04EA6F59620D539090140A9F2DEFA7161C1FE3ED6B897654004D894"
"data/4.4/phase2-icon-assets/standardized/bond_state/bond_群攻_inactive.png","8006","4CCA8D60945C0A596D3C414B71FAD841F9FEDDDEDFD3E82FD93FA89E08EADC75"
"data/4.4/phase2-icon-assets/standardized/bond_state/bond_群攻_p3.png","8006","4CCA8D60945C0A596D3C414B71FAD841F9FEDDDEDFD3E82FD93FA89E08EADC75"
"data/4.4/phase2-icon-assets/standardized/bond_state/bond_群攻_p5.png","8006","4CCA8D60945C0A596D3C414B71FAD841F9FEDDDEDFD3E82FD93FA89E08EADC75"
"data/4.4/phase2-icon-assets/standardized/bond_state/bond_群攻_p7.png","8006","4CCA8D60945C0A596D3C414B71FAD841F9FEDDDEDFD3E82FD93FA89E08EADC75"
"data/4.4/phase2-icon-assets/standardized/bond_state/bond_群攻_p9.png","8006","4CCA8D60945C0A596D3C414B71FAD841F9FEDDDEDFD3E82FD93FA89E08EADC75"
"data/4.4/phase2-icon-assets/standardized/bond_state/bond_燃血_inactive.png","8531","021D37395849AA38C768FB86A89366EDBCC5CB92140935B23F6364C19C03593F"
"data/4.4/phase2-icon-assets/standardized/bond_state/bond_燃血_p2.png","8531","021D37395849AA38C768FB86A89366EDBCC5CB92140935B23F6364C19C03593F"
"data/4.4/phase2-icon-assets/standardized/bond_state/bond_燃血_p4.png","8531","021D37395849AA38C768FB86A89366EDBCC5CB92140935B23F6364C19C03593F"
"data/4.4/phase2-icon-assets/standardized/bond_state/bond_燃血_p6.png","8531","021D37395849AA38C768FB86A89366EDBCC5CB92140935B23F6364C19C03593F"
"data/4.4/phase2-icon-assets/standardized/bond_state/bond_燃血_p8.png","8531","021D37395849AA38C768FB86A89366EDBCC5CB92140935B23F6364C19C03593F"
"data/4.4/phase2-icon-assets/standardized/bond_state/bond_盛会之星_inactive.png","6887","9A3EA3D9FE7B52CF004D6BE1C4789F9909E7A2144D4BBCB70FCBC61FA25EF6F1"
"data/4.4/phase2-icon-assets/standardized/bond_state/bond_盛会之星_p2.png","6887","9A3EA3D9FE7B52CF004D6BE1C4789F9909E7A2144D4BBCB70FCBC61FA25EF6F1"
"data/4.4/phase2-icon-assets/standardized/bond_state/bond_盛会之星_p3.png","6887","9A3EA3D9FE7B52CF004D6BE1C4789F9909E7A2144D4BBCB70FCBC61FA25EF6F1"
"data/4.4/phase2-icon-assets/standardized/bond_state/bond_盛会之星_p4.png","6887","9A3EA3D9FE7B52CF004D6BE1C4789F9909E7A2144D4BBCB70FCBC61FA25EF6F1"
"data/4.4/phase2-icon-assets/standardized/bond_state/bond_盛会之星_p5.png","6887","9A3EA3D9FE7B52CF004D6BE1C4789F9909E7A2144D4BBCB70FCBC61FA25EF6F1"
"data/4.4/phase2-icon-assets/standardized/bond_state/bond_盛会之星_p6.png","6887","9A3EA3D9FE7B52CF004D6BE1C4789F9909E7A2144D4BBCB70FCBC61FA25EF6F1"
"data/4.4/phase2-icon-assets/standardized/bond_state/bond_师徒_inactive.png","4588","D8075A7A5EDCD095F51741596798406B8BDD604DAB0D514EFE39B46EA959AF70"
"data/4.4/phase2-icon-assets/standardized/bond_state/bond_师徒_p2.png","4588","D8075A7A5EDCD095F51741596798406B8BDD604DAB0D514EFE39B46EA959AF70"
"data/4.4/phase2-icon-assets/standardized/bond_state/bond_师徒_p3.png","4588","D8075A7A5EDCD095F51741596798406B8BDD604DAB0D514EFE39B46EA959AF70"
"data/4.4/phase2-icon-assets/standardized/bond_state/bond_头号玩家_inactive.png","3636","1B753F490A6FAE3BACDA5F41EE19DC70AF725345C9A34CACFABC9FCBE0FA1329"
"data/4.4/phase2-icon-assets/standardized/bond_state/bond_头号玩家_p1.png","3636","1B753F490A6FAE3BACDA5F41EE19DC70AF725345C9A34CACFABC9FCBE0FA1329"
"data/4.4/phase2-icon-assets/standardized/bond_state/bond_仙舟_inactive.png","9445","398D3984CF0E96DA5C3E0245629BD8113B0F62778C2BDDBA268DA625BE3FF0FB"
"data/4.4/phase2-icon-assets/standardized/bond_state/bond_仙舟_p10.png","9445","398D3984CF0E96DA5C3E0245629BD8113B0F62778C2BDDBA268DA625BE3FF0FB"
"data/4.4/phase2-icon-assets/standardized/bond_state/bond_仙舟_p3.png","9445","398D3984CF0E96DA5C3E0245629BD8113B0F62778C2BDDBA268DA625BE3FF0FB"
"data/4.4/phase2-icon-assets/standardized/bond_state/bond_仙舟_p5.png","9445","398D3984CF0E96DA5C3E0245629BD8113B0F62778C2BDDBA268DA625BE3FF0FB"
"data/4.4/phase2-icon-assets/standardized/bond_state/bond_仙舟_p7.png","9445","398D3984CF0E96DA5C3E0245629BD8113B0F62778C2BDDBA268DA625BE3FF0FB"
"data/4.4/phase2-icon-assets/standardized/bond_state/bond_星核猎手_inactive.png","7829","818ED6A529B1E8D2D4678F0146C0F7A52131A26CFA584DFABC97822BDAB01169"
"data/4.4/phase2-icon-assets/standardized/bond_state/bond_星核猎手_p2.png","7829","818ED6A529B1E8D2D4678F0146C0F7A52131A26CFA584DFABC97822BDAB01169"
"data/4.4/phase2-icon-assets/standardized/bond_state/bond_星核猎手_p3.png","7829","818ED6A529B1E8D2D4678F0146C0F7A52131A26CFA584DFABC97822BDAB01169"
"data/4.4/phase2-icon-assets/standardized/bond_state/bond_星核猎手_p4.png","7829","818ED6A529B1E8D2D4678F0146C0F7A52131A26CFA584DFABC97822BDAB01169"
"data/4.4/phase2-icon-assets/standardized/bond_state/bond_星间旅人_inactive.png","7632","4E159BFAD9572F2C769D37FB1AB291001469C2B2D0B0297733637684E6101647"
"data/4.4/phase2-icon-assets/standardized/bond_state/bond_星间旅人_p1.png","7632","4E159BFAD9572F2C769D37FB1AB291001469C2B2D0B0297733637684E6101647"
"data/4.4/phase2-icon-assets/standardized/bond_state/bond_星间旅人_p2.png","7632","4E159BFAD9572F2C769D37FB1AB291001469C2B2D0B0297733637684E6101647"
"data/4.4/phase2-icon-assets/standardized/bond_state/bond_星间旅人_p3.png","7632","4E159BFAD9572F2C769D37FB1AB291001469C2B2D0B0297733637684E6101647"
"data/4.4/phase2-icon-assets/standardized/bond_state/bond_星间旅人_p4.png","7632","4E159BFAD9572F2C769D37FB1AB291001469C2B2D0B0297733637684E6101647"
"data/4.4/phase2-icon-assets/standardized/bond_state/bond_星间旅人_p5.png","7632","4E159BFAD9572F2C769D37FB1AB291001469C2B2D0B0297733637684E6101647"
"data/4.4/phase2-icon-assets/standardized/bond_state/bond_星间旅人_p6.png","7632","4E159BFAD9572F2C769D37FB1AB291001469C2B2D0B0297733637684E6101647"
"data/4.4/phase2-icon-assets/standardized/bond_state/bond_星间旅人_p7.png","7632","4E159BFAD9572F2C769D37FB1AB291001469C2B2D0B0297733637684E6101647"
"data/4.4/phase2-icon-assets/standardized/bond_state/bond_巡海游侠_inactive.png","8724","917AB73A6FF59479BF6103F981C23EA3CD671991C4C1564201F35C56BC43D386"
"data/4.4/phase2-icon-assets/standardized/bond_state/bond_巡海游侠_p1.png","8724","917AB73A6FF59479BF6103F981C23EA3CD671991C4C1564201F35C56BC43D386"
"data/4.4/phase2-icon-assets/standardized/bond_state/bond_巡海游侠_p2.png","8724","917AB73A6FF59479BF6103F981C23EA3CD671991C4C1564201F35C56BC43D386"
"data/4.4/phase2-icon-assets/standardized/bond_state/bond_巡海游侠_p3.png","8724","917AB73A6FF59479BF6103F981C23EA3CD671991C4C1564201F35C56BC43D386"
"data/4.4/phase2-icon-assets/standardized/bond_state/bond_巡海游侠_p4.png","8724","917AB73A6FF59479BF6103F981C23EA3CD671991C4C1564201F35C56BC43D386"
"data/4.4/phase2-icon-assets/standardized/bond_state/bond_夜之半神_inactive.png","8013","C69F61BA4F2ACC8A2C632059284AB685DE56BF773756C64352F232EC0CBB8E4A"
"data/4.4/phase2-icon-assets/standardized/bond_state/bond_夜之半神_p2.png","8013","C69F61BA4F2ACC8A2C632059284AB685DE56BF773756C64352F232EC0CBB8E4A"
"data/4.4/phase2-icon-assets/standardized/bond_state/bond_夜之半神_p4.png","8013","C69F61BA4F2ACC8A2C632059284AB685DE56BF773756C64352F232EC0CBB8E4A"
"data/4.4/phase2-icon-assets/standardized/bond_state/bond_夜之半神_p7.png","8013","C69F61BA4F2ACC8A2C632059284AB685DE56BF773756C64352F232EC0CBB8E4A"
"data/4.4/phase2-icon-assets/standardized/bond_state/bond_夜之半神_p9.png","8013","C69F61BA4F2ACC8A2C632059284AB685DE56BF773756C64352F232EC0CBB8E4A"
"data/4.4/phase2-icon-assets/standardized/bond_state/bond_银河学者_inactive.png","10321","4E3978C2C587ACCA51EDEEE07C2113CD39E53E1D4EF9BA5351834B9BB3D54561"
"data/4.4/phase2-icon-assets/standardized/bond_state/bond_银河学者_p2.png","10321","4E3978C2C587ACCA51EDEEE07C2113CD39E53E1D4EF9BA5351834B9BB3D54561"
"data/4.4/phase2-icon-assets/standardized/bond_state/bond_银河学者_p4.png","10321","4E3978C2C587ACCA51EDEEE07C2113CD39E53E1D4EF9BA5351834B9BB3D54561"
"data/4.4/phase2-icon-assets/standardized/bond_state/bond_银河学者_p6.png","10321","4E3978C2C587ACCA51EDEEE07C2113CD39E53E1D4EF9BA5351834B9BB3D54561"
"data/4.4/phase2-icon-assets/standardized/bond_state/bond_战技点_inactive.png","8595","96F66DAB42AC96504191BC6D8AEAAFF3C1C5C755A282256291ED04CFE524452C"
"data/4.4/phase2-icon-assets/standardized/bond_state/bond_战技点_p2.png","8595","96F66DAB42AC96504191BC6D8AEAAFF3C1C5C755A282256291ED04CFE524452C"
"data/4.4/phase2-icon-assets/standardized/bond_state/bond_战技点_p4.png","8595","96F66DAB42AC96504191BC6D8AEAAFF3C1C5C755A282256291ED04CFE524452C"
"data/4.4/phase2-icon-assets/standardized/bond_state/bond_战技点_p6.png","8595","96F66DAB42AC96504191BC6D8AEAAFF3C1C5C755A282256291ED04CFE524452C"
"data/4.4/phase2-icon-assets/standardized/bond_state/bond_战技点_p8.png","8595","96F66DAB42AC96504191BC6D8AEAAFF3C1C5C755A282256291ED04CFE524452C"
"data/4.4/phase2-icon-assets/standardized/bond_state/bond_治疗_inactive.png","5721","26D097264C9B8FCD4B3C3890E9F4D03098B13E4B9FA2A8A98F9D468BFF68B1AE"
"data/4.4/phase2-icon-assets/standardized/bond_state/bond_治疗_p2.png","5721","26D097264C9B8FCD4B3C3890E9F4D03098B13E4B9FA2A8A98F9D468BFF68B1AE"
"data/4.4/phase2-icon-assets/standardized/bond_state/bond_治疗_p4.png","5721","26D097264C9B8FCD4B3C3890E9F4D03098B13E4B9FA2A8A98F9D468BFF68B1AE"
"data/4.4/phase2-icon-assets/standardized/bond_state/bond_治疗_p6.png","5721","26D097264C9B8FCD4B3C3890E9F4D03098B13E4B9FA2A8A98F9D468BFF68B1AE"
"data/4.4/phase2-icon-assets/standardized/bond_state/bond_挚爱之人_inactive.png","10641","BD15A2116C928A188AAD67272F7AC948CCC07A488B5955876157E46C922E0463"
"data/4.4/phase2-icon-assets/standardized/bond_state/bond_挚爱之人_p1.png","10641","BD15A2116C928A188AAD67272F7AC948CCC07A488B5955876157E46C922E0463"
"data/4.4/phase2-icon-assets/standardized/bond_state/bond_昼之半神_inactive.png","9165","90A86CB829FB27F6F6B0FD15C393441B542935095AE96E83C3AFDC791A7D003B"
"data/4.4/phase2-icon-assets/standardized/bond_state/bond_昼之半神_p3.png","9165","90A86CB829FB27F6F6B0FD15C393441B542935095AE96E83C3AFDC791A7D003B"
"data/4.4/phase2-icon-assets/standardized/bond_state/bond_昼之半神_p4.png","9165","90A86CB829FB27F6F6B0FD15C393441B542935095AE96E83C3AFDC791A7D003B"
"data/4.4/phase2-icon-assets/standardized/bond_state/bond_昼之半神_p6.png","9165","90A86CB829FB27F6F6B0FD15C393441B542935095AE96E83C3AFDC791A7D003B"
"data/4.4/phase2-icon-assets/standardized/bond_state/bond_昼之半神_p9.png","9165","90A86CB829FB27F6F6B0FD15C393441B542935095AE96E83C3AFDC791A7D003B"
"data/4.4/phase2-icon-assets/standardized/bond_state/bond_追击_inactive.png","7482","D085479F5B54D39D1510FC9D38AC2B8D74DCB594A073785E753571A4D8CFCB7E"
"data/4.4/phase2-icon-assets/standardized/bond_state/bond_追击_p3.png","7482","D085479F5B54D39D1510FC9D38AC2B8D74DCB594A073785E753571A4D8CFCB7E"
"data/4.4/phase2-icon-assets/standardized/bond_state/bond_追击_p5.png","7482","D085479F5B54D39D1510FC9D38AC2B8D74DCB594A073785E753571A4D8CFCB7E"
"data/4.4/phase2-icon-assets/standardized/bond_state/bond_追击_p7.png","7482","D085479F5B54D39D1510FC9D38AC2B8D74DCB594A073785E753571A4D8CFCB7E"
"data/4.4/phase2-icon-assets/standardized/bond_state/bond_追击_p9.png","7482","D085479F5B54D39D1510FC9D38AC2B8D74DCB594A073785E753571A4D8CFCB7E"
"data/4.4/phase2-icon-assets/standardized/enemy_affix/enemy_affix_t1_01.png","1637","581268A95B18E5D678798722E6FFC86A54FAD2F181086397A6009E219EBAB874"
"data/4.4/phase2-icon-assets/standardized/enemy_affix/enemy_affix_t1_02.png","1637","581268A95B18E5D678798722E6FFC86A54FAD2F181086397A6009E219EBAB874"
"data/4.4/phase2-icon-assets/standardized/enemy_affix/enemy_affix_t1_03.png","1938","9231CFA75581BDCD9BC6F5EB5FCC84AC0DE4A46642052E7E214E9C05FB45D3B0"
"data/4.4/phase2-icon-assets/standardized/enemy_affix/enemy_affix_t1_04.png","1938","9231CFA75581BDCD9BC6F5EB5FCC84AC0DE4A46642052E7E214E9C05FB45D3B0"
"data/4.4/phase2-icon-assets/standardized/enemy_affix/enemy_affix_t1_05.png","1637","581268A95B18E5D678798722E6FFC86A54FAD2F181086397A6009E219EBAB874"
"data/4.4/phase2-icon-assets/standardized/enemy_affix/enemy_affix_t2_01.png","1077","085D431F5C4C5B9E0AE72A2A4B504D5A61A24313CB6DA71353ED44B2BCE8AEB6"
"data/4.4/phase2-icon-assets/standardized/enemy_affix/enemy_affix_t2_02.png","1477","8974C67500442556E548386A34DF3E0DCD552AA5729EA53E7D1D7BFE9224761E"
"data/4.4/phase2-icon-assets/standardized/enemy_affix/enemy_affix_t2_03.png","17685","ED95C79B60B86A6B0FB626B7AD7A200DF2C8EB4149CCB429A3B1E092585A10A1"
"data/4.4/phase2-icon-assets/standardized/enemy_affix/enemy_affix_t2_04.png","1610","70C703EFD290BF8FDA1CA7D0B27DB07116101FD7530FD65CD0ED4C0E6A197E68"
"data/4.4/phase2-icon-assets/standardized/enemy_affix/enemy_affix_t2_05.png","1425","660348647779DE17DAE450E3DD1F316E24B7A870DD4269C82794742AE3764BF1"
"data/4.4/phase2-icon-assets/standardized/enemy_affix/enemy_affix_t2_06.png","1734","BE5CB8CB4CC7518A7469D75FBE5A3A421FDB27E4285CBF07081DEB22F18D899C"
"data/4.4/phase2-icon-assets/standardized/enemy_affix/enemy_affix_t2_07.png","2347","8E1EAE19D3A8E1668338B5FBBE351E8D771231188EA58601BEB7C553293F96D4"
"data/4.4/phase2-icon-assets/standardized/enemy_affix/enemy_affix_t2_08.png","1644","6F64FA352878E77E776D404E0D0D7A888D3B01FE95BD4372C28176A0D6C48254"
"data/4.4/phase2-icon-assets/standardized/enemy_affix/enemy_affix_t2_09.png","1609","2049FE72AC05065C17AF7E56151DA351A03C54672A54E75A1627081617169935"
"data/4.4/phase2-icon-assets/standardized/enemy_affix/enemy_affix_t2_10.png","1294","E0ABABAD8953A22FC9D1626C3F2EC810E6FC555C661FEAD3810F8E5305849D59"
"data/4.4/phase2-icon-assets/standardized/enemy_affix/enemy_affix_t2_11.png","1768","1B55A570585D6C558228414098EFD1D89A50B367C03C2DC67A25CB9BFF5DD4FF"
"data/4.4/phase2-icon-assets/standardized/enemy_affix/enemy_affix_t2_12.png","1798","89A166E887DD1A8302C0D3217EF33E839222F1B9B626A8BB7D09877700AB9632"
"data/4.4/phase2-icon-assets/standardized/enemy_affix/enemy_affix_t2_13.png","1420","A00EAC5160A02E51E6593F5CA421D5943F2C386CD628DC05A469D3E2A99830DB"
"data/4.4/phase2-icon-assets/standardized/enemy_affix/enemy_affix_t2_14.png","1633","B6E9A82CA24285563BBE08E088DD523718C4FD463DAD35B7BEC3631A7E8E272A"
"data/4.4/phase2-icon-assets/standardized/enemy_affix/enemy_affix_t2_15.png","1493","D1DCB5F31703919B5D17519643C98982F87EC6EFF6C95735E43DADBADA99F76B"
"data/4.4/phase2-icon-assets/standardized/enemy_affix/enemy_affix_t2_16.png","1437","DED5DB9FDB7E546A3B28CB458E8A0EE9CD3EAF9F3C77384A23FAB90F47833C85"
"data/4.4/phase2-icon-assets/standardized/enemy_affix/enemy_affix_t2_17.png","1430","B29710E16C20E64E6C6BB7F7BC00549EF30C4BBCAD9B9A91403DA4437712F04B"
"data/4.4/phase2-icon-assets/standardized/enemy_affix/enemy_affix_t2_18.png","1631","F1800FCD0C3ABC42772994717945A63D00916EB297D1E3A7CF4080651E51FC61"
"data/4.4/phase2-icon-assets/standardized/enemy_affix/enemy_affix_t2_19.png","2138","236C74B83C27B9807CB3BE3A8EA43A683B8C8AC0F51B618CA7B1F128531FF149"
"data/4.4/phase2-icon-assets/standardized/enemy_affix/enemy_affix_t2_20.png","2208","C6EA226C4A306AC3C9AC761A4701F0E08C312D9C18A55F116766CB3BD5F64458"
"data/4.4/phase2-icon-assets/standardized/enemy_affix/enemy_affix_t3_01.png","1752","8309687D27FA660BEE90538FDE61C6D5D50EA190598131649192AB7090CE52DD"
"data/4.4/phase2-icon-assets/standardized/enemy_affix/enemy_affix_t3_02.png","1610","70C703EFD290BF8FDA1CA7D0B27DB07116101FD7530FD65CD0ED4C0E6A197E68"
"data/4.4/phase2-icon-assets/standardized/enemy_affix/enemy_affix_t3_03.png","1356","C8BB91F6CE2D29E8EE9EFB1295EB0DC5D74C9442B2DD331AB41783268B89FEF5"
"data/4.4/phase2-icon-assets/standardized/enemy_affix/enemy_affix_t3_04.png","1430","7927D9C94752D683BD4D2A8B6323AA40A3E5A2A029A102DAE12619604C4B55E6"
"data/4.4/phase2-icon-assets/standardized/enemy_affix/enemy_affix_t3_05.png","1400","4A27FBF4971869A53E0A0B28A9CF949CD5E595290B4C5D4414243F051CE90911"
"data/4.4/phase2-icon-assets/standardized/enemy_affix/enemy_affix_t3_06.png","1330","88AD3BBAAD24D98BE0786A7FB0A7D042EAB73734267CECA46A80FCC1C3335787"
"data/4.4/phase2-icon-assets/standardized/enemy_affix/enemy_affix_t3_07.png","1345","C2464911A2041115CE5F32F3DB0C19BC0F661D8CAF914542DD0C79C144420046"
"data/4.4/phase2-icon-assets/standardized/enemy_affix/enemy_affix_t3_08.png","1510","8A37461581E9AAD064B206622F18E713366BDFCA5635650948EDC65AF6BE62D3"
"data/4.4/phase2-icon-assets/standardized/enemy_affix/enemy_affix_t3_09.png","1413","F5472417C04854CB0B3739D18195A6BD0926B63C69D506160B27088B71C7F088"
"data/4.4/phase2-icon-assets/standardized/enemy_affix/enemy_affix_t3_10.png","1455","8F083EEDE054138CD8C0F5C65DD725126C7F7A7918BE6C8A6E1CF578EA827160"
"data/4.4/phase2-icon-assets/standardized/enemy_affix/enemy_affix_t3_11.png","1258","947F1D009982A478A3C751775B7A711992A3D8F22E39FC2EA82CBD182A3985B0"
"data/4.4/phase2-icon-assets/standardized/enemy_affix/enemy_affix_t3_12.png","1864","71B67898EC3CDA208F8AF7648EA36CFED7AE9FB55B232DEC22B9AB1BD1451B59"
"data/4.4/phase2-icon-assets/standardized/enemy_affix/enemy_affix_t3_13.png","1479","1A19B192FCFE9E24BED4E34FFF9430CE35D4E26AE4C20D9E827280175597EAE6"
"data/4.4/phase2-icon-assets/standardized/enemy_affix/enemy_affix_t3_14.png","1641","2532A7BDF0C2DB41B3D121BE8F51A1FD09E61D37584561EA31905C337DE69E0B"
"data/4.4/phase2-icon-assets/standardized/enemy_affix/enemy_affix_t3_15.png","1330","3180624D1A769AF7B7A07D1BCA9EC9C499C26BAD626AF6CCB45F7A27577CA924"
"data/4.4/phase2-icon-assets/standardized/enemy_affix/enemy_affix_t3_16.png","1336","084ECC8AA1146C6C5EAA3E4B0F166A7F8532369FAFE4320A10725457028E7057"
"data/4.4/phase2-icon-assets/standardized/enemy_affix/enemy_affix_t3_17.png","2040","4015A404BFF9BC357851162B96120E75A218CA47833DD715C0F43A1D83014391"
"data/4.4/phase2-icon-assets/standardized/enemy_affix/enemy_affix_t3_18.png","1375","B315278B3B581148C50A497D5D06E0C8EFE5398B354D15466ACD5943EF285F2D"
"data/4.4/phase2-icon-assets/standardized/enemy_affix/enemy_affix_t3_19.png","1610","70C703EFD290BF8FDA1CA7D0B27DB07116101FD7530FD65CD0ED4C0E6A197E68"
"data/4.4/phase2-icon-assets/standardized/enemy_affix/enemy_affix_t3_20.png","1255","A8B3C0E19BF3746E647A20A3BC5422387251572D647862374EB5AFA8815C5DE8"
"data/4.4/phase2-icon-assets/standardized/enemy_affix/enemy_affix_t3_21.png","1611","C393A997D77B132C3302BF10B9EFFEB29B13BF9E0A431D53563BC30B0B3AEF6A"
"data/4.4/phase2-icon-assets/standardized/enemy_affix/enemy_affix_t3_22.png","1610","70C703EFD290BF8FDA1CA7D0B27DB07116101FD7530FD65CD0ED4C0E6A197E68"
"data/4.4/phase2-icon-assets/standardized/enemy_affix/enemy_affix_t3_23.png","1691","897512325DF7FB33094224B25D107D6DF7BBDF8FD7FF24849E01B1408CF18333"
"data/4.4/phase2-icon-assets/standardized/enemy_affix/enemy_affix_t3_24.png","1735","544A2F65362C504BEE4EE4D006B2B0A275755DBFADBE6495EC68DC1D0713E986"
"data/4.4/phase2-icon-assets/standardized/enemy_affix/enemy_affix_t3_25.png","1722","E582E213FF64469EC320D14D2E9A410177717E33DCF3EA8DE92CE0F92DC8E7F7"
"data/4.4/phase2-icon-assets/standardized/enemy_affix/enemy_affix_t3_26.png","2208","C6EA226C4A306AC3C9AC761A4701F0E08C312D9C18A55F116766CB3BD5F64458"
"data/4.4/phase2-icon-assets/standardized/investment_environment/investment_environment_001.png","5862","DEB58C046F980F898B4736EBDDE0DFFF3A3985A89AAE0967825C8C6E4E394B53"
"data/4.4/phase2-icon-assets/standardized/investment_environment/investment_environment_002.png","5128","4F5055EDD302269DA49D373F4A62644626339837A56E1A0F4911904EB8799EB4"
"data/4.4/phase2-icon-assets/standardized/investment_environment/investment_environment_003.png","6486","9DE0B1148ABE24A6A062C88E2E7B2F156D69B2A44381F03EF3434F89E3C3B49C"
"data/4.4/phase2-icon-assets/standardized/investment_environment/investment_environment_004.png","3010","A46DB47CC3CF6ECEFE5E53A531D53BA1F2A1F2857CD79057CED1344C083A7628"
"data/4.4/phase2-icon-assets/standardized/investment_environment/investment_environment_005.png","4532","9F8D2F0004388A08A311B6BD42FDB3C700AF1129D8BD9669279136060FDA730D"
"data/4.4/phase2-icon-assets/standardized/investment_environment/investment_environment_006.png","3094","B3CA73EB88C2FE25F9C6E338D61512CD9414F8D3B17DA4EB087CA168227A96DA"
"data/4.4/phase2-icon-assets/standardized/investment_environment/investment_environment_007.png","6173","F82E7ADDB80BAD47D7FE621B3FAD117BFB845543AB6E642C89067E91E3367BE2"
"data/4.4/phase2-icon-assets/standardized/investment_environment/investment_environment_008.png","4643","1D092D37C30A486B19800A9D63195D9D4A19320D1221D3C131D3265A2C27F13E"
"data/4.4/phase2-icon-assets/standardized/investment_environment/investment_environment_009.png","5785","40A2807D47F28E2DF0E0FE53DACBAB2185B5E6D794512EF86F5C1C4D825FD3B9"
"data/4.4/phase2-icon-assets/standardized/investment_environment/investment_environment_010.png","4334","79F900B483937DE77B79E9E481DC21A1A88CBF7F5D9A4F42D7017F82E3B38794"
"data/4.4/phase2-icon-assets/standardized/investment_environment/investment_environment_011.png","4422","A9D32D91FC5F92925CA029FA3BCF7AC595E945DA5646C919254123B04D30E788"
"data/4.4/phase2-icon-assets/standardized/investment_environment/investment_environment_012.png","5463","7AE4B870FA6B07D636DB372588E44D46DD0F485F4FF6A9F468B1BB90EDDC28B1"
"data/4.4/phase2-icon-assets/standardized/investment_environment/investment_environment_013.png","4273","01ABD9ADDD14C21142104EEA9BF6F1A57026D202D4377CF674D75DEDF298FC60"
"data/4.4/phase2-icon-assets/standardized/investment_environment/investment_environment_014.png","5133","4F2025664E60F03AEA529AE08EDC021EC44E0580DDBF6FF704EBD7AA24D67FFB"
"data/4.4/phase2-icon-assets/standardized/investment_environment/investment_environment_015.png","4357","A52166AB9FD0C30B0058A58BC37E9D07D829A4D632946961F75E1902F3B28A7D"
"data/4.4/phase2-icon-assets/standardized/investment_environment/investment_environment_016.png","5408","C8499258EC2210030DDA95730312399B2DF08DEA55119C729E7337A2861490D4"
"data/4.4/phase2-icon-assets/standardized/investment_environment/investment_environment_017.png","4071","740D9A4BAA0F76BA08DD2659BC51E9AC3FE006A742FB2A67C1E6F3F59884A0A0"
"data/4.4/phase2-icon-assets/standardized/investment_environment/investment_environment_018.png","3217","B675B5D687E70E7BFBE5C35230AE90B818A56CB93D613AC97267C33118B2B4EC"
"data/4.4/phase2-icon-assets/standardized/investment_environment/investment_environment_019.png","4007","727BB2D920AAE493B2B34F181F9EEBC6C8B133FBB3D83453D41620D3F296645A"
"data/4.4/phase2-icon-assets/standardized/investment_environment/investment_environment_020.png","4558","849B1D0F444900E5EB2584C6B3EFE56C50AC7777B9765489A343494945313317"
"data/4.4/phase2-icon-assets/standardized/investment_environment/investment_environment_021.png","4530","4515A732B8FEA5C7A2C6FAC569732A3F44A9F62569969CEB6706CC2FAC07ADFE"
"data/4.4/phase2-icon-assets/standardized/investment_environment/investment_environment_022.png","3901","9D42A7B5A055E3055CF740263EDCF975C5C10CACC8C6FD4F03B6046C0C18D7A1"
"data/4.4/phase2-icon-assets/standardized/investment_environment/investment_environment_023.png","4871","8BF977B3E6B27DE01405B66925167F1FFC457247A0E3EAFBF30D26B786AA653A"
"data/4.4/phase2-icon-assets/standardized/investment_environment/investment_environment_024.png","4101","C470FC3FFFE7E4A0E8B932E8A32E26726406B89B969F0210E17F541AF1408002"
"data/4.4/phase2-icon-assets/standardized/investment_environment/investment_environment_025.png","4118","20AE76612F49C279C21C587D0396934CF25F3E2BFCBE465FF2598CAD5576A679"
"data/4.4/phase2-icon-assets/standardized/investment_environment/investment_environment_026.png","2669","F36C41F7F08031F79C1BB52358FFF2C599F948D35004A7F6E7067ED65F7FB739"
"data/4.4/phase2-icon-assets/standardized/investment_environment/investment_environment_027.png","2468","4DBFB3E7F37893B10D05359E5AEA3866EE5B55F96F42132F8E2A30EF93F69A03"
"data/4.4/phase2-icon-assets/standardized/investment_environment/investment_environment_028.png","4152","4111447B884654A687BBDE3A9186108884F25B576AE9BD2532DFDA8654DCB2FA"
"data/4.4/phase2-icon-assets/standardized/investment_environment/investment_environment_029.png","4211","ECA1A0C15A52B8C1C88EF48D134D971EF69BAF8AD34590862131FB0D36167A49"
"data/4.4/phase2-icon-assets/standardized/investment_environment/investment_environment_030.png","4278","D0F8E698B5516DBDF20DC218F3534FDBD8DA1CF78FEFE3DD474DC7322F1A370D"
"data/4.4/phase2-icon-assets/standardized/investment_environment/investment_environment_031.png","4116","FBF667175CA940DB1A5991D6B8F055C4364B9F40A9104FA6768B1EEDF27C3F21"
"data/4.4/phase2-icon-assets/standardized/investment_environment/investment_environment_032.png","3962","716C8A090E78504849255790D9920453E1F0BD808F18EDD731268A9E43816DEC"
"data/4.4/phase2-icon-assets/standardized/investment_environment/investment_environment_033.png","5202","7B203EF5C00197734EA5BCB31AFCA6F2874B3F88B5DB978D0B7B98BAF604E122"
"data/4.4/phase2-icon-assets/standardized/investment_environment/investment_environment_034.png","3831","F08A6BEFB9C8601748B3D42524142BA801FFA6894B624BC5B40D446CEB0DB92B"
"data/4.4/phase2-icon-assets/standardized/investment_environment/investment_environment_035.png","4882","DFCA45CE1A6EF8B9C15669A7E10E0E6B960CA90D73E5CDCB80EC412EFF9854DA"
"data/4.4/phase2-icon-assets/standardized/investment_environment/investment_environment_036.png","4075","8AF647AA43869C6106A3DB2E5BC6302DC819EABE2588AB4C155AC71D7667752F"
"data/4.4/phase2-icon-assets/standardized/investment_environment/investment_environment_037.png","3870","2795E6AD9BF4337B6D7A588F88C826729F6743FD57B76BEB1CA8FE2D48F9B5C7"
"data/4.4/phase2-icon-assets/standardized/investment_environment/investment_environment_038.png","4131","DE24DDA6E78DDEC343788C283C17100415D311F41F397F2E5CE734D11915DC8F"
"data/4.4/phase2-icon-assets/standardized/investment_environment/investment_environment_039.png","5178","CA69BFFC35740CA495787FA3880CE52642CB1B5B40492BE1DFFBDC77B75C6FDC"
"data/4.4/phase2-icon-assets/standardized/investment_environment/investment_environment_040.png","4480","C1F05FADEE3FEEC629AE9C7B21B21233EE120FE537AB40DDF903DFAB44FA5B24"
"data/4.4/phase2-icon-assets/standardized/investment_environment/investment_environment_041.png","5343","7C4F5DF6FACE24574DC547123C762D06AC7E437F868FECB04A479F7D4BD3C904"
"data/4.4/phase2-icon-assets/standardized/investment_environment/investment_environment_042.png","3953","5EF97E101D3DE4952EBB30E25E9D0CCF87BBE21BE2A630FA1FEE6F5CEFFE6DA8"
"data/4.4/phase2-icon-assets/standardized/investment_environment/investment_environment_043.png","4536","3613F534EBE182F35F8011FBD2DEA44B02099E1DF1475D81F961B553731E8556"
"data/4.4/phase2-icon-assets/standardized/investment_environment/investment_environment_044.png","3975","A43F4B3935EECAB2117DD579169BAFD507C0E6D72400512143638DE5B4DA8B66"
"data/4.4/phase2-icon-assets/standardized/investment_environment/investment_environment_045.png","4468","736C071EE6E7DAA74B8B4F981D04055D4F40AD3DD3E816ACFDBFA5175BAD999C"
"data/4.4/phase2-icon-assets/standardized/investment_environment/investment_environment_046.png","4144","6B24677DBB712D63C220651A2CE8E0703369D18FBE59E18A1E2FAFBBEF570379"
"data/4.4/phase2-icon-assets/standardized/investment_environment/investment_environment_047.png","5096","B2FAB410569185745AA1593EE5F136AE75847FE899A084C4675B3B5C90E92F0B"
"data/4.4/phase2-icon-assets/standardized/investment_environment/investment_environment_048.png","4427","040A8D5AD15B64C94078FCBB5846E57810B2B7B14C0021395394C20997C88B3B"
"data/4.4/phase2-icon-assets/standardized/investment_environment/investment_environment_049.png","5195","D4A71E77F6EB977AD155E6F919D04A455197A8AB1A890EFDA49082C5667CFB41"
"data/4.4/phase2-icon-assets/standardized/investment_environment/investment_environment_050.png","5968","63CD522D6D3AEADBC0618DCB32EA79634D3B731889448CDA6F2B6B5FFD27DDA7"
"data/4.4/phase2-icon-assets/standardized/investment_environment/investment_environment_051.png","3454","CA05B8E8E6558DD78E18F430A97FD007A267B444B1AD5E8828898A43C51316CE"
"data/4.4/phase2-icon-assets/standardized/investment_environment/investment_environment_052.png","2674","FA07942A643E0F07109A896D102C8937CA94392ADCA294E23201451D7218994E"
"data/4.4/phase2-icon-assets/standardized/investment_environment/investment_environment_053.png","4559","88E20F5ECC6A4A8AC614D28BAC10C2E1DFE4CD28201A0FE7780039010721874C"
"data/4.4/phase2-icon-assets/standardized/investment_environment/investment_environment_054.png","5591","F72F35986DB1AE1D097F83691B107B83F739F6AA700DC02C9B88E2DF0B06C60B"
"data/4.4/phase2-icon-assets/standardized/investment_environment/investment_environment_055.png","2717","1B59B0284506AA5CCFD1099D84C36598D3B582601AA9589B802B29DAB9B57A0E"
"data/4.4/phase2-icon-assets/standardized/investment_environment/investment_environment_056.png","5277","18EB095779737473D91D690D9DEAAF8527DDD2D29DA7F41A9FD42BCE8082ED25"
"data/4.4/phase2-icon-assets/standardized/investment_environment/investment_environment_057.png","3428","8E830F2E0EF3E12931CF75E22884CABBADDC8D480A74A21500249D59519A23FB"
"data/4.4/phase2-icon-assets/standardized/investment_environment/investment_environment_058.png","5634","F011A7D2709C19F226B98DD4734F63B0831FD286A6B05C6C8D110629BD89D1E0"
"data/4.4/phase2-icon-assets/standardized/investment_environment/investment_environment_059.png","3932","3A1F7D6D09EDBAB8DA8EBFA57B6314BBDCA0CC4DA922D631D8012743118BF18C"
"data/4.4/phase2-icon-assets/standardized/investment_environment/investment_environment_060.png","4423","38CD48C80753FCEBD54AC200166C551E8D3F6D68C9A4BD9DF8FE45805AABEA73"
"data/4.4/phase2-icon-assets/standardized/investment_environment/investment_environment_061.png","3659","02955AE78DBA9FEA07B3B6A6390C7B1B013758E5FB099947DE650C5F155E76C7"
"data/4.4/phase2-icon-assets/standardized/investment_environment/investment_environment_062.png","4118","AAE033955BFBFCFC2CC203BA32B0AC06CF534B576A406039E940AE0174356359"
"data/4.4/phase2-icon-assets/standardized/investment_environment/investment_environment_063.png","5049","B16606BDC8CDB8FBF2C8639E0F19C394212E25C5F312C2419879ACA18FB99CD2"
"data/4.4/phase2-icon-assets/standardized/investment_environment/investment_environment_064.png","5764","7022CA6E8EB7069545133798E4C12CCA19AE8742D6F941E8C4CA4FF5605D5522"
"data/4.4/phase2-icon-assets/standardized/investment_environment/investment_environment_065.png","4012","AEE396965451E6FB06DECC6433821EB60A844102545F7EB7F8CA7D87BC08E138"
"data/4.4/phase2-icon-assets/standardized/investment_environment/investment_environment_066.png","4611","996B8B6D6D653B5F5393835778ABD4413630A9CD6B8349CDCE5918A54D85061D"
"data/4.4/phase2-icon-assets/standardized/investment_environment/investment_environment_067.png","3953","6C4459F4A7E287F1DDB6EC6F7A46E6DDD8BDFA04B4264D173DB61F9E6E67E1E2"
"data/4.4/phase2-icon-assets/standardized/investment_environment/investment_environment_068.png","3372","EF105554F22E3A2709E590FF1B183E4B5B0D4343414EE47A362746A73556C371"
"data/4.4/phase2-icon-assets/standardized/investment_environment/investment_environment_069.png","4142","5C008D938D680A695FD2480D342DC3A7D3B044D7E7F153F6880E8E554E9DC881"
"data/4.4/phase2-icon-assets/standardized/investment_environment/investment_environment_070.png","4341","A2807F8859723A1C69375F48A40D23295DD756F299FF32FE119A5060B27F777C"
"data/4.4/phase2-icon-assets/standardized/investment_environment/investment_environment_071.png","5286","B589080AB76264FCD75C579E8233A28EA7B9F2E36C2E75F08C3AE261205D3D82"
"data/4.4/phase2-icon-assets/standardized/investment_environment/investment_environment_072.png","2883","257E9B537F6B9612F93389E2DB8A7B7B71CBEEF94FB37FFB89C2AEEEBA75C47C"
"data/4.4/phase2-icon-assets/standardized/investment_environment/investment_environment_073.png","3574","F669A00446373731A759693CFA5B9AEFDCA261048C4C9747C912E122362634E6"
"data/4.4/phase2-icon-assets/standardized/investment_environment/investment_environment_074.png","6325","C66C0E106AB285C37C1160CF745E6B1196875CBC263FFB117643451B5E038F63"
"data/4.4/phase2-icon-assets/standardized/investment_environment/investment_environment_075.png","4136","2F8470C29B0A02C8E634022BE56890E7991C1D878D4EAFA28E45BAA55C5CD0C6"
"data/4.4/phase2-icon-assets/standardized/investment_environment/investment_environment_076.png","5023","FD5D75D70CA1F857862D07B69CC089A6A11654E9AC83DC40595179FC7B299C4D"
"data/4.4/phase2-icon-assets/standardized/investment_environment/investment_environment_077.png","4062","B74A9DFEADCC78C1EA210392C318957CBC873D1E46D50927BEC4D773A7AA98AB"
"data/4.4/phase2-icon-assets/standardized/investment_environment/investment_environment_078.png","5015","0E5DCC4853AADD6CBAE6B4DBBDF10C79E397D1632B77F7CF8FDBAC3E21CA02B9"
"data/4.4/phase2-icon-assets/standardized/investment_environment/investment_environment_079.png","2338","DA8C1F95265439F4DD9B96BEE33511D61DF5D56A5A1EF2C01047EAF959CB4A92"
"data/4.4/phase2-icon-assets/standardized/investment_environment/investment_environment_080.png","4648","CE8F7136474BF134AC6F7DCB9BD3710D7B45A48750FFC472340FC23A32041129"
"data/4.4/phase2-icon-assets/standardized/investment_environment/investment_environment_081.png","5594","F4CF7F91609FC01C42B9108613C3FB9D76ACA7A4FAC4D857B0AF6386B57F89F7"
"data/4.4/phase2-icon-assets/standardized/investment_environment/investment_environment_082.png","4442","B3F9319A5B4A1DC1D77AE1774FF9928CF191DEAE50BB2D44D18F5EB69D2D4310"
"data/4.4/phase2-icon-assets/standardized/investment_environment/investment_environment_083.png","2634","0DC0ADDF7EFEF7164668BA40CA52FFA412A06459A555A4A47C9C1A8A392DE205"
"data/4.4/phase2-icon-assets/standardized/investment_strategy/investment_strategy_001.png","40514","894587E534B142093693A80039D1C119DF4C28A93BABF35F3A0206A2B6B467C6"
"data/4.4/phase2-icon-assets/standardized/investment_strategy/investment_strategy_002.png","40514","894587E534B142093693A80039D1C119DF4C28A93BABF35F3A0206A2B6B467C6"
"data/4.4/phase2-icon-assets/standardized/investment_strategy/investment_strategy_003.png","39309","95BBEA6C497F7BE13165D0DEF76A4AB7C7828B503B126993D709A440B71C3F43"
"data/4.4/phase2-icon-assets/standardized/investment_strategy/investment_strategy_004.png","34247","0912FCA14070D17822390650B192FF2D628E0C432743BF15C514081D7BC5CFDD"
"data/4.4/phase2-icon-assets/standardized/investment_strategy/investment_strategy_005.png","32444","898BF5998B1020D0EE7F174476FEB8C108C001DC34A8CD6984494EDEA060D347"
"data/4.4/phase2-icon-assets/standardized/investment_strategy/investment_strategy_006.png","32965","09BE58AB14089B7C7E3955AD535A3437FF93CEDB52F204ADF3CB6F416BF8EB1C"
"data/4.4/phase2-icon-assets/standardized/investment_strategy/investment_strategy_007.png","38523","345786BA59331ABBA9C3F2144CCCDB82470126C80D39BD3D45A607BCD014FF81"
"data/4.4/phase2-icon-assets/standardized/investment_strategy/investment_strategy_008.png","39074","EC582D11DFC1048479CC35D1CD36C8D1164CE7BD34D1F7838DFD9153DDB99A09"
"data/4.4/phase2-icon-assets/standardized/investment_strategy/investment_strategy_009.png","39849","16CA7D6A38C52D005CF54BA88BC9AA1B5E9D602253A41766F45AFA1789A8584B"
"data/4.4/phase2-icon-assets/standardized/investment_strategy/investment_strategy_010.png","34539","9CCFE56794F7A2A1B7E063E791337EE4A29EBFE5349C7D2EC78F47C830EE6F33"
"data/4.4/phase2-icon-assets/standardized/investment_strategy/investment_strategy_011.png","34539","9CCFE56794F7A2A1B7E063E791337EE4A29EBFE5349C7D2EC78F47C830EE6F33"
"data/4.4/phase2-icon-assets/standardized/investment_strategy/investment_strategy_012.png","37967","4962262A179BD63A192516B85A2076002249F323DA44F574F65B565DDD7F4BBB"
"data/4.4/phase2-icon-assets/standardized/investment_strategy/investment_strategy_013.png","37417","F9110907CDACE5F31B199961E3531FE2AA34AD462DE964B94F789EBAEBB2DFCA"
"data/4.4/phase2-icon-assets/standardized/investment_strategy/investment_strategy_014.png","41530","DD5B2C094EC060AF3A8F5E64C43C20F7C57A49FD080D84396EAFF11151057DAF"
"data/4.4/phase2-icon-assets/standardized/investment_strategy/investment_strategy_015.png","37519","645AAF731B6FF735820D8C89A72E565BCAD55524AA909FCA48DF3E3C664FA35C"
"data/4.4/phase2-icon-assets/standardized/investment_strategy/investment_strategy_016.png","36984","66E392B02F5F14B9DB1F499048F343DD927DFF5718775307066EBEB415223DB5"
"data/4.4/phase2-icon-assets/standardized/investment_strategy/investment_strategy_017.png","37409","65E7AF179F9C470101CBD17723E27EC715BA9448C566BE8FD118AD10D9C94FE6"
"data/4.4/phase2-icon-assets/standardized/investment_strategy/investment_strategy_018.png","37548","B737E5F1F3BCB88CA5CF0513E386BF6ED74B372B0C0EA3F75CCB60A7B7859233"
"data/4.4/phase2-icon-assets/standardized/investment_strategy/investment_strategy_019.png","39728","5CA6946D36451B29FF09B7843FED31302E0D28C8298EA27A5DF1F2400644351B"
"data/4.4/phase2-icon-assets/standardized/investment_strategy/investment_strategy_020.png","39728","5CA6946D36451B29FF09B7843FED31302E0D28C8298EA27A5DF1F2400644351B"
"data/4.4/phase2-icon-assets/standardized/investment_strategy/investment_strategy_021.png","38507","5F4585ACAABA284EA353ADBD00B77DEC1EC5F318699E01568D24A2B5F83D01B1"
"data/4.4/phase2-icon-assets/standardized/investment_strategy/investment_strategy_022.png","38285","0DDD5D0BF80A76506E3750EBFC163BEA7ED09190CFB78208F87BA1F7F3391BCC"
"data/4.4/phase2-icon-assets/standardized/investment_strategy/investment_strategy_023.png","34158","3A13660BA30A4CCFAE89FA0B9830DB9ADB1794B7C863848839290FD898ADC74F"
"data/4.4/phase2-icon-assets/standardized/investment_strategy/investment_strategy_024.png","34296","C5C7A45EDA93E070FE837B0A0FB1C8CB80FCE167EF274604F8EB81B9D7D865C8"
"data/4.4/phase2-icon-assets/standardized/investment_strategy/investment_strategy_025.png","36819","F6EF8443D58B9311D79725185DC49FE42EA7D9BA0329B1D633B4727A6F4CC17B"
"data/4.4/phase2-icon-assets/standardized/investment_strategy/investment_strategy_026.png","36464","B1C6A8D729D52E96BC823BCB72D2CD4FF0EC6BCB5F402FE1BAA4FFF22F601C6A"
"data/4.4/phase2-icon-assets/standardized/investment_strategy/investment_strategy_027.png","41898","B8E5E9C5E78B74CB880817E0DBC476F29C4AD02B37AFED794CF7A2E81C74CD85"
"data/4.4/phase2-icon-assets/standardized/investment_strategy/investment_strategy_028.png","36383","976F913FB5DD760E9C865AF17735B11915502F2E66CC2E267E9A2305ECAABF96"
"data/4.4/phase2-icon-assets/standardized/investment_strategy/investment_strategy_029.png","34826","16A9C58E51F6BDD97F8EE2D73EFF6993F971B16DF855B8540D2473E7DCD59632"
"data/4.4/phase2-icon-assets/standardized/investment_strategy/investment_strategy_030.png","34826","16A9C58E51F6BDD97F8EE2D73EFF6993F971B16DF855B8540D2473E7DCD59632"
"data/4.4/phase2-icon-assets/standardized/investment_strategy/investment_strategy_031.png","38408","4888AB2952B8785DAA8228ED3312ABD1FF14FCBCAB0E20C3A1B93F8332951E48"
"data/4.4/phase2-icon-assets/standardized/investment_strategy/investment_strategy_032.png","37852","699BAB6A9F016C378CB5FE4E072A6F47CFDB77D51B2132B27433C235A085EC3B"
"data/4.4/phase2-icon-assets/standardized/investment_strategy/investment_strategy_033.png","37852","699BAB6A9F016C378CB5FE4E072A6F47CFDB77D51B2132B27433C235A085EC3B"
"data/4.4/phase2-icon-assets/standardized/investment_strategy/investment_strategy_034.png","35646","1A67726B6FF23D66D20304B63065F07E00F2C287F7F3874F199AD4442708F149"
"data/4.4/phase2-icon-assets/standardized/investment_strategy/investment_strategy_035.png","40781","C0001F0D9C7564230799A5F3B4C39381306A468DC129769F4968B77DC4E4D890"
"data/4.4/phase2-icon-assets/standardized/investment_strategy/investment_strategy_036.png","36897","82DE2381F6237FFC37CE8E8D9014F66A4D18B3F00327F69B863EFB742BF0592A"
"data/4.4/phase2-icon-assets/standardized/investment_strategy/investment_strategy_037.png","38647","C34E0D8F87D50AFC3949B5DD9BDEC2A18406D7DB1E1BE620253EBC374BE3ABEF"
"data/4.4/phase2-icon-assets/standardized/investment_strategy/investment_strategy_038.png","32390","EA006B28BE9F52D4474AC3FEE0C7592D0AAB4CD27112DD091E4751A1DA3FA9E0"
"data/4.4/phase2-icon-assets/standardized/investment_strategy/investment_strategy_039.png","31635","D2D9C321365E111F4442E318712F501E61D08904AE2009270935E9B2D02E602D"
"data/4.4/phase2-icon-assets/standardized/investment_strategy/investment_strategy_040.png","39993","192BB32E3B11C8A3D27D90E6933AE9A0DF5D693050BADAF40EF11074C3B80957"
"data/4.4/phase2-icon-assets/standardized/investment_strategy/investment_strategy_041.png","43864","571CD02FD8CABAFCE3A5DF0CFBE88F6D8AF6A9C424DE567FA40BFA68483E8E40"
"data/4.4/phase2-icon-assets/standardized/investment_strategy/investment_strategy_042.png","41838","C2E7F554AD10EC8B344A20754FAB28CDDD194862EEDAD53C95A9F60A28D35353"
"data/4.4/phase2-icon-assets/standardized/investment_strategy/investment_strategy_043.png","44355","914746491257CD65DA13F73E9844A49D483CD7E5B5EE5D0141C9AFEA525A90F5"
"data/4.4/phase2-icon-assets/standardized/investment_strategy/investment_strategy_044.png","46571","DC8D65AAAA1DF0485453DC81D5A0440106ECC8C584E24C6BB7D574CF63034DD1"
"data/4.4/phase2-icon-assets/standardized/investment_strategy/investment_strategy_045.png","46571","DC8D65AAAA1DF0485453DC81D5A0440106ECC8C584E24C6BB7D574CF63034DD1"
"data/4.4/phase2-icon-assets/standardized/investment_strategy/investment_strategy_046.png","46498","EB2E44C78B672B65C3A4BADC0264D448F4F6FACC4C0697128EE55D334470D980"
"data/4.4/phase2-icon-assets/standardized/investment_strategy/investment_strategy_047.png","43323","89B11F01B5CBB7943F8266B46F1D0E71B393EDB986C16E142D500202EF7AA277"
"data/4.4/phase2-icon-assets/standardized/investment_strategy/investment_strategy_048.png","46727","5DD3F9972B03F345E4E44D61E410463A2BFAA7B40661E212A74BDACEEA3BA42F"
"data/4.4/phase2-icon-assets/standardized/investment_strategy/investment_strategy_049.png","47102","BEEC1FA83B0FEC77ACE9872E059802C1D976889C5F14C2AC7042214CE93ACBFD"
"data/4.4/phase2-icon-assets/standardized/investment_strategy/investment_strategy_050.png","48180","5B10AF5CF6B98982EB694B90D14D9EA5DF32581CD1070F99FA941C239D792A64"
"data/4.4/phase2-icon-assets/standardized/investment_strategy/investment_strategy_051.png","42482","5B9F6AA3E75B0519F1E6AB8374631A3496A8AD2ED00D869C8C0F1EBD2B472DDF"
"data/4.4/phase2-icon-assets/standardized/investment_strategy/investment_strategy_052.png","45876","32D85ADE6909CA885F0BE8F4860387B01A9E103654893DAE75E4F07227216C6F"
"data/4.4/phase2-icon-assets/standardized/investment_strategy/investment_strategy_053.png","45788","EC7457A16411875F22302E9F3C9FDCED63339FDDD399509FEF03B9709610FC95"
"data/4.4/phase2-icon-assets/standardized/investment_strategy/investment_strategy_054.png","42578","4049EE2262D1BC9AD8CF689165B2796467B02C3E067B7E33F46B049B6C8F8163"
"data/4.4/phase2-icon-assets/standardized/investment_strategy/investment_strategy_055.png","40729","36BC3A779FE1F11E49B2FD4997BBCF63840CCE398F05D07A53EABAA634E1AD66"
"data/4.4/phase2-icon-assets/standardized/investment_strategy/investment_strategy_056.png","41538","E0F480C86797B926E77CF6E5B06F02FB66143449880A1F1E81D8EE30CCE676FB"
"data/4.4/phase2-icon-assets/standardized/investment_strategy/investment_strategy_057.png","42340","850922D7CCAD1620EF820453216AA27F238CF5E25F0832C36CE574F3CC08DCE5"
"data/4.4/phase2-icon-assets/standardized/investment_strategy/investment_strategy_058.png","42340","850922D7CCAD1620EF820453216AA27F238CF5E25F0832C36CE574F3CC08DCE5"
"data/4.4/phase2-icon-assets/standardized/investment_strategy/investment_strategy_059.png","43903","1141FF34C4835E96148DD3FF33499E3C2A370AB2567C67AB56E28CDFCEAD6243"
"data/4.4/phase2-icon-assets/standardized/investment_strategy/investment_strategy_060.png","46954","03F7568BCCABB23B4FFBE43E167A05F68EB8A9C6A2E58CB9658361493A85B51B"
"data/4.4/phase2-icon-assets/standardized/investment_strategy/investment_strategy_061.png","47527","8B987763B37BEF17A3BDE030FDCD8947BA4D16CBE4D391CEAB8DF4682385F424"
"data/4.4/phase2-icon-assets/standardized/investment_strategy/investment_strategy_062.png","46570","F2F4BF300D887A7DC7BF883CE29DEA40F6B3A39848CA9FEC73DAC1FEAAC75123"
"data/4.4/phase2-icon-assets/standardized/investment_strategy/investment_strategy_063.png","46438","A43613531578D01089069AE9D2C725AF2924FE8C79DB88DEED97EAC59AA86CA6"
"data/4.4/phase2-icon-assets/standardized/investment_strategy/investment_strategy_064.png","47747","5D887B72F94D17699A06C983EEF5FCA8D414348B154FA77FB0814DF41E4B7C1A"
"data/4.4/phase2-icon-assets/standardized/investment_strategy/investment_strategy_065.png","46913","7014BDE7A7D3EACD2CE5C94CACB741E012996C565D12B4540BEBED9CF3EB8B0C"
"data/4.4/phase2-icon-assets/standardized/investment_strategy/investment_strategy_066.png","46234","C92178760742375490C3B1B0B6AB65EF0D19F0AD34C86FBBFFF62DAE660EF6FF"
"data/4.4/phase2-icon-assets/standardized/investment_strategy/investment_strategy_067.png","46932","25A5C62B62A995F7AB3C86DFE63AA5CD5F112335096FD4ABA52F38032AD86810"
"data/4.4/phase2-icon-assets/standardized/investment_strategy/investment_strategy_068.png","45183","7B933573DE31BE26C437CAE1ECECB93F7AF84EFE4096E855F5170F8E4FBBC97B"
"data/4.4/phase2-icon-assets/standardized/investment_strategy/investment_strategy_069.png","45876","5F27D00BD62FC86FD5B9385BBD8CA7809AA3D391D561F123B498FF1F4D7D66F1"
"data/4.4/phase2-icon-assets/standardized/investment_strategy/investment_strategy_070.png","45745","AA653EBC07E10BE653415E0277B10C399525AFAB2172756F24FBECE43903AF22"
"data/4.4/phase2-icon-assets/standardized/investment_strategy/investment_strategy_071.png","46263","C79FF3C2FA26F6048913E6416D2DF773E4707BF9B7ECE9CB7F333428A93E96D1"
"data/4.4/phase2-icon-assets/standardized/investment_strategy/investment_strategy_072.png","43951","19CE5B861CCF39A11D04DFA205E10A4EEA815FBB40A931EB781BC872B5E640BA"
"data/4.4/phase2-icon-assets/standardized/investment_strategy/investment_strategy_073.png","43003","4876C2FA4347EEEAC31DA271F48AA22F5AFFDCD697FCE053FD19D10789C3F64A"
"data/4.4/phase2-icon-assets/standardized/investment_strategy/investment_strategy_074.png","45594","EC1B2CDD8C165D0E723633CEB52255748A1A69EA2F0A1C8092389F4CD2110C97"
"data/4.4/phase2-icon-assets/standardized/investment_strategy/investment_strategy_075.png","46955","8F3748CC4056F04DD9FA9BF405EC45A609EB161C35E2EBA7F85BDA012BA9B4E7"
"data/4.4/phase2-icon-assets/standardized/investment_strategy/investment_strategy_076.png","45365","07501B6B01B70F0088B3E7FB5B7E76C20B0C2DCFDB05F7E044654C9213D139E3"
"data/4.4/phase2-icon-assets/standardized/investment_strategy/investment_strategy_077.png","45685","7C6B54C3B432FA5DE0DE00AF7A7EB0CAD2085AD82B94708895F875C2BFF31077"
"data/4.4/phase2-icon-assets/standardized/investment_strategy/investment_strategy_078.png","44540","704D71CA3138DB486B43CFDE8FD0A2685082C0715DADE58F8CE78E0D5C46B054"
"data/4.4/phase2-icon-assets/standardized/investment_strategy/investment_strategy_079.png","46572","1885B250C7A3100883EB2C47DF1146A61EDA70AAA968E3755558529CCC3EA0D0"
"data/4.4/phase2-icon-assets/standardized/investment_strategy/investment_strategy_080.png","44570","3286DB3877831142B7CDCD997FA90FB64A013E08EFB990D3DF9F5204B2940058"
"data/4.4/phase2-icon-assets/standardized/investment_strategy/investment_strategy_081.png","45224","1BCDB00F801170CC5D719A47662069565EA0F3B4A1C556DB3D832E4D094A32E8"
"data/4.4/phase2-icon-assets/standardized/investment_strategy/investment_strategy_082.png","44991","E69E54145072EC1063383D71384A85539554E81525BA591244DCA983A4FFD787"
"data/4.4/phase2-icon-assets/standardized/investment_strategy/investment_strategy_083.png","50352","3628313F02EF6A87A6AB681121526E1BD77DB0C98F6F3A3BC46E89147D4B0950"
"data/4.4/phase2-icon-assets/standardized/investment_strategy/investment_strategy_084.png","44092","880E7B1CCE679D1C731334DFA44E667F44C953B24EEAA14AC706CFB84C13D5FC"
"data/4.4/phase2-icon-assets/standardized/investment_strategy/investment_strategy_085.png","42592","D3937CE830DECFD057DBFED85C08BFCE89A8D54906BE22D53A5906616FAF7A80"
"data/4.4/phase2-icon-assets/standardized/investment_strategy/investment_strategy_086.png","43048","F52B277B50B20133428AC1AA2D68067196CF368B3B5C20B35CC7E7490BB04832"
"data/4.4/phase2-icon-assets/standardized/investment_strategy/investment_strategy_087.png","45901","6AF2C080553EF119380A6B636CB7F16C7C05A4235920044A5967C6F9E08CF77E"
"data/4.4/phase2-icon-assets/standardized/investment_strategy/investment_strategy_088.png","48510","6061D96E5EE8AA12A424B3A3F50EE747C7C507CFF1B963465E454683711AFEE7"
"data/4.4/phase2-icon-assets/standardized/investment_strategy/investment_strategy_089.png","43548","74B0DE48383FCA44160AE561F8E6386B891EF33AC8F83225F95873EAC6BD3261"
"data/4.4/phase2-icon-assets/standardized/investment_strategy/investment_strategy_090.png","45915","DEAE8FA3C4C7A702C870CAE69723DD2B9381E9AB8C0180E1CEF8EF5D1A0E2F16"
"data/4.4/phase2-icon-assets/standardized/investment_strategy/investment_strategy_091.png","45105","6BF5692286E91040633FD2C0803FEF0F316C0E402E7705A1389D43D4BD7C5FA3"
"data/4.4/phase2-icon-assets/standardized/investment_strategy/investment_strategy_092.png","47297","44C64EB7CFB6F5FC73A53974E7E0C10795CA3931208B95F08CA88C07CF1A9AF0"
"data/4.4/phase2-icon-assets/standardized/investment_strategy/investment_strategy_093.png","44243","4A7C776A41EC668447725EA44590A15FABF312BB3B6303798F8FEACA76C72491"
"data/4.4/phase2-icon-assets/standardized/investment_strategy/investment_strategy_094.png","44243","4A7C776A41EC668447725EA44590A15FABF312BB3B6303798F8FEACA76C72491"
"data/4.4/phase2-icon-assets/standardized/investment_strategy/investment_strategy_095.png","47001","0CFD5AA7CC1F59045FCE57BEA591DA48FB2D65E1474331DC3ED095A2973473FC"
"data/4.4/phase2-icon-assets/standardized/investment_strategy/investment_strategy_096.png","44809","08766FB8275CF106BD03EC06667CA2B51C570579BFD1141C21712EA8DD6D1B4A"
"data/4.4/phase2-icon-assets/standardized/investment_strategy/investment_strategy_097.png","44734","322C4323FC22690FE144D839253F4854CA4419A802623E568B1F2449A323A98E"
"data/4.4/phase2-icon-assets/standardized/investment_strategy/investment_strategy_098.png","39812","A32D7B1DA2C42037B97EBA950443F145D7618F31AA256659A8183454A220F435"
"data/4.4/phase2-icon-assets/standardized/investment_strategy/investment_strategy_099.png","43175","53A75B4587747FCAB89DF92294CE5E05953FB400E7233344082B49B3A52CBB04"
"data/4.4/phase2-icon-assets/standardized/investment_strategy/investment_strategy_100.png","47431","786F2F83950360AD65B3D79A337B3FDFA787CDD00B0F228015E0C535E029092C"
"data/4.4/phase2-icon-assets/standardized/investment_strategy/investment_strategy_101.png","47842","4E4C5F597DFDDB47F8A2B03D395D12553E266DC7CAA9C61163E4A138DD064AAC"
"data/4.4/phase2-icon-assets/standardized/investment_strategy/investment_strategy_102.png","47011","4D36884570348B1530A6E03F8767A4E2F560799DCD0A77BD58A7C58CD36E94E7"
"data/4.4/phase2-icon-assets/standardized/investment_strategy/investment_strategy_103.png","46941","38975B1A5CFD0C6858200C6CF975AA1E957687CAC7068BF611BB1FE16255F39B"
"data/4.4/phase2-icon-assets/standardized/investment_strategy/investment_strategy_104.png","48154","4316654255048CDD464876180429AAAC051D4C34B6BFA1A15DC07428C2ABCEE8"
"data/4.4/phase2-icon-assets/standardized/investment_strategy/investment_strategy_105.png","47432","75952464F11624134D330AA02D50D3E90DBF75A6183FC2642FF23E3C2D28648F"
"data/4.4/phase2-icon-assets/standardized/investment_strategy/investment_strategy_106.png","46776","053B1918825CAC58137994F7ACA46ABEC00EDD74505543B9A447A366EBEECDBF"
"data/4.4/phase2-icon-assets/standardized/investment_strategy/investment_strategy_107.png","47225","4F10CB5DCC9D684BE63B8211C10C0C8518F7462471745B1B9FE54D3FFA175032"
"data/4.4/phase2-icon-assets/standardized/investment_strategy/investment_strategy_108.png","45630","B4AF3C86CE040CD324F248EB0803B98E81A7E37D2F6DD6E7D5823727675D08F0"
"data/4.4/phase2-icon-assets/standardized/investment_strategy/investment_strategy_109.png","46347","28BB1F47F0996A4071D4B095328677789D1CBADD73F85361086B785584226D5E"
"data/4.4/phase2-icon-assets/standardized/investment_strategy/investment_strategy_110.png","46297","A0E28D3CB59C67C4AFE946B299415605436E6CC355D120056E6EA877477ABC93"
"data/4.4/phase2-icon-assets/standardized/investment_strategy/investment_strategy_111.png","46794","748FAC58BD01341408350AD3620F5469A36C0826D6F69C2CD1CD56BD20A494A2"
"data/4.4/phase2-icon-assets/standardized/investment_strategy/investment_strategy_112.png","44666","FD0747E39B0A9E4CCF9FBF557CF9758330501318677849FFA62BB08525986F8D"
"data/4.4/phase2-icon-assets/standardized/investment_strategy/investment_strategy_113.png","43771","B74B429F911095383C3AA393CC7126805C0A6A6F6ECA69424E8734758E4D73F0"
"data/4.4/phase2-icon-assets/standardized/investment_strategy/investment_strategy_114.png","46169","DE9DA16AB1C0C05567036A139F1F94FFA78D79E74DA142214752672E1ACC5E62"
"data/4.4/phase2-icon-assets/standardized/investment_strategy/investment_strategy_115.png","47405","ABA4172CA4FF0EC8E725C7FEEAF46B10BDDAEFFC85C4C2A2E34A5BAF4C7484D6"
"data/4.4/phase2-icon-assets/standardized/investment_strategy/investment_strategy_116.png","46008","2A1B69C041CA35DA8EEDA8FBD3A100A881C3300776999DA76A26F1CC07ED6293"
"data/4.4/phase2-icon-assets/standardized/investment_strategy/investment_strategy_117.png","46357","9A6BF4097E4BAECC338973472D4B88B29BB33CB2234E2979367667E0567B7E2B"
"data/4.4/phase2-icon-assets/standardized/investment_strategy/investment_strategy_118.png","45197","0E19F31ED2B9F0417D5A54604D6114977AA7B7EE96B60C3DFB4F1CDBD8CB755E"
"data/4.4/phase2-icon-assets/standardized/investment_strategy/investment_strategy_119.png","47270","AC4BAA467492B1C9296478AD8445AEA1F77B788E1564306396A3CF061DE052E1"
"data/4.4/phase2-icon-assets/standardized/investment_strategy/investment_strategy_120.png","48489","2FBE145921AA41E58AE31FE1B179836BF1E38A2FC7D6A3BFA50CA0F3F2D21AF2"
"data/4.4/phase2-icon-assets/standardized/investment_strategy/investment_strategy_121.png","45541","FC9A5DD2300EDEBEA01C1F39652D3FAFDE4BC0612BF7717B8E7DCA50DB642317"
"data/4.4/phase2-icon-assets/standardized/investment_strategy/investment_strategy_122.png","46463","5A9C010E6B1AAB7A173B11BAB87FE9FA590E432B7A693C466278796BC8834EFA"
"data/4.4/phase2-icon-assets/standardized/investment_strategy/investment_strategy_123.png","48144","F5467B306FE8D23BC60424050FD4818F3807174BC2EC3639045101E1F8C9A538"
"data/4.4/phase2-icon-assets/standardized/investment_strategy/investment_strategy_124.png","46966","A77A711C914980A38DD1C01E6DB24C913B7CE60D83A521CE7F263B26648688A5"
"data/4.4/phase2-icon-assets/standardized/investment_strategy/investment_strategy_125.png","43260","C71E1B682B5B1C06C7927714D8298E63F1D5439F3067416BFB001853C9E0DD71"
"data/4.4/phase2-icon-assets/standardized/investment_strategy/investment_strategy_126.png","49318","73DF573BA7997321C4A4E8798412F1E425618171AF93669E8D1E1780A51B8C90"
"data/4.4/phase2-icon-assets/standardized/investment_strategy/investment_strategy_127.png","44497","9814BEE015EFBF1BA74055243AB020ADE71652F39FBDEF2AD614C2F8A34CB283"
"data/4.4/phase2-icon-assets/standardized/investment_strategy/investment_strategy_128.png","46190","782F0B332BD2A6DF2AFDEE42FB3E56F17AF170F0E515C4A76C452CD46DCFF1B3"
"data/4.4/phase2-icon-assets/standardized/investment_strategy/investment_strategy_129.png","46763","73E94E8AC23DEF05A397DE1D1DDE8C9F85179AC6F96E10F4729031BA191F9090"
"data/4.4/phase2-icon-assets/standardized/investment_strategy/investment_strategy_130.png","42448","6BEDBA7EA0882F0356FE4090CFEBDDBD11FE6AA46D6F85134810AC4CD560AF29"
"data/4.4/phase2-icon-assets/standardized/investment_strategy/investment_strategy_131.png","35866","7DC1E519A510DFFDA45DEDA3B47AF4FB6CB78354342FFB7440961207BD9AF830"
"data/4.4/phase2-icon-assets/standardized/investment_strategy/investment_strategy_132.png","39630","872EA6ED84EC2D80669300D309788F983C499EBF77D4330B62EAF70DCDA20F63"
"data/4.4/phase2-icon-assets/standardized/investment_strategy/investment_strategy_133.png","38562","F294F5B0727E0C6AD93EC5C86F51492AD6A18A787514150688DDA9957591C027"
"data/4.4/phase2-icon-assets/standardized/investment_strategy/investment_strategy_134.png","40457","005BFECE04305197322B098269E7E1764DE213270E2F419FBD261747DD6DE07C"
"data/4.4/phase2-icon-assets/standardized/investment_strategy/investment_strategy_135.png","37973","55D1DAC1EA01CBA7C77FF4193214EA6414B5816156A05C771D7C070B8375B0C0"
"data/4.4/phase2-icon-assets/standardized/investment_strategy/investment_strategy_136.png","38523","345786BA59331ABBA9C3F2144CCCDB82470126C80D39BD3D45A607BCD014FF81"
"data/4.4/phase2-icon-assets/standardized/investment_strategy/investment_strategy_137.png","32681","DAB816698668664D1B0D129C3E84CC3734CCCE8C25F8254955AA4961C50379EA"
"data/4.4/phase2-icon-assets/standardized/investment_strategy/investment_strategy_138.png","32681","DAB816698668664D1B0D129C3E84CC3734CCCE8C25F8254955AA4961C50379EA"
"data/4.4/phase2-icon-assets/standardized/investment_strategy/investment_strategy_139.png","32072","9A3D31DE1E868129ECA0C5950CCBA9509C8ECAD6F543837FFDAFA4E43B6D40A1"
"data/4.4/phase2-icon-assets/standardized/investment_strategy/investment_strategy_140.png","38938","C447C0A794ED3D219121C66B145C4026D6D911B2EEDEF7EB44D67DCF4CCA99F5"
"data/4.4/phase2-icon-assets/standardized/investment_strategy/investment_strategy_141.png","38938","C447C0A794ED3D219121C66B145C4026D6D911B2EEDEF7EB44D67DCF4CCA99F5"
"data/4.4/phase2-icon-assets/standardized/investment_strategy/investment_strategy_142.png","37916","136DD4E738BB2BD63CF22A7AACED3F8B1DBC2BCF4D0742CB4073648AF7C7C03D"
"data/4.4/phase2-icon-assets/standardized/investment_strategy/investment_strategy_143.png","37830","A7C5E81D481161075503C6567E6C58F40AE5392C583917951FD959070921F8EE"
"data/4.4/phase2-icon-assets/standardized/investment_strategy/investment_strategy_144.png","36335","747EA42C32B6887D9278B58364E550F323BEA82099F6B4D60FDFB948982463A3"
"data/4.4/phase2-icon-assets/standardized/investment_strategy/investment_strategy_145.png","35736","611C2A62BD2384E647BFA3AB550A7218F016C6F1A861BF2C854F20A39C84E9E7"
"data/4.4/phase2-icon-assets/standardized/investment_strategy/investment_strategy_146.png","40456","979E6B127892BE82775EC40C8FD5D461DCD9FA253B0565CBAEA52E32903C2746"
"data/4.4/phase2-icon-assets/standardized/investment_strategy/investment_strategy_147.png","37975","EDE86DBE8D55EEE1C9E95D4F26C0A9C1EF8A37B17904B699D390457BFB5C8DA6"
"data/4.4/phase2-icon-assets/standardized/investment_strategy/investment_strategy_148.png","37567","C2FB9197DAB3538B37CA812C7A70D606EC28FB506CF0E1B419BB2AC7607D9CE0"
"data/4.4/phase2-icon-assets/standardized/investment_strategy/investment_strategy_149.png","35729","A1291080A9E99EC81A1104726E1AD10A431BDA846F8861AF991891DE0126700E"
"data/4.4/phase2-icon-assets/standardized/investment_strategy/investment_strategy_150.png","34895","E373050DDB139C5D8A51FDAA3132552DAFD2BD629FB0E572DA7EB9AADEE2137E"
"data/4.4/phase2-icon-assets/standardized/investment_strategy/investment_strategy_151.png","36674","8EB5968C47972B1C8D178ECE8EF3245415DF2FF9F94DAB2FF97F5D7B9CA1AD45"
"data/4.4/phase2-icon-assets/standardized/investment_strategy/investment_strategy_152.png","35017","E3334A427E2A9B39A0473AF30C0C5822DC8E0BE4C8412FC11D0F4E9599536D12"
"data/4.4/phase2-icon-assets/standardized/investment_strategy/investment_strategy_153.png","39380","2A1C8F642B4714FF8A46EFBE827481E31AABAF3CDCE6115CC02C1D0BF195285C"
"data/4.4/phase2-icon-assets/standardized/investment_strategy/investment_strategy_154.png","45607","92880CF8BC4C8E1AE680C730A85E3F94DEBA9AD3D71D21F0E7C3B27E34ED500F"
"data/4.4/phase2-icon-assets/standardized/investment_strategy/investment_strategy_155.png","47775","63ECFC3F576AC58C4F57823A51DA2E017A663B42DDC6F2BEE64B62F93C4BC98B"
"data/4.4/phase2-icon-assets/standardized/investment_strategy/investment_strategy_156.png","41731","545BF8B907515F187BA6E111BAE0FE2434DBE3FF7485FF102534D046F692F973"
"data/4.4/phase2-icon-assets/standardized/investment_strategy/investment_strategy_157.png","47147","9B218111B4FA156ED29BDF3A6E1F68B2D76C6803E129F1FA3CDFC2F5F4D76CCD"
"data/4.4/phase2-icon-assets/standardized/investment_strategy/investment_strategy_158.png","41164","67F676AF3C8A5A7D56C5306E498E41F0E275268ED8119225BC629B10DA69F717"
"data/4.4/phase2-icon-assets/standardized/investment_strategy/investment_strategy_159.png","46637","A4085C59AD179718BE47BFA06054EC9AE6298FF69E003DEC41F049C52F082C72"
"data/4.4/phase2-icon-assets/standardized/investment_strategy/investment_strategy_160.png","45173","0166796771F79164AB528F6AD58D006B22893AE93A444D44C71D0D4F1EBFEE15"
"data/4.4/phase2-icon-assets/standardized/investment_strategy/investment_strategy_161.png","44738","1CF3AD737E3B315A693DF68A95D1F27AC93BF325ECDFB9373FA9B900D8B9B130"
"data/4.4/phase2-icon-assets/standardized/investment_strategy/investment_strategy_162.png","42883","F872E05C109BB8111D6455AC255E30471F9E37E9964B3C2177C0D88A5F17CB2B"
"data/4.4/phase2-icon-assets/standardized/investment_strategy/investment_strategy_163.png","40121","9F6240456D52DA614047EC8F572B7EE905D4B7845CB9D3D419D85C9B6E136846"
"data/4.4/phase2-icon-assets/standardized/investment_strategy/investment_strategy_164.png","47046","4FAD3B8B0240D4E03F5D214AEE84F16ED86EC5F98C3EB56D5C4454D390F5D610"
"data/4.4/phase2-icon-assets/standardized/investment_strategy/investment_strategy_165.png","44565","BE0DCC5CE35814C559D5D885F9E005F8EBBBDDEF7D260A6794D0D5B366807E9E"
"data/4.4/phase2-icon-assets/standardized/investment_strategy/investment_strategy_166.png","45527","9AF1AD844565CB2A395B650EE7C914C73B64A86A2B420B27A0A11F49D97944AD"
"data/4.4/phase2-icon-assets/standardized/investment_strategy/investment_strategy_167.png","40175","69F753C61F30541EAB0204A321CD142583A537F0CF54C0824DB7FD0933BE57FB"
"data/4.4/phase2-icon-assets/standardized/investment_strategy/investment_strategy_168.png","42207","4FD24250BDFEBB97FFC3E9259356CE9937A6EE3C3C754D167BF5647946671144"
"data/4.4/phase2-icon-assets/standardized/investment_strategy/investment_strategy_169.png","43824","908098545A852CFF926416C7C60C436BA8B79A8310E33C438EB1A8435FFA24E6"
"data/4.4/phase2-icon-assets/standardized/investment_strategy/investment_strategy_170.png","43397","68703607839D5D6647F7A7D2559EB01DC8A6401F416967D4A426597575A78CAC"
"data/4.4/phase2-icon-assets/standardized/investment_strategy/investment_strategy_171.png","48617","CD70B881717233D821F3583812D00907AA0AFEAEEAA0266F736D38BB5CFC2608"
"data/4.4/phase2-icon-assets/standardized/investment_strategy/investment_strategy_172.png","48617","CD70B881717233D821F3583812D00907AA0AFEAEEAA0266F736D38BB5CFC2608"
"data/4.4/phase2-icon-assets/standardized/investment_strategy/investment_strategy_173.png","46544","936B4906742E509E97E0E9BFAA3123052C2DB2AAECAAB21889A6FBBB14A767C3"
"data/4.4/phase2-icon-assets/standardized/investment_strategy/investment_strategy_174.png","44795","4B785DF0B0A503F6B6EE20C8FB242B3AA2E7912F18AB68034351A10A57992F07"
"data/4.4/phase2-icon-assets/standardized/investment_strategy/investment_strategy_175.png","46153","D18685FC9FE62A07AFD40F777181CB49E11A38E6A5B1A006413840EDF3216EC4"
"data/4.4/phase2-icon-assets/standardized/investment_strategy/investment_strategy_176.png","47976","6E1EBDD9A8D7C3DC8D3533D1AFE530B16E0A916229C535958064F2CDFE24C68C"
"data/4.4/phase2-icon-assets/standardized/investment_strategy/investment_strategy_177.png","49362","28F3662B278E092D2D7FF6A41EC847397D937488E6BC5C76898D70160B2E9342"
"data/4.4/phase2-icon-assets/standardized/investment_strategy/investment_strategy_178.png","46643","AD62AE31E927E507633184B56F49C883AE972AC4409151EE8A01E7514D5D8405"
"data/4.4/phase2-icon-assets/standardized/investment_strategy/investment_strategy_179.png","46016","DEC3AB6E47DB38B0DB6558F21122220C84BE94CA68CFB73FE1DD31BEBD52D66F"
"data/4.4/phase2-icon-assets/standardized/investment_strategy/investment_strategy_180.png","44218","6EC34A748604A1DC3C43F7B9B34A455C3B6DD19623AE52751821474CCCF52476"
"data/4.4/phase2-icon-assets/standardized/investment_strategy/investment_strategy_181.png","45682","84462AD90ACA01070A29A81EB99AD734D8D3EC1C00C1A1ED1998E080F508E0F1"
"data/4.4/phase2-icon-assets/standardized/investment_strategy/investment_strategy_182.png","45276","70F750FBFDFF8866C06D7606E3DE648CB345CA3E5A3DC45354D01E01D68E6A9A"
"data/4.4/phase2-icon-assets/standardized/investment_strategy/investment_strategy_183.png","41455","4B30494332B5AFB5137E81940DD595E298E52E1989E9C5144257AAEE127CF94B"
"data/4.4/phase2-icon-assets/standardized/investment_strategy/investment_strategy_184.png","39849","6CFD4564D81FD93ADEDEED9EE7C25906C9937DB2A78179C360764378BE4B0F3D"
"data/4.4/phase2-icon-assets/standardized/investment_strategy/investment_strategy_185.png","45287","3AC4D0561AA4C8400F26F3B472B639B6FA14C1ED3462DD6879ACB68F6E1B46A8"
"data/4.4/phase2-icon-assets/standardized/investment_strategy/investment_strategy_186.png","41424","E35F0B43BAF18EA53E604122F6B53FD8AC4927A410D2B23F13B8960E60DF5495"
"data/4.4/phase2-icon-assets/standardized/investment_strategy/investment_strategy_187.png","43188","7CF72FD3C48CF97D28C7C0FCC0DF22DB49F998F9ADCA2CA4FC17C3DEB2EF9C65"
"data/4.4/phase2-icon-assets/standardized/investment_strategy/investment_strategy_188.png","44782","A8FF6907DFD325C3126083B72A13A195CFBDAA055990646F8542F4FBF8B90376"
"data/4.4/phase2-icon-assets/standardized/investment_strategy/investment_strategy_189.png","45428","09EDF49671D8CAA854592C7E4D5AD6C96944C1CF2667153E9448842449900611"
"data/4.4/phase2-icon-assets/standardized/investment_strategy/investment_strategy_190.png","41164","67F676AF3C8A5A7D56C5306E498E41F0E275268ED8119225BC629B10DA69F717"
"data/4.4/phase2-icon-assets/standardized/investment_strategy/investment_strategy_191.png","41164","67F676AF3C8A5A7D56C5306E498E41F0E275268ED8119225BC629B10DA69F717"
"data/4.4/phase2-icon-assets/standardized/investment_strategy/investment_strategy_192.png","44809","08766FB8275CF106BD03EC06667CA2B51C570579BFD1141C21712EA8DD6D1B4A"
"data/4.4/phase2-icon-assets/standardized/investment_strategy/investment_strategy_193.png","46473","214FA60CD72800AC5CB89E4AE0C1585D61F6CE52399AD991C40D231D055DCD6A"
"data/4.4/phase2-icon-assets/standardized/investment_strategy/investment_strategy_194.png","43930","10298A3E0B46BB51DA79631D7AC67E350258FB68F5A29988B1D70E5088595A31"
"data/4.4/phase2-icon-assets/standardized/investment_strategy/investment_strategy_195.png","44565","4E41C7FD444C558C8ED5FB9AC28AB94DA89476E90A366976B01FB289F0BD48BE"
"data/4.4/phase2-icon-assets/standardized/investment_strategy/investment_strategy_196.png","47122","514ABFD05E5D0929BB875641F176407E1DDC245C1DFC63A8AA112C98F809E136"
"data/4.4/phase2-icon-assets/standardized/investment_strategy/investment_strategy_197.png","47003","38FECB9A6D4F7A1E2623328A8B4FEB2C0BE8B6DC6EE6EAEC231D45F043924488"
"data/4.4/phase2-icon-assets/standardized/investment_strategy/investment_strategy_198.png","44177","D104D3638E4925CF6BFCA78B4FF15E505AB04AEB985DBF3FE0BF55191851FA7C"
"data/4.4/phase2-icon-assets/standardized/investment_strategy/investment_strategy_199.png","48977","17EBD66EB8C83E276BE53221A5C115D00194979D77BCB17D54958C5503962D76"
"data/4.4/phase2-icon-assets/standardized/investment_strategy/investment_strategy_200.png","46006","AB8F879569C1DE886BE29235AF173DC28EBE1D83858069CAA3C40999318F6C72"
"data/4.4/phase2-icon-assets/standardized/investment_strategy/investment_strategy_201.png","43899","18D95DC5DF7AAB0D6F187CA59F1244D994F3B92CCC5EDF02A98F04EBDF8879E6"
"data/4.4/phase2-icon-assets/standardized/investment_strategy/investment_strategy_202.png","44007","EDDC22C6ECC6051FD1628E31713AD7B0A4EAEA142233E3F13EC9FA68ED547F9C"
"data/4.4/phase2-icon-assets/standardized/investment_strategy/investment_strategy_203.png","43322","FAA6FDF919C6551324A379472ABECB4E92E9DE18C05B3EFBAE316649251E0FC1"
"data/4.4/phase2-icon-assets/standardized/investment_strategy/investment_strategy_204.png","42395","4F24CB39232E9D4FABAE348B1FB2A151448A2FBA2A08315D8861EB4FB847DD06"
"data/4.4/phase2-icon-assets/standardized/investment_strategy/investment_strategy_205.png","46578","127B8AEE7608CC98BD3E86F3984C1B700D62E5F660CB4F4C69EA5B3B3F486087"
"data/4.4/phase2-icon-assets/standardized/investment_strategy/investment_strategy_206.png","44503","64BD175C52C384FDB7118C68F7A78DB5AFDE4AF08F854744403BBBD318D04528"
"data/4.4/phase2-icon-assets/standardized/investment_strategy/investment_strategy_207.png","45454","48031CFD19423D3F94012402355C8524613955B10F106D80088107E3551EBEC3"
"data/4.4/phase2-icon-assets/standardized/investment_strategy/investment_strategy_208.png","48624","B8582321A058EB3C74A0EE5EF067C75DF14A75693C8B3FD248F9568315FC543C"
"data/4.4/phase2-icon-assets/standardized/investment_strategy/investment_strategy_209.png","42653","BA58AD4A795CB067EF6C7A736CD652D5E423CAB2BF0B7A7A871BC08F3B0614D6"
"data/4.4/phase2-icon-assets/standardized/investment_strategy/investment_strategy_210.png","42551","BBB1107FC5A918C23849C04DF5D43991BB434EB5EAA0739DF30B98DD9641C810"
"data/4.4/phase2-icon-assets/standardized/investment_strategy/investment_strategy_211.png","46523","F19CDFD6ADB1B6B6FD84E162383302BC1CB91296A00ACCB8F7B1D63FA81A6626"
"data/4.4/phase2-icon-assets/standardized/investment_strategy/investment_strategy_212.png","44519","4D43AD4626E1FF63280CE0465AC491331DD86022F40DED77F306CF482CA0AEF7"
"data/4.4/phase2-icon-assets/standardized/investment_strategy/investment_strategy_213.png","46098","72CFFEF27DBB367052B691DC7628EF74E98C55E06C549644564E4F19FE7E5388"
"data/4.4/phase2-icon-assets/standardized/investment_strategy/investment_strategy_214.png","48796","487139E29E5FD223C151842651C9FB3CB18E9AEB42917650A695548317CF328B"
"data/4.4/phase2-icon-assets/standardized/investment_strategy/investment_strategy_215.png","48484","7EF8A1999E8FFD4CD82FE6BA50BCC7995474F84F626A83CB3A44D9BB65711543"
"data/4.4/phase2-icon-assets/standardized/investment_strategy/investment_strategy_216.png","45977","CE21CF4FB8B35FD7DE4CA276E5443A8891367B58AFD5A69E88263F4B9A6F0621"
"data/4.4/phase2-icon-assets/standardized/investment_strategy/investment_strategy_217.png","46119","5AA407A7EE25D9678E8B82653CB70BBC363CC2CE2C19C2CD0956D3BCB0043546"
"data/4.4/phase2-icon-assets/standardized/investment_strategy/investment_strategy_218.png","47357","7C442D6C31C9AD191FA04F6ECCE013951D90BE9CC05F46D0151AC43158281F2F"
"data/4.4/phase2-icon-assets/standardized/investment_strategy/investment_strategy_219.png","47689","3E6E9287AFE3C60EDD98D31896FDF0514B217FD2FBE63C8AD2CE350ED9A8BF1A"
"data/4.4/phase2-icon-assets/standardized/investment_strategy/investment_strategy_220.png","48287","94E58658C7B8AC2DDF77906664C3361CB93FCD3B39529071008E948E67DB9608"
"data/4.4/phase2-icon-assets/standardized/investment_strategy/investment_strategy_221.png","47836","5F6295D1E43C61F798A1DCDBFF1729C996BF5064C1995CB42F4900414F17646A"
"data/4.4/phase2-icon-assets/standardized/investment_strategy/investment_strategy_222.png","46164","4B54F63ADE65AE0495022AEFB32E92B07CBF7688F6DF44179F2DA5133171CDE9"
"data/4.4/phase2-icon-assets/standardized/investment_strategy/investment_strategy_223.png","50894","CD9907C0B815B15ED5E05B07B4E149D33EFD124150518202AA2E0B5D17A92C79"
"data/4.4/phase2-icon-assets/standardized/investment_strategy/investment_strategy_224.png","43608","939E377038E73CA24768459DB7381175678AD3198B9DCDDBE312443DBD95ED08"
"data/4.4/phase2-icon-assets/standardized/investment_strategy/investment_strategy_225.png","44136","AF762ED1D619FF19451E140109A283D10848DDB6132E547EB9E36E0DCA887F62"
"data/4.4/phase2-icon-assets/standardized/investment_strategy/investment_strategy_226.png","43772","8A6002781063669B18A07000F4BC054B3A8AD2866CFBB0037A3725CF532767E6"
"data/4.4/phase2-icon-assets/standardized/investment_strategy/investment_strategy_227.png","44637","6AC207DD516078FB9C58710CB8E50697388F3B2E033BBC3C1171501A5E51B3E1"
"data/4.4/phase2-icon-assets/standardized/investment_strategy/investment_strategy_228.png","38482","3D061B173F0412E540CDD3EFCA9232FAD5B84AAE8EA0999F643A753404BFE6BC"
"data/4.4/phase2-icon-assets/standardized/investment_strategy/investment_strategy_229.png","48700","AF894EA47CDF90F569B22D46DD4F0770B64DFBBFBE512D7E192156442792AB02"
"data/4.4/phase2-icon-assets/standardized/investment_strategy/investment_strategy_230.png","43824","908098545A852CFF926416C7C60C436BA8B79A8310E33C438EB1A8435FFA24E6"
"data/4.4/phase2-icon-assets/standardized/investment_strategy/investment_strategy_231.png","43824","908098545A852CFF926416C7C60C436BA8B79A8310E33C438EB1A8435FFA24E6"
"data/4.4/phase2-icon-assets/standardized/investment_strategy/investment_strategy_232.png","41530","DD5B2C094EC060AF3A8F5E64C43C20F7C57A49FD080D84396EAFF11151057DAF"
"data/4.4/phase2-icon-assets/standardized/investment_strategy/investment_strategy_233.png","37519","645AAF731B6FF735820D8C89A72E565BCAD55524AA909FCA48DF3E3C664FA35C"
"data/4.4/phase2-icon-assets/standardized/investment_strategy/investment_strategy_234.png","44355","914746491257CD65DA13F73E9844A49D483CD7E5B5EE5D0141C9AFEA525A90F5"
"data/4.4/phase2-icon-assets/standardized/investment_strategy/investment_strategy_235.png","48180","5B10AF5CF6B98982EB694B90D14D9EA5DF32581CD1070F99FA941C239D792A64"
"data/4.4/phase2-icon-assets/standardized/investment_strategy/investment_strategy_236.png","40175","69F753C61F30541EAB0204A321CD142583A537F0CF54C0824DB7FD0933BE57FB"
"data/4.4/phase2-icon-assets/standardized/investment_strategy/investment_strategy_237.png","48375","366EA5091FEFB359218E749A0E986172428EAE87FE1DA9278672331CBD021107"
"data/4.4/phase2-icon-assets/standardized/investment_strategy/investment_strategy_238.png","43496","3F95E85CB26B2EFDF558F372025D15BFEDD84B08C3131D850CF5F438B0A10C3F"
"data/4.4/phase2-icon-assets/standardized/investment_strategy/investment_strategy_239.png","44355","914746491257CD65DA13F73E9844A49D483CD7E5B5EE5D0141C9AFEA525A90F5"
"data/4.4/phase2-icon-assets/standardized/investment_strategy/investment_strategy_240.png","48180","5B10AF5CF6B98982EB694B90D14D9EA5DF32581CD1070F99FA941C239D792A64"
"data/4.4/phase2-icon-assets/standardized/investment_strategy/investment_strategy_241.png","34139","2E71782ED8ED0E3C9201CEC96C071FA12C845F2F05C1CAEAFA55FC9E9BE4471B"
"data/4.4/phase2-icon-assets/standardized/investment_strategy/investment_strategy_242.png","48106","9B6E641DC3FCB111BF6BD4D53C250027EDC314ED82348B1205AE8A5E8196FB45"
"data/4.4/phase2-icon-assets/standardized/investment_strategy/investment_strategy_243.png","46709","B4B92DB3F2D95359DB90F24EA62B1332633586DEA3CB10558073DFE6758DF5DB"
"data/4.4/phase2-icon-assets/standardized/investment_strategy/investment_strategy_244.png","47101","FA36E581BC9DF1D011A090EFAE3511C2F96314842D1ECA2737E8084E6171CE24"
"data/4.4/phase2-icon-assets/standardized/investment_strategy/investment_strategy_245.png","46715","681E6A70ED2617F6FD33FB01E7A9F3BD80D0871E70F1DF49675D1C819E1BC30B"
"data/4.4/phase2-icon-assets/standardized/investment_strategy/investment_strategy_246.png","38989","D8983272F08644EC3948DACE79A96ED6142FEDE8CAC1D921F874DDABD178ACFB"
"data/4.4/phase2-icon-assets/standardized/investment_strategy/investment_strategy_247.png","46101","BF6612ECC9B01783CE3A7906C76FE3408BE8E2CE818A594009E495438F010B11"
"data/4.4/phase2-icon-assets/standardized/investment_strategy/investment_strategy_248.png","45498","D0F409FD3DA10BD9D524EBD323DAF7F27A7A9C291D455E72466C98F7C55BDFA0"
"data/4.4/phase2-icon-assets/standardized/investment_strategy/investment_strategy_249.png","47182","25E732593D956289C80FE70169714AE262CD5C138EF61032FBDD0ED7EC58107E"
"data/4.4/phase2-icon-assets/standardized/investment_strategy/investment_strategy_250.png","39462","6AF732B80785BA0E6D9DCD71FB0341D489DEF0987F83ACB06230F5A59D2B5689"
"data/4.4/phase2-icon-assets/standardized/investment_strategy/investment_strategy_251.png","39462","6AF732B80785BA0E6D9DCD71FB0341D489DEF0987F83ACB06230F5A59D2B5689"
"data/4.4/phase2-icon-assets/standardized/investment_strategy/investment_strategy_252.png","39462","6AF732B80785BA0E6D9DCD71FB0341D489DEF0987F83ACB06230F5A59D2B5689"
"data/4.4/phase2-icon-assets/standardized/investment_strategy/investment_strategy_253.png","43001","275F1E95C23A2038691447985479397198973650C311E4E11FC1777A7422A1D1"
"data/4.4/phase2-icon-assets/standardized/investment_strategy/investment_strategy_254.png","48112","9B82DF752262A85FCB050269046785F2B38B89DD85B53854F68A48AE7BC11986"
"data/4.4/phase2-icon-assets/standardized/investment_strategy/investment_strategy_255.png","47175","2B5DB3DB59FD6639DC1F894DDAFE93BA124946160A59B5F1F3FE7F158F5ECC12"
"data/4.4/phase2-icon-assets/standardized/investment_strategy/investment_strategy_256.png","46293","7AB6300C5BDC1A749D557C2CE76D7D4BFC0E8FBA1C43E9D1D3D8B8AB6D3D78F4"
"data/4.4/phase2-icon-assets/standardized/investment_strategy/investment_strategy_257.png","47855","DD0CFDB489646FF3D16FD8243351C873E19C092C32C46BEBB458B9266DE7B853"
"data/4.4/phase2-icon-assets/standardized/investment_strategy/investment_strategy_258.png","46045","62C199035896EE37AB8D4F55DBAC5CE7C6908268DFCCC9AA50CFD63F72DD6589"
"data/4.4/phase2-icon-assets/standardized/investment_strategy/investment_strategy_259.png","44121","DA648BEE92200467164BFFBC4B4A83B48994C354A0295EE0322D9373091BE3DD"
"data/4.4/phase2-icon-assets/standardized/investment_strategy/investment_strategy_260.png","46855","673C5CF2753B19EE2B2B69FDBF8AFE008336EF2B4F8E45E0359A5CEED17F9D3F"
"data/4.4/phase2-icon-assets/standardized/investment_strategy/investment_strategy_261.png","47239","E14F5E2B54F1B28417A3C81019191CC20D8962432E3FB83A8D99CB081D87BD2B"
"data/4.4/phase2-icon-assets/standardized/investment_strategy/investment_strategy_262.png","43677","D03BA81AAF3E1EBE5D851DD81E7E261E333765FE0163FD501CA9B4BCB7863815"
"data/4.4/phase2-icon-assets/standardized/investment_strategy/investment_strategy_263.png","42029","C7244A4DB6C39B093C44ABC8C0276EB0821369C46EA0F156E4B5550F9297A222"
"data/4.4/phase2-icon-assets/standardized/investment_strategy/investment_strategy_264.png","47374","CBA472F759893AACDFFE89851F54CD6F795EE7E2029529AF0A3C2D435A854A64"
"data/4.4/phase2-icon-assets/standardized/investment_strategy/investment_strategy_265.png","44448","645A336DF3411EE5F24462ACE5835E9239D5E7FC57CCE03B3F5B1B86B54AA250"
"data/4.4/phase2-icon-assets/standardized/investment_strategy/investment_strategy_266.png","46815","C2A90FF149C8C9C54E1D8643E2515997CD4D384DA50FE0D9F9DC7CFBBE372F47"
"data/4.4/phase2-icon-assets/standardized/investment_strategy/investment_strategy_267.png","47167","42E29FEBBFDB46286641B0E1E3FAB64C892A297FAB948D0932791DE4D8A8DE05"
"data/4.4/phase2-icon-assets/standardized/investment_strategy/investment_strategy_268.png","49004","41476F91B1E1074FDF2999294AAA9E168F043199DC098A7A9AFA77FFE9289261"
"data/4.4/phase2-icon-assets/standardized/investment_strategy/investment_strategy_269.png","49004","41476F91B1E1074FDF2999294AAA9E168F043199DC098A7A9AFA77FFE9289261"
"data/4.4/phase2-icon-assets/standardized/investment_strategy/investment_strategy_270.png","50319","119BEC93B91142B5F43AE3FAD5ECEEE5E8A0EA3E9CDA3F2939B8B46C65AF4A4A"
"data/4.4/phase2-icon-assets/standardized/investment_strategy/investment_strategy_271.png","42746","D67F2E6217F3D48AA3EA6184C316E1D8FE0170180A23FD584984985380C6E1D1"
"data/4.4/phase2-icon-assets/standardized/investment_strategy/investment_strategy_272.png","42746","D67F2E6217F3D48AA3EA6184C316E1D8FE0170180A23FD584984985380C6E1D1"
"data/4.4/phase2-icon-assets/standardized/investment_strategy/investment_strategy_273.png","50774","8B7E7D683115AD37186B96F84BC459870634E112A7629961EE535FDFD1612EFA"
"data/4.4/phase2-icon-assets/standardized/investment_strategy/investment_strategy_274.png","46037","98D4E575E471A2D1EC78E31E21A8A0743C72A98AC60CED2B11BD6A8FE06ADDF7"
"data/4.4/phase2-icon-assets/standardized/investment_strategy/investment_strategy_275.png","39483","843AA43EAD5E55060D99D4BC3EA47D93DE12963C400048B39B0AB62C1B82EE9F"
"data/4.4/phase2-icon-assets/standardized/investment_strategy/investment_strategy_276.png","40187","8005F50323187633960C387838200DFC1B136E308F216E194AE618CFD684698E"
"data/4.4/phase2-icon-assets/standardized/investment_strategy/investment_strategy_277.png","37485","A74E2A5B4F3F62FDED2E4BC87E83FB1510175EF7BBA8E424DA52D9E764B015FF"
"data/4.4/phase2-icon-assets/standardized/investment_strategy/investment_strategy_278.png","37838","B2B833AA16DBEBB2B8230376B1273084496FAFD4884BF47FFA02DE342C50DBEF"
"data/4.4/phase2-icon-assets/standardized/investment_strategy/investment_strategy_279.png","36277","676326AA40732EF2289F79D64CDA46C1EC94DFA21EAFB17352B6E87B906E09C9"
"data/4.4/phase2-icon-assets/standardized/investment_strategy/investment_strategy_280.png","47943","B8BA90E57B636D9FD636EF8C6DAEAAAC54FA76AC6E21E83A0450CB2ACD6B5CA7"
"data/4.4/phase2-icon-assets/standardized/investment_strategy/investment_strategy_281.png","44440","9F407AD00CCC99C5005C2E5000F11584562817BC0FA4A530A88091C2526DB52B"
"data/4.4/phase2-icon-assets/standardized/investment_strategy/investment_strategy_282.png","45957","74CABB5997369D991BC9BE1AA802AE66959CA27CFC91E3804A6B2EC868629E97"
"data/4.4/phase2-icon-assets/standardized/investment_strategy/investment_strategy_283.png","43279","55D14B0D1E0BE94DFA9D4D39259FE8595B73DBA3B46C168394E0DF5E31173419"
"data/4.4/phase2-icon-assets/standardized/investment_strategy/investment_strategy_284.png","47443","A1447CDA6010F9764F96E1215718EB445E079F82EF92EA39CCC0823CDB97C238"
"data/4.4/phase2-icon-assets/standardized/investment_strategy/investment_strategy_285.png","47284","32985B3D7502BEE346978A1DD844ABC2ED33A97770E5E5A060F85BD4E04B5E0F"
"data/4.4/phase2-icon-assets/standardized/investment_strategy/investment_strategy_286.png","45042","E6A9D067238C7CE19AB9588D0BE809ABCC06CDE8F790F82464D195788DBC35E7"
"data/4.4/phase2-icon-assets/standardized/investment_strategy/investment_strategy_287.png","48742","032B6DF284949389871D80D4F8CAE8A70A129DFF37CD73D73885B5B61CCB90F0"
"data/4.4/phase2-icon-assets/standardized/investment_strategy/investment_strategy_288.png","45608","028BCFFFDF5361B2A7B3207137D750E35DED5A2A9566DD4D5857AAC36C9D10E5"
"data/4.4/phase2-icon-assets/standardized/investment_strategy/investment_strategy_289.png","51349","5A89A62993C691A5B0DE1E2D59EA2A6C6D1DCEA61431D5E93EB876EECC46D12B"
"data/4.4/phase2-icon-assets/standardized/investment_strategy/investment_strategy_290.png","48783","7617B7EB02210DE5D1C6A13E12316FAA2CFE86290353A51D6F918C7390BB8F44"
"data/4.4/phase2-icon-assets/standardized/investment_strategy/investment_strategy_291.png","38370","C8533F55FC8187B0D369EC25F0EA389BE4BBABFABC435CA29820F6907DE7870F"
"data/4.4/phase2-icon-assets/standardized/investment_strategy/investment_strategy_292.png","47323","C58AF37B1A8D131E45CC6DE9180AA7572F37D06FEF2A2D8012021CC06CB3B035"
"data/4.4/phase2-icon-assets/standardized/investment_strategy/investment_strategy_293.png","49022","6BA505EE35AD74E5769E0967AEDB467907C97C020047C9B58D9C2409AF052FCC"
"data/4.4/phase2-icon-assets/standardized/investment_strategy/investment_strategy_294.png","47053","CDC404E228A4794E3313023AB41471B5F46ACBE2C024820187170608F6BEB50B"
"data/4.4/phase2-icon-assets/standardized/investment_strategy/investment_strategy_295.png","43034","F088B1CC935770D8374E9A30F8EDA7AA494820CE3613EB074D127A45DA86395A"
"data/4.4/phase2-icon-assets/standardized/investment_strategy/investment_strategy_296.png","47271","40ED8305B04D109FDF6D2C3C11B7D51A4A30F6B715757E0730F18152C116266F"
"data/4.4/phase2-icon-assets/standardized/investment_strategy/investment_strategy_297.png","45570","02D1D09B64D685BFAA9978A35A0FA6E1258D8712E678B3DF5F690AAC87B6956B"
"data/4.4/phase2-icon-assets/standardized/investment_strategy/investment_strategy_298.png","46909","A932A80EDBDDBFC7DE1003E3C6A4E048B72B8C92198F4A916C2C743AEFCAE77E"
"data/4.4/phase2-icon-assets/standardized/investment_strategy/investment_strategy_299.png","41533","F7BB999EB06B884B6C366DD3D1A405C57550B8AB24AF3046E3EA8C62358BA6C1"
"data/4.4/phase2-icon-assets/standardized/investment_strategy/investment_strategy_300.png","46587","E0382DC0D557CF33EFB27ED85FA5C54B18B8E6E0A16D8EAAA20F58851E759AEF"
"data/4.4/phase2-icon-assets/standardized/investment_strategy/investment_strategy_301.png","47296","7A108503E0770D722BDA45B51A1619F7DD0BA52FBCBEAC0048B4CD1979F38D28"
"data/4.4/phase2-icon-assets/standardized/investment_strategy/investment_strategy_302.png","43641","2E6408966F3D8632831BBA8AB1B05556F87AD84D9DD18D32B19C28ECDDD93615"
"data/4.4/phase2-icon-assets/standardized/investment_strategy/investment_strategy_303.png","45768","B9DAB4BE6D507C07F10F4A1B1E94680EA38A5D21227656E31DDEE072CDEC4CAB"
"data/4.4/phase2-icon-assets/standardized/investment_strategy/investment_strategy_304.png","45059","C74BD3ECB30EB4AE75F4E4F9A6A4F6606E177797C9C636088F73ACF09E1CCA9C"
"data/4.4/phase2-icon-assets/standardized/investment_strategy/investment_strategy_305.png","44954","15886BA7B9327C70612A6705ADD91DA6736BB6DD0D74EF143768F367DF1BA87B"
"data/4.4/phase2-icon-assets/standardized/investment_strategy/investment_strategy_306.png","45658","5F1925C2BCF2F98732095E29B50AB72577B4DDF8C3C30C0AB94292A2D6CA7B30"
"data/4.4/phase2-icon-assets/standardized/investment_strategy/investment_strategy_307.png","44565","6CE16D12DA29E8E7C4EC3B4AE33B023FE211E1426D8EE880ADB2F9A9B27A8463"
"data/4.4/phase2-icon-assets/standardized/investment_strategy/investment_strategy_308.png","45279","0B3149D5AC840B8067D53730478587E123535630B4D88FC6EF608AF90EA57E0D"
"data/4.4/phase2-icon-assets/standardized/investment_strategy/investment_strategy_309.png","43503","BB98C7A17007BD2E91D2CBE2C1072A8F77B8B0143070B32204726EC4C77802D4"
"data/4.4/phase2-icon-assets/standardized/investment_strategy/investment_strategy_310.png","44773","BD6925604C8AEDEDAFBBA647658F20F6487497D8599F049CB873D2FC1D296F78"
"data/4.4/phase2-icon-assets/standardized/investment_strategy/investment_strategy_311.png","42253","F1D71E61F1A878FEBDB7D853564F40019D301B4977FD98E60F704AA12BFB1432"
"data/4.4/phase2-icon-assets/standardized/investment_strategy/investment_strategy_312.png","44204","5318C3A90E7B0BF82A77BB73673DB80CCBED3591F0CEDE15DD8A1746EBA64331"
"data/4.4/phase2-icon-assets/standardized/investment_strategy/investment_strategy_313.png","44475","A4C35B2065CA0C56B5F4FD83290F8833FB84288938F61455B9A3AACE7053B1FF"
"data/4.4/phase2-icon-assets/standardized/investment_strategy/investment_strategy_314.png","46541","208D7042303A0C8DF50B87064AF6C83BBC79FD6162BFA59FF4C931E3F92E2CDD"
"data/4.4/phase2-icon-assets/standardized/investment_strategy/investment_strategy_315.png","47654","1B6B64B160758FA422B1C17D58D5336F33683EB919921C1619762F7A737D594B"
"data/4.4/phase2-icon-assets/standardized/investment_strategy/investment_strategy_316.png","40083","1CB1B6189452D1CBE4C1369532D381080BBEB2CBE15C301AC15BD3F06DB6873D"
"data/4.4/phase2-icon-assets/standardized/investment_strategy/investment_strategy_317.png","47703","50CBFB34E0257EB711C38C3BB6C4FA92D7C5D07FAE979A83C0E2A09A5EC4CAC3"
"data/4.4/phase2-icon-assets/standardized/investment_strategy/investment_strategy_318.png","45815","C4EE3D700DF00EA18FB2C16806C24E9B78548AE78AEB2DF213D3CB43D3B4BCCB"
"data/4.4/phase2-icon-assets/standardized/investment_strategy/investment_strategy_319.png","50169","2264D254F8AF0F229102CEAB42DFD41EC3EA3CF3B52D4DF59A5701A0069710B4"
"data/4.4/phase2-icon-assets/standardized/investment_strategy/investment_strategy_320.png","44207","A276A5273047991AB1AB0418A2B93352780F2A18B2E7EE0D9AC7BC6F3BC6127A"
"data/4.4/phase2-icon-assets/standardized/investment_strategy/investment_strategy_321.png","46419","7ED5AACD41D39EFC1499F48A8D50E32F563B5E2158FBAA658450C5C95AD3EAEC"
"data/4.4/phase2-icon-assets/standardized/investment_strategy/investment_strategy_322.png","46364","8C9B9F8B8A0BE74D437C2D3F8E74D3D1374DB7BCA45114C51AE261D786918373"
"data/4.4/phase2-icon-assets/standardized/investment_strategy/investment_strategy_323.png","45121","7D3D68711BBA8EF4003CA5CCE8E6467A8529D907CC21FC8D8E9FCC176F119FC3"
"data/4.4/phase2-icon-assets/standardized/investment_strategy/investment_strategy_324.png","52734","51EF314F933907E0D9136697382B5811FA8F86E795EE5E3191C70C8CC94C52D8"
"data/4.4/phase2-icon-assets/standardized/investment_strategy/investment_strategy_325.png","48906","D78C9A05423CC5D796405CEF3F5E2F6289AAA0900A649C4615885BD15C55BF30"
"data/4.4/phase2-icon-assets/standardized/investment_strategy/investment_strategy_326.png","48664","97D78D190290D5DAA8F667358CE1F01C4765CC19E9B4B021774DB2033608E031"
"data/4.4/phase2-icon-assets/standardized/investment_strategy/investment_strategy_327.png","49048","8E1FEF70E57C9861138BE6FA59ADD5872FF3216F650FAEA21EED9B6ED94BE233"
"data/4.4/phase2-icon-assets/standardized/investment_strategy/investment_strategy_328.png","48809","EB175C2D013A672B653B132167DCFFA2D42D03C9D6A5125B0BB3DEB1F5EA8948"
"data/4.4/phase2-icon-assets/standardized/investment_strategy/investment_strategy_329.png","50289","DB399BF6D251256A066DF4DE8EA57E27BF29800A69ECC5D5482A7D9AF7828FB0"
"data/4.4/phase2-icon-assets/standardized/investment_strategy/investment_strategy_330.png","47004","A8F9C6C0DC9A474D51382D9F369016321C9A5B6AD4058CBCA9C14CC4B4D7C2BE"
"data/4.4/phase2-icon-assets/standardized/investment_strategy/investment_strategy_331.png","42944","8FD539374C0BE45674A85BC0D82FEF6A941969B3F72751E0B1553A60B4D04968"
"data/4.4/phase2-icon-assets/standardized/investment_strategy/investment_strategy_332.png","43060","B41027E3E9F9D18F6D571DA8AAFCB83240B025014BFD7E212BD28F1B13D0694F"
"data/4.4/phase2-icon-assets/standardized/investment_strategy/investment_strategy_333.png","48975","D80064878F4545555C6E1DADEEA0D64AEB8C68ED983A8F201BEDF5AA0500A547"
"data/4.4/phase2-icon-assets/standardized/investment_strategy/investment_strategy_334.png","51554","2BE0A45A39761220E33E53FDD0638DF13D889E90890CD957253C3D485007B4A4"
"data/4.4/phase2-icon-assets/standardized/official_composition_layer/layer_environment_background.png","18576","EA7E952AB629CD83F3C62D0E195FCB07D6CB3A8A71AE1EA4934992F5D2BF0684"
"data/4.4/phase2-icon-assets/standardized/official_composition_layer/layer_strategy_background_gold.png","38395","1E66C5674504821846A0B5B8D67A905703C6B026A8BDC8EAEC0FFA18A51A3CDC"
"data/4.4/phase2-icon-assets/standardized/official_composition_layer/layer_strategy_background_prismatic.png","40916","79557A2E02CB53848374DC9B57E25C4E7390AD97915524E2DE26A693F4154D3C"
"data/4.4/phase2-icon-assets/standardized/official_composition_layer/layer_strategy_background_silver.png","30532","E0C0FA01544C54810735A037156DF72C23D8C23F8E7D20881469F247FE31BF93"
"data/4.4/phase2-icon-assets/standardized/official_composition_layer/layer_strategy_prismatic_base.png","9417","75A8CF320F1B8718B23CBF3988BE05F16FDD678DE34F03311A455ADBA902CAC6"
"data/4.4/phase2-icon-assets/standardized/special_item/special_item_001.png","80156","EC07BC4712BAF11D7B64BE426C0B3BDDDE551E14B4C6462DB12396CC13C3151D"
"data/4.4/phase2-icon-assets/standardized/special_item/special_item_002.png","23101","D543FA99049BD7AB16D8C591E4AB5307D2068B047CD4854CA947A257138D7C63"
"data/4.4/phase2-icon-assets/standardized/special_item/special_item_003.png","27254","724872A45EA8774F80403668871E93B2CA726A76DB3C7654685586825EFEFC34"
"data/4.4/phase2-icon-assets/standardized/special_item/special_item_004.png","59775","90865F2A5A332B1B03DDBAC715C879D8975471E961FD09DF1E70E43764886657"
"data/4.4/phase2-icon-assets/standardized/special_item/special_item_005.png","71581","674793A0D5A98C9C56E736A83E25B58F12AAC0D3F059BACD89021946C4909E1B"
"data/4.4/phase2-icon-assets/standardized/special_item/special_item_006.png","65456","B701B76BEF0D5A2894884E6DFAA3E7AE2DD278EDCCF47A39AD6945251E25BB4D"
"data/4.4/phase2-icon-assets/standardized/special_item/special_item_007.png","24872","073AF9CEE0AE75A4C08015192A3FD6324B6FABAC5DEB587D5056F3C2662F4DEA"
"data/4.4/phase2-icon-assets/standardized/special_item/special_item_008.png","30041","4E912BD7D450BC4A5D18DCE28BEC93D666DD6526867D05EF453F5B1509F9899D"
"data/4.4/phase2-icon-assets/standardized/special_item/special_item_009.png","77825","77E23C059D75F6B6D37D98CBF89B183D4C0F790F2A62543E20FBF1B23B72CB6A"
"data/4.4/phase2-icon-assets/standardized/special_item/special_item_010.png","32854","22A6991E2071E3DE5A56D1F1740C6B261BD1DE8133E62F4506C413E34DF29944"
"data/4.4/phase2-icon-assets/standardized/special_item/special_item_011.png","30379","29E4BDD60DE0C6F82A3723354F76D4DAABAB2E7AC884DC71FBD313D2387A7334"
"data/4.4/phase2-icon-assets/standardized/special_item/special_item_012.png","32023","05F803AA6F20C372317AC07EA9957FA86BE3D46A843A937202A00FD750D88CBC"
"data/4.4/phase2-icon-assets/standardized/special_item/special_item_013.png","25481","06F19E70CF441F47BA30FA0817098696C226E00E90A2E60D16BD7D7FB9B4EAF8"
"data/4.4/phase2-icon-assets/standardized/special_item/special_item_014.png","25481","06F19E70CF441F47BA30FA0817098696C226E00E90A2E60D16BD7D7FB9B4EAF8"
"data/4.4/phase2-icon-assets/standardized/special_item/special_item_015.png","27076","748BA47230B90C88F47EA7D4BFB378C5A0864C1C72BFEDEADF12B9D813440DA0"
"data/4.4/phase2-icon-assets/standardized/special_item/special_item_016.png","27059","410122C222A6406503423690E667E0E670164935FD92DF2B5F54466948AB8AB6"
"data/4.4/phase2-icon-assets/standardized/special_item/special_item_017.png","24660","D183DAECDBFD8E3572D00B59EFD0BB404CB0BF8496DF403F06EEDCBA1DFA1FA2"
"data/4.4/phase2-icon-assets/standardized/special_item/special_item_018.png","26603","E70C5376FFDC141577CE1A760F05E7AC2271A57EEE13BDC1E12C2F9C86A6E221"
"data/4.4/phase2-icon-assets/standardized/special_item/special_item_019.png","30617","53A12241C8C678F3048191A5106B9B55EC27E6DDD0B1485BEAEFD7477FC10FEB"
"data/4.4/phase2-icon-assets/standardized/special_item/special_item_020.png","76530","EC2FFF47C61717AF5454BE069DE5A5F016C978F92B307AEC148E7DB9610CC575"
"data/4.4/phase2-icon-assets/standardized/special_item/special_item_021.png","76292","51F31BCD1E1CC33374050B0D67A77BD3B9273AA12A6208DBEF9442ADEAC11A1D"
"data/4.4/phase2-icon-assets/standardized/special_item/special_item_022.png","70912","45366451F080D31A371F170D127704DA3BE6468BCCA8912BA1CA8F2748738219"
"data/4.4/phase2-icon-templates/README.md","912","68492175F63248801EC4E2BD1D5BB62B3BC05CFE88CEB186C2BD8A93E59321F1"
"data/advisor/1.0.0/4.4/guides/taptap-himeko-train-shield.json","6191","88485627170A63403AE5DA7CC419B9F41F5B7909BDF68C1F50F575967BE9CA00"
"data/ocr/rapidocr/LICENSE-RapidOCR-Apache-2.0.txt","11616","CFCBC50043A828CFF3AB35E5CFE54CD3D8A41BF398F8EA1A14706EF5E51C820F"
"data/ocr/rapidocr/model-source.json","830","544FAED458057AF9CB2578B1F5AEEF674C4E8181338310EC26A51AD91377C2C1"
"data/ocr/rapidocr/PP-OCRv6_rec_small.onnx","21234383","6F327246B50388F3C176AE304BD95767EA6DC0C9AE92153EF8CBE210B3C14884"
"data/raw/4.4/equipment/890ae486642e979b/assets/currency_wars_equipment_icons/currency_wars_equipment_001.png","27950","501478D2B05CFDB8B55FF859D64F074347885803BB1A6D62CF79A2463E536DD0"
"data/raw/4.4/equipment/890ae486642e979b/assets/currency_wars_equipment_icons/currency_wars_equipment_002.png","33508","9C8BAFB41CC081B61811196AD180DCE749B04C54725FDE5D09A3AB0766741780"
"data/raw/4.4/equipment/890ae486642e979b/assets/currency_wars_equipment_icons/currency_wars_equipment_003.png","33508","9C8BAFB41CC081B61811196AD180DCE749B04C54725FDE5D09A3AB0766741780"
"data/raw/4.4/equipment/890ae486642e979b/assets/currency_wars_equipment_icons/currency_wars_equipment_004.png","32624","CC6F1DC7A6BCA0646026AF6139C43C658E6182FBD686040F58DCD24DE89D2963"
"data/raw/4.4/equipment/890ae486642e979b/assets/currency_wars_equipment_icons/currency_wars_equipment_005.png","26921","01B3A550D1AB3F78D27BA856E15C50A3C05C399F9A281AE4AD7352DCED994F0F"
"data/raw/4.4/equipment/890ae486642e979b/assets/currency_wars_equipment_icons/currency_wars_equipment_006.png","31431","8ACF2CD30D8767F494C80A77D6B34DF19BDE721EDDCBDDDFCF4002161122E1CA"
"data/raw/4.4/equipment/890ae486642e979b/assets/currency_wars_equipment_icons/currency_wars_equipment_007.png","32624","CC6F1DC7A6BCA0646026AF6139C43C658E6182FBD686040F58DCD24DE89D2963"
"data/raw/4.4/equipment/890ae486642e979b/assets/currency_wars_equipment_icons/currency_wars_equipment_008.png","26921","01B3A550D1AB3F78D27BA856E15C50A3C05C399F9A281AE4AD7352DCED994F0F"
"data/raw/4.4/equipment/890ae486642e979b/assets/currency_wars_equipment_icons/currency_wars_equipment_009.png","31431","8ACF2CD30D8767F494C80A77D6B34DF19BDE721EDDCBDDDFCF4002161122E1CA"
"data/raw/4.4/equipment/890ae486642e979b/assets/currency_wars_equipment_icons/currency_wars_equipment_010.png","30646","F3BED270B62A20EE5B4FD20767F8490872A12D701BDBD3F86783FBDF0128FB20"
"data/raw/4.4/equipment/890ae486642e979b/assets/currency_wars_equipment_icons/currency_wars_equipment_011.png","29153","B76CF23E2E2A70F706B61150374FEC2A60F2282F18256467D1D8D90591B0A531"
"data/raw/4.4/equipment/890ae486642e979b/assets/currency_wars_equipment_icons/currency_wars_equipment_012.png","32913","492D69C4B540DC8354045387B84D3A94FF655C20F3ACD373BE398708BD4D85D9"
"data/raw/4.4/equipment/890ae486642e979b/assets/currency_wars_equipment_icons/currency_wars_equipment_013.png","33508","9C8BAFB41CC081B61811196AD180DCE749B04C54725FDE5D09A3AB0766741780"
"data/raw/4.4/equipment/890ae486642e979b/assets/currency_wars_equipment_icons/currency_wars_equipment_014.png","32624","CC6F1DC7A6BCA0646026AF6139C43C658E6182FBD686040F58DCD24DE89D2963"
"data/raw/4.4/equipment/890ae486642e979b/assets/currency_wars_equipment_icons/currency_wars_equipment_015.png","26921","01B3A550D1AB3F78D27BA856E15C50A3C05C399F9A281AE4AD7352DCED994F0F"
"data/raw/4.4/equipment/890ae486642e979b/assets/currency_wars_equipment_icons/currency_wars_equipment_016.png","31431","8ACF2CD30D8767F494C80A77D6B34DF19BDE721EDDCBDDDFCF4002161122E1CA"
"data/raw/4.4/equipment/890ae486642e979b/assets/currency_wars_equipment_icons/currency_wars_equipment_017.png","30646","F3BED270B62A20EE5B4FD20767F8490872A12D701BDBD3F86783FBDF0128FB20"
"data/raw/4.4/equipment/890ae486642e979b/assets/currency_wars_equipment_icons/currency_wars_equipment_020.png","30646","F3BED270B62A20EE5B4FD20767F8490872A12D701BDBD3F86783FBDF0128FB20"
"data/raw/4.4/equipment/890ae486642e979b/assets/currency_wars_equipment_icons/currency_wars_equipment_021.png","33358","5790F420123A8C5C13F73666891D70BC7384C7061D990ECBC7071D6EBB073F12"
"data/raw/4.4/equipment/890ae486642e979b/assets/currency_wars_equipment_icons/currency_wars_equipment_022.png","26569","F0441E17CE30349F9454DC72C5730E631A70843499C9B1692D410783A8B914EA"
"data/raw/4.4/equipment/890ae486642e979b/assets/currency_wars_equipment_icons/currency_wars_equipment_023.png","26569","F0441E17CE30349F9454DC72C5730E631A70843499C9B1692D410783A8B914EA"
"data/raw/4.4/equipment/890ae486642e979b/assets/currency_wars_equipment_icons/currency_wars_equipment_024.png","22471","A1CB19AC93CDCDEFE2CF4D4F98E32770F1B60E047B33A25E9E2DAEE54912419C"
"data/raw/4.4/equipment/890ae486642e979b/assets/currency_wars_equipment_icons/currency_wars_equipment_025.png","22471","A1CB19AC93CDCDEFE2CF4D4F98E32770F1B60E047B33A25E9E2DAEE54912419C"
"data/raw/4.4/equipment/890ae486642e979b/assets/currency_wars_equipment_icons/currency_wars_equipment_026.png","22471","A1CB19AC93CDCDEFE2CF4D4F98E32770F1B60E047B33A25E9E2DAEE54912419C"
"data/raw/4.4/equipment/890ae486642e979b/assets/currency_wars_equipment_icons/currency_wars_equipment_027.png","31237","9EF6D5AF3970DD9023021AC532D72A3A1A3C57B97507A99B432677BE3635B4AF"
"data/raw/4.4/equipment/890ae486642e979b/assets/currency_wars_equipment_icons/currency_wars_equipment_028.png","31237","9EF6D5AF3970DD9023021AC532D72A3A1A3C57B97507A99B432677BE3635B4AF"
"data/raw/4.4/equipment/890ae486642e979b/assets/currency_wars_equipment_icons/currency_wars_equipment_029.png","31237","9EF6D5AF3970DD9023021AC532D72A3A1A3C57B97507A99B432677BE3635B4AF"
"data/raw/4.4/equipment/890ae486642e979b/assets/currency_wars_equipment_icons/currency_wars_equipment_030.png","28923","5E7CFA755E8919353448B176967365876C4748DCA06FD6C1E0AE66E899032788"
"data/raw/4.4/equipment/890ae486642e979b/assets/currency_wars_equipment_icons/currency_wars_equipment_031.png","28923","5E7CFA755E8919353448B176967365876C4748DCA06FD6C1E0AE66E899032788"
"data/raw/4.4/equipment/890ae486642e979b/assets/currency_wars_equipment_icons/currency_wars_equipment_032.png","30570","41BF730530558F7FFE3C31ADC6C4AECA06AB97BC495B8E372D7482642FBB4C53"
"data/raw/4.4/equipment/890ae486642e979b/assets/currency_wars_equipment_icons/currency_wars_equipment_033.png","30570","41BF730530558F7FFE3C31ADC6C4AECA06AB97BC495B8E372D7482642FBB4C53"
"data/raw/4.4/equipment/890ae486642e979b/assets/currency_wars_equipment_icons/currency_wars_equipment_034.png","30116","0DFF01418203EF0B8953F58EA464DAA675E1F7DCF15D3E8F7A1862DEA70D1D07"
"data/raw/4.4/equipment/890ae486642e979b/assets/currency_wars_equipment_icons/currency_wars_equipment_035.png","30116","0DFF01418203EF0B8953F58EA464DAA675E1F7DCF15D3E8F7A1862DEA70D1D07"
"data/raw/4.4/equipment/890ae486642e979b/assets/currency_wars_equipment_icons/currency_wars_equipment_036.png","31045","7F1683113B9E41CDA1A63B4E538B1281CD1DA09CE3952C5693E0EBBA607626EE"
"data/raw/4.4/equipment/890ae486642e979b/assets/currency_wars_equipment_icons/currency_wars_equipment_037.png","32843","5BAC56504B1DB84AE69062E3ECD70D19A3B66D62BAE4054DE1F2E407624032FD"
"data/raw/4.4/equipment/890ae486642e979b/assets/currency_wars_equipment_icons/currency_wars_equipment_038.png","25685","DCFF06368995FD6CA429B87F3885C8D6DB241FBCD9492DDB245E9BA6B828E98F"
"data/raw/4.4/equipment/890ae486642e979b/assets/currency_wars_equipment_icons/currency_wars_equipment_039.png","29806","B8999031CAC93715AF548D29AEAE29006FD0CCB2D993F830593DC9D2F3099E49"
"data/raw/4.4/equipment/890ae486642e979b/assets/currency_wars_equipment_icons/currency_wars_equipment_040.png","13641","3BF2828AF7D7DDB7FC4DD7EC056806D1E4C0B52088BE0C8ED5F43047B70DE715"
"data/raw/4.4/equipment/890ae486642e979b/assets/currency_wars_equipment_icons/currency_wars_equipment_041.png","14421","9F391D51343B6FBDEB159B5832D4013412170DF6DD49F2D4F407E54E9F7F0013"
"data/raw/4.4/equipment/890ae486642e979b/assets/currency_wars_equipment_icons/currency_wars_equipment_042.png","16206","7FE80889EFEA95EEA2445FAADC74748AA5C236BAD00ED96E1111D6B91B03EB09"
"data/raw/4.4/equipment/890ae486642e979b/assets/currency_wars_equipment_icons/currency_wars_equipment_043.png","13879","0F48B0A0F9FB6045A0C9F0955416A0016E9484E2EF46F3E1F61D84B604019BF7"
"data/raw/4.4/equipment/890ae486642e979b/assets/currency_wars_equipment_icons/currency_wars_equipment_044.png","11910","A9E3C2BE6EAEF07306123FD11A9C326D182A8D7DDEBCEA7B06489B2783C18DE4"
"data/raw/4.4/equipment/890ae486642e979b/assets/currency_wars_equipment_icons/currency_wars_equipment_045.png","19244","08498D5F24560DE057CF968027C9DCCF579E81BCF04CD8EFB03806BDA74E0A62"
"data/raw/4.4/equipment/890ae486642e979b/assets/currency_wars_equipment_icons/currency_wars_equipment_046.png","18603","35E375357EDAF3CDBE3FD7D57989BF4302350FF428CE1D2160A2C555A94D67B1"
"data/raw/4.4/equipment/890ae486642e979b/assets/currency_wars_equipment_icons/currency_wars_equipment_047.png","14406","C261F505B9F0B395CF89838F153C4F073DECDB3EC3076A78F9FB12DEF099D56F"
"data/raw/4.4/equipment/890ae486642e979b/assets/currency_wars_equipment_icons/currency_wars_equipment_048.png","35177","0111479A0CCB4585CCB931ACBAAB0E9771877936A5CE7AE10850242A446E0CB9"
"data/raw/4.4/equipment/890ae486642e979b/assets/currency_wars_equipment_icons/currency_wars_equipment_049.png","31189","56BEA7098D3578A24612068268E277F53E143B1AA23AC0D32DF8AFADCA76C09E"
"data/raw/4.4/equipment/890ae486642e979b/assets/currency_wars_equipment_icons/currency_wars_equipment_050.png","23578","4C7F19FA94A7B2845A067E086A52874E66CD3F35FFB3533A14B142DD475FB782"
"data/raw/4.4/equipment/890ae486642e979b/assets/currency_wars_equipment_icons/currency_wars_equipment_051.png","31526","E6A8ADCD7331B1036186A76B3190CD5746B58D89E84E5A6AA07A25860B760EB2"
"data/raw/4.4/equipment/890ae486642e979b/assets/currency_wars_equipment_icons/currency_wars_equipment_052.png","32541","8558D839F989CFECE0189CE7007C88F6DEB48C685F9CFB48FA717F2E85273CC9"
"data/raw/4.4/equipment/890ae486642e979b/assets/currency_wars_equipment_icons/currency_wars_equipment_053.png","29689","359B80002377CF9ECEC3020DB298D7DD3210DD5A6041DA94304099DA2F042D58"
"data/raw/4.4/equipment/890ae486642e979b/assets/currency_wars_equipment_icons/currency_wars_equipment_054.png","32182","D56460779D29BC6F8E2169276F523F28C6E341CE95AA0905C903BD5E8CF415F5"
"data/raw/4.4/equipment/890ae486642e979b/assets/currency_wars_equipment_icons/currency_wars_equipment_055.png","27496","4ED72AE50D0FE4BADC8ED4AA14681EDE39657BBC080E4BC89BC2D18D90F145A3"
"data/raw/4.4/equipment/890ae486642e979b/assets/currency_wars_equipment_icons/currency_wars_equipment_056.png","36000","99B3ABC3F7A8173DB5ACCAD10CBC62CF4DCE5EA3FEC2ED23E2D5F8F57C3EC898"
"data/raw/4.4/equipment/890ae486642e979b/assets/currency_wars_equipment_icons/currency_wars_equipment_057.png","29210","FE7118A0D80B31261CC4D653850BC491820B4C1BE3BA1DEDF59A73CDF8EB8618"
"data/raw/4.4/equipment/890ae486642e979b/assets/currency_wars_equipment_icons/currency_wars_equipment_058.png","32644","CEB9C15BD35A9524343FEC674B485FC4C2695D6BC659A7A2EC311D65E9C4E78E"
"data/raw/4.4/equipment/890ae486642e979b/assets/currency_wars_equipment_icons/currency_wars_equipment_059.png","31931","141D508A6FDEF1B32355695AAE4CE660CE2AB31DDD97F7A353192992FC7B6C83"
"data/raw/4.4/equipment/890ae486642e979b/assets/currency_wars_equipment_icons/currency_wars_equipment_060.png","31190","B0ADF69DDDD5D0A23FDD0FEA212C0B83A830ED01A268FBDDDCC3F9825BFBC7A5"
"data/raw/4.4/equipment/890ae486642e979b/assets/currency_wars_equipment_icons/currency_wars_equipment_061.png","29300","F521D20BC46C8E46893FA4EBED01E15FDC6732E627607EAAF062680CAD852B7B"
"data/raw/4.4/equipment/890ae486642e979b/assets/currency_wars_equipment_icons/currency_wars_equipment_062.png","31263","4C8EAE7C74F190FA5C1FD125F6EDCF48BF821F2363F91E4AB6774E0FBB20B8B7"
"data/raw/4.4/equipment/890ae486642e979b/assets/currency_wars_equipment_icons/currency_wars_equipment_063.png","34524","93348C2A315F9C98E8161BDA98ADD1B8F30CA312FD1CA69D1B26D466F4DFCC06"
"data/raw/4.4/equipment/890ae486642e979b/assets/currency_wars_equipment_icons/currency_wars_equipment_064.png","32428","20F77F28E219C512CC588F109F488B5EA091DA115A8A98AD2968ABFC39B6EA7E"
"data/raw/4.4/equipment/890ae486642e979b/assets/currency_wars_equipment_icons/currency_wars_equipment_065.png","29579","563ED7F4A54407F1B8EE88E837789E264CB59F4CB17DE0460115D5F747796D4B"
"data/raw/4.4/equipment/890ae486642e979b/assets/currency_wars_equipment_icons/currency_wars_equipment_066.png","26355","3F53C178DAA9CE82877B9E7BF4D39F0DCAC781E269E892B800F0551C68D6F548"
"data/raw/4.4/equipment/890ae486642e979b/assets/currency_wars_equipment_icons/currency_wars_equipment_067.png","32281","111A5D051A9C8CEEA2486D22098C6F919130418E525D151F6098CE9FA1625389"
"data/raw/4.4/equipment/890ae486642e979b/assets/currency_wars_equipment_icons/currency_wars_equipment_068.png","25438","4204A0B84679223ECF29A6CA036E6AA95957CF6CD33512C64E55E6AE576DBB2E"
"data/raw/4.4/equipment/890ae486642e979b/assets/currency_wars_equipment_icons/currency_wars_equipment_069.png","33094","F61A5944C98C2E3D9DB314585345C0E673DF145DE7CE9BA27CEA447C8D9D2220"
"data/raw/4.4/equipment/890ae486642e979b/assets/currency_wars_equipment_icons/currency_wars_equipment_070.png","29134","88A4334EC2C83711532325576281581F338B1B709B968407B0C90458CF2B63B8"
"data/raw/4.4/equipment/890ae486642e979b/assets/currency_wars_equipment_icons/currency_wars_equipment_071.png","32555","4A5F98D5703C2F8EC46DD348A41161178EF6976EA790711CC3BEF4331708EC47"
"data/raw/4.4/equipment/890ae486642e979b/assets/currency_wars_equipment_icons/currency_wars_equipment_072.png","29438","0E381740B644F074D8D57A640343A5197BBA7C3469149F96C7D6BAE8EA2D124B"
"data/raw/4.4/equipment/890ae486642e979b/assets/currency_wars_equipment_icons/currency_wars_equipment_073.png","31837","BC53B2F878F643CE96519B04075F5E3D9301249E8C703DBEAFC2C83098710FEA"
"data/raw/4.4/equipment/890ae486642e979b/assets/currency_wars_equipment_icons/currency_wars_equipment_074.png","30024","B7715DDB5C9DEA4D24897D8F80A1C790C272CE6CBFA1AB336A6078C379B610D2"
"data/raw/4.4/equipment/890ae486642e979b/assets/currency_wars_equipment_icons/currency_wars_equipment_075.png","25775","A7992E1A9BC95462F233D13AD4619571C80B69E62DDCA7F14275F4ABD006EA90"
"data/raw/4.4/equipment/890ae486642e979b/assets/currency_wars_equipment_icons/currency_wars_equipment_076.png","34365","4F0536A5DF57DBB1FD94FA4688A2DA232F7E20347F9810AD0D3633404917EAAC"
"data/raw/4.4/equipment/890ae486642e979b/assets/currency_wars_equipment_icons/currency_wars_equipment_077.png","34741","33121AB041DF3A0573FB638F4687C2DABD116E0BA6F4AE08D6A0839D25AFFE9C"
"data/raw/4.4/equipment/890ae486642e979b/assets/currency_wars_equipment_icons/currency_wars_equipment_078.png","32726","5468037F10A03DB79DB0FF7FD5C64DE648CC4A5E9459279826D25A2E9D083302"
"data/raw/4.4/equipment/890ae486642e979b/assets/currency_wars_equipment_icons/currency_wars_equipment_079.png","26340","057093A212C7DC7196A410CD1FAE91FEC7BD4E34113EA1FFE0FD38573350DC11"
"data/raw/4.4/equipment/890ae486642e979b/assets/currency_wars_equipment_icons/currency_wars_equipment_080.png","33526","EF05EF9C99143308D34121776F49B584F899A13AFFF12BC3D8AE58C6ACAC8898"
"data/raw/4.4/equipment/890ae486642e979b/assets/currency_wars_equipment_icons/currency_wars_equipment_081.png","31824","014EF547BCA716049301E771BB5F9FF025777D31210818901237269F6872A98B"
"data/raw/4.4/equipment/890ae486642e979b/assets/currency_wars_equipment_icons/currency_wars_equipment_082.png","24563","41503631A9126CB5EFF4A7386E577541E7A29C980222264E131FEBF96517B31B"
"data/raw/4.4/equipment/890ae486642e979b/assets/currency_wars_equipment_icons/currency_wars_equipment_083.png","30328","68BB0C44F85D14E6D41ADA9323292B90C02ACD6FF956315E456B912F73C8BF4E"
"data/raw/4.4/equipment/890ae486642e979b/assets/currency_wars_equipment_icons/currency_wars_equipment_084.png","25537","89A8842BEF4CD82A65C23CCC24C11539B90BD4C9F3245E3D46D5238E1C1F7999"
"data/raw/4.4/equipment/890ae486642e979b/assets/currency_wars_equipment_icons/currency_wars_equipment_085.png","23266","7D996184F8090BD7A0BB79699810F2A9E1CDEBD52FDE7ED2CF34EC7E8E6D143C"
"data/raw/4.4/equipment/890ae486642e979b/assets/currency_wars_equipment_icons/currency_wars_equipment_086.png","25733","1E13D90DC6590245DF3AA2DF61285035F1A37D311DBA5770E7588E4D5E9543CB"
"data/raw/4.4/equipment/890ae486642e979b/assets/currency_wars_equipment_icons/currency_wars_equipment_087.png","35177","0111479A0CCB4585CCB931ACBAAB0E9771877936A5CE7AE10850242A446E0CB9"
"data/raw/4.4/equipment/890ae486642e979b/assets/currency_wars_equipment_icons/currency_wars_equipment_088.png","31189","56BEA7098D3578A24612068268E277F53E143B1AA23AC0D32DF8AFADCA76C09E"
"data/raw/4.4/equipment/890ae486642e979b/assets/currency_wars_equipment_icons/currency_wars_equipment_089.png","23578","4C7F19FA94A7B2845A067E086A52874E66CD3F35FFB3533A14B142DD475FB782"
"data/raw/4.4/equipment/890ae486642e979b/assets/currency_wars_equipment_icons/currency_wars_equipment_090.png","31526","E6A8ADCD7331B1036186A76B3190CD5746B58D89E84E5A6AA07A25860B760EB2"
"data/raw/4.4/equipment/890ae486642e979b/assets/currency_wars_equipment_icons/currency_wars_equipment_091.png","32541","8558D839F989CFECE0189CE7007C88F6DEB48C685F9CFB48FA717F2E85273CC9"
"data/raw/4.4/equipment/890ae486642e979b/assets/currency_wars_equipment_icons/currency_wars_equipment_092.png","29689","359B80002377CF9ECEC3020DB298D7DD3210DD5A6041DA94304099DA2F042D58"
"data/raw/4.4/equipment/890ae486642e979b/assets/currency_wars_equipment_icons/currency_wars_equipment_093.png","32182","D56460779D29BC6F8E2169276F523F28C6E341CE95AA0905C903BD5E8CF415F5"
"data/raw/4.4/equipment/890ae486642e979b/assets/currency_wars_equipment_icons/currency_wars_equipment_094.png","27496","4ED72AE50D0FE4BADC8ED4AA14681EDE39657BBC080E4BC89BC2D18D90F145A3"
"data/raw/4.4/equipment/890ae486642e979b/assets/currency_wars_equipment_icons/currency_wars_equipment_095.png","36000","99B3ABC3F7A8173DB5ACCAD10CBC62CF4DCE5EA3FEC2ED23E2D5F8F57C3EC898"
"data/raw/4.4/equipment/890ae486642e979b/assets/currency_wars_equipment_icons/currency_wars_equipment_096.png","29210","FE7118A0D80B31261CC4D653850BC491820B4C1BE3BA1DEDF59A73CDF8EB8618"
"data/raw/4.4/equipment/890ae486642e979b/assets/currency_wars_equipment_icons/currency_wars_equipment_097.png","32644","CEB9C15BD35A9524343FEC674B485FC4C2695D6BC659A7A2EC311D65E9C4E78E"
"data/raw/4.4/equipment/890ae486642e979b/assets/currency_wars_equipment_icons/currency_wars_equipment_098.png","31931","141D508A6FDEF1B32355695AAE4CE660CE2AB31DDD97F7A353192992FC7B6C83"
"data/raw/4.4/equipment/890ae486642e979b/assets/currency_wars_equipment_icons/currency_wars_equipment_099.png","31190","B0ADF69DDDD5D0A23FDD0FEA212C0B83A830ED01A268FBDDDCC3F9825BFBC7A5"
"data/raw/4.4/equipment/890ae486642e979b/assets/currency_wars_equipment_icons/currency_wars_equipment_100.png","29300","F521D20BC46C8E46893FA4EBED01E15FDC6732E627607EAAF062680CAD852B7B"
"data/raw/4.4/equipment/890ae486642e979b/assets/currency_wars_equipment_icons/currency_wars_equipment_101.png","31263","4C8EAE7C74F190FA5C1FD125F6EDCF48BF821F2363F91E4AB6774E0FBB20B8B7"
"data/raw/4.4/equipment/890ae486642e979b/assets/currency_wars_equipment_icons/currency_wars_equipment_102.png","34524","93348C2A315F9C98E8161BDA98ADD1B8F30CA312FD1CA69D1B26D466F4DFCC06"
"data/raw/4.4/equipment/890ae486642e979b/assets/currency_wars_equipment_icons/currency_wars_equipment_103.png","32428","20F77F28E219C512CC588F109F488B5EA091DA115A8A98AD2968ABFC39B6EA7E"
"data/raw/4.4/equipment/890ae486642e979b/assets/currency_wars_equipment_icons/currency_wars_equipment_104.png","29579","563ED7F4A54407F1B8EE88E837789E264CB59F4CB17DE0460115D5F747796D4B"
"data/raw/4.4/equipment/890ae486642e979b/assets/currency_wars_equipment_icons/currency_wars_equipment_105.png","26355","3F53C178DAA9CE82877B9E7BF4D39F0DCAC781E269E892B800F0551C68D6F548"
"data/raw/4.4/equipment/890ae486642e979b/assets/currency_wars_equipment_icons/currency_wars_equipment_106.png","32281","111A5D051A9C8CEEA2486D22098C6F919130418E525D151F6098CE9FA1625389"
"data/raw/4.4/equipment/890ae486642e979b/assets/currency_wars_equipment_icons/currency_wars_equipment_107.png","25438","4204A0B84679223ECF29A6CA036E6AA95957CF6CD33512C64E55E6AE576DBB2E"
"data/raw/4.4/equipment/890ae486642e979b/assets/currency_wars_equipment_icons/currency_wars_equipment_108.png","33094","F61A5944C98C2E3D9DB314585345C0E673DF145DE7CE9BA27CEA447C8D9D2220"
"data/raw/4.4/equipment/890ae486642e979b/assets/currency_wars_equipment_icons/currency_wars_equipment_109.png","29134","88A4334EC2C83711532325576281581F338B1B709B968407B0C90458CF2B63B8"
"data/raw/4.4/equipment/890ae486642e979b/assets/currency_wars_equipment_icons/currency_wars_equipment_110.png","32555","4A5F98D5703C2F8EC46DD348A41161178EF6976EA790711CC3BEF4331708EC47"
"data/raw/4.4/equipment/890ae486642e979b/assets/currency_wars_equipment_icons/currency_wars_equipment_111.png","29438","0E381740B644F074D8D57A640343A5197BBA7C3469149F96C7D6BAE8EA2D124B"
"data/raw/4.4/equipment/890ae486642e979b/assets/currency_wars_equipment_icons/currency_wars_equipment_112.png","31837","BC53B2F878F643CE96519B04075F5E3D9301249E8C703DBEAFC2C83098710FEA"
"data/raw/4.4/equipment/890ae486642e979b/assets/currency_wars_equipment_icons/currency_wars_equipment_113.png","30024","B7715DDB5C9DEA4D24897D8F80A1C790C272CE6CBFA1AB336A6078C379B610D2"
"data/raw/4.4/equipment/890ae486642e979b/assets/currency_wars_equipment_icons/currency_wars_equipment_114.png","25775","A7992E1A9BC95462F233D13AD4619571C80B69E62DDCA7F14275F4ABD006EA90"
"data/raw/4.4/equipment/890ae486642e979b/assets/currency_wars_equipment_icons/currency_wars_equipment_115.png","34365","4F0536A5DF57DBB1FD94FA4688A2DA232F7E20347F9810AD0D3633404917EAAC"
"data/raw/4.4/equipment/890ae486642e979b/assets/currency_wars_equipment_icons/currency_wars_equipment_116.png","34741","33121AB041DF3A0573FB638F4687C2DABD116E0BA6F4AE08D6A0839D25AFFE9C"
"data/raw/4.4/equipment/890ae486642e979b/assets/currency_wars_equipment_icons/currency_wars_equipment_117.png","32726","5468037F10A03DB79DB0FF7FD5C64DE648CC4A5E9459279826D25A2E9D083302"
"data/raw/4.4/equipment/890ae486642e979b/assets/currency_wars_equipment_icons/currency_wars_equipment_118.png","26340","057093A212C7DC7196A410CD1FAE91FEC7BD4E34113EA1FFE0FD38573350DC11"
"data/raw/4.4/equipment/890ae486642e979b/assets/currency_wars_equipment_icons/currency_wars_equipment_119.png","33526","EF05EF9C99143308D34121776F49B584F899A13AFFF12BC3D8AE58C6ACAC8898"
"data/raw/4.4/equipment/890ae486642e979b/assets/currency_wars_equipment_icons/currency_wars_equipment_120.png","31824","014EF547BCA716049301E771BB5F9FF025777D31210818901237269F6872A98B"
"data/raw/4.4/equipment/890ae486642e979b/assets/currency_wars_equipment_icons/currency_wars_equipment_121.png","24563","41503631A9126CB5EFF4A7386E577541E7A29C980222264E131FEBF96517B31B"
"data/raw/4.4/equipment/890ae486642e979b/assets/currency_wars_equipment_icons/currency_wars_equipment_122.png","30328","68BB0C44F85D14E6D41ADA9323292B90C02ACD6FF956315E456B912F73C8BF4E"
"data/raw/4.4/equipment/890ae486642e979b/assets/currency_wars_equipment_icons/currency_wars_equipment_123.png","27148","38A5E8C5F8A6501E4F39D29F089F8285F6C436DA2E3565EFB22EBB032FC10EAD"
"data/raw/4.4/equipment/890ae486642e979b/assets/currency_wars_equipment_icons/currency_wars_equipment_124.png","25846","2869B5B66D622304F025A8128BEEA24990F68ECE240482A1765A59A6301E70B3"
"data/raw/4.4/equipment/890ae486642e979b/assets/currency_wars_equipment_icons/currency_wars_equipment_125.png","25909","AA71050E1B417B0FD8E55512FBBC3A97D5CF5C0B53D8B92FFCA2F775C3A8E688"
"data/raw/4.4/equipment/890ae486642e979b/assets/currency_wars_equipment_icons/currency_wars_equipment_126.png","26082","C16BCFCF474563DC9990B04FE05763AFF710C3D8FAED01B11ADC4DDF9D2410BC"
"data/raw/4.4/equipment/890ae486642e979b/assets/currency_wars_equipment_icons/currency_wars_equipment_127.png","26680","DCCF11FDB09F71F7F570F079CFD58863FD7757DAD39BDBA3FF03EEE4349C0C56"
"data/raw/4.4/equipment/890ae486642e979b/assets/currency_wars_equipment_icons/currency_wars_equipment_128.png","26614","9F2A9834BCD8371C975A437B2B5CF1152563AAD16093868017F4F7F19489E37C"
"data/raw/4.4/equipment/890ae486642e979b/assets/currency_wars_equipment_icons/currency_wars_equipment_129.png","27034","710A48B9C446D50C60FC386E373A1C3CF25FDF4EE5E547C2F4FB31369D7B81D3"
"data/raw/4.4/equipment/890ae486642e979b/assets/currency_wars_equipment_icons/currency_wars_equipment_130.png","25578","81B1786CFD6E9B9E549D6A6B7323DC02E6D40A3B3CA7A85315D3FAAEB5E029B7"
"data/raw/4.4/equipment/890ae486642e979b/assets/currency_wars_equipment_icons/currency_wars_equipment_131.png","25394","7DAE9E939AC94F2C746ECA6DE9BD3728FBE82FF62EB553D39216AF4088141975"
"data/raw/4.4/equipment/890ae486642e979b/assets/currency_wars_equipment_icons/currency_wars_equipment_132.png","27178","585A2587813F1F4BFD773E2130ED0CA0B8DE2F02290F404AD95BBBE11E929B10"
"data/raw/4.4/equipment/890ae486642e979b/assets/currency_wars_equipment_icons/currency_wars_equipment_133.png","25113","870F1BE4B0C3E3E61E4E5B81F1664A50B5A6198641651097EA723BFA39E74415"
"data/raw/4.4/equipment/890ae486642e979b/assets/currency_wars_equipment_icons/currency_wars_equipment_134.png","26933","8AF9217D459CEB46087DD63761C0FD1BB201B2EFB4F7C258C58AB2A8A1FC5428"
"data/raw/4.4/equipment/890ae486642e979b/assets/currency_wars_equipment_icons/currency_wars_equipment_135.png","24888","BC44EEE255BB1D4F622FFB9BBE1DA30F5B6B594DDF60C3A72E885736878C24D8"
"data/raw/4.4/equipment/890ae486642e979b/assets/currency_wars_equipment_icons/currency_wars_equipment_136.png","27559","725F266EA49995EE8F41806EC5CF20B7C3A0BC0CA8CD50D083022D166B3AA3CC"
"data/raw/4.4/equipment/890ae486642e979b/assets/currency_wars_equipment_icons/currency_wars_equipment_137.png","24766","9BBEB50DAF0A95E2CE786C53F82303D2D40AD7BC3EEFD9653F701867F922AACF"
"data/raw/4.4/equipment/890ae486642e979b/assets/currency_wars_equipment_icons/currency_wars_equipment_138.png","26359","8003530A04476B75315BDA28E9874C06A97FAEF18906C0FE57E11954930445F5"
"data/raw/4.4/equipment/890ae486642e979b/assets/currency_wars_equipment_icons/currency_wars_equipment_139.png","26370","97668B0024B2FE93B402593EDC60FE012573248CCD6C6D0197ABBD00317C7647"
"data/raw/4.4/equipment/890ae486642e979b/assets/currency_wars_equipment_icons/currency_wars_equipment_140.png","25558","6BF18D593F86E4963B0AC3862024E6A45424DB064E41A5FE8DC55CB91F7DEC5F"
"data/raw/4.4/equipment/890ae486642e979b/assets/currency_wars_equipment_icons/currency_wars_equipment_141.png","25965","665CBD400C31A3FC7C53968301BBEE428275924775D69D0848D631924C94C4CD"
"data/raw/4.4/equipment/890ae486642e979b/assets/currency_wars_equipment_icons/currency_wars_equipment_142.png","25361","CEA8385B73E582E4C3CE4889FDC34EE4BDEF30E897E43D077FC9F751015B2CA2"
"data/raw/4.4/equipment/890ae486642e979b/assets/currency_wars_equipment_icons/currency_wars_equipment_143.png","31526","E6A8ADCD7331B1036186A76B3190CD5746B58D89E84E5A6AA07A25860B760EB2"
"data/raw/4.4/equipment/890ae486642e979b/assets/currency_wars_equipment_icons/currency_wars_equipment_144.png","31190","B0ADF69DDDD5D0A23FDD0FEA212C0B83A830ED01A268FBDDDCC3F9825BFBC7A5"
"data/raw/4.4/equipment/890ae486642e979b/assets/currency_wars_equipment_icons/currency_wars_equipment_145.png","34524","93348C2A315F9C98E8161BDA98ADD1B8F30CA312FD1CA69D1B26D466F4DFCC06"
"data/raw/4.4/equipment/890ae486642e979b/assets/currency_wars_equipment_icons/currency_wars_equipment_146.png","31526","E6A8ADCD7331B1036186A76B3190CD5746B58D89E84E5A6AA07A25860B760EB2"
"data/raw/4.4/equipment/890ae486642e979b/assets/currency_wars_equipment_icons/currency_wars_equipment_147.png","31190","B0ADF69DDDD5D0A23FDD0FEA212C0B83A830ED01A268FBDDDCC3F9825BFBC7A5"
"data/raw/4.4/equipment/890ae486642e979b/assets/currency_wars_equipment_icons/currency_wars_equipment_148.png","34524","93348C2A315F9C98E8161BDA98ADD1B8F30CA312FD1CA69D1B26D466F4DFCC06"
"data/raw/4.4/equipment/890ae486642e979b/assets/currency_wars_equipment_icons/currency_wars_equipment_149.png","31684","52909DE2E822053C674356B2F226E42EC3431C9352FACFABEE595F226B0FB0D2"
"data/raw/4.4/equipment/890ae486642e979b/assets/currency_wars_equipment_icons/currency_wars_equipment_150.png","21516","47AB81A776419EBFBF96B932D1478C479722741510867F78D6185AF939C1D524"
"data/raw/4.4/equipment/890ae486642e979b/assets/currency_wars_equipment_icons/currency_wars_equipment_151.png","29452","16A3B61D5EA6814E5356616D975DC92138DD7CAA538D2C7D8107615ACF9666B7"
"data/raw/4.4/equipment/890ae486642e979b/assets/currency_wars_equipment_icons/currency_wars_equipment_152.png","25723","A26C1FAD95D900395C1970AF71CB8E27EF8CB33E813612F8B95688E1597ADCC8"
"data/raw/4.4/equipment/890ae486642e979b/assets/currency_wars_equipment_icons/currency_wars_equipment_153.png","23025","9844590643C43AC6F7FAFC0D4C46F0139FA14587939C1B4A1179756FB930D083"
"data/raw/4.4/equipment/890ae486642e979b/assets/currency_wars_equipment_icons/currency_wars_equipment_154.png","30878","4EF96AFDD43945D75018892980415B2C408C8C6E6CB8146B47590A7024835655"
"data/raw/4.4/equipment/890ae486642e979b/assets/currency_wars_equipment_icons/currency_wars_equipment_155.png","28657","EEF0A6E2130743FF0573605B704486F6302E6CD69CE21A34696B29501EE3DA40"
"data/raw/4.4/equipment/890ae486642e979b/assets/currency_wars_equipment_icons/currency_wars_equipment_156.png","66998","711860952E82F3E60ADE4DC4C1BAB8CA671AD4E6BF29B651240A81EE20041448"
"data/raw/4.4/equipment/890ae486642e979b/assets/currency_wars_equipment_icons/currency_wars_equipment_157.png","64322","A71AAABF88D868E61717A8A8A855A11E9EC2A93CBB19B197F3CD5A113DB39D7D"
"data/raw/4.4/equipment/890ae486642e979b/assets/currency_wars_equipment_icons/currency_wars_equipment_158.png","73683","9BA802BAA6DDBAC5A2350D9193E4CA9E989C507BD87610612A1A506E7E1BF1CB"
"data/raw/4.4/equipment/890ae486642e979b/assets/currency_wars_equipment_icons/currency_wars_equipment_159.png","79028","A53C1EC7A89554E14C61BA004AA0B670BC79F14111E74FF11A37CF8CE3396359"
"data/raw/4.4/equipment/890ae486642e979b/icon-manifest.json","76221","BD7F6426E4A091627117EC0B8483F1834804A3103837F22110F39A7EC45A3DA7"
"data/raw/4.4/equipment/890ae486642e979b/package.json","651","3B30F759E2C7A349357D91B76C77073A2D3812B9A5D00CE4E660184DD8AE9D22"
"data/raw/4.4/equipment/890ae486642e979b/records.json","307346","06E2A3D821429CCC2B305310B9F6F3F657B6FEA3600B4C11A741A7D3CF60DDD3"
"data/runtime/1.0.0/4.4/equipment/assets/currency_wars_equipment_icons/currency_wars_equipment_001.png","27950","501478D2B05CFDB8B55FF859D64F074347885803BB1A6D62CF79A2463E536DD0"
"data/runtime/1.0.0/4.4/equipment/assets/currency_wars_equipment_icons/currency_wars_equipment_002.png","33508","9C8BAFB41CC081B61811196AD180DCE749B04C54725FDE5D09A3AB0766741780"
"data/runtime/1.0.0/4.4/equipment/assets/currency_wars_equipment_icons/currency_wars_equipment_003.png","33508","9C8BAFB41CC081B61811196AD180DCE749B04C54725FDE5D09A3AB0766741780"
"data/runtime/1.0.0/4.4/equipment/assets/currency_wars_equipment_icons/currency_wars_equipment_004.png","32624","CC6F1DC7A6BCA0646026AF6139C43C658E6182FBD686040F58DCD24DE89D2963"
"data/runtime/1.0.0/4.4/equipment/assets/currency_wars_equipment_icons/currency_wars_equipment_005.png","26921","01B3A550D1AB3F78D27BA856E15C50A3C05C399F9A281AE4AD7352DCED994F0F"
"data/runtime/1.0.0/4.4/equipment/assets/currency_wars_equipment_icons/currency_wars_equipment_006.png","31431","8ACF2CD30D8767F494C80A77D6B34DF19BDE721EDDCBDDDFCF4002161122E1CA"
"data/runtime/1.0.0/4.4/equipment/assets/currency_wars_equipment_icons/currency_wars_equipment_007.png","32624","CC6F1DC7A6BCA0646026AF6139C43C658E6182FBD686040F58DCD24DE89D2963"
"data/runtime/1.0.0/4.4/equipment/assets/currency_wars_equipment_icons/currency_wars_equipment_008.png","26921","01B3A550D1AB3F78D27BA856E15C50A3C05C399F9A281AE4AD7352DCED994F0F"
"data/runtime/1.0.0/4.4/equipment/assets/currency_wars_equipment_icons/currency_wars_equipment_009.png","31431","8ACF2CD30D8767F494C80A77D6B34DF19BDE721EDDCBDDDFCF4002161122E1CA"
"data/runtime/1.0.0/4.4/equipment/assets/currency_wars_equipment_icons/currency_wars_equipment_010.png","30646","F3BED270B62A20EE5B4FD20767F8490872A12D701BDBD3F86783FBDF0128FB20"
"data/runtime/1.0.0/4.4/equipment/assets/currency_wars_equipment_icons/currency_wars_equipment_011.png","29153","B76CF23E2E2A70F706B61150374FEC2A60F2282F18256467D1D8D90591B0A531"
"data/runtime/1.0.0/4.4/equipment/assets/currency_wars_equipment_icons/currency_wars_equipment_012.png","32913","492D69C4B540DC8354045387B84D3A94FF655C20F3ACD373BE398708BD4D85D9"
"data/runtime/1.0.0/4.4/equipment/assets/currency_wars_equipment_icons/currency_wars_equipment_013.png","33508","9C8BAFB41CC081B61811196AD180DCE749B04C54725FDE5D09A3AB0766741780"
"data/runtime/1.0.0/4.4/equipment/assets/currency_wars_equipment_icons/currency_wars_equipment_014.png","32624","CC6F1DC7A6BCA0646026AF6139C43C658E6182FBD686040F58DCD24DE89D2963"
"data/runtime/1.0.0/4.4/equipment/assets/currency_wars_equipment_icons/currency_wars_equipment_015.png","26921","01B3A550D1AB3F78D27BA856E15C50A3C05C399F9A281AE4AD7352DCED994F0F"
"data/runtime/1.0.0/4.4/equipment/assets/currency_wars_equipment_icons/currency_wars_equipment_016.png","31431","8ACF2CD30D8767F494C80A77D6B34DF19BDE721EDDCBDDDFCF4002161122E1CA"
"data/runtime/1.0.0/4.4/equipment/assets/currency_wars_equipment_icons/currency_wars_equipment_017.png","30646","F3BED270B62A20EE5B4FD20767F8490872A12D701BDBD3F86783FBDF0128FB20"
"data/runtime/1.0.0/4.4/equipment/assets/currency_wars_equipment_icons/currency_wars_equipment_020.png","30646","F3BED270B62A20EE5B4FD20767F8490872A12D701BDBD3F86783FBDF0128FB20"
"data/runtime/1.0.0/4.4/equipment/assets/currency_wars_equipment_icons/currency_wars_equipment_021.png","33358","5790F420123A8C5C13F73666891D70BC7384C7061D990ECBC7071D6EBB073F12"
"data/runtime/1.0.0/4.4/equipment/assets/currency_wars_equipment_icons/currency_wars_equipment_022.png","26569","F0441E17CE30349F9454DC72C5730E631A70843499C9B1692D410783A8B914EA"
"data/runtime/1.0.0/4.4/equipment/assets/currency_wars_equipment_icons/currency_wars_equipment_023.png","26569","F0441E17CE30349F9454DC72C5730E631A70843499C9B1692D410783A8B914EA"
"data/runtime/1.0.0/4.4/equipment/assets/currency_wars_equipment_icons/currency_wars_equipment_024.png","22471","A1CB19AC93CDCDEFE2CF4D4F98E32770F1B60E047B33A25E9E2DAEE54912419C"
"data/runtime/1.0.0/4.4/equipment/assets/currency_wars_equipment_icons/currency_wars_equipment_025.png","22471","A1CB19AC93CDCDEFE2CF4D4F98E32770F1B60E047B33A25E9E2DAEE54912419C"
"data/runtime/1.0.0/4.4/equipment/assets/currency_wars_equipment_icons/currency_wars_equipment_026.png","22471","A1CB19AC93CDCDEFE2CF4D4F98E32770F1B60E047B33A25E9E2DAEE54912419C"
"data/runtime/1.0.0/4.4/equipment/assets/currency_wars_equipment_icons/currency_wars_equipment_027.png","31237","9EF6D5AF3970DD9023021AC532D72A3A1A3C57B97507A99B432677BE3635B4AF"
"data/runtime/1.0.0/4.4/equipment/assets/currency_wars_equipment_icons/currency_wars_equipment_028.png","31237","9EF6D5AF3970DD9023021AC532D72A3A1A3C57B97507A99B432677BE3635B4AF"
"data/runtime/1.0.0/4.4/equipment/assets/currency_wars_equipment_icons/currency_wars_equipment_029.png","31237","9EF6D5AF3970DD9023021AC532D72A3A1A3C57B97507A99B432677BE3635B4AF"
"data/runtime/1.0.0/4.4/equipment/assets/currency_wars_equipment_icons/currency_wars_equipment_030.png","28923","5E7CFA755E8919353448B176967365876C4748DCA06FD6C1E0AE66E899032788"
"data/runtime/1.0.0/4.4/equipment/assets/currency_wars_equipment_icons/currency_wars_equipment_031.png","28923","5E7CFA755E8919353448B176967365876C4748DCA06FD6C1E0AE66E899032788"
"data/runtime/1.0.0/4.4/equipment/assets/currency_wars_equipment_icons/currency_wars_equipment_032.png","30570","41BF730530558F7FFE3C31ADC6C4AECA06AB97BC495B8E372D7482642FBB4C53"
"data/runtime/1.0.0/4.4/equipment/assets/currency_wars_equipment_icons/currency_wars_equipment_033.png","30570","41BF730530558F7FFE3C31ADC6C4AECA06AB97BC495B8E372D7482642FBB4C53"
"data/runtime/1.0.0/4.4/equipment/assets/currency_wars_equipment_icons/currency_wars_equipment_034.png","30116","0DFF01418203EF0B8953F58EA464DAA675E1F7DCF15D3E8F7A1862DEA70D1D07"
"data/runtime/1.0.0/4.4/equipment/assets/currency_wars_equipment_icons/currency_wars_equipment_035.png","30116","0DFF01418203EF0B8953F58EA464DAA675E1F7DCF15D3E8F7A1862DEA70D1D07"
"data/runtime/1.0.0/4.4/equipment/assets/currency_wars_equipment_icons/currency_wars_equipment_036.png","31045","7F1683113B9E41CDA1A63B4E538B1281CD1DA09CE3952C5693E0EBBA607626EE"
"data/runtime/1.0.0/4.4/equipment/assets/currency_wars_equipment_icons/currency_wars_equipment_037.png","32843","5BAC56504B1DB84AE69062E3ECD70D19A3B66D62BAE4054DE1F2E407624032FD"
"data/runtime/1.0.0/4.4/equipment/assets/currency_wars_equipment_icons/currency_wars_equipment_038.png","25685","DCFF06368995FD6CA429B87F3885C8D6DB241FBCD9492DDB245E9BA6B828E98F"
"data/runtime/1.0.0/4.4/equipment/assets/currency_wars_equipment_icons/currency_wars_equipment_039.png","29806","B8999031CAC93715AF548D29AEAE29006FD0CCB2D993F830593DC9D2F3099E49"
"data/runtime/1.0.0/4.4/equipment/assets/currency_wars_equipment_icons/currency_wars_equipment_040.png","13641","3BF2828AF7D7DDB7FC4DD7EC056806D1E4C0B52088BE0C8ED5F43047B70DE715"
"data/runtime/1.0.0/4.4/equipment/assets/currency_wars_equipment_icons/currency_wars_equipment_041.png","14421","9F391D51343B6FBDEB159B5832D4013412170DF6DD49F2D4F407E54E9F7F0013"
"data/runtime/1.0.0/4.4/equipment/assets/currency_wars_equipment_icons/currency_wars_equipment_042.png","16206","7FE80889EFEA95EEA2445FAADC74748AA5C236BAD00ED96E1111D6B91B03EB09"
"data/runtime/1.0.0/4.4/equipment/assets/currency_wars_equipment_icons/currency_wars_equipment_043.png","13879","0F48B0A0F9FB6045A0C9F0955416A0016E9484E2EF46F3E1F61D84B604019BF7"
"data/runtime/1.0.0/4.4/equipment/assets/currency_wars_equipment_icons/currency_wars_equipment_044.png","11910","A9E3C2BE6EAEF07306123FD11A9C326D182A8D7DDEBCEA7B06489B2783C18DE4"
"data/runtime/1.0.0/4.4/equipment/assets/currency_wars_equipment_icons/currency_wars_equipment_045.png","19244","08498D5F24560DE057CF968027C9DCCF579E81BCF04CD8EFB03806BDA74E0A62"
"data/runtime/1.0.0/4.4/equipment/assets/currency_wars_equipment_icons/currency_wars_equipment_046.png","18603","35E375357EDAF3CDBE3FD7D57989BF4302350FF428CE1D2160A2C555A94D67B1"
"data/runtime/1.0.0/4.4/equipment/assets/currency_wars_equipment_icons/currency_wars_equipment_047.png","14406","C261F505B9F0B395CF89838F153C4F073DECDB3EC3076A78F9FB12DEF099D56F"
"data/runtime/1.0.0/4.4/equipment/assets/currency_wars_equipment_icons/currency_wars_equipment_048.png","35177","0111479A0CCB4585CCB931ACBAAB0E9771877936A5CE7AE10850242A446E0CB9"
"data/runtime/1.0.0/4.4/equipment/assets/currency_wars_equipment_icons/currency_wars_equipment_049.png","31189","56BEA7098D3578A24612068268E277F53E143B1AA23AC0D32DF8AFADCA76C09E"
"data/runtime/1.0.0/4.4/equipment/assets/currency_wars_equipment_icons/currency_wars_equipment_050.png","23578","4C7F19FA94A7B2845A067E086A52874E66CD3F35FFB3533A14B142DD475FB782"
"data/runtime/1.0.0/4.4/equipment/assets/currency_wars_equipment_icons/currency_wars_equipment_051.png","31526","E6A8ADCD7331B1036186A76B3190CD5746B58D89E84E5A6AA07A25860B760EB2"
"data/runtime/1.0.0/4.4/equipment/assets/currency_wars_equipment_icons/currency_wars_equipment_052.png","32541","8558D839F989CFECE0189CE7007C88F6DEB48C685F9CFB48FA717F2E85273CC9"
"data/runtime/1.0.0/4.4/equipment/assets/currency_wars_equipment_icons/currency_wars_equipment_053.png","29689","359B80002377CF9ECEC3020DB298D7DD3210DD5A6041DA94304099DA2F042D58"
"data/runtime/1.0.0/4.4/equipment/assets/currency_wars_equipment_icons/currency_wars_equipment_054.png","32182","D56460779D29BC6F8E2169276F523F28C6E341CE95AA0905C903BD5E8CF415F5"
"data/runtime/1.0.0/4.4/equipment/assets/currency_wars_equipment_icons/currency_wars_equipment_055.png","27496","4ED72AE50D0FE4BADC8ED4AA14681EDE39657BBC080E4BC89BC2D18D90F145A3"
"data/runtime/1.0.0/4.4/equipment/assets/currency_wars_equipment_icons/currency_wars_equipment_056.png","36000","99B3ABC3F7A8173DB5ACCAD10CBC62CF4DCE5EA3FEC2ED23E2D5F8F57C3EC898"
"data/runtime/1.0.0/4.4/equipment/assets/currency_wars_equipment_icons/currency_wars_equipment_057.png","29210","FE7118A0D80B31261CC4D653850BC491820B4C1BE3BA1DEDF59A73CDF8EB8618"
"data/runtime/1.0.0/4.4/equipment/assets/currency_wars_equipment_icons/currency_wars_equipment_058.png","32644","CEB9C15BD35A9524343FEC674B485FC4C2695D6BC659A7A2EC311D65E9C4E78E"
"data/runtime/1.0.0/4.4/equipment/assets/currency_wars_equipment_icons/currency_wars_equipment_059.png","31931","141D508A6FDEF1B32355695AAE4CE660CE2AB31DDD97F7A353192992FC7B6C83"
"data/runtime/1.0.0/4.4/equipment/assets/currency_wars_equipment_icons/currency_wars_equipment_060.png","31190","B0ADF69DDDD5D0A23FDD0FEA212C0B83A830ED01A268FBDDDCC3F9825BFBC7A5"
"data/runtime/1.0.0/4.4/equipment/assets/currency_wars_equipment_icons/currency_wars_equipment_061.png","29300","F521D20BC46C8E46893FA4EBED01E15FDC6732E627607EAAF062680CAD852B7B"
"data/runtime/1.0.0/4.4/equipment/assets/currency_wars_equipment_icons/currency_wars_equipment_062.png","31263","4C8EAE7C74F190FA5C1FD125F6EDCF48BF821F2363F91E4AB6774E0FBB20B8B7"
"data/runtime/1.0.0/4.4/equipment/assets/currency_wars_equipment_icons/currency_wars_equipment_063.png","34524","93348C2A315F9C98E8161BDA98ADD1B8F30CA312FD1CA69D1B26D466F4DFCC06"
"data/runtime/1.0.0/4.4/equipment/assets/currency_wars_equipment_icons/currency_wars_equipment_064.png","32428","20F77F28E219C512CC588F109F488B5EA091DA115A8A98AD2968ABFC39B6EA7E"
"data/runtime/1.0.0/4.4/equipment/assets/currency_wars_equipment_icons/currency_wars_equipment_065.png","29579","563ED7F4A54407F1B8EE88E837789E264CB59F4CB17DE0460115D5F747796D4B"
"data/runtime/1.0.0/4.4/equipment/assets/currency_wars_equipment_icons/currency_wars_equipment_066.png","26355","3F53C178DAA9CE82877B9E7BF4D39F0DCAC781E269E892B800F0551C68D6F548"
"data/runtime/1.0.0/4.4/equipment/assets/currency_wars_equipment_icons/currency_wars_equipment_067.png","32281","111A5D051A9C8CEEA2486D22098C6F919130418E525D151F6098CE9FA1625389"
"data/runtime/1.0.0/4.4/equipment/assets/currency_wars_equipment_icons/currency_wars_equipment_068.png","25438","4204A0B84679223ECF29A6CA036E6AA95957CF6CD33512C64E55E6AE576DBB2E"
"data/runtime/1.0.0/4.4/equipment/assets/currency_wars_equipment_icons/currency_wars_equipment_069.png","33094","F61A5944C98C2E3D9DB314585345C0E673DF145DE7CE9BA27CEA447C8D9D2220"
"data/runtime/1.0.0/4.4/equipment/assets/currency_wars_equipment_icons/currency_wars_equipment_070.png","29134","88A4334EC2C83711532325576281581F338B1B709B968407B0C90458CF2B63B8"
"data/runtime/1.0.0/4.4/equipment/assets/currency_wars_equipment_icons/currency_wars_equipment_071.png","32555","4A5F98D5703C2F8EC46DD348A41161178EF6976EA790711CC3BEF4331708EC47"
"data/runtime/1.0.0/4.4/equipment/assets/currency_wars_equipment_icons/currency_wars_equipment_072.png","29438","0E381740B644F074D8D57A640343A5197BBA7C3469149F96C7D6BAE8EA2D124B"
"data/runtime/1.0.0/4.4/equipment/assets/currency_wars_equipment_icons/currency_wars_equipment_073.png","31837","BC53B2F878F643CE96519B04075F5E3D9301249E8C703DBEAFC2C83098710FEA"
"data/runtime/1.0.0/4.4/equipment/assets/currency_wars_equipment_icons/currency_wars_equipment_074.png","30024","B7715DDB5C9DEA4D24897D8F80A1C790C272CE6CBFA1AB336A6078C379B610D2"
"data/runtime/1.0.0/4.4/equipment/assets/currency_wars_equipment_icons/currency_wars_equipment_075.png","25775","A7992E1A9BC95462F233D13AD4619571C80B69E62DDCA7F14275F4ABD006EA90"
"data/runtime/1.0.0/4.4/equipment/assets/currency_wars_equipment_icons/currency_wars_equipment_076.png","34365","4F0536A5DF57DBB1FD94FA4688A2DA232F7E20347F9810AD0D3633404917EAAC"
"data/runtime/1.0.0/4.4/equipment/assets/currency_wars_equipment_icons/currency_wars_equipment_077.png","34741","33121AB041DF3A0573FB638F4687C2DABD116E0BA6F4AE08D6A0839D25AFFE9C"
"data/runtime/1.0.0/4.4/equipment/assets/currency_wars_equipment_icons/currency_wars_equipment_078.png","32726","5468037F10A03DB79DB0FF7FD5C64DE648CC4A5E9459279826D25A2E9D083302"
"data/runtime/1.0.0/4.4/equipment/assets/currency_wars_equipment_icons/currency_wars_equipment_079.png","26340","057093A212C7DC7196A410CD1FAE91FEC7BD4E34113EA1FFE0FD38573350DC11"
"data/runtime/1.0.0/4.4/equipment/assets/currency_wars_equipment_icons/currency_wars_equipment_080.png","33526","EF05EF9C99143308D34121776F49B584F899A13AFFF12BC3D8AE58C6ACAC8898"
"data/runtime/1.0.0/4.4/equipment/assets/currency_wars_equipment_icons/currency_wars_equipment_081.png","31824","014EF547BCA716049301E771BB5F9FF025777D31210818901237269F6872A98B"
"data/runtime/1.0.0/4.4/equipment/assets/currency_wars_equipment_icons/currency_wars_equipment_082.png","24563","41503631A9126CB5EFF4A7386E577541E7A29C980222264E131FEBF96517B31B"
"data/runtime/1.0.0/4.4/equipment/assets/currency_wars_equipment_icons/currency_wars_equipment_083.png","30328","68BB0C44F85D14E6D41ADA9323292B90C02ACD6FF956315E456B912F73C8BF4E"
"data/runtime/1.0.0/4.4/equipment/assets/currency_wars_equipment_icons/currency_wars_equipment_084.png","25537","89A8842BEF4CD82A65C23CCC24C11539B90BD4C9F3245E3D46D5238E1C1F7999"
"data/runtime/1.0.0/4.4/equipment/assets/currency_wars_equipment_icons/currency_wars_equipment_085.png","23266","7D996184F8090BD7A0BB79699810F2A9E1CDEBD52FDE7ED2CF34EC7E8E6D143C"
"data/runtime/1.0.0/4.4/equipment/assets/currency_wars_equipment_icons/currency_wars_equipment_086.png","25733","1E13D90DC6590245DF3AA2DF61285035F1A37D311DBA5770E7588E4D5E9543CB"
"data/runtime/1.0.0/4.4/equipment/assets/currency_wars_equipment_icons/currency_wars_equipment_087.png","35177","0111479A0CCB4585CCB931ACBAAB0E9771877936A5CE7AE10850242A446E0CB9"
"data/runtime/1.0.0/4.4/equipment/assets/currency_wars_equipment_icons/currency_wars_equipment_088.png","31189","56BEA7098D3578A24612068268E277F53E143B1AA23AC0D32DF8AFADCA76C09E"
"data/runtime/1.0.0/4.4/equipment/assets/currency_wars_equipment_icons/currency_wars_equipment_089.png","23578","4C7F19FA94A7B2845A067E086A52874E66CD3F35FFB3533A14B142DD475FB782"
"data/runtime/1.0.0/4.4/equipment/assets/currency_wars_equipment_icons/currency_wars_equipment_090.png","31526","E6A8ADCD7331B1036186A76B3190CD5746B58D89E84E5A6AA07A25860B760EB2"
"data/runtime/1.0.0/4.4/equipment/assets/currency_wars_equipment_icons/currency_wars_equipment_091.png","32541","8558D839F989CFECE0189CE7007C88F6DEB48C685F9CFB48FA717F2E85273CC9"
"data/runtime/1.0.0/4.4/equipment/assets/currency_wars_equipment_icons/currency_wars_equipment_092.png","29689","359B80002377CF9ECEC3020DB298D7DD3210DD5A6041DA94304099DA2F042D58"
"data/runtime/1.0.0/4.4/equipment/assets/currency_wars_equipment_icons/currency_wars_equipment_093.png","32182","D56460779D29BC6F8E2169276F523F28C6E341CE95AA0905C903BD5E8CF415F5"
"data/runtime/1.0.0/4.4/equipment/assets/currency_wars_equipment_icons/currency_wars_equipment_094.png","27496","4ED72AE50D0FE4BADC8ED4AA14681EDE39657BBC080E4BC89BC2D18D90F145A3"
"data/runtime/1.0.0/4.4/equipment/assets/currency_wars_equipment_icons/currency_wars_equipment_095.png","36000","99B3ABC3F7A8173DB5ACCAD10CBC62CF4DCE5EA3FEC2ED23E2D5F8F57C3EC898"
"data/runtime/1.0.0/4.4/equipment/assets/currency_wars_equipment_icons/currency_wars_equipment_096.png","29210","FE7118A0D80B31261CC4D653850BC491820B4C1BE3BA1DEDF59A73CDF8EB8618"
"data/runtime/1.0.0/4.4/equipment/assets/currency_wars_equipment_icons/currency_wars_equipment_097.png","32644","CEB9C15BD35A9524343FEC674B485FC4C2695D6BC659A7A2EC311D65E9C4E78E"
"data/runtime/1.0.0/4.4/equipment/assets/currency_wars_equipment_icons/currency_wars_equipment_098.png","31931","141D508A6FDEF1B32355695AAE4CE660CE2AB31DDD97F7A353192992FC7B6C83"
"data/runtime/1.0.0/4.4/equipment/assets/currency_wars_equipment_icons/currency_wars_equipment_099.png","31190","B0ADF69DDDD5D0A23FDD0FEA212C0B83A830ED01A268FBDDDCC3F9825BFBC7A5"
"data/runtime/1.0.0/4.4/equipment/assets/currency_wars_equipment_icons/currency_wars_equipment_100.png","29300","F521D20BC46C8E46893FA4EBED01E15FDC6732E627607EAAF062680CAD852B7B"
"data/runtime/1.0.0/4.4/equipment/assets/currency_wars_equipment_icons/currency_wars_equipment_101.png","31263","4C8EAE7C74F190FA5C1FD125F6EDCF48BF821F2363F91E4AB6774E0FBB20B8B7"
"data/runtime/1.0.0/4.4/equipment/assets/currency_wars_equipment_icons/currency_wars_equipment_102.png","34524","93348C2A315F9C98E8161BDA98ADD1B8F30CA312FD1CA69D1B26D466F4DFCC06"
"data/runtime/1.0.0/4.4/equipment/assets/currency_wars_equipment_icons/currency_wars_equipment_103.png","32428","20F77F28E219C512CC588F109F488B5EA091DA115A8A98AD2968ABFC39B6EA7E"
"data/runtime/1.0.0/4.4/equipment/assets/currency_wars_equipment_icons/currency_wars_equipment_104.png","29579","563ED7F4A54407F1B8EE88E837789E264CB59F4CB17DE0460115D5F747796D4B"
"data/runtime/1.0.0/4.4/equipment/assets/currency_wars_equipment_icons/currency_wars_equipment_105.png","26355","3F53C178DAA9CE82877B9E7BF4D39F0DCAC781E269E892B800F0551C68D6F548"
"data/runtime/1.0.0/4.4/equipment/assets/currency_wars_equipment_icons/currency_wars_equipment_106.png","32281","111A5D051A9C8CEEA2486D22098C6F919130418E525D151F6098CE9FA1625389"
"data/runtime/1.0.0/4.4/equipment/assets/currency_wars_equipment_icons/currency_wars_equipment_107.png","25438","4204A0B84679223ECF29A6CA036E6AA95957CF6CD33512C64E55E6AE576DBB2E"
"data/runtime/1.0.0/4.4/equipment/assets/currency_wars_equipment_icons/currency_wars_equipment_108.png","33094","F61A5944C98C2E3D9DB314585345C0E673DF145DE7CE9BA27CEA447C8D9D2220"
"data/runtime/1.0.0/4.4/equipment/assets/currency_wars_equipment_icons/currency_wars_equipment_109.png","29134","88A4334EC2C83711532325576281581F338B1B709B968407B0C90458CF2B63B8"
"data/runtime/1.0.0/4.4/equipment/assets/currency_wars_equipment_icons/currency_wars_equipment_110.png","32555","4A5F98D5703C2F8EC46DD348A41161178EF6976EA790711CC3BEF4331708EC47"
"data/runtime/1.0.0/4.4/equipment/assets/currency_wars_equipment_icons/currency_wars_equipment_111.png","29438","0E381740B644F074D8D57A640343A5197BBA7C3469149F96C7D6BAE8EA2D124B"
"data/runtime/1.0.0/4.4/equipment/assets/currency_wars_equipment_icons/currency_wars_equipment_112.png","31837","BC53B2F878F643CE96519B04075F5E3D9301249E8C703DBEAFC2C83098710FEA"
"data/runtime/1.0.0/4.4/equipment/assets/currency_wars_equipment_icons/currency_wars_equipment_113.png","30024","B7715DDB5C9DEA4D24897D8F80A1C790C272CE6CBFA1AB336A6078C379B610D2"
"data/runtime/1.0.0/4.4/equipment/assets/currency_wars_equipment_icons/currency_wars_equipment_114.png","25775","A7992E1A9BC95462F233D13AD4619571C80B69E62DDCA7F14275F4ABD006EA90"
"data/runtime/1.0.0/4.4/equipment/assets/currency_wars_equipment_icons/currency_wars_equipment_115.png","34365","4F0536A5DF57DBB1FD94FA4688A2DA232F7E20347F9810AD0D3633404917EAAC"
"data/runtime/1.0.0/4.4/equipment/assets/currency_wars_equipment_icons/currency_wars_equipment_116.png","34741","33121AB041DF3A0573FB638F4687C2DABD116E0BA6F4AE08D6A0839D25AFFE9C"
"data/runtime/1.0.0/4.4/equipment/assets/currency_wars_equipment_icons/currency_wars_equipment_117.png","32726","5468037F10A03DB79DB0FF7FD5C64DE648CC4A5E9459279826D25A2E9D083302"
"data/runtime/1.0.0/4.4/equipment/assets/currency_wars_equipment_icons/currency_wars_equipment_118.png","26340","057093A212C7DC7196A410CD1FAE91FEC7BD4E34113EA1FFE0FD38573350DC11"
"data/runtime/1.0.0/4.4/equipment/assets/currency_wars_equipment_icons/currency_wars_equipment_119.png","33526","EF05EF9C99143308D34121776F49B584F899A13AFFF12BC3D8AE58C6ACAC8898"
"data/runtime/1.0.0/4.4/equipment/assets/currency_wars_equipment_icons/currency_wars_equipment_120.png","31824","014EF547BCA716049301E771BB5F9FF025777D31210818901237269F6872A98B"
"data/runtime/1.0.0/4.4/equipment/assets/currency_wars_equipment_icons/currency_wars_equipment_121.png","24563","41503631A9126CB5EFF4A7386E577541E7A29C980222264E131FEBF96517B31B"
"data/runtime/1.0.0/4.4/equipment/assets/currency_wars_equipment_icons/currency_wars_equipment_122.png","30328","68BB0C44F85D14E6D41ADA9323292B90C02ACD6FF956315E456B912F73C8BF4E"
"data/runtime/1.0.0/4.4/equipment/assets/currency_wars_equipment_icons/currency_wars_equipment_123.png","27148","38A5E8C5F8A6501E4F39D29F089F8285F6C436DA2E3565EFB22EBB032FC10EAD"
"data/runtime/1.0.0/4.4/equipment/assets/currency_wars_equipment_icons/currency_wars_equipment_124.png","25846","2869B5B66D622304F025A8128BEEA24990F68ECE240482A1765A59A6301E70B3"
"data/runtime/1.0.0/4.4/equipment/assets/currency_wars_equipment_icons/currency_wars_equipment_125.png","25909","AA71050E1B417B0FD8E55512FBBC3A97D5CF5C0B53D8B92FFCA2F775C3A8E688"
"data/runtime/1.0.0/4.4/equipment/assets/currency_wars_equipment_icons/currency_wars_equipment_126.png","26082","C16BCFCF474563DC9990B04FE05763AFF710C3D8FAED01B11ADC4DDF9D2410BC"
"data/runtime/1.0.0/4.4/equipment/assets/currency_wars_equipment_icons/currency_wars_equipment_127.png","26680","DCCF11FDB09F71F7F570F079CFD58863FD7757DAD39BDBA3FF03EEE4349C0C56"
"data/runtime/1.0.0/4.4/equipment/assets/currency_wars_equipment_icons/currency_wars_equipment_128.png","26614","9F2A9834BCD8371C975A437B2B5CF1152563AAD16093868017F4F7F19489E37C"
"data/runtime/1.0.0/4.4/equipment/assets/currency_wars_equipment_icons/currency_wars_equipment_129.png","27034","710A48B9C446D50C60FC386E373A1C3CF25FDF4EE5E547C2F4FB31369D7B81D3"
"data/runtime/1.0.0/4.4/equipment/assets/currency_wars_equipment_icons/currency_wars_equipment_130.png","25578","81B1786CFD6E9B9E549D6A6B7323DC02E6D40A3B3CA7A85315D3FAAEB5E029B7"
"data/runtime/1.0.0/4.4/equipment/assets/currency_wars_equipment_icons/currency_wars_equipment_131.png","25394","7DAE9E939AC94F2C746ECA6DE9BD3728FBE82FF62EB553D39216AF4088141975"
"data/runtime/1.0.0/4.4/equipment/assets/currency_wars_equipment_icons/currency_wars_equipment_132.png","27178","585A2587813F1F4BFD773E2130ED0CA0B8DE2F02290F404AD95BBBE11E929B10"
"data/runtime/1.0.0/4.4/equipment/assets/currency_wars_equipment_icons/currency_wars_equipment_133.png","25113","870F1BE4B0C3E3E61E4E5B81F1664A50B5A6198641651097EA723BFA39E74415"
"data/runtime/1.0.0/4.4/equipment/assets/currency_wars_equipment_icons/currency_wars_equipment_134.png","26933","8AF9217D459CEB46087DD63761C0FD1BB201B2EFB4F7C258C58AB2A8A1FC5428"
"data/runtime/1.0.0/4.4/equipment/assets/currency_wars_equipment_icons/currency_wars_equipment_135.png","24888","BC44EEE255BB1D4F622FFB9BBE1DA30F5B6B594DDF60C3A72E885736878C24D8"
"data/runtime/1.0.0/4.4/equipment/assets/currency_wars_equipment_icons/currency_wars_equipment_136.png","27559","725F266EA49995EE8F41806EC5CF20B7C3A0BC0CA8CD50D083022D166B3AA3CC"
"data/runtime/1.0.0/4.4/equipment/assets/currency_wars_equipment_icons/currency_wars_equipment_137.png","24766","9BBEB50DAF0A95E2CE786C53F82303D2D40AD7BC3EEFD9653F701867F922AACF"
"data/runtime/1.0.0/4.4/equipment/assets/currency_wars_equipment_icons/currency_wars_equipment_138.png","26359","8003530A04476B75315BDA28E9874C06A97FAEF18906C0FE57E11954930445F5"
"data/runtime/1.0.0/4.4/equipment/assets/currency_wars_equipment_icons/currency_wars_equipment_139.png","26370","97668B0024B2FE93B402593EDC60FE012573248CCD6C6D0197ABBD00317C7647"
"data/runtime/1.0.0/4.4/equipment/assets/currency_wars_equipment_icons/currency_wars_equipment_140.png","25558","6BF18D593F86E4963B0AC3862024E6A45424DB064E41A5FE8DC55CB91F7DEC5F"
"data/runtime/1.0.0/4.4/equipment/assets/currency_wars_equipment_icons/currency_wars_equipment_141.png","25965","665CBD400C31A3FC7C53968301BBEE428275924775D69D0848D631924C94C4CD"
"data/runtime/1.0.0/4.4/equipment/assets/currency_wars_equipment_icons/currency_wars_equipment_142.png","25361","CEA8385B73E582E4C3CE4889FDC34EE4BDEF30E897E43D077FC9F751015B2CA2"
"data/runtime/1.0.0/4.4/equipment/assets/currency_wars_equipment_icons/currency_wars_equipment_143.png","31526","E6A8ADCD7331B1036186A76B3190CD5746B58D89E84E5A6AA07A25860B760EB2"
"data/runtime/1.0.0/4.4/equipment/assets/currency_wars_equipment_icons/currency_wars_equipment_144.png","31190","B0ADF69DDDD5D0A23FDD0FEA212C0B83A830ED01A268FBDDDCC3F9825BFBC7A5"
"data/runtime/1.0.0/4.4/equipment/assets/currency_wars_equipment_icons/currency_wars_equipment_145.png","34524","93348C2A315F9C98E8161BDA98ADD1B8F30CA312FD1CA69D1B26D466F4DFCC06"
"data/runtime/1.0.0/4.4/equipment/assets/currency_wars_equipment_icons/currency_wars_equipment_146.png","31526","E6A8ADCD7331B1036186A76B3190CD5746B58D89E84E5A6AA07A25860B760EB2"
"data/runtime/1.0.0/4.4/equipment/assets/currency_wars_equipment_icons/currency_wars_equipment_147.png","31190","B0ADF69DDDD5D0A23FDD0FEA212C0B83A830ED01A268FBDDDCC3F9825BFBC7A5"
"data/runtime/1.0.0/4.4/equipment/assets/currency_wars_equipment_icons/currency_wars_equipment_148.png","34524","93348C2A315F9C98E8161BDA98ADD1B8F30CA312FD1CA69D1B26D466F4DFCC06"
"data/runtime/1.0.0/4.4/equipment/assets/currency_wars_equipment_icons/currency_wars_equipment_149.png","31684","52909DE2E822053C674356B2F226E42EC3431C9352FACFABEE595F226B0FB0D2"
"data/runtime/1.0.0/4.4/equipment/assets/currency_wars_equipment_icons/currency_wars_equipment_150.png","21516","47AB81A776419EBFBF96B932D1478C479722741510867F78D6185AF939C1D524"
"data/runtime/1.0.0/4.4/equipment/assets/currency_wars_equipment_icons/currency_wars_equipment_151.png","29452","16A3B61D5EA6814E5356616D975DC92138DD7CAA538D2C7D8107615ACF9666B7"
"data/runtime/1.0.0/4.4/equipment/assets/currency_wars_equipment_icons/currency_wars_equipment_152.png","25723","A26C1FAD95D900395C1970AF71CB8E27EF8CB33E813612F8B95688E1597ADCC8"
"data/runtime/1.0.0/4.4/equipment/assets/currency_wars_equipment_icons/currency_wars_equipment_153.png","23025","9844590643C43AC6F7FAFC0D4C46F0139FA14587939C1B4A1179756FB930D083"
"data/runtime/1.0.0/4.4/equipment/assets/currency_wars_equipment_icons/currency_wars_equipment_154.png","30878","4EF96AFDD43945D75018892980415B2C408C8C6E6CB8146B47590A7024835655"
"data/runtime/1.0.0/4.4/equipment/assets/currency_wars_equipment_icons/currency_wars_equipment_155.png","28657","EEF0A6E2130743FF0573605B704486F6302E6CD69CE21A34696B29501EE3DA40"
"data/runtime/1.0.0/4.4/equipment/assets/currency_wars_equipment_icons/currency_wars_equipment_156.png","66998","711860952E82F3E60ADE4DC4C1BAB8CA671AD4E6BF29B651240A81EE20041448"
"data/runtime/1.0.0/4.4/equipment/assets/currency_wars_equipment_icons/currency_wars_equipment_157.png","64322","A71AAABF88D868E61717A8A8A855A11E9EC2A93CBB19B197F3CD5A113DB39D7D"
"data/runtime/1.0.0/4.4/equipment/assets/currency_wars_equipment_icons/currency_wars_equipment_158.png","73683","9BA802BAA6DDBAC5A2350D9193E4CA9E989C507BD87610612A1A506E7E1BF1CB"
"data/runtime/1.0.0/4.4/equipment/assets/currency_wars_equipment_icons/currency_wars_equipment_159.png","79028","A53C1EC7A89554E14C61BA004AA0B670BC79F14111E74FF11A37CF8CE3396359"
"data/runtime/1.0.0/4.4/equipment/equipment.json","641230","4B525D125B38B86EF68852C3D06BB23A28A7190A3389D9821AB814F7CBCB3554"
"data/runtime/1.0.0/4.4/equipment/manifest.json","370","643023CD40A00DAD5B8828A38B83F839C197CC62DD095210A643E81F18868299"
"data/vision-assets/4.4/sources.json","1889","AB49C5D4404C0E19D528B4784D3DEE3BAC80D82A2E48AA66C65F741D946CE1AC"
"DECISION_ENGINE_FRAMEWORK.md","10076","B6381F7EC53D4546D62E9739F4100947EAC214A0E29135638B7EAFB356A825B2"
"DEVELOPMENT_PLAN.md","12577","BEDB88C6BDDE05D4C8C425C6AA28C569E932E5010386B807A87D689800206F41"
"Directory.Build.props","352","94F0CD9FD5C1EC44C085F95E28D24212CDC3E9671CC6C72D8615FBF98F2592E4"
"docs/ARCHITECTURE_BOUNDARIES.md","13528","D330DAE5AABC028013F140E2EC633F2AD7CF42101F6A9556DA22E4AF7B1E1F42"
"docs/DATA_IMPORT_4.4.md","3885","3BC8E246761FD61DDA0BCEDC54209DF685D278A5C8984C9B000AEEFD2A8A0022"
"docs/DECISIONS.md","12901","0CA7FCC4D445B3C9954402C921D60DD4E5F6529C459014F4D3B9F614BDFF2F6F"
"docs/HANDOFF_2026-07-31.md","12220","3A4ABB10FD63CC8A696648B9A57320FE1B24F0731FD42002802083AEE60768DF"
"docs/handoffs/DATA_KNOWLEDGE_BASE.md","1668","A75122A782FACD8C7AC0D78448D90E887175330B5E7F3BA713D3AB0D08842D63"
"docs/handoffs/data-knowledge-base.md","7615","11AC5B7DCDA353BAAB32DF0E59EA7E7B10ADFBDD1165EDCA7C57EEEB89B3422D"
"docs/handoffs/HANDOFF_TEMPLATE.md","1606","963EE89D5E4C804234FE64525992F1440EBF967F7A70826F5B9A22F28553F3E1"
"docs/handoffs/opening-reroll.md","5918","B155D8B3169667B0032A28F7E0930FA7EAC86C2553AAE7D7B974845208E38F46"
"docs/handoffs/project-control.md","4438","023F514CA506A4C350ACEF2098999EFFEF3B51E3B7F082766E9EE5FF02677FE6"
"docs/handoffs/README.md","2644","F0032822797279EC5E5CB019205AE77D30B1634CCCA5998F7F4A9B42233ACDC9"
"docs/handoffs/reward-stage.md","60410","9F9FF12B0A2731952A2085E98CC16C22C17AB751C1AED9B35C6BC51C93175D3E"
"docs/handoffs/testing-release.md","6821","96B34DB7DE3B10892BBB183C0775F85B39D287310520A8B3165BF7EE46F0F42B"
"docs/handoffs/ui-overlay.md","4861","7C72AB75E595F94DCB1905705C22E65A0871908E2746B6523D69E984E53FD3F9"
"docs/handoffs/vision-recognition.md","40137","2426FD25D86C34C6B724261F16389E5CC54CCCEE761A2C7F93EDDC2C8647855F"
"docs/live/BILIBILI_LIVE_READINESS_2026-07-28.md","8772","B1AB5479914FA40188CF2B7B0283C8EFD0E268C4079AF2AC3EF7EB21A6789F87"
"docs/live/INPUT_ISOLATION_DECISION.md","5266","A82DB98682E18006F400B1B9F24F36ABE5D6EE5F7FBD008F7414E41F6EC73356"
"docs/live/LIVE_OPERATIONS_RUNBOOK.md","5283","76414845A6C9099D8E17ABB5A4CBD22B1F2EA2316180ECDDE62038F1099E96C9"
"docs/live/USER_AUTHORIZATION_AND_FEEDBACK_TEMPLATE.md","1187","52BED955B846E916B9D97118BD4DD839697CF3E28C47A5F127ECDBA110C9545D"
"docs/PHASE1_REBUILD_ARCHITECTURE.md","3493","AAEE2CE3F8CB68C3DB80EFC146DC1223454CE6719F4970A0F27A7ADE30A52AB6"
"docs/PHASE1_REBUILD_SPEC.md","8280","4CD409E06D65746FF53494223E66A0C938643F71E03669885240E915879BC072"
"docs/PHASE1_TEST_REPORT_2026-07-27.md","2987","87AAD8286A30F6BD700D8505EAC79E41FD5491C7F5C1905C6943FBE2067DE771"
"docs/PHASE2_IMPLEMENTATION_STATUS_2026-07-28.md","8105","90CAE9EF8A0843D51F7E2C8F0873628A73C2F4D1A96572C061039BD29802A12D"
"docs/PHASE2_RECOGNITION_REGIONS_2026-07-28.md","6738","554AAFB9F21FFDDD0414AD5BA6C84361F8D60406366169563814DB5CE27BCCF6"
"docs/PHASE2_UNATTENDED_VALIDATION_2026-07-29.md","7534","1E902D3B576C3FAA3E72BFE7794A39EEF20DB3CFD3FDEE4B0C14AE9FB73FE474"
"docs/phase2-icon-asset-integration-4.4.md","3422","5B23B40ED278157BC8E07254FDB652DBECB69AF8C5D30AA698D6FA43BFDD140F"
"docs/PROJECT_STATUS.md","45338","617750632DA1EAC2DDC27967479D217333317F51C2ED4D328A63DB2D575BEC30"
"docs/prompts/BUG_REPORT_TEMPLATE.md","779","C140E54BF0A984CCEBECF657FCEC97D1F36614D88BD744D2DFA9E60D516FD36F"
"docs/prompts/data-knowledge-base.md","2409","441C2E6D601FCA47F0BED68DBD77E3C88CC7C32307998C82D4E920D85D3A42A8"
"docs/prompts/opening-reroll.md","2489","27929D6FE85DFC9681FEA73F792ADE7775856DA7BDD81AA7DD6A8AF9328E3FBC"
"docs/prompts/project-control.md","1937","BDEDAEB44F928D15277FCC79D64A0224FC003B6D768252B230C38FB31A7FF528"
"docs/prompts/README.md","3290","D9E6A96B9964919070EDDAA49AF624D08E73E6971B253569350BB29CB2CB61D7"
"docs/prompts/reward-stage.md","2299","364D20338736F2233F49D985C45F43B84BF37FB8B640A7F77E33B77E838C8E81"
"docs/prompts/testing-release.md","2215","ECE5F46AD53AB5E4986E03235FC4A2BF9F8C7846352F322ACDBD31B5F986844A"
"docs/prompts/ui-overlay.md","2268","26F5121D4668849FCCAB22C72BE75478FD3306AA1F087637B3AC354A4F5B2F15"
"docs/prompts/vision-recognition.md","2294","09C1E6C0399C09998B1E49094B3875D40FAB6216F7C0F6F077CD8E71852AE14E"
"docs/SCREEN_FLOW_1920x1080.md","12923","4441F3DEA3F2702012AD92CA8FE5723E14395A77A3A5FFEC64176A00C916A603"
"docs/UPDATE_NOTES_0.2.751.md","856","02ACCA21DC171801CACA980FDB6989CEA2703A42BE0E316A7FB8FE1FB200B10F"
"docs/UPDATE_NOTES_0.2.752.md","1148","79C4A3F14FF02B13E682F48C51511404DB08FA0E80486F69447E0362280100D6"
"docs/UPDATE_NOTES_0.2.753.md","1210","0F353B20D7EF65C4A83BC6BF3824ACD94A7BB7472AE270EF695B348641C8B577"
"docs/UPDATE_NOTES_0.2.754.md","2515","7D223A7F2D831B2831B40F8E243E7F4D05CFF3538E070634567001A486FE2A6F"
"docs/UPDATE_NOTES_0.2.755.md","1601","CC0A26D577E436169DDD68EFFF81F0DFCC9B98972FDAE5E37D2197E2DF3B3FFE"
"HANDOFF_2026-08-01.md","5587","A44978E10327AB5493FD264915AFE9EAA20368D66D16FCB186B1864D8674EE53"
"HANDOFF_START_HERE.md","2996","C9FD0B3E2D61AA7237BD2E3AAE43104F2390F37C336EB7CB354C57F7B877B277"
"PACKAGE_MANIFEST_2026-08-01.json","1381","4ECB167D5EA93CFFF94B9310E544A23DFC310371C535E47376C317C7B2E6FDA0"
"PRODUCT_FRAMEWORK.md","11223","69D6976462CDA65D0ABD0B14F9E975ADAD02B58855522E0652BE4E42B1E94DF9"
"README.md","5558","F5610FE36A4D287EB5F52C5DCDF75C607607D712298C2CA0384AD785EEAA0563"
"release-baseline/CurrencyWarsSmartRaccoon-0.2.751-win-x64-portable.zip","170816818","C9F62D904744477305679EE417F2C360C53E895EE2CD5807E85CD2E248497675"
"reports/data-import/4.4/equipment/conversion-report.json","5332","48A650645C0AACFF940BFA5E3F6744EA5480889B0F5E62ABF266F9E432DCED27"
"reports/data-import/4.4/equipment/rejected-raw-snapshots/6530a15e47a7f69f-missing-embedded-assets/icon-manifest.json","76221","BD7F6426E4A091627117EC0B8483F1834804A3103837F22110F39A7EC45A3DA7"
"reports/data-import/4.4/equipment/rejected-raw-snapshots/6530a15e47a7f69f-missing-embedded-assets/package.json","651","3B30F759E2C7A349357D91B76C77073A2D3812B9A5D00CE4E660184DD8AE9D22"
"reports/data-import/4.4/equipment/rejected-raw-snapshots/6530a15e47a7f69f-missing-embedded-assets/records.json","307346","06E2A3D821429CCC2B305310B9F6F3F657B6FEA3600B4C11A741A7D3CF60DDD3"
"reports/reward-stage-build04-shop-input-fix.md","3134","61CC3A5749641B76CAAE6BE2D9E720C8D08FC4C349E042F6F108B139C06497D9"
"reports/reward-stage-live40-bench-stability-handoff.md","3109","462C41F4E684E8F72E56C120E5FC67EC945EE6DDD13EA3196AF0D4AF5DC09ED8"
"reports/reward-stage-live49-initial-bench-count-handoff.md","4051","9766E163DD6A1D8A5E64D3D7C505B09CBF448557AFDB66B5CC50CF0D249F007B"
"reports/reward-stage-live59-termination-and-retention-audit.md","3958","39A927DD23B667F5B895709ED75061A3DCD804908939B78408DEB391AFA98386"
"reports/reward-stage-live60-purchase-mine-capacity-settings.md","4062","C889FB614BF4CD72FCDF29BA7870481B93092C566810842DADB7C70532706A0F"
"reports/reward-stage-live62-opening-filter-persistence.md","1974","C9E72A859131E42DA8F8119082649CDF2F29263741DD586E1445EC8437E592F2"
"schemas/advisor/1.0.0/guide-playbook.schema.json","4704","887575A3473DAADB7CFF619B84B4DB3383613B4CBBAFAB67FA90FC5B63B4FD12"
"schemas/game-data/1.0.0/equipment/equipment-icon-manifest.schema.json","1405","0448E0F7029C39543CDBB20ED256DAB1C72C5B5D7945E055329CEFF07A5855D6"
"schemas/game-data/1.0.0/equipment/equipment-raw.schema.json","4847","46107B8A2CF5938DE072C872F1A4A2A033BBE744F17B0B09EB04D92D54ADED6D"
"schemas/game-data/1.0.0/equipment/equipment-runtime.schema.json","3493","0D5402680637DF97B20947E38F980D5D16C82335FBC7A82F70EAB8D1BF61F63E"
"schemas/game-data/1.0.0/equipment/raw-package.schema.json","1518","C80BE5DC1C6F75B15C8A3A0C0E8CEAED2AFD5AD6D9D994A6C69A9E93C443CCA8"
"schemas/game-data/1.0.0/equipment/transform-map.json","2077","410D5F16E7DF43D5EF25B4BC6B3E6034D7EFB4FB97C73639ACC9DABE1826D87E"
"scripts/import-phase2-icon-assets.ps1","4408","8C671C71A5E43BBD3A4DAFB87E3A8D20F5D73DF999982E49B6EB41484FA54197"
"src/CurrencyWarsAssistant.Advisor/AdvisorEngine.cs","17763","BE8A99B34339D1F37B132E80AE03F69843E05B07FCAEA07097D917485F306E76"
"src/CurrencyWarsAssistant.Advisor/AdvisorJson.cs","4489","EA3CC29D401E782474171950F9D6F5E51E0AA3B81A2D896198393A49BD15BC71"
"src/CurrencyWarsAssistant.Advisor/Contracts.cs","12795","DDAE94AA9C1BF68B8C27D8B3612FFE399F94A6F39563C477C2DC78AC18B6C316"
"src/CurrencyWarsAssistant.Advisor/CurrencyWarsAssistant.Advisor.csproj","128","E44C6AA5D69D0526C6B7961331A2020122C313EE9EA087D1DAA3F4E7CAB34BAD"
"src/CurrencyWarsAssistant.Advisor/LocalRunStore.cs","30494","61C1EC2AF4398A81B69D287FDC13DC891A4827DC3145EE661ABB7BA85A42F27C"
"src/CurrencyWarsAssistant.Advisor/Phase2OperationalContracts.cs","13100","98BB97245681F63FEF5B4AABA094EF84F7004B0C1D07D7B818C52D3CFAFB3D03"
"src/CurrencyWarsAssistant.Advisor/RunCheckpointContracts.cs","14257","8759FBCF60DBA81A87E7E97244DA94D96AA864EC41ECC275861DE1B3D6B95856"
"src/CurrencyWarsAssistant.Advisor/RunEventReducer.cs","18259","919852D7ED3C2140EFCF974B77EBFBC8FFA1B7A699A2CEA7379D6D69893B96BB"
"src/CurrencyWarsAssistant.App/app.manifest","753","0558A5237A074420E5E73842EA31803FAF3D3A15AB5488E086076165888080EF"
"src/CurrencyWarsAssistant.App/App.xaml","16839","A6C3A0650EB4B5C3DAD2A62962ABD1B3FEA0BF99BFA32BD1B927B23003197B74"
"src/CurrencyWarsAssistant.App/App.xaml.cs","26183","6677C69B1FBECC84208FB2DC79C39E3750EB7A17D3362CE8F3AEEA7DFBB4115C"
"src/CurrencyWarsAssistant.App/Assets/Brand/app-icon.ico","104194","84A23F773AF3FAA6D8751B1D340327DB2CFA9BD6B253B20925BB5F08E4A79090"
"src/CurrencyWarsAssistant.App/Assets/Brand/app-icon.png","676726","EFD4A0EEE06ADFF3B31D030EEDF87AA72DB4E432E6748076234E5BF640939EDB"
"src/CurrencyWarsAssistant.App/Assets/Brand/app-icon-128.png","18915","4BDA9AE2FC475B6F639FD58A8B21182873DB54A8EFA39E4B62E9E7D1831E0A93"
"src/CurrencyWarsAssistant.App/Assets/Brand/app-icon-16.png","794","1F5882F0597419487B3E36B2B5B045DBD04F90CFF0AA40715912F9E244B6E5CD"
"src/CurrencyWarsAssistant.App/Assets/Brand/app-icon-24.png","1464","B5BE68B4A309AF9647F43388014D93BAFFF97A611B627111708B11ABE611D9BD"
"src/CurrencyWarsAssistant.App/Assets/Brand/app-icon-256.png","64075","FC2B14CBDE006265450F54320119744C18990D3CA88408EB04EF3626A03BD219"
"src/CurrencyWarsAssistant.App/Assets/Brand/app-icon-32.png","2219","D8A8542C5AE921031F2E58231028BBAFE6CCF6EC51FEB20830DE15BF8CDB8FF6"
"src/CurrencyWarsAssistant.App/Assets/Brand/app-icon-48.png","4038","6185C2AC9E314B80C855E957620FF7C250CAA3F03A01C7C2ADCE058BDE541489"
"src/CurrencyWarsAssistant.App/Assets/Brand/app-icon-64.png","6207","6CA16028868288387A38C9A6E4E63E89A3594D8440F9685E1AF950DAA4C18BB9"
"src/CurrencyWarsAssistant.App/Assets/Brand/app-icon-size-preview.png","31545","C5110D33697BCD87012D870525457836219CC171454AFBF4E06A58F40D8D66C3"
"src/CurrencyWarsAssistant.App/Assets/Brand/app-icon-source-v1.png","1051095","B19B858A77505B54177EDC2F2E33C6F3F6966FF8B91E6994F9F8CBF4B0C6EB33"
"src/CurrencyWarsAssistant.App/CombinationRuleEditorWindow.xaml","3157","08F5DD3420C5F54A0B03AB482CEBD74031DF43515481B8FDADE717DA40F35E4B"
"src/CurrencyWarsAssistant.App/CombinationRuleEditorWindow.xaml.cs","1152","CC5B8F8A19EF1CB74BF298BB2F30EE62681DA49858579949BC809E646CCF59FA"
"src/CurrencyWarsAssistant.App/Commands.cs","1791","13F1A6F2636EE43B2DF90DD99ABF6FDFBB524908F8A13C3165CF94BF9D3780DC"
"src/CurrencyWarsAssistant.App/CommunityContactOptions.cs","1442","E9F6CB76EB22380FC7A89CCD547C34060BA62E798703DFE184ED51654DAE1A40"
"src/CurrencyWarsAssistant.App/ConfigurationLoader.cs","1317","49C1C5FA00889F51BECAACC0B700DE5402D894E0D92F832A6D9CDA6724AEF690"
"src/CurrencyWarsAssistant.App/CurrencyWarsAssistant.App.csproj","2056","7A55DBB6A912B38264FE7934C75A05D8D8434DEDB961A5F32C9D02062FA3FD3E"
"src/CurrencyWarsAssistant.App/DashboardTrendChart.cs","18117","DD33DA4B4B9E36746B88FF7DC3ABAD5477CCEDB74FCEDDB38C42F583370B2F13"
"src/CurrencyWarsAssistant.App/DetailedHistoryWindow.xaml","13621","48FAABC2F1B03CCCD843FB37D268A0DAF29E80E3186DE77EC4842877F08F5C60"
"src/CurrencyWarsAssistant.App/DetailedHistoryWindow.xaml.cs","737","01BFDE24F39C919B1D584A9D2C5ED0B68F616E5E81B13E53EB773447E6A1E730"
"src/CurrencyWarsAssistant.App/FilterConfigurationViewModels.cs","20810","1EAF3D3465B23F1A7CD6D4A9BD9B648969DF4811499D78C91FDE67144F3705B9"
"src/CurrencyWarsAssistant.App/FilterSelectionSettings.cs","1549","928AF8ACBBE91383332111429CCDD8B012E0C59D50CF16A4549769D4B2D6C083"
"src/CurrencyWarsAssistant.App/GameAreaCalibrationWindow.xaml","3264","0B0E33AAB325083AC9CC152E8F1AC75E61C964E772C35A0842A208D12C4B3998"
"src/CurrencyWarsAssistant.App/GameAreaCalibrationWindow.xaml.cs","7586","3510E9688794F618E4250DFF2ECB29FB386A98205E4779E95B71C2B51E28DCB3"
"src/CurrencyWarsAssistant.App/HistoricalDashboardRow.cs","627","F82F9279595BAE4E6788942E4067BD12EACDD79ADD00D80DC2F87CEE3878112C"
"src/CurrencyWarsAssistant.App/HistoricalDetailViewModels.cs","19178","5C12182D5EF20642BACAB59008553D8710FD93A0D2177F59448CD3323DA85456"
"src/CurrencyWarsAssistant.App/IncompleteRunViewModel.cs","1443","5BC22D5E6DC60A5B234AFE4009D9C578EA49FEBE6688F9F131EC3ECED301557D"
"src/CurrencyWarsAssistant.App/LogOverlayWindow.xaml","2270","5784BB3AB4CA9045C95C712D82A1F6D305B84861D022579162997A1DA8D03A9A"
"src/CurrencyWarsAssistant.App/LogOverlayWindow.xaml.cs","3892","F8BFF6E1E7844771C74BC0177221A367B5DB30B44BB72288A6B462738EB39ABC"
"src/CurrencyWarsAssistant.App/MainViewModel.cs","80600","0382B222F8CA0B76D45780091086F6D7FFEF2502EEBB62C6A8D62566C50BBAFC"
"src/CurrencyWarsAssistant.App/MainWindow.xaml","63769","58BDAE602DFAA09F6D908FCAE21A5AA23FC7812C40AFA17C5E6C512A5C7F16EC"
"src/CurrencyWarsAssistant.App/MainWindow.xaml.cs","15194","2C9DC9B93DBC5C8A764BE27EC68E77C9559CACC42D2BC74686503258E7245E19"
"src/CurrencyWarsAssistant.App/ObservableObject.cs","755","B2874066D0236D841834E2C8E0B9D90F9CE08FEF67C91AB4DC2F0B0F524E3BDB"
"src/CurrencyWarsAssistant.App/OperationPanelWindow.xaml","25874","4A6C4B9F5F0E179EAD9675659D1BF351B13BC27354EE45BD13951E2B6CDE1AF1"
"src/CurrencyWarsAssistant.App/OperationPanelWindow.xaml.cs","9654","10D0EFB80C8FD012BD234121F10C62784493E86B309DD7690C15EEB7D047CD17"
"src/CurrencyWarsAssistant.App/OverlayHitTargetWindow.cs","2772","BD0EA94C4086CBE149E0A35A7DA98E188E956065AC79E6FCF1B9846DBB04BC86"
"src/CurrencyWarsAssistant.App/Phase2BatchCommand.cs","2221","EFC58DC153F665AB19744FF234A3F696F7C53EEBDCEF4D756D92CBEA5848963A"
"src/CurrencyWarsAssistant.App/Phase2DatasetCaptureCommand.cs","15703","70F81CBE3A1944567BEA4EA7E76DD9EF7931C4B87D6C6EF8F884ECCE1115FFAE"
"src/CurrencyWarsAssistant.App/ProductIdentity.cs","365","7F4A9A0F4172A40C06683895AD2DC9D6AEEC84E3A24C9BE632259BB2048D8A25"
"src/CurrencyWarsAssistant.App/Properties/AssemblyInfo.cs","102","49BE2D25307AE12F24546CF8BDF935FD9EEF5E77C72977844603FFD52032CD8A"
"src/CurrencyWarsAssistant.App/RerollProfileEditorWindow.xaml","15502","35CF8500215AB0CF2C439A1CFED487C7CD5A5D921C809B5BBEFA850DE881A54E"
"src/CurrencyWarsAssistant.App/RerollProfileEditorWindow.xaml.cs","858","A0A9B67BC667D2F997E78BB2E43F780A5DF7EAA6EEFC5EE1A6B8D04C292D8608"
"src/CurrencyWarsAssistant.App/SettingsWindow.xaml","26327","927127092DE269E02853C47C66D388B5A089464B26E06D9AE7835675FFEF9088"
"src/CurrencyWarsAssistant.App/SettingsWindow.xaml.cs","576","F58873E834AFFFC1D5733BC2DB09AC0743E11F90CA494EC40AFAFEAF1B6623F7"
"src/CurrencyWarsAssistant.App/SituationAnalysisPresentation.cs","15469","C8ED5DFF542F0C8FE97DF56230883BF4EA6D15F4A852B59BDD29D26F6FA85BAD"
"src/CurrencyWarsAssistant.App/SituationAnalysisViewModel.cs","20600","9F0324BA17F616ED193F836C89A0E3B4C4BF0D6EFBB0ED7E8118BD578E13F6CC"
"src/CurrencyWarsAssistant.App/SpecialCombinationSettings.cs","1396","804B951C5F501CC96D6871596C259D71B50E35D8A56BC625ED4DA1DE5B74D679"
"src/CurrencyWarsAssistant.App/StartupNoticeWindow.xaml","3192","1CD727A595F62C9492F40BD9BBB0DFF42E22D7819C9CC72F09D038AB2395F2E6"
"src/CurrencyWarsAssistant.App/StartupNoticeWindow.xaml.cs","364","F9E51E7F5B87751AC263D7A3B707AF7069B242058C7018157260814B5791BF14"
"src/CurrencyWarsAssistant.App/StartupWindow.cs","1918","DBE520C9FE49FFD30D494C53942FEA1E5F444FA34A05FE17BA02B76875EA1CC5"
"src/CurrencyWarsAssistant.App/UiTaskEventSink.cs","2802","6637F6520265BCDD485D580682A23D2E6B13E9B90C3701700ABD1550F0CC1DB5"
"src/CurrencyWarsAssistant.App/UserLogPolicy.cs","4152","EB97721E303231AEF40CE5ACBD8D2B783532F347F600D21E22C18E3D4354B9AD"
"src/CurrencyWarsAssistant.Automation/CurrencyWarsAssistant.Automation.csproj","379","52697840E074A7BF4B06DE8BAF46FFF033F6AA915B7017EEE511C5394548E03F"
"src/CurrencyWarsAssistant.Automation/GameForegroundGuard.cs","4633","EC80C22CFD1394A65D50F94A544E54F5839307B9FA057D88102B4705194FA996"
"src/CurrencyWarsAssistant.Automation/InputModels.cs","2535","F174AA533572DF48A74F26C2E14EBDFFB684F84E76AFEE4087702F4082B000E4"
"src/CurrencyWarsAssistant.Automation/Properties/AssemblyInfo.cs","102","49BE2D25307AE12F24546CF8BDF935FD9EEF5E77C72977844603FFD52032CD8A"
"src/CurrencyWarsAssistant.Automation/Win32InputBackend.cs","5277","14AEC2C0C4AE818A6E888FCDBC2BBA35D56F11734F69DC90389B061E9A428685"
"src/CurrencyWarsAssistant.Automation/Win32InputController.cs","11816","A9C0B86168B95E7077235D75656CCC9557ABE7314A1C379BE8DCC524EAA51D95"
"src/CurrencyWarsAssistant.Core/CurrencyWarsAssistant.Core.csproj","128","E44C6AA5D69D0526C6B7961331A2020122C313EE9EA087D1DAA3F4E7CAB34BAD"
"src/CurrencyWarsAssistant.Core/Geometry.cs","985","43E46D29B3F0D360749587E31E5A905C3BFEE0DFBC3277E4139B3CA5CB332E50"
"src/CurrencyWarsAssistant.Core/TaskEvents.cs","441","50A0C0A39C36C031747D3FD9036C8A1D206CFCACE5BA69FA446BBE1DD48C0495"
"src/CurrencyWarsAssistant.Game/CurrencyWarsAssistant.Game.csproj","256","42426D29526C2299920E06499469718CAC41CC4F8243C9C21634D31DC93F5549"
"src/CurrencyWarsAssistant.Game/GameDataCatalog.cs","9574","AE19939116A94B7ED873718E257E3E2F3ABB12EBDFA43CC5FAC4331C661E68BA"
"src/CurrencyWarsAssistant.Game/OpeningFilters.cs","13432","E272E2B0011C4A97C6BB3192A8344C964DB175D4C84534A68F6D7B2D8F31E793"
"src/CurrencyWarsAssistant.Game/OpeningModels.cs","828","350DD4FA4C19B7EE79CB7DAEB692C92D1A180F8A664425B4B8B2C24349070ACC"
"src/CurrencyWarsAssistant.Game/OpeningRules.cs","5235","8B40A21558D1BD66D66B6127B92B50EA9CEEB09A2AD423A0ABA8C8E216BF70B7"
"src/CurrencyWarsAssistant.Tasks/ChallengeReportAssetCatalog.cs","4712","A8D31221C0530601333BDFCF5EA9ACAF78C7C1F89EDB18460970C95C97BD8BA2"
"src/CurrencyWarsAssistant.Tasks/ChallengeReportHtmlRenderer.cs","40151","BE79E4FCB162B757CBE7BBBB839139F17E04564EC3E5442D403CEDA616C2645E"
"src/CurrencyWarsAssistant.Tasks/ChallengeReportMarkdownRenderer.cs","14258","3FB482850E49DD07088249E5BBC5EBB3CE4C2D93E0AFB06B802CA6000F4882CD"
"src/CurrencyWarsAssistant.Tasks/ChallengeReportModel.cs","23304","24A9B402A108A08B16E23F5ECD9683162D49ED138F06B65326091E9EAB9D0ECE"
"src/CurrencyWarsAssistant.Tasks/ChallengeRunArchiveReader.cs","7378","BD0FFA262731FB16280E62CE4DBE162782D628390FA89A3D3341FDFC5E49598A"
"src/CurrencyWarsAssistant.Tasks/ChallengeSummaryReportGenerator.cs","3821","636B84216CA907F91CBC3CCEAC79C078ACAE5A96A39B6EAB1AC69643C5F60C2F"
"src/CurrencyWarsAssistant.Tasks/CurrencyWarsAssistant.Tasks.csproj","771","7ED2C5EE5841CA9F37F9DE49A8B2C5DAA0674921B5FF671275CE6BF665440A19"
"src/CurrencyWarsAssistant.Tasks/CurrencyWarsNavigation.cs","57689","FC99110E1A8085D2534E240393B68EA953EBDABA933A3BF3C080D66FC2EDC3D1"
"src/CurrencyWarsAssistant.Tasks/CurrencyWarsRejectedOpeningRecovery.cs","23844","F6A2249AF8FAC720A3D05072EBEE61E068C885BD441552B576603A0D27A889DD"
"src/CurrencyWarsAssistant.Tasks/GameDataNameMatcher.cs","5682","79C39D5B83FD4235EAB1BDA0E7AF1A24D6EF9DE4D00B37E7468D5262FA0CC500"
"src/CurrencyWarsAssistant.Tasks/HistoricalDashboardProjection.cs","25218","41870780950ADE5BD8ACFC8924C24404A2C15BD064F13C9F0EF660434954CA01"
"src/CurrencyWarsAssistant.Tasks/InvestmentEnvironmentSelection.cs","858","0A75B3BDA60ECEA603053816C6FF097D82209845250CBA59AA43FC9760E94114"
"src/CurrencyWarsAssistant.Tasks/OcrOpeningPageReader.cs","24316","7CF98439C437BA46FC79E90D39A445D77ECC93F8775F3E802DC44DE0A63F4EA9"
"src/CurrencyWarsAssistant.Tasks/OfflineOcr.cs","11302","7DAEAC3A1B862A6D69285C7D62E40CB0DA95BC1386435B17B4E9DADACEB08EBB"
"src/CurrencyWarsAssistant.Tasks/OpeningReader.cs","2525","6D24AD295DE272606E99432A0E5287AAE5A4E392016E46C351BF15E0B280F3AB"
"src/CurrencyWarsAssistant.Tasks/OpeningRecognitionAccumulator.cs","5804","24B14D484BDF6366B0E0561645A1BDE02678B5803451212C04E20F47E856B770"
"src/CurrencyWarsAssistant.Tasks/OpeningRecognitionConfig.cs","2269","5A709C9A47B8028208CBCDCF9E3F7652A3E55321575ED139C918A24BFF5D8E0C"
"src/CurrencyWarsAssistant.Tasks/OpeningRerollLoopCoordinator.cs","36318","1160FF830C3D3A359D33AAEBCC317B0E7C88F15771A436DBCA8DF07A4FF7BA6D"
"src/CurrencyWarsAssistant.Tasks/OpeningRerollTask.cs","12510","135E67DF3ADB7CFC99B7F9A64D82661EA666023DF17E072F1E1FED2A918EF6DC"
"src/CurrencyWarsAssistant.Tasks/PassiveRecoveryMonitor.cs","3657","7BFCC60662DE98323BF49C16390282AB7F7666E33218DD951C0FAA0599500402"
"src/CurrencyWarsAssistant.Tasks/Phase2BatchImageAnalysisService.cs","37637","56F60614BECEEA4B714D86C913EADC48766985C28D36925186700ACCF2DFF849"
"src/CurrencyWarsAssistant.Tasks/Phase2LiveCollectionService.cs","56842","31E265DEF679345126CA9185E026B97B1E1F66E7C0B1D2EF8DCA04CE74A21AA4"
"src/CurrencyWarsAssistant.Tasks/Phase2NamedContentEvidenceResolver.cs","5717","CA6160EBF238B72150E1EF3C3A9A9238DCF2E8AC8454450DA957A72FF02CCC72"
"src/CurrencyWarsAssistant.Tasks/Phase2OperationalScreenshotAnalyzer.cs","156624","01814698BA0695FAA217776968E3B57F9B5B01A9A433AF9EF356701DDA2A51E6"
"src/CurrencyWarsAssistant.Tasks/Phase2OperationalScreenshotAnalyzer.StableRecognition.cs","17489","390D698A5FB46CD889423C6A0118D34C52AAE638FD91BF0D5FABE2B14AFE78ED"
"src/CurrencyWarsAssistant.Tasks/Phase2OperationalStateTracker.cs","74217","B82DD2354E6DFC408F87373F329473614A14A1A2F76EE2FC51F3ECE9BAA94033"
"src/CurrencyWarsAssistant.Tasks/Phase2RealtimeFrameBuffer.cs","7334","969151EB3D1027F8A075961FC7FCE83B9A2F09B09F5BAEDEB49534BFECB3384D"
"src/CurrencyWarsAssistant.Tasks/Phase2RealtimeRecognitionPipeline.cs","30375","570F773A053565E2D23CAF570DAE1C11E1DE25ADC36CB2E1E56D5D489CF6B628"
"src/CurrencyWarsAssistant.Tasks/Phase2RecognitionRegions.cs","14590","8A113FA1DE07D250FDC95BB5BAF1102006E10D05E2663A06E009B0DB6D73310C"
"src/CurrencyWarsAssistant.Tasks/Phase2RecognitionTraceBuilder.cs","7691","21F9E380D3C92605C78B306298B7F6D7F29ABC54F749023315DC778B9281D29D"
"src/CurrencyWarsAssistant.Tasks/Phase2RecognitionWarmUpService.cs","3073","7CEF56B39E4BE38111466AF19ECF0B9DD35D1F42F7E6AC4730EFE59E2D89291B"
"src/CurrencyWarsAssistant.Tasks/Phase2RunCompletionDetector.cs","3525","CEDECB2F8109FE53D3DA0C9DB7328B6F20F1D8C9D052C4E2BC2E2D0B4B29C74F"
"src/CurrencyWarsAssistant.Tasks/PpOcrOfflineOcr.cs","16087","413492ACD4D75E403894EE800250EE0C35E75D8E64C27AFC1B98E4063ED67FAE"
"src/CurrencyWarsAssistant.Tasks/PreparationFormation.cs","87378","D46810912465946539D26DEAD38D5BD00365496463BDC218F1932511D4665268"
"src/CurrencyWarsAssistant.Tasks/Properties/AssemblyInfo.cs","102","49BE2D25307AE12F24546CF8BDF935FD9EEF5E77C72977844603FFD52032CD8A"
"src/CurrencyWarsAssistant.Tasks/RewardBattleStateMachine.cs","10540","033A31724C373C11EF01223755BDF7306D4FC2BC0533766A13AB76F5E6BD8295"
"src/CurrencyWarsAssistant.Tasks/RewardStageAutomation.Battle.cs","48401","AC21903635A5890EFE8BC160CFFBBE4F3497DCC11BD12B0D30D4E8CF83EB6651"
"src/CurrencyWarsAssistant.Tasks/RewardStageAutomation.cs","37341","5EACAF0980EB2551AAC4C566C72B6F571CCB4D79D10909A1F64A6C58A2DF63CC"
"src/CurrencyWarsAssistant.Tasks/RewardStageAutomation.Shop.cs","25399","2E96F07A59CEAA7D356905857392605931BAEB95DF150AAB00A0DEB2EBB6406D"
"src/CurrencyWarsAssistant.Tasks/RewardStageRecognition.cs","16458","719FA35A70B15D745A8CFF4C8698CCEBDA5F087E89E877E9DE5D0610306E334C"
"src/CurrencyWarsAssistant.Tasks/RewardStageShopPurchase.cs","11223","95FA7F41F46D021895879B23E426AC57741E68368C0EF34AF04AB509A9006080"
"src/CurrencyWarsAssistant.Tasks/RewardStageStability.cs","741","A1AF11953007E65A7F8F3A4566CE102DA52F1DEEBF15572D35CB24D2DEB37547"
"src/CurrencyWarsAssistant.Tasks/RewardVisualDetector.cs","6796","F15CD150DB7EFA0F688CBA423F5FEE3C76FA18B63EC7478FD71EE75F80DADA9C"
"src/CurrencyWarsAssistant.Tasks/SituationScreenshotAnalysis.cs","66107","498CE4012DB02361D5FB63A87EF368CFA152AEF6F4D23D11D3C27C31A89243E7"
"src/CurrencyWarsAssistant.Tasks/TheoreticalDamageCalculator.cs","4668","C30A094708FEF22E8C2A001709352E8FC21386F9EA158BE832D850BCE19A3E80"
"src/CurrencyWarsAssistant.Tasks/UnknownPageEscapeRecovery.cs","2214","3D66A28E512AABE1746D4EC44059A7B91B6E980486F84B1B942957BB8475770D"
"src/CurrencyWarsAssistant.Tasks/VisionAssetInventory.cs","8050","375F1DE5E54F838878A93C6E9C1BEBB7A7E67F3FCEFE988ADE396E449D3B741C"
"src/CurrencyWarsAssistant.Vision/CaptureFrame.cs","2236","46D51CBECAF5AC6CA6B5369E2F7DB7D02B0A50AAD607754D8265CD1834F11E4D"
"src/CurrencyWarsAssistant.Vision/CaptureFrameLoader.cs","1922","41C40528304A180A811D8DA7025386FA106F2E51732C1AA186906079DF159157"
"src/CurrencyWarsAssistant.Vision/CaptureFramePreprocessor.cs","5720","0F9843C97E21FF61D7BE99DFC795D4C6C448AE857B33FCF15EBD33A52A29A541"
"src/CurrencyWarsAssistant.Vision/CharacterCardRecognition.cs","20798","2E3856F16F1D3840D886ED00BE8B3C96E961BAFEFA88D2E3D09A928EB4D62122"
"src/CurrencyWarsAssistant.Vision/CoordinateMapper.cs","720","3CC72B3BD87F60933320C5A45F14E9D9DAA2FFD02FC3A2912D0141731CC8F8BB"
"src/CurrencyWarsAssistant.Vision/CurrencyWarsAssistant.Vision.csproj","462","F80D7E0C94F6748F30E73C9AEDFCE33FC5C70EBDA4E9CBB4FA28EDC5E563436E"
"src/CurrencyWarsAssistant.Vision/GameAspectRatio.cs","669","C9C5610E1B81F7CBF4D1376C4F1724194137C0E63269E63380FA2AC3F107B5C0"
"src/CurrencyWarsAssistant.Vision/GamePageClassifier.cs","7283","57723D5C10DF47ED8E9F005415C05EDF6ED7251A9E2FF72199F1801359A52CD4"
"src/CurrencyWarsAssistant.Vision/GameWindowInfo.cs","2300","A7C54EF87B31786B82ACCA8194BD7943C14E64AB117B485C48CF2A221111ECFF"
"src/CurrencyWarsAssistant.Vision/GameWindowService.cs","11051","C7991164CEFAE1B6EDA56E85116A2419360F439A00BC018222374EAF4F5797D1"
"src/CurrencyWarsAssistant.Vision/GdiGameCapture.cs","4914","65C830462B927D75DF8C2A1E34FA2F338744AEE953146C7195AF275FA8C1922F"
"src/CurrencyWarsAssistant.Vision/GoldDigitRecognition.cs","8215","6A2DB522FA63568729E36AAC968DC5D03FDCCF81F2DFE1A14B958A19ECAAA9F3"
"src/CurrencyWarsAssistant.Vision/NativeWindowMethods.cs","5638","88EFC755831FD2B8588822CAA0DA48E704505DD8EEF315FE2A30F26923079956"
"src/CurrencyWarsAssistant.Vision/Phase2IconRecognition.cs","47859","AD2413A864885CBAE9406F7758DB637D6FB76CF9C919D47E525A720BD94E3CA6"
"src/CurrencyWarsAssistant.Vision/TemplateMatching.cs","10031","81613E6ADD75486CC963D9EEF389041C5D82E70B654CD9DB6A6882923E241207"
"src/CurrencyWarsAssistant.Vision/UiDigitSequenceRecognition.cs","26998","2A96127CF8AE5ACF78AF1957401F4FF6C44B15FBF0A16AA807EEA9B34867D971"
"src/CurrencyWarsAssistant.Vision/WindowsGraphicsGameCapture.cs","17420","2E55D3F7845BE9868AB6A5665C640B8C39B71F7EA0B1539B82246521D71E03A4"
"src/CurrencyWarsAssistant.Workflow/CurrencyWarsAssistant.Workflow.csproj","377","1BC58B6BEC54C93AF8B48FD82A248656274B766B2A9587815028C7ECEEAF5E5A"
"src/CurrencyWarsAssistant.Workflow/Phase1AutomationService.cs","4502","65C8FBCB43FF2D8218D3D5EB98C2EC8373272BEDB0CD664AF02E72976F95F604"
"src/CurrencyWarsAssistant.Workflow/Phase1RunConfiguration.cs","4066","E9B48B40DABB4EC9582BC54C7CE1EEC3D8412303E971C1D6171F203790B9601F"
"src/CurrencyWarsAssistant.Workflow/UnifiedRunLifecycleService.cs","10877","B9DD5C1C2EAD0BF17315C420D1825B6F2EC80DD042EA452C45659D43638183C9"
"tests/CurrencyWarsAssistant.Tests/ChallengeSummaryReportTests.cs","16200","CD23BFB57C9982699E5D2410E7B6A39644B190995465A44D2751F9C7488566C3"
"tests/CurrencyWarsAssistant.Tests/CharacterCardRecognizerTests.cs","16773","D100321045101D067099F96BBC23AC9776B897DF1D8DF13EDFB65AF84B732212"
"tests/CurrencyWarsAssistant.Tests/CloudGameCompatibilityContractTests.cs","1574","2F91335521FAF26049A92859174C5C36560B0A3C77E2EB3286E9215F79A38EB1"
"tests/CurrencyWarsAssistant.Tests/CoordinateMapperTests.cs","968","FA9A8BF06FDE5536E0DAEDE7211D4EC46BF264BA983A39BC15A8A0DFE2B41309"
"tests/CurrencyWarsAssistant.Tests/CurrencyWarsAssistant.Tests.csproj","1534","43159CED87FC842A0DE1C11BB8EEC7FED355404F0A632A811F20C3A6CE0852A9"
"tests/CurrencyWarsAssistant.Tests/CurrencyWarsNavigationConfigTests.cs","2048","51F9B674062AF79C1EE9E37E55BBF3B3CD3AB9069FACFF72BFA0862BC8DC23B8"
"tests/CurrencyWarsAssistant.Tests/EquipmentDataPipelineTests.cs","13773","FCDA8662B6AA22DBE13CDDE00A5BE96DB0384F594A329EBEE3259C65F036D24C"
"tests/CurrencyWarsAssistant.Tests/FilterSelectionSettingsTests.cs","3230","7C3FBF783A607F8B5F3139F61A34085F5F3D5C0BD6693C2B610F9EA02410CE50"
"tests/CurrencyWarsAssistant.Tests/Fixtures/OcrEngine/action-76-a.png","4970","34459EA3EACED1748912ECB6DB921B8F335FB9D411C2A4525116D3DE248D0DD0"
"tests/CurrencyWarsAssistant.Tests/Fixtures/OcrEngine/action-76-b.png","3292","371F557093139B3A09CCCAC36C3EC67D70D92749D43F3C82A77A1811EE92A9D0"
"tests/CurrencyWarsAssistant.Tests/Fixtures/OcrEngine/action-79-a.png","4747","39BA0F510A5900FAAA5E0F4FD432D5C37BE1DAC4FA8CB4F9DD980A96DEE10B45"
"tests/CurrencyWarsAssistant.Tests/Fixtures/OcrEngine/preparation-node-1-7.png","3416","7A933A46066FBE8AD71E496C582B3F1E88A9CC0C55045C8627D6172CFC4DA3BE"
"tests/CurrencyWarsAssistant.Tests/Fixtures/OcrEngine/preparation-stage-label.png","6207","D89547DA47EF13DAAB4CC5C61F51689996127256960BD708C3855C67696E7509"
"tests/CurrencyWarsAssistant.Tests/Fixtures/OcrEngine/settlement-damage-13249.8w.png","24239","0E7A9A9ECE3B4F087BD0F5720D012A969B40684FCCA4943E6D8854A4573692F2"
"tests/CurrencyWarsAssistant.Tests/Fixtures/OcrEngine/settlement-gold-9.png","10570","1A197A30E6749141F7B1FC2F8E99D9C16474302CA7F3F65D3ACF95C86BA4B7F3"
"tests/CurrencyWarsAssistant.Tests/Fixtures/PageReplay/abandon_settlement_prompt.jpg","144830","C8AAA67DFDCC95E57ACB79DACB2BDC17969AAE67338090CA851CD5CD08BF6B95"
"tests/CurrencyWarsAssistant.Tests/Fixtures/PageReplay/battle_1_1.jpg","391729","FFFE38EB2EE459DEA6FF00570AA0C60784385B9F2F5AA8609E96D87C1B94C2D7"
"tests/CurrencyWarsAssistant.Tests/Fixtures/PageReplay/challenge_failed.jpg","254002","CD230FD90D18BD02954611CB8BA44BB5DC64F4DCAF2DCA7022FAD43BAEEC247D"
"tests/CurrencyWarsAssistant.Tests/Fixtures/PageReplay/challenge_failed_2_5_health_depleted_user.png","1727832","DF95BC9EE28EDDCD2A06A83AB26836FE13F3FB708352068C8466F814D9777830"
"tests/CurrencyWarsAssistant.Tests/Fixtures/PageReplay/challenge_success_1_1.jpg","377854","6DA7A0E66269E67BB243348A8856773732E58858A77EF2BA5F623DBFD080399F"
"tests/CurrencyWarsAssistant.Tests/Fixtures/PageReplay/challenge_success_1_4_gold8_user.png","4006694","2A4AE5C788B0E845E29B104A3A3B57CBC4A818B72AB5FBC2EC774A4DCF210DDF"
"tests/CurrencyWarsAssistant.Tests/Fixtures/PageReplay/companion_selection_dual_selected_2048x1152.png","2389673","DED58B7EDE0D5F124B0CCAA7CD20F01A9DA7C5C29400C4EF037D95D8CDF29A4E"
"tests/CurrencyWarsAssistant.Tests/Fixtures/PageReplay/companion_selection_post_preparation_2048x1152.png","2427206","48C60606E28225605EB25FDE612EFA8D9ABDEFF2E4F09FED5ECC167266F62B0C"
"tests/CurrencyWarsAssistant.Tests/Fixtures/PageReplay/companion_selection_single_unselected_2048x1152.png","2350079","FD3CF865214CDFD6DD43E31C7144095216D7F42C4CB00FC1A4409A081E31903D"
"tests/CurrencyWarsAssistant.Tests/Fixtures/PageReplay/currency_wars_home.jpg","319691","9585185FC25E2636F937FA0A2B3C10E86F93BF19BB16BAEF6855E843B199A305"
"tests/CurrencyWarsAssistant.Tests/Fixtures/PageReplay/currency_wars_home_overlay_2048x1152.png","3377342","9B1173AD4B76596CAE362DE645CEDBBC183F697B88C6D7299E23E98A6ECCAA61"
"tests/CurrencyWarsAssistant.Tests/Fixtures/PageReplay/currency_wars_home_recovery_2048x1152.jpg","365830","5B869E47BFC4FDDFEB267952E4C5F566A8849737577E67B91FCB0DF6280FC352"
"tests/CurrencyWarsAssistant.Tests/Fixtures/PageReplay/enemy_overview.jpg","404300","125C23EDE7B9B72B6067E2077BC657EDCEA7619874FFB70D47AA8D3B23BF42FB"
"tests/CurrencyWarsAssistant.Tests/Fixtures/PageReplay/enemy_overview_animation.jpg","486248","AA237A4BDFE18FDC46BE02A1337FD7D44771F727EDEA429F24CB600EC87F56D4"
"tests/CurrencyWarsAssistant.Tests/Fixtures/PageReplay/enemy_overview_growth_worries_2559x1439.png","4092598","D0B909BAEA29C36F79DB28D5B406B62E3F8824D8411ECBCFA5FCC26203E39C12"
"tests/CurrencyWarsAssistant.Tests/Fixtures/PageReplay/enemy_overview_short_affixes_2048x1152.png","3993712","A3070D015B00C4E4DFDD013258A44F07D697D69917326F98531F9371421FE609"
"tests/CurrencyWarsAssistant.Tests/Fixtures/PageReplay/enemy_overview_stress_reaction_2048x1152.png","4001964","3B8DA6ADAFEBEE1347F55E51B158B10E15F4FBF5CCFDB05BB6C8095F2A0C5FE7"
"tests/CurrencyWarsAssistant.Tests/Fixtures/PageReplay/guide_currency_wars.jpg","243434","843B136C52F46B894856586A30BCAC6B2194B40FE2DBDF2A1F6A35E52FECD124"
"tests/CurrencyWarsAssistant.Tests/Fixtures/PageReplay/guide_shell.jpg","237431","9E8675AD08C29C8A78343205038ACCE7198CF8EF40D4B5CADEAECD865502C71B"
"tests/CurrencyWarsAssistant.Tests/Fixtures/PageReplay/incomplete_lineup_prompt.jpg","172501","ED9027C0F018DCDA1EF3A88233289956947983EBF94DA2011F0E55DEABA49AB9"
"tests/CurrencyWarsAssistant.Tests/Fixtures/PageReplay/investment_environment.jpg","307665","38ACD29FF42EFD04280BEB201618F4B0C2263EECA5E0CD81F957FB4CEF63C97A"
"tests/CurrencyWarsAssistant.Tests/Fixtures/PageReplay/investment_strategy.jpg","287871","98D88A677DEF8A79209E4CDD3B61C6A9319FCB515062534E34CC058E1400557A"
"tests/CurrencyWarsAssistant.Tests/Fixtures/PageReplay/investment_strategy_long_gold_2048x1152.png","1676111","5F90CAB839740254DA5CDCCB7531C2A29801D5FF383CD3EA9FE4C0A40184E768"
"tests/CurrencyWarsAssistant.Tests/Fixtures/PageReplay/investment_strategy_lottery_2048x1152.png","1612683","6AB17339C32A32A2FA09CD5E3B4064A07FD659B8F41FBB7ABC462A810C8D54B6"
"tests/CurrencyWarsAssistant.Tests/Fixtures/PageReplay/mode_selection.jpg","351391","E038E793604326A9E1EA5891D0E224B5BAA7BE13DEA0BB2476B4F343B52C2AF4"
"tests/CurrencyWarsAssistant.Tests/Fixtures/PageReplay/normal_hud.jpg","424377","F2DC3E4CB259F6E53095A5A739B72C8B90FA99DDBE70A18F3804A68283FE2F54"
"tests/CurrencyWarsAssistant.Tests/Fixtures/PageReplay/normal_hud_notification.jpg","396903","1D0B8E1EC559A4B08D20A5FBE92B9FE84C5111A60622DCC3D421E1D39A5B97EB"
"tests/CurrencyWarsAssistant.Tests/Fixtures/PageReplay/normal_hud_rivet_town_2560x1440.png","5442495","CAED805F14A7BF08171D82D6BF5D2E81C1D6B04580D045E2122F9616D27FF01F"
"tests/CurrencyWarsAssistant.Tests/Fixtures/PageReplay/normal_hud_rivet_town_bright_2560x1440.png","5283726","C1778AFC6351DE16D2273ADB8DC256E96B2687BB2740558154B94556936BAC62"
"tests/CurrencyWarsAssistant.Tests/Fixtures/PageReplay/plane_progress.jpg","361532","B54A8E0DC0B861B770EEB4B081C568B9F394091D86CA93930D9011CA9677ED67"
"tests/CurrencyWarsAssistant.Tests/Fixtures/PageReplay/preparation_1_1.jpg","297801","9F82750039DCF94C29D9C0B71CE895E685056171935729981248050D47FB8345"
"tests/CurrencyWarsAssistant.Tests/Fixtures/PageReplay/preparation_1_1_after_shop_batch_2048x1152.png","2548402","ED7A59C11E73F4AEFBBF62E7A7D3EE1B401710BAEDC6FDE9C4120A24C3684E96"
"tests/CurrencyWarsAssistant.Tests/Fixtures/PageReplay/preparation_1_2.jpg","333564","0735E24FFA0138696341699B764EA66C040AD1F9B0EE98D0C2E8FCD62D68E514"
"tests/CurrencyWarsAssistant.Tests/Fixtures/PageReplay/preparation_feixiao_baie_confusion_2559x1439.png","2391650","187943B506294C94AA6379F59E5D98653A06476FD4C6EE219C93872BC8725718"
"tests/CurrencyWarsAssistant.Tests/Fixtures/PageReplay/preparation_five_cards_2048x1152.png","2437619","6AE005E9400E34C530ED887D4DE35EC2A7F3A91651897510DFD84ED025806688"
"tests/CurrencyWarsAssistant.Tests/Fixtures/PageReplay/preparation_nine_cards_low_confidence_2048x1152.png","2836410","87C865BDA16C8D391B69C37C4ADECE3A8C453AE00FF087A61C7FEE44B5BA15CE"
"tests/CurrencyWarsAssistant.Tests/Fixtures/PageReplay/preparation_privilege_boxes_gold3_2559x1439.png","2282600","9B5ABE6FEC47D9BA4717E39302FE7435EEF40E03CAD1D3FA4E4713E0873F519C"
"tests/CurrencyWarsAssistant.Tests/Fixtures/PageReplay/preparation_six_cards_2048x1152.png","2448474","BA3E16E73CFABC692A7FB78275CC98E3B28A886CB2B3BF7E72D5B906B6D2B828"
"tests/CurrencyWarsAssistant.Tests/Fixtures/PageReplay/preparation_white_failure_2048x1152.png","2366108","7D54684CD133245E501B243470FE1CB2B75FC95357C4779B8316A5C7E24CFF4B"
"tests/CurrencyWarsAssistant.Tests/Fixtures/PageReplay/rank_difficulty.jpg","445868","855620ED285B43894E86B9F19A09A8A14D660DFFF93230C5F674413E65549F66"
"tests/CurrencyWarsAssistant.Tests/Fixtures/PageReplay/rank_difficulty_a4.jpg","409527","C1FBDE8B531531361ED84C0A6743495ACD9FDA7CF067C56279333360B649259D"
"tests/CurrencyWarsAssistant.Tests/Fixtures/PageReplay/rank_difficulty_a6.jpg","475817","1A7447584FCBF4FCB3FA8ED245F3040DFE1F018DB06438CDA572A278EFA69555"
"tests/CurrencyWarsAssistant.Tests/Fixtures/PageReplay/rank_difficulty_in_progress.jpg","409147","00A7616A8616DA93C9CDB44A6C9C789F72432724C7DBBD70A5FF1053493A7C80"
"tests/CurrencyWarsAssistant.Tests/Fixtures/PageReplay/reward_battle_pause_2048x1152.png","2560371","3FEF301F571125E4FCDAB12E81FC2ECF30E3AC2A66830AC32678C270FCFFF237"
"tests/CurrencyWarsAssistant.Tests/Fixtures/PageReplay/reward_battle_yellow_effect_auto_disabled_2559x1439.png","5985341","22F75FC1B6BEB0B94568B92DA3214C37E46C0E8432189D899FDAC70ABEB333D8"
"tests/CurrencyWarsAssistant.Tests/Fixtures/PageReplay/reward_shop_after_two_purchases.jpg","396956","816758332ECC2C6FFA4A91A599CE2A15CB83A9DDB43CDF99A4CE830CDD3FBC6E"
"tests/CurrencyWarsAssistant.Tests/Fixtures/PageReplay/reward_shop_after_two_purchases_2048x1152.png","3271467","FC1A14CCF7D0491D3BC0E9A68B7BA4F367BAA612F79447E8470207C3C8EF4580"
"tests/CurrencyWarsAssistant.Tests/Fixtures/PageReplay/score_popup.jpg","180609","766BDBC58BA8B2C30EC0CD58A51973B1ABF5AF29DCA152C708B1E794A4D2AEDA"
"tests/CurrencyWarsAssistant.Tests/Fixtures/PageReplay/shop_open_1_1.jpg","412316","AF6B6094D6CEE8BFB01F459503DB422C97979DF79ABF981B78A75776589109F9"
"tests/CurrencyWarsAssistant.Tests/Fixtures/PageReplay/shop_open_1_2.jpg","397122","23BA501B020E163E2EFCEF4E6F019C88F1E308BA416C796097EE42E4780CD407"
"tests/CurrencyWarsAssistant.Tests/Fixtures/PageReplay/unknown_new_content_unlock.jpg","144811","85BACB2BE18EE416CADADA9B1DAC205A0952EF5DA12C98806DA0D70D9763FF3D"
"tests/CurrencyWarsAssistant.Tests/Fixtures/PageReplay/update_popup.jpg","239458","08EDB688B8CEAAEF7C4E0733A7B79532A1C9099E7198A5B38DA3422D692A10F9"
"tests/CurrencyWarsAssistant.Tests/Fixtures/phase2-2026-07-28/125924.png","2446114","ACE7C486E946F7AE60CF6C863472D11F2DF3B0873C726FFF0107FE39328946AA"
"tests/CurrencyWarsAssistant.Tests/Fixtures/phase2-2026-07-28/130104.png","3890237","4C5284609135B81076A4B292E4BCEFA9F8DF539DADECFACF4849089FEC0695D7"
"tests/CurrencyWarsAssistant.Tests/Fixtures/phase2-2026-07-28/130112.png","4609220","1128E3F8E391E3DDA57A9F23683490876E1C2E5D68BA791FC8A23E722F710B70"
"tests/CurrencyWarsAssistant.Tests/Fixtures/phase2-2026-07-28/130123.png","4812922","AC8BAFD2889BB904FD763BA120B86BF96C6A90D6E2138B4A220EF926B113D325"
"tests/CurrencyWarsAssistant.Tests/Fixtures/phase2-2026-07-28/132307.png","2627598","9EFC824CAF0CFDA636537300E3D15141FC7D9A9C633590ACCC2C70C2AC8E3AE4"
"tests/CurrencyWarsAssistant.Tests/Fixtures/phase2-2026-07-28/132328.png","5261786","B929FD1A7F5C26C1AB6DCC42C21B038495F6003C3B8B25C4A24F7D552D42176D"
"tests/CurrencyWarsAssistant.Tests/Fixtures/phase2-live-2026-07-29/battle-1-3-action-indicator-mid.png","5252625","540598A8309E89758470FFCBE326524D366E44B90B6F8D0B9230BCC1CD595B84"
"tests/CurrencyWarsAssistant.Tests/Fixtures/phase2-live-2026-07-29/battle-1-3-action-indicator-round-zero.png","5208840","5E2C5AD100664BF0931BE38908F4FE3500AABF898C7BFB55872794EBB1EA515C"
"tests/CurrencyWarsAssistant.Tests/Fixtures/phase2-live-2026-07-29/battle-1-3-action-value-leading-digit.png","5175432","E1CB48DD2052DB8D8C341DB7E751AA6D7F07748AABB8C34E100452AFFE73190F"
"tests/CurrencyWarsAssistant.Tests/Fixtures/phase2-live-2026-07-29/battle-1-4-action-row-obscured.png","4936050","55772AFF999F82CB5817F86124AD1EF4DBE78852BCA5DFE0CA0AB8981E2049D7"
"tests/CurrencyWarsAssistant.Tests/Fixtures/phase2-live-2026-07-29/battle-1-6-early.png","5351832","16DD4502E78262146815B87EE5E8BC035BA30EB26FCA34C0555D7B5C761CCFA0"
"tests/CurrencyWarsAssistant.Tests/Fixtures/phase2-live-2026-07-29/battle-1-6-late.png","5264670","39F06695ED046C297EA6B709E92566F3C5A311022D6919A3D8B67F39324C359D"
"tests/CurrencyWarsAssistant.Tests/Fixtures/phase2-live-2026-07-29/battle-1-7.png","5696044","00ACC431AB8756440BED0F6DA8DA978C841DDED8138720CE7781EE2F15649189"
"tests/CurrencyWarsAssistant.Tests/Fixtures/phase2-live-2026-07-29/battle-action-value-15-round-zero.png","4843662","E7EC4D920F11FB7DF0E74B0C935377610718330379A7601694F02A0805B0ED79"
"tests/CurrencyWarsAssistant.Tests/Fixtures/phase2-live-2026-07-29/battle-action-value-72-round-zero.png","4451929","09DDE9C7459D1741EB6DFF1371D966B4B97A9977755ED0ACEEE82180CAF5E6A3"
"tests/CurrencyWarsAssistant.Tests/Fixtures/phase2-live-2026-07-29/battle-action-value-79-round-zero.png","5234920","1B5414331317D450BB04B437B016B33040DE6C14C5FCA8E3D26F6E74B3313D0C"
"tests/CurrencyWarsAssistant.Tests/Fixtures/phase2-live-2026-07-29/battle-action-value-87-round-zero.png","4443135","C3946502E59F2E6390703D9EF56D534B556CD5AC8B3BDDBF828C3734DAF661B1"
"tests/CurrencyWarsAssistant.Tests/Fixtures/phase2-live-2026-07-29/battle-no-action-indicator-wave-counter-1.png","5901017","B84A49462AD4835357282D4272EE6789A52AB00EF46B4939C81BF90255765FC6"
"tests/CurrencyWarsAssistant.Tests/Fixtures/phase2-live-2026-07-29/battle-no-action-indicator-wave-counter-2.png","4578167","15C1ACAC92F1E89E6F95FC3A144FBB23C68CE7ABD209EF87C39EC455885EB9D6"
"tests/CurrencyWarsAssistant.Tests/Fixtures/phase2-live-2026-07-29/battle-no-action-indicator-wave-counter-3.png","4417428","1DC917AF93E32D8309C9EAABB5727F97AC2759070E08DE9995D0C9B6D8352E46"
"tests/CurrencyWarsAssistant.Tests/Fixtures/phase2-live-2026-07-29/investment-strategy-selection-stable.png","2046641","BF637839CAABDD7850633880F11797698B409792F8A7341D07F22EBEC03D65A8"
"tests/CurrencyWarsAssistant.Tests/Fixtures/phase2-live-2026-07-29/main_page_classifier_miss_2048x1152.png","3390731","2FC116A15E4ECCA92141F91EBF2AE06EAF19C05D8F1F9A1832A341452D7F48AC"
"tests/CurrencyWarsAssistant.Tests/Fixtures/phase2-live-2026-07-29/preparation-1-2-blank-board.png","2279419","28E1668B4653546E4A8D8E81B9B4D42C60DA65B4281A5CC16ACF06BA16FA6A5F"
"tests/CurrencyWarsAssistant.Tests/Fixtures/phase2-live-2026-07-29/preparation-1-3-gold-23-user.png","2335700","336E3E394647F1A4DEACABA5AD4D42E8444D32A078E8C50A44B55FF5D1A73FD7"
"tests/CurrencyWarsAssistant.Tests/Fixtures/phase2-live-2026-07-29/preparation-1-7-user.png","2466770","52D3183D7090B4C06068BF582E2A700D31CBD8015AFFD108245B91B155161D0E"
"tests/CurrencyWarsAssistant.Tests/Fixtures/phase2-live-2026-07-29/preparation-shop-1-4.png","2620127","84401946415672084A0BE47ADB39B69A6C28D5710FC44E18878C31BCD3458A24"
"tests/CurrencyWarsAssistant.Tests/GameDataCatalogTests.cs","2872","B140B452A410064D769A7922AF50DC4CDE0A99C6991E2EDCD8C2D480247A51CC"
"tests/CurrencyWarsAssistant.Tests/GameDataNameMatcherTests.cs","5418","B47F1DB9757A0E6525F48D3ADBBDA852D14A6122F1D1AE9D181B387EFD856856"
"tests/CurrencyWarsAssistant.Tests/GameForegroundGuardTests.cs","3078","6E290792AAB360D75DF5F3EB5EA167184E55F349C4AFE3B621F59DE2107D2286"
"tests/CurrencyWarsAssistant.Tests/GamePageClassifierTests.cs","15862","D22BE5EBA949973BB2D2529E0CC95E2EBB9AF2D96A85B0D2C628EAD0A793AB4F"
"tests/CurrencyWarsAssistant.Tests/GlobalUsings.cs","20","50436EB3A60162E0CFAD749EDDFB06F8908F821A90CA44532DF946A53E071359"
"tests/CurrencyWarsAssistant.Tests/HistoricalDashboardProjectionTests.cs","10886","1ECA25301DB339C939A74E3222EBCA04B0452904C65AF134BE367EA20A3C4AE3"
"tests/CurrencyWarsAssistant.Tests/InitialRewardFormationPlannerTests.cs","11005","6FEE34A970046161EE25E450B1EE4632418C394255284C1F6FAC442BE1099EF2"
"tests/CurrencyWarsAssistant.Tests/InvestmentEnvironmentSelectionTests.cs","2245","3242B83CAB86BF0630E8441DAA1EE425709AAD3523AF253A367DAE03D5929264"
"tests/CurrencyWarsAssistant.Tests/OcrOpeningPageReaderTests.cs","21685","CE825BA8081D0D9CA83D99FEA1A54E424DEEAAB99B5C48D158E769838C3203B4"
"tests/CurrencyWarsAssistant.Tests/OpeningFilterEvaluatorTests.cs","11472","C6B263DEE20F7B05141725C594E537ED691ADD1C55992ED0381962F2E6CF3C71"
"tests/CurrencyWarsAssistant.Tests/OpeningNavigationRetryPolicyTests.cs","587","6DDA0694CFFD0D717A97576058AF75F3861DB243DC7E671F2D6252186A27DA34"
"tests/CurrencyWarsAssistant.Tests/OpeningRecognitionAccumulatorTests.cs","3152","CF510D35F6642E32D8D0B5DE375D8FC04B6FC99DAB11DF976BC4E756372B9A7A"
"tests/CurrencyWarsAssistant.Tests/OpeningRerollLoopCoordinatorTests.cs","31446","6C2E5A21F2C05622D0CED90E362FE57EF614BA4C96B6319C003C5647FABA4A45"
"tests/CurrencyWarsAssistant.Tests/OpeningRuleEvaluatorTests.cs","4130","E978D6A8EFCA983F577195964A6F3576B0CC9121A6A3CD15487472C083887DC7"
"tests/CurrencyWarsAssistant.Tests/PassiveRecoveryMonitorTests.cs","4507","54E2C323EAED27DE2F36AAB4F92560ADE4A9A4440EF9C01D4DC30C278BCF7C55"
"tests/CurrencyWarsAssistant.Tests/Phase1WorkflowTests.cs","4347","CBA5DBB7EB934AB0EAECE1AE0D3D9F1522F4DD5CFB4EEC245F65B8390D3E550F"
"tests/CurrencyWarsAssistant.Tests/Phase2AdvisorTests.cs","30930","61E4366266DF3A586F42E17945169EA26B009E1E6D04A422A5A76D63CAF1B0AC"
"tests/CurrencyWarsAssistant.Tests/Phase2BattleOutcomeHealthTests.cs","19227","C810A850149841456F40E28E89F03B966F6F13BCA01C3F26A04370E919F59FB5"
"tests/CurrencyWarsAssistant.Tests/Phase2CapturedDatasetReplayTests.cs","7088","D25E40D777E9817464C7027F230A4DBCC67A3D41322BC6386B0815131370BB45"
"tests/CurrencyWarsAssistant.Tests/Phase2DatasetCaptureTests.cs","4502","287F3FE37C0F0F45EB67EF18275EB87C189F9EEAB9316730D99B9C32C8354D31"
"tests/CurrencyWarsAssistant.Tests/Phase2EvidenceReviewTests.cs","8156","654AA09F103185A905D6B163C7A779AEF930DC9E9D550450A6FF563A2B242AB5"
"tests/CurrencyWarsAssistant.Tests/Phase2OperationalCollectionTests.cs","152527","2EBE900A5696E287325D2FE894201116CF3DF5AF456CDDAB8C7915F67C11E5EF"
"tests/CurrencyWarsAssistant.Tests/Phase2RealtimeFrameBufferTests.cs","31536","56E347BC598A664331D76AB5751513A1D2397A2F9374BFECDFE04AC71EA844E9"
"tests/CurrencyWarsAssistant.Tests/PpOcrOfflineOcrTests.cs","6506","E8B014A1719E93D5B2EF8F9E25363FBECA365E412E7081B01DA9FF30D5EF3AC8"
"tests/CurrencyWarsAssistant.Tests/PreparationBenchSalePlannerTests.cs","6189","6B68AF43375EEF61ADBDDDA43F35BBB97700639C9520133C2902B8176BEC3ABE"
"tests/CurrencyWarsAssistant.Tests/PreparationBoardControllerInitialBenchTests.cs","8401","C0E2D76D19F718B8FDC81D1CCEA36CCDA2B830B82C115D104AFACBCD4985E509"
"tests/CurrencyWarsAssistant.Tests/PreparationMoveVerifierTests.cs","4007","A2BE86895866B2693E4F18EBC03818132D4C75BE73C7A43CBBD1E85907A4AB9C"
"tests/CurrencyWarsAssistant.Tests/RealtimeRecognitionEntryTests.cs","3399","DD0E6D5DBF2D72DED1A0FC6AA6A9C4D76E18EC671267D373D8F04FEABE4C2E1A"
"tests/CurrencyWarsAssistant.Tests/RejectedOpeningRecoveryRetryTests.cs","13444","A2D2319B2E223027EF0EBA8BB18320300BBB203FD5B5524E262F5C388EF43268"
"tests/CurrencyWarsAssistant.Tests/RewardBattlePageStateClassifierTests.cs","11880","58685FB34BC4FAD6AB922562234667BC4E32BF7120E9EF208A9A411BCA069823"
"tests/CurrencyWarsAssistant.Tests/RewardBattleTimeoutRecoveryIntegrationTests.cs","12992","BA2DC101BA4F18740B3720AF0AD582F2E0951D335E0D45EFAF2602F30DC1792D"
"tests/CurrencyWarsAssistant.Tests/RewardPageReaderTests.cs","30176","85966B6A6E723F6D53BF78797F19CA78E8443C3881555560E29170424B3E8210"
"tests/CurrencyWarsAssistant.Tests/RewardShopCloseIntegrationTests.cs","7907","A72422D06EEA09A6902A17ACC2858B915FC1FDC7DA955F382C67ACB70CBC1F02"
"tests/CurrencyWarsAssistant.Tests/RewardShopPurchaseGeometryTests.cs","1520","E3B9E41C74B1CD3C14FCE8C6F965D19E928804A3C0E02C01D30C67B6D4789227"
"tests/CurrencyWarsAssistant.Tests/RewardVisualDetectorTests.cs","4489","FD36D27C8C3EF572266B45B609E187933C775A3C2E27F607126B63B150FC8AF3"
"tests/CurrencyWarsAssistant.Tests/RunCheckpointTests.cs","13094","D7E8BF411544E8B6686368E3C6DC44E863CCBF298E2891452864FD3E8D67D539"
"tests/CurrencyWarsAssistant.Tests/RunCompletionArchiveTests.cs","11067","A19DC3C4E601D2F9117A64CE8317A7B900C1A7AF9DDB830B4C3F789E220AA67B"
"tests/CurrencyWarsAssistant.Tests/SituationAnalysisPresentationTests.cs","6661","E8CE495CCB2DB35D9AFCB6240C2E4F50800783C4311348BFDBA9DB8B078AFF1C"
"tests/CurrencyWarsAssistant.Tests/SpecialCombinationSettingsTests.cs","2452","EBFA799AC897CA7485919FADC7B3AD0BD36C9B561A30370D685B2F7A7B115B1D"
"tests/CurrencyWarsAssistant.Tests/TheoreticalDamageCalculatorTests.cs","2176","1F0C26EAD5F6783D22FECDBA5AD7F78DE7B3350EB0686EB51522F35BB19FA170"
"tests/CurrencyWarsAssistant.Tests/UiRedesignContractTests.cs","12825","49E7974346007F9744745A8DE343F49F990EE75C2897FE56EA32D1DA1025D740"
"tests/CurrencyWarsAssistant.Tests/UnifiedRunLifecycleTests.cs","7058","5E7612FAFA3E46070B8103534CA162136296E6E756F839E651A9DDFDB3BB1B89"
"tests/CurrencyWarsAssistant.Tests/UnknownPageEscapeRecoveryTests.cs","2909","F2403E01065F2C937CDDFB7443E207B342D7E577DBDCC0D3F0B83002A7F2A5A1"
"tests/CurrencyWarsAssistant.Tests/UserLogPolicyTests.cs","4687","2340E6734682813736F1261D172A9404FD4A2E12A429C4D6422370DB228E1EF5"
"tests/CurrencyWarsAssistant.Tests/Win32InputControllerTests.cs","7845","655484A6488769686F858BE5DC68495E6A0DD74A8F9267D4789ACB126D1A850C"
"THIRD_PARTY_NOTICES.md","836","87DCF2CF15B2813A253244E343B2281A64B03F730D22F6C23BAEE462522A7755"
"tools/Build-Installer.ps1","7400","0047349FF7DA629E0E6A1B77D5A22D950C71F3ACBB98CE14557990E6941BB249"
"tools/Capture-Phase2Dataset.ps1","3021","A5A0D69ABA0B254303C6D1A441E492EEE8BA8AD56C627FFB3BA7F004E0C57A85"
"tools/Capture-Phase2Dataset-5min.cmd","149","156D43A0629958C92D9C73B9105AC5FDE0A44370E1636A717A19123A16953AD9"
"tools/CurrencyWarsAssistant.LiveProbe/CurrencyWarsAssistant.LiveProbe.csproj","346","64C7EAD368F582704581305F07CAC0B7D3598ECEA42D621313A45BEA04A13393"
"tools/CurrencyWarsAssistant.LiveProbe/Program.cs","3223","11A39E8FDC1D19581A9217AA353B5B25871C973232F82981A24FB35D194E8042"
"tools/Extract-RecognitionTemplates.ps1","9745","114DBD20D0425218065A70E0AD58B14313A88F6C2059475CE1655826FF837A2F"
"tools/Import-GameData.ps1","4802","7A345C21931998C95A1939790737AEF367C1C881C3661D2F5E239CA8AF446FC7"
"tools/Invoke-EquipmentDataPipeline.ps1","25432","AF0B6BB9969CD81AA8ED763105CDB112B73A49E476C220F4E045810CF834AC93"
"tools/Stage-EquipmentRaw.ps1","8680","E8F4EDA370211CC2F45C99E16A63BF3B7504C6B4F33E389D62D3ABF1F5C4222F"
"tools/Start-LivePerformanceMonitor.ps1","3048","B1231E94EEEF3BF907D42541E1ADCD24B699B52D238408F6A42C34B222EC08D8"
"website/.gitignore","533","6B23169BB57FA6C13637B1DA17A8E0809896304C5D07D0EDDBFEE6575B2A9EA7"
"website/.openai/hosting.json","35","D2841F8A91A91BAB4F4A1E27671E7D3FE8F02261EB41996F43AC61E6970A9D74"
"website/app/chatgpt-auth.ts","2490","1407F614CC83D7049FDB08CD713D2516866BA58E24E820F7F4FD9D718B9D3007"
"website/app/globals.css","6740","0821C49BD030B46A6E7A2E25826EF599462F34C8340CDD1CBAD9809D9F7CA6C9"
"website/app/layout.tsx","890","51F2AA81C3A45A5B2FE6491EBCB52C90A5C372AC92F3B9DBA99963432542F46F"
"website/app/page.tsx","6020","B00A3FB9A1722FA75A32F6F203E1847B6F65BAF74F3334623D61E78C3BE630A6"
"website/db/index.ts","436","EFFA59E46BCBB42DFB7B46911E809A1DE0F2C37DF1FD935E3DCA89023EAF97E4"
"website/db/schema.ts","173","48B4F7FAFEE1F2720B8977BA31BC0CF03DEDB7EA8826C4BCBC8DFD74F2D8744F"
"website/DEPLOYMENT.md","936","C9A07263A581AEEA34ECF7B2B5E833011138711F7552FF28CAE1C3E373B78670"
"website/drizzle.config.ts","155","73D0807C58E541DC3EAF175909FB5ACC966FAED61F74FF659D9D55027BF3E25B"
"website/drizzle/meta/_journal.json","66","5A5F57F8F48FCF1D065725C0F3DAB19E590E96E7E1E5BF8DDFF17339A0DE8D9A"
"website/eslint.config.mjs","483","275A07C13FC7C83A652EFCFA9FB6A207C451A2F5088E6793415CE44281285720"
"website/examples/d1/app/api/notes/route.ts","1758","B0B134B9B0B4A9F5947ABBD13FD4425B88B59C64F91DB1AACB0CECBC16C38F45"
"website/examples/d1/db/schema.ts","379","1ACD70317BCAF22CB140436FB47754C2144E7C2ADFC59A3F427ECB1D816FA0F3"
"website/next.config.ts","140","A972C4F0FFA6DD714E7909B02D1AC19D2F2FE3D01F191EFD2C5054BD6F142EC1"
"website/package.json","1131","2D1FA8817529E47323C961DBA921CA4E61F29D550202F58441EC8F10DE48EC38"
"website/package-lock.json","391870","CFF6A594F0EE4F31EF364803E82D2F725669F89C761F1F35C64D4177905D5B28"
"website/pnpm-lock.yaml","225480","F503C938A4DBBF467B4E5896B6AE68143B614C1BED57EC2F98368CC19E947DEF"
"website/postcss.config.mjs","101","7B299D3D3B16699DDDA397C0B2373B3AF4F25F8FC9CCC9B3D9E64EF083BC1C21"
"website/public/app-icon.png","676726","EFD4A0EEE06ADFF3B31D030EEDF87AA72DB4E432E6748076234E5BF640939EDB"
"website/public/favicon.svg","718","3E8863288C2D43DD33D2A71DE317DCF9198F09932EA8D61E0DEF1B846A865435"
"website/public/file.svg","391","2B67812C325C199A02536CDBEEA0C593A72F707D323B72EE3E08DBAB06753BD4"
"website/public/globe.svg","1035","B614B9BF183925957661AC851498FE1D8029FD43A62FBFED86F9E2624A57E7CF"
"website/public/og.png","1324336","BB140CB3B6AECF7C4AF40A3FBAC2B2AB58A09DB006E1A16C17D5E0EA1DE69DEE"
"website/public/window.svg","385","644768C4AAEB4767BCE293344EEB0C125FB804A94D801440424072202D85E3A1"
"website/README.md","3537","10958282F6DB5B5748608615DEF689C0A95F9A6AD61E2E556507C09636AE0791"
"website/tests/rendered-html.test.mjs","3638","60C1480239092D91F72ACEA87EDF42511742C738C4B6D91A8D5A20A09C66A449"
"website/tsconfig.json","700","FBFF01604D6CB54694BE707F26E7A0EB21A6EF796B888C6A1DAB1839FA7C6CCC"
"website/vite.config.ts","1756","5D68239B2F24F42354E8A05CF69B83FD8F3CE34727F2EDF2B55283E4F732C77A"
"website/worker/index.ts","1778","6F8983AB616309202039AD672B1A46A835BEDE1BB77636DC751613C664F969E5"
"货币战争_当前完整数据报告_4.4/货币战争_敌人负面词条_核对数据.md","17284","D75E3BB922599AC040B1668896406EAA7FC92862ED8AF6F1814493D107042148"
"货币战争_当前完整数据报告_4.4/货币战争_竞争对手_当前完整数据.md","8063","0B91CBD3B09DE5F9FAA81A73B71D895D4F0B6917E1A48EB231F60CC3368A94BB"
"货币战争_当前完整数据报告_4.4/货币战争_投资策略_完整数据.md","90681","6CBAF4B3120F3912AA9ED5907440C7BD0BE4047DDD26BC3BEEB14C3E9921F5F3"
"货币战争_当前完整数据报告_4.4/货币战争_投资环境_完整数据.md","23176","53A76910714F8A56D45DAA146FE791959C671840AAE2F0B38CE22F93205C5A6A"
"货币战争_玩法图标资产包_4.4_证据重审版_2026-07-28/asset_manifest.jsonl","323500","8D55C511463BF4E97218E348451DD0468BAA38D050002DBDEF956E684BC44245"
"货币战争_玩法图标资产包_4.4_证据重审版_2026-07-28/change_log.md","1112","8B53B05BF9F4D1EE274605C50CDA3EABDAADFD63E130FE928AFB7EF41C0E9756"
"货币战争_玩法图标资产包_4.4_证据重审版_2026-07-28/contact_sheets/bond_identity.png","283036","E3B2F92C8F2A943AFD5612EB6305A6090C35A525F50ABADABE007BA49EF51815"
"货币战争_玩法图标资产包_4.4_证据重审版_2026-07-28/contact_sheets/enemy_affix.png","59631","F75F5ED4CB9A241858B0486DC4841BCBF1B47C31FB5B4224B0D714FDD7200A0F"
"货币战争_玩法图标资产包_4.4_证据重审版_2026-07-28/contact_sheets/investment_environment.png","187914","F7D7D14CBA25018FB70316F6AD4BDEB8E5EB0243D2E4590F6F58257506A31793"
"货币战争_玩法图标资产包_4.4_证据重审版_2026-07-28/contact_sheets/investment_strategy.png","1837096","8ECB6D85388425FBEF562760B6F138BEE3AB7A11D8F978C6E51959256958DEA1"
"货币战争_玩法图标资产包_4.4_证据重审版_2026-07-28/contact_sheets/official_composition_layer.png","41575","52E8EA1BD3B4FA6381CDECB8AC6138B72130194B594D03496A2A441025705302"
"货币战争_玩法图标资产包_4.4_证据重审版_2026-07-28/contact_sheets/special_item.png","230323","7B1D46112F9FF77D7ECA19B70445542F223EDF97BCC01F611269E6595148D9EB"
"货币战争_玩法图标资产包_4.4_证据重审版_2026-07-28/coverage_report.md","1352","B93D4EDDAB49A8BF3F62ECA7443E4CB1577C1BAE06D75F60641D89E0A392B5B2"
"货币战争_玩法图标资产包_4.4_证据重审版_2026-07-28/evidence/screenshots/daytime_demigod_game_ui_1.png","74163","53B51911EDC5963597B107FBB0BA7A9206321A48713D7EF3BEE7F0527816335A"
"货币战争_玩法图标资产包_4.4_证据重审版_2026-07-28/evidence/screenshots/daytime_demigod_game_ui_2.png","142476","46EE57128D8DAB604C7F19C60EA713DA2B2C453F7BC1E39822BC2E3328190EA5"
"货币战争_玩法图标资产包_4.4_证据重审版_2026-07-28/evidence/screenshots/daytime_demigod_game_ui_3.png","26348","ABA4C7635B97081F1D7242ED19DE9DF8D1AB191BEFF66230F0AE90ADF77E9F1C"
"货币战争_玩法图标资产包_4.4_证据重审版_2026-07-28/evidence/screenshots/daytime_demigod_game_ui_4.png","18721","29E6BA54A3799D189D2E45F3B1D9FD6CB77BE837F1517BEDF5209A094A9D9263"
"货币战争_玩法图标资产包_4.4_证据重审版_2026-07-28/evidence/screenshots/daytime_demigod_game_ui_5.png","13241","7ABA7AC0FE72E26A60CED71D94E4E2273158001D540799027108C0AB4EB527A3"
"货币战争_玩法图标资产包_4.4_证据重审版_2026-07-28/evidence/screenshots/expert_invitation_candidate_crop.png","38228","196D343F945AE859CE5E2E120A756A914F2E7A2BAD7A80EBDA815766F355CE8C"
"货币战争_玩法图标资产包_4.4_证据重审版_2026-07-28/evidence/screenshots/five_cost_hiring_book_item_button.png","43811","C258A4748A19DC11733FEE422C2BD4F2D05EAF1FEFDE11AC67529D7DF9B55413"
"货币战争_玩法图标资产包_4.4_证据重审版_2026-07-28/evidence/screenshots/five_cost_hiring_book_result_screen.png","781900","5FC3B2AB22E4C2622F1F0AA39DF6FBB1880902EC2FC151BD390FCC829C2C5477"
"货币战争_玩法图标资产包_4.4_证据重审版_2026-07-28/evidence/screenshots/general_user_sources/A1.png","274740","9AEB7AF36ABD39B58CA9C58C4464C66D0D55F31DE0CDA10DCFBD8127FBDA4FA6"
"货币战争_玩法图标资产包_4.4_证据重审版_2026-07-28/evidence/screenshots/general_user_sources/A2.png","453181","9A079118C88BF2238CEEFAFB50D1578CDCADF76D7D9B097B8F4549CB79F2AC0A"
"货币战争_玩法图标资产包_4.4_证据重审版_2026-07-28/evidence/screenshots/general_user_sources/B1.png","584053","BDC8EE3D94F0FB39782E997784D0DF7C57BA5D3EE82441F3EF249984FC33683C"
"货币战争_玩法图标资产包_4.4_证据重审版_2026-07-28/evidence/screenshots/general_user_sources/B2.png","1211825","18E8EFEF079B0ABA1B381BA260A52702E37BE84C958E6B6E839A1E20DD0FE9A3"
"货币战争_玩法图标资产包_4.4_证据重审版_2026-07-28/evidence/screenshots/general_user_sources/B3.png","16987","FEF0CAF7197E0401B334AB9EAD658A7CE921097AC617F65CCE6153CEE196DF4D"
"货币战争_玩法图标资产包_4.4_证据重审版_2026-07-28/evidence/screenshots/general_user_sources/B4.png","78215","482A42885EEA6E720C7FA7E0BC0AD27E41966B7389BF7D10C1C0868C4ED49FE6"
"货币战争_玩法图标资产包_4.4_证据重审版_2026-07-28/evidence/screenshots/time_assassin_user_game_crop.png","31498","0D4F0BF1D99350EFD62D1103DB69888B00538A932AA4BA0618B291C93CEEAB8E"
"货币战争_玩法图标资产包_4.4_证据重审版_2026-07-28/evidence_sources.json","1839","9180C4D9BD4EFF7CB1D84A6620F07C97E5A8CF31DF92DB57813273077D635FC9"
"货币战争_玩法图标资产包_4.4_证据重审版_2026-07-28/independent_validation.json","409","DD0EBA96E867FAEFED475E9339CB2FBBD604437DC7D148ED69480A0890FEEE77"
"货币战争_玩法图标资产包_4.4_证据重审版_2026-07-28/manifest.jsonl","1419105","CD4B6036B56C3854BDA600476979DCECDD5EE66F1964E8332721B9A42CCDF4A7"
"货币战争_玩法图标资产包_4.4_证据重审版_2026-07-28/match_index.json","137144","4C6160A435DF68138D868755E0D3CB6A730521F4D7B2E537A28AABB8706BAD06"
"货币战争_玩法图标资产包_4.4_证据重审版_2026-07-28/missing_or_ambiguous.csv","157287","47E2C3D4A612532B7A0326B149515A9CA92D2C10121FBEA58F12E39C8A63AAFC"
"货币战争_玩法图标资产包_4.4_证据重审版_2026-07-28/quarantine/rejected_bond_daytime_previous_mismatch.png","9928","0383493FB4A3A0200AFFCA266512C41FB6A1B32326059A16A16BEE8907A2C282"
"货币战争_玩法图标资产包_4.4_证据重审版_2026-07-28/raw/bond_identity/bond_identity_贝洛伯格.png","9349","0309503261BE043A89209A165145A0694321DE28B2FDCF71298D56612963F044"
"货币战争_玩法图标资产包_4.4_证据重审版_2026-07-28/raw/bond_identity/bond_identity_持续伤害.png","6603","B754CDB4FEA947E5D29B8E6F386FDBB2A23C47324678C674C37480BC2448454C"
"货币战争_玩法图标资产包_4.4_证据重审版_2026-07-28/raw/bond_identity/bond_identity_大守护者.png","7736","6CFB51A9B1F6ACF3E88B2331A23CF6ACC9CBD36E0F5DE71B003AEFED29E59011"
"货币战争_玩法图标资产包_4.4_证据重审版_2026-07-28/raw/bond_identity/bond_identity_公司.png","7423","4AE86A98C0C2B9E7D82DF67DAC5F06D641BFB8869A7EE20079E81E49361C5573"
"货币战争_玩法图标资产包_4.4_证据重审版_2026-07-28/raw/bond_identity/bond_identity_护盾.png","9403","E1804BF64876A69C300948EECFFC5BFD48E99E0E503EDE929DFF84F5544BDF43"
"货币战争_玩法图标资产包_4.4_证据重审版_2026-07-28/raw/bond_identity/bond_identity_欢愉.png","12432","97657C5AE1036B421ABDC0AAAD50E4F6AAED18923964EC1E2599E76475E8A801"
"货币战争_玩法图标资产包_4.4_证据重审版_2026-07-28/raw/bond_identity/bond_identity_击破.png","8017","870F5B6C41C09747F3B5EC40188B21660906C4EC5506BEC247A458C939F0269F"
"货币战争_玩法图标资产包_4.4_证据重审版_2026-07-28/raw/bond_identity/bond_identity_减益.png","8190","3E92A6E91786876AFBC40D3F35E3CECB99F783EC6A72219BE3A1ECB329BDDA8B"
"货币战争_玩法图标资产包_4.4_证据重审版_2026-07-28/raw/bond_identity/bond_identity_救世主.png","9857","0016891565E157F4915264254A833DCEF2C26D31722005634AD97F3572EE40CF"
"货币战争_玩法图标资产包_4.4_证据重审版_2026-07-28/raw/bond_identity/bond_identity_狼狩.png","9959","74C8DEEAEA1F73B495DE080548ADA4651338B43A42D0ED62ED8898A35F9D7A76"
"货币战争_玩法图标资产包_4.4_证据重审版_2026-07-28/raw/bond_identity/bond_identity_量子同频.png","7078","69F0A1B9394B915F3D1ED2A56BD6ADEF1AE00C75E3C2EA8B3BB549F9D305CB97"
"货币战争_玩法图标资产包_4.4_证据重审版_2026-07-28/raw/bond_identity/bond_identity_列车同行.png","8716","0C9E472A48E95E0D36D9BF7CC324C56F4A2FDA733110C50949AEF238E15B5028"
"货币战争_玩法图标资产包_4.4_证据重审版_2026-07-28/raw/bond_identity/bond_identity_领航员.png","11502","0364A6440F2392037A0339627304ED2BE8155D5FA8D76B26D3DD951EDADA47D9"
"货币战争_玩法图标资产包_4.4_证据重审版_2026-07-28/raw/bond_identity/bond_identity_命运卜者.png","8855","3DF1B32B52994C3AFD355FE4CE03F6FEA48012AD148D79DACAEB68CF944C67EF"
"货币战争_玩法图标资产包_4.4_证据重审版_2026-07-28/raw/bond_identity/bond_identity_命运圣杯.png","8239","C9D5322DF3A46F4D50E7C43D8361F71FBD4149BA389C47D3BFC54973DE699368"
"货币战争_玩法图标资产包_4.4_证据重审版_2026-07-28/raw/bond_identity/bond_identity_魔术师.png","9639","C7AC21BB6D21D4F435DF4CB22C84555649F7CFFF34A47E2D5D1200BC393D715A"
"货币战争_玩法图标资产包_4.4_证据重审版_2026-07-28/raw/bond_identity/bond_identity_能量.png","4074","AEC98E0C8D187C5B42780936F2163C8D4A433DC72F20CF182D116D7F076A65C6"
"货币战争_玩法图标资产包_4.4_证据重审版_2026-07-28/raw/bond_identity/bond_identity_群攻.png","8505","7168643E9553DCE97BAA8DBD191D399397378C21284223D42EA3625D23F63F79"
"货币战争_玩法图标资产包_4.4_证据重审版_2026-07-28/raw/bond_identity/bond_identity_燃血.png","9172","6B0FB86A687F3BC9B11C2D412C364275B5F788A6E49D44D4FA50540C285FD771"
"货币战争_玩法图标资产包_4.4_证据重审版_2026-07-28/raw/bond_identity/bond_identity_盛会之星.png","7203","12CCBA01C2B27FE70305088282F8B5AA00945EEC5FD1AB4A95A04451BA64A186"
"货币战争_玩法图标资产包_4.4_证据重审版_2026-07-28/raw/bond_identity/bond_identity_师徒.png","5363","AFA42E23227DACD7B9891B3E30055FDC6E49C37AF7AB16DA2C505E7DEEF4A084"
"货币战争_玩法图标资产包_4.4_证据重审版_2026-07-28/raw/bond_identity/bond_identity_头号玩家.png","3880","1FCD7DBF3F19D904B73E626F672122A0F6C8C2A7F1A5AF9F420126707609AF09"
"货币战争_玩法图标资产包_4.4_证据重审版_2026-07-28/raw/bond_identity/bond_identity_仙舟.png","9939","F384D50B1C3E663080D4BEE9255F9577FFE13EE58600EE0C9AD9FAB6F9491922"
"货币战争_玩法图标资产包_4.4_证据重审版_2026-07-28/raw/bond_identity/bond_identity_星核猎手.png","7883","D640EA8F5EA510C16EC5A9161A292801E31DE3ABFD38ADE77DEFE6AFC36EFE5D"
"货币战争_玩法图标资产包_4.4_证据重审版_2026-07-28/raw/bond_identity/bond_identity_星间旅人.png","7979","CF5733F2DA033A5BB38C1321BAADE01E4D45076999C283F11241CFFBB1FC73A3"
"货币战争_玩法图标资产包_4.4_证据重审版_2026-07-28/raw/bond_identity/bond_identity_巡海游侠.png","9273","2D07F4A71476DA7FF2BD0F58F27A16C04129826958D0CAF25D6FB3F0DDDD8D3B"
"货币战争_玩法图标资产包_4.4_证据重审版_2026-07-28/raw/bond_identity/bond_identity_夜之半神.png","8356","AA6F2D458F9F60FCF1E02E54B98A41A19100E5882BD94D38895EA28BD56E54A1"
"货币战争_玩法图标资产包_4.4_证据重审版_2026-07-28/raw/bond_identity/bond_identity_银河学者.png","10487","E0D1BEED7E4F4301C6BAA69F8516CA5B003CEEBCA081526312EF083D5A73FE85"
"货币战争_玩法图标资产包_4.4_证据重审版_2026-07-28/raw/bond_identity/bond_identity_战技点.png","8778","886B8F30DD3EE1B5F89B963FC02F46F78011C714C4A8CF30772B0AF7D632704C"
"货币战争_玩法图标资产包_4.4_证据重审版_2026-07-28/raw/bond_identity/bond_identity_治疗.png","5667","D9C543A32458C97F52739E2FFB3C361D981C8B935C18663B5343631F8B02AE2F"
"货币战争_玩法图标资产包_4.4_证据重审版_2026-07-28/raw/bond_identity/bond_identity_挚爱之人.png","11096","272698B4C6B02574F60E2151D5AF4FC8F10583A8A3FE7CD96E4EC1293B918B97"
"货币战争_玩法图标资产包_4.4_证据重审版_2026-07-28/raw/bond_identity/bond_identity_昼之半神.png","5037","9FDFDACD59236E012FE92AFCCA386DCD8725D8185E68911514D17C556B14552D"
"货币战争_玩法图标资产包_4.4_证据重审版_2026-07-28/raw/bond_identity/bond_identity_追击.png","7931","8870D1A90FD993BA1FD505B28CB268062B20749B17C6F80A2ABA941122316521"
"货币战争_玩法图标资产包_4.4_证据重审版_2026-07-28/raw/enemy_affix/enemy_affix_t1_01.png","2693","56476BC77E5366EEDC20ABA641A6AAF66590B594E10BED779EFB7F7DDDE167D1"
"货币战争_玩法图标资产包_4.4_证据重审版_2026-07-28/raw/enemy_affix/enemy_affix_t1_02.png","2693","56476BC77E5366EEDC20ABA641A6AAF66590B594E10BED779EFB7F7DDDE167D1"
"货币战争_玩法图标资产包_4.4_证据重审版_2026-07-28/raw/enemy_affix/enemy_affix_t1_03.png","2891","B77B9D937EBD809AF86982729A03799786467184FEE6800BDA0514AA1C264F65"
"货币战争_玩法图标资产包_4.4_证据重审版_2026-07-28/raw/enemy_affix/enemy_affix_t1_04.png","2891","B77B9D937EBD809AF86982729A03799786467184FEE6800BDA0514AA1C264F65"
"货币战争_玩法图标资产包_4.4_证据重审版_2026-07-28/raw/enemy_affix/enemy_affix_t1_05.png","2693","56476BC77E5366EEDC20ABA641A6AAF66590B594E10BED779EFB7F7DDDE167D1"
"货币战争_玩法图标资产包_4.4_证据重审版_2026-07-28/raw/enemy_affix/enemy_affix_t2_01.png","961","98DFFE652DF50EAC96BDE24CEFEDF7F04C5BE2F8CEBC52AB84C6FA46FF9B71CE"
"货币战争_玩法图标资产包_4.4_证据重审版_2026-07-28/raw/enemy_affix/enemy_affix_t2_02.png","2500","58CAC7B2EDCF4401D36FED45D1BC71FB553875A7E88A1E3A86502934A68AD01A"
"货币战争_玩法图标资产包_4.4_证据重审版_2026-07-28/raw/enemy_affix/enemy_affix_t2_03.png","12227","073005F3267CEF8E8A3FBA4ABB66AC151BCD6C0F699F1EBE7B5AE32208DD3D42"
"货币战争_玩法图标资产包_4.4_证据重审版_2026-07-28/raw/enemy_affix/enemy_affix_t2_04.png","2626","CA941D47525A8129BCA2526DAAEBED764B46E7A0E45367AF4A3DFC96CB449D3E"
"货币战争_玩法图标资产包_4.4_证据重审版_2026-07-28/raw/enemy_affix/enemy_affix_t2_05.png","1126","6A69E9CF405187EF3175D4F2C04E0B42B31666BFF98DB3EA035D8804B9F9AB5E"
"货币战争_玩法图标资产包_4.4_证据重审版_2026-07-28/raw/enemy_affix/enemy_affix_t2_06.png","2781","E47B00137D856DC4A4F83D8E2CBC19BF779DCB1496A595D2C40FDAA495304AF4"
"货币战争_玩法图标资产包_4.4_证据重审版_2026-07-28/raw/enemy_affix/enemy_affix_t2_07.png","2007","97834020BCE21714D06AF2B7609F198A98F69F680254E30D6020728FDE5353AE"
"货币战争_玩法图标资产包_4.4_证据重审版_2026-07-28/raw/enemy_affix/enemy_affix_t2_08.png","2613","5449437F92858EE6656CADA58BC471293F5B2B983A5C73DC8658D4C05C8F4EE6"
"货币战争_玩法图标资产包_4.4_证据重审版_2026-07-28/raw/enemy_affix/enemy_affix_t2_09.png","2570","EF498A0D3B6DAA321310EE54791124F87EB5D66107537325947C4E3ECC4CD7E9"
"货币战争_玩法图标资产包_4.4_证据重审版_2026-07-28/raw/enemy_affix/enemy_affix_t2_10.png","2400","1B6AF304614C81D3B877BC555BA6A0AAADF68AD6A71E52BB941544C8821FA489"
"货币战争_玩法图标资产包_4.4_证据重审版_2026-07-28/raw/enemy_affix/enemy_affix_t2_11.png","2815","267EF7E4A88A9AE1332C1BB1F38CF7FE4B60C096BDCE0DE510D1237B5B0CFE4C"
"货币战争_玩法图标资产包_4.4_证据重审版_2026-07-28/raw/enemy_affix/enemy_affix_t2_12.png","2806","5438878B0F4D265A1572691A27932FC36211610143B736EEEAB1F7AE7A64A174"
"货币战争_玩法图标资产包_4.4_证据重审版_2026-07-28/raw/enemy_affix/enemy_affix_t2_13.png","2492","FD66E99CFE6F01FFD7453568C102054F480FC6D8FD68CB5A04072441FD98193D"
"货币战争_玩法图标资产包_4.4_证据重审版_2026-07-28/raw/enemy_affix/enemy_affix_t2_14.png","1422","647A7A45557B88CB6E60945E3E07CCF5999623825F34DE4695FE40DDAF661A6D"
"货币战争_玩法图标资产包_4.4_证据重审版_2026-07-28/raw/enemy_affix/enemy_affix_t2_15.png","2577","006E635A14AD0A298E2EF95960A9615F776C203086CF8EE1163481B12631F808"
"货币战争_玩法图标资产包_4.4_证据重审版_2026-07-28/raw/enemy_affix/enemy_affix_t2_16.png","2555","F7A6B2CC40F23AEACCAD17205F07CBA666E498BC04BB21667E2A34592917ECD7"
"货币战争_玩法图标资产包_4.4_证据重审版_2026-07-28/raw/enemy_affix/enemy_affix_t2_17.png","2483","12B2530CE0854082E576F9942191CD1CCE9A9177A74DC1E767F41ED899555EB7"
"货币战争_玩法图标资产包_4.4_证据重审版_2026-07-28/raw/enemy_affix/enemy_affix_t2_18.png","1408","0D3396FC9F1E58ED08B92B87C13CFC6A9655B09692555FE76313E82AB0CCCE7C"
"货币战争_玩法图标资产包_4.4_证据重审版_2026-07-28/raw/enemy_affix/enemy_affix_t2_19.png","3061","E3874C2A1D0207CF04677BDB52F549A9A4A5DFB4AE41641A98E05A5807A31C3B"
"货币战争_玩法图标资产包_4.4_证据重审版_2026-07-28/raw/enemy_affix/enemy_affix_t2_20.png","1921","FF6D903F1E45DA91A1CAA4ECBD41A4F9F96D728FD91B7576ABA579BD88A2C054"
"货币战争_玩法图标资产包_4.4_证据重审版_2026-07-28/raw/enemy_affix/enemy_affix_t3_01.png","2730","A58B533364622FBCF42A4F40C4A3125CC9B708257F20E81C3A7D3D5148049340"
"货币战争_玩法图标资产包_4.4_证据重审版_2026-07-28/raw/enemy_affix/enemy_affix_t3_02.png","2626","CA941D47525A8129BCA2526DAAEBED764B46E7A0E45367AF4A3DFC96CB449D3E"
"货币战争_玩法图标资产包_4.4_证据重审版_2026-07-28/raw/enemy_affix/enemy_affix_t3_03.png","1379","CCE4050CE2EE1F840A836880F4CFD66D3D6115BF05A0EB1B09605C8C848ADF70"
"货币战争_玩法图标资产包_4.4_证据重审版_2026-07-28/raw/enemy_affix/enemy_affix_t3_04.png","1443","9E56C27E4AA43079289932146E4B718018A25855ECD6E8F1F816D88B04E88B70"
"货币战争_玩法图标资产包_4.4_证据重审版_2026-07-28/raw/enemy_affix/enemy_affix_t3_05.png","1469","803BF57BB49BDFE346CA6E417454376A35004BE1FDE2B6560464C2559CE34BA3"
"货币战争_玩法图标资产包_4.4_证据重审版_2026-07-28/raw/enemy_affix/enemy_affix_t3_06.png","1350","6B19A1FDEECFBDC9FF9E33A58835BFFB4D1CE1AA078ECC30EF45A47CF15D48E1"
"货币战争_玩法图标资产包_4.4_证据重审版_2026-07-28/raw/enemy_affix/enemy_affix_t3_07.png","1413","C0ED233EF7CEE452DF953614B081670B980022D900CF6F8269F771B2DABC4807"
"货币战争_玩法图标资产包_4.4_证据重审版_2026-07-28/raw/enemy_affix/enemy_affix_t3_08.png","1478","A2F55A6261092B5B3A786B379A087F0AC23FE3D3B438B2643ECC9F8DAD2A4122"
"货币战争_玩法图标资产包_4.4_证据重审版_2026-07-28/raw/enemy_affix/enemy_affix_t3_09.png","1298","EE4AD8F5E9871F634F233EF026D7141C8CA41F6432BECAF9FD4B0C3B0D5061CA"
"货币战争_玩法图标资产包_4.4_证据重审版_2026-07-28/raw/enemy_affix/enemy_affix_t3_10.png","1320","3B9B2EC71ABADD746DBAB428DA2CF074E8C83FFFE847CA8EDE9C053BA227D2BC"
"货币战争_玩法图标资产包_4.4_证据重审版_2026-07-28/raw/enemy_affix/enemy_affix_t3_11.png","1065","66597D0784E95B316EF802B8853D7C12B6769BAD1CB29D1666C5B1D0BE68E7B5"
"货币战争_玩法图标资产包_4.4_证据重审版_2026-07-28/raw/enemy_affix/enemy_affix_t3_12.png","2845","BEB808CFAFEF84C641860DADDB7C28F6E034B001946AFDCD592E66DDD8A50D70"
"货币战争_玩法图标资产包_4.4_证据重审版_2026-07-28/raw/enemy_affix/enemy_affix_t3_13.png","2595","840700DCD400FDF1756B9087BF5A2D662A22D252FB5626A40F48E2DE668CA97E"
"货币战争_玩法图标资产包_4.4_证据重审版_2026-07-28/raw/enemy_affix/enemy_affix_t3_14.png","2601","8FFB834D38A492581E0928182DB6946EF967637F4B5967339F3795793A60DE8F"
"货币战争_玩法图标资产包_4.4_证据重审版_2026-07-28/raw/enemy_affix/enemy_affix_t3_15.png","2381","5D1AD09C4F1A1B58FCF6E0C4A0A041A80AC2BAD299CE1D1A625495764DB88847"
"货币战争_玩法图标资产包_4.4_证据重审版_2026-07-28/raw/enemy_affix/enemy_affix_t3_16.png","2412","F4136E9BC685CE48B07D7FEE516A3B78E28BF82B45018C993C49C970126FBC8B"
"货币战争_玩法图标资产包_4.4_证据重审版_2026-07-28/raw/enemy_affix/enemy_affix_t3_17.png","3033","201EF264F50C2FB805C52E08E40C56F31EF401AA6AF2E87A0DBD497FCDCE3EA8"
"货币战争_玩法图标资产包_4.4_证据重审版_2026-07-28/raw/enemy_affix/enemy_affix_t3_18.png","2448","FBF5DA3C890916B5DF72FB12EFDB1BECF86C3FD425C766C8CA707B7E436CFC55"
"货币战争_玩法图标资产包_4.4_证据重审版_2026-07-28/raw/enemy_affix/enemy_affix_t3_19.png","2626","CA941D47525A8129BCA2526DAAEBED764B46E7A0E45367AF4A3DFC96CB449D3E"
"货币战争_玩法图标资产包_4.4_证据重审版_2026-07-28/raw/enemy_affix/enemy_affix_t3_20.png","1165","9835AED7F305F5BFB7B5E41015977BCA3D8A49FAA9F36D424768CFAF82D331B8"
"货币战争_玩法图标资产包_4.4_证据重审版_2026-07-28/raw/enemy_affix/enemy_affix_t3_21.png","1347","6523FE8F5A36172CFDA2507C1378BF6FB02E5C8AB257AA3EDFF4C39F20435193"
"货币战争_玩法图标资产包_4.4_证据重审版_2026-07-28/raw/enemy_affix/enemy_affix_t3_22.png","2626","CA941D47525A8129BCA2526DAAEBED764B46E7A0E45367AF4A3DFC96CB449D3E"
"货币战争_玩法图标资产包_4.4_证据重审版_2026-07-28/raw/enemy_affix/enemy_affix_t3_23.png","1574","B9757A16A1F1E0972FFD17B2DE41D3D36B82790F8EF733D89AA586C509367425"
"货币战争_玩法图标资产包_4.4_证据重审版_2026-07-28/raw/enemy_affix/enemy_affix_t3_24.png","1561","8668FA5E2B9BA8C2F4114BEA2366F0BB83391D743AFDC563A1A88DD0F3BD7773"
"货币战争_玩法图标资产包_4.4_证据重审版_2026-07-28/raw/enemy_affix/enemy_affix_t3_25.png","1382","C5A587ACA3726129BF32A723FAF22D8A2F87FC188506DDA3E3D96E51D27A88A9"
"货币战争_玩法图标资产包_4.4_证据重审版_2026-07-28/raw/enemy_affix/enemy_affix_t3_26.png","1921","FF6D903F1E45DA91A1CAA4ECBD41A4F9F96D728FD91B7576ABA579BD88A2C054"
"货币战争_玩法图标资产包_4.4_证据重审版_2026-07-28/raw/investment_environment/investment_environment_001.png","5605","880CAC81A44D0084CFE890B685660EAE5CC036AEDAC81AE96B7647AB149858C0"
"货币战争_玩法图标资产包_4.4_证据重审版_2026-07-28/raw/investment_environment/investment_environment_002.png","5095","A48375EB6F7D3610F19024BACADA26C73A6A19A2DC658FB4A74E3BB994675FBE"
"货币战争_玩法图标资产包_4.4_证据重审版_2026-07-28/raw/investment_environment/investment_environment_003.png","6229","EAB72EA18175558ECDD6E36F0BC800800528CFBEE412FCD8A049B0675F3B4CC0"
"货币战争_玩法图标资产包_4.4_证据重审版_2026-07-28/raw/investment_environment/investment_environment_004.png","2846","3186B5A9D764996F9E70B00315AE49BFAEDF250A874331AA2825CFF443482AE2"
"货币战争_玩法图标资产包_4.4_证据重审版_2026-07-28/raw/investment_environment/investment_environment_005.png","4554","8B2A8E92F91CF093A34760E5AFCC443AC64D6F9A3D137CE82C6AA5FFCF03A854"
"货币战争_玩法图标资产包_4.4_证据重审版_2026-07-28/raw/investment_environment/investment_environment_006.png","2822","FE3192011138758A8FC922313A3106D7F777424BD7AAC4E757260888B4CAC812"
"货币战争_玩法图标资产包_4.4_证据重审版_2026-07-28/raw/investment_environment/investment_environment_007.png","6572","1EDCBC7A2AB0FD7A4DDEE5A452F14429814991AEDE94F40B86C22F09EC0753F3"
"货币战争_玩法图标资产包_4.4_证据重审版_2026-07-28/raw/investment_environment/investment_environment_008.png","5551","7562B68F2349B41C48D5F72AFE28D0BAB3496939230C513312AB38D731F479F8"
"货币战争_玩法图标资产包_4.4_证据重审版_2026-07-28/raw/investment_environment/investment_environment_009.png","6003","BEED8BBD71C13B88D7679253DD525F971FA5B8E3C34F1E61ECD7862B94749E27"
"货币战争_玩法图标资产包_4.4_证据重审版_2026-07-28/raw/investment_environment/investment_environment_010.png","4364","60A0EA04C7BB1452609E7D4A141A81818B723404C25A55F2AA78CE5123E446CE"
"货币战争_玩法图标资产包_4.4_证据重审版_2026-07-28/raw/investment_environment/investment_environment_011.png","5205","F4C152373E5E467F6F56B748053AEF30534E6473607A8F745A9041E6117C4EF8"
"货币战争_玩法图标资产包_4.4_证据重审版_2026-07-28/raw/investment_environment/investment_environment_012.png","5389","C92417A0177813C1D846327D9FCAB482F3D156884CC8F72FED40FF9330631683"
"货币战争_玩法图标资产包_4.4_证据重审版_2026-07-28/raw/investment_environment/investment_environment_013.png","4896","2AED84EF16DDDBD9CDC9F4F63E95D5DAA1E3BBED75CB295C60D614F179AEDF85"
"货币战争_玩法图标资产包_4.4_证据重审版_2026-07-28/raw/investment_environment/investment_environment_014.png","5343","EA5E83EAAFBDC8FA6B7FE602E42C1054EC162861C4A144D69D8B0C039873EA8A"
"货币战争_玩法图标资产包_4.4_证据重审版_2026-07-28/raw/investment_environment/investment_environment_015.png","5358","C1278254B2B6EA56F177F8E2E740E2115E0C254C039FCB48F1D05CF635095FD0"
"货币战争_玩法图标资产包_4.4_证据重审版_2026-07-28/raw/investment_environment/investment_environment_016.png","5741","A5BFDFABDF033EE5D1705F33B924CF57421C18AABA46CAE2E2B7128EF1AB3275"
"货币战争_玩法图标资产包_4.4_证据重审版_2026-07-28/raw/investment_environment/investment_environment_017.png","4098","0A5EDAC43C954BBFC12074A8B0516AB79A2EA083A50DA7F7DDE341699358D534"
"货币战争_玩法图标资产包_4.4_证据重审版_2026-07-28/raw/investment_environment/investment_environment_018.png","3172","5E0DC3C12D48B31C9EA97D6371B5699B70EFADA23D462A156FA8F78100E8413E"
"货币战争_玩法图标资产包_4.4_证据重审版_2026-07-28/raw/investment_environment/investment_environment_019.png","4237","E9F42852C789833AB5C07B951969BF7E96C4813131815512B9C8C347F7BDCBF3"
"货币战争_玩法图标资产包_4.4_证据重审版_2026-07-28/raw/investment_environment/investment_environment_020.png","4925","D5107580D321D23E3DCCA313B44086FAF609F521156165B30D2ACCF8FA9F7EF7"
"货币战争_玩法图标资产包_4.4_证据重审版_2026-07-28/raw/investment_environment/investment_environment_021.png","4540","15994D0C0A8657BFC9408947C561F88073DF053C10B6E438066838A48F33394B"
"货币战争_玩法图标资产包_4.4_证据重审版_2026-07-28/raw/investment_environment/investment_environment_022.png","4707","0F149357B48E9F7727AAF9F4894A61927419988F7F29002D5D1A35A525013493"
"货币战争_玩法图标资产包_4.4_证据重审版_2026-07-28/raw/investment_environment/investment_environment_023.png","5146","3350609CE159BD244DB3BD0521E07D4E05E29B3B2A0C8303BBFE5E8264DC4A70"
"货币战争_玩法图标资产包_4.4_证据重审版_2026-07-28/raw/investment_environment/investment_environment_024.png","4003","0F7F9EEDA9EB774F1E30DCAA73FB7466DAC1EB4D2E8097F1459E638D4FCDE8A3"
"货币战争_玩法图标资产包_4.4_证据重审版_2026-07-28/raw/investment_environment/investment_environment_025.png","4055","644DEEED0F46016165381ECABD2FB21144B5F9614111ED66A5F1039652A4D42B"
"货币战争_玩法图标资产包_4.4_证据重审版_2026-07-28/raw/investment_environment/investment_environment_026.png","2544","797970D14DCED443F8C9A7B06240A0FCDA52F55B5D6339B0E05BF8E745D2574B"
"货币战争_玩法图标资产包_4.4_证据重审版_2026-07-28/raw/investment_environment/investment_environment_027.png","2408","C5261E3EC749FD8B4AD583E145AB8319B80BB0AC6BC82E653BC5CF4553A73713"
"货币战争_玩法图标资产包_4.4_证据重审版_2026-07-28/raw/investment_environment/investment_environment_028.png","4154","E4260E8D513F2FDAD9964B59EF8697802F77D0FAF73DD0CB4E16473FB57E2B1F"
"货币战争_玩法图标资产包_4.4_证据重审版_2026-07-28/raw/investment_environment/investment_environment_029.png","4049","AC9428DB981E6B79510196B16033F9FD67664B0BC73C5666CA49BCEE4F9B3A67"
"货币战争_玩法图标资产包_4.4_证据重审版_2026-07-28/raw/investment_environment/investment_environment_030.png","4157","380C8888B58446B5CEFD2CC9B5E17EC3470886A6373036B0B1D2FCF45A7DEFAF"
"货币战争_玩法图标资产包_4.4_证据重审版_2026-07-28/raw/investment_environment/investment_environment_031.png","4324","A2DD181429367FE7700A0B185EA7387CF7EFDB4D65BCDF343BD15DFD0E0B0A7A"
"货币战争_玩法图标资产包_4.4_证据重审版_2026-07-28/raw/investment_environment/investment_environment_032.png","4942","142DD8FFEF14D75F3A128023036953FD1C218A7038AA7F15F86A170D9D52656C"
"货币战争_玩法图标资产包_4.4_证据重审版_2026-07-28/raw/investment_environment/investment_environment_033.png","5449","7E1640F1EBB96026BC651F7B3161C89DE994571408819C7B543A97DBDC360C0E"
"货币战争_玩法图标资产包_4.4_证据重审版_2026-07-28/raw/investment_environment/investment_environment_034.png","3849","337783BF35A2B040AF46CDA10C90FDDD606F1491AD6D9C9590041ADC8C5F4190"
"货币战争_玩法图标资产包_4.4_证据重审版_2026-07-28/raw/investment_environment/investment_environment_035.png","5025","4C1F2F0C9ECDD6857D8CB62B965BBDD4167B31C1390FBE1CAA4369F942E1FE37"
"货币战争_玩法图标资产包_4.4_证据重审版_2026-07-28/raw/investment_environment/investment_environment_036.png","4327","A06029BE0338EB924E9594BDFE1BF2AB58F5DF9740314D0CB2C0E2BC359EC5EE"
"货币战争_玩法图标资产包_4.4_证据重审版_2026-07-28/raw/investment_environment/investment_environment_037.png","3679","EBFEF88F08839CCDF3F67A324E375FECC376B2FB98D3C5E2D254B9810B190BE9"
"货币战争_玩法图标资产包_4.4_证据重审版_2026-07-28/raw/investment_environment/investment_environment_038.png","5111","2A09365A699E5AEDAB945EFEA5C2C93CD188AA6263367F95C482B1C71F9F66DE"
"货币战争_玩法图标资产包_4.4_证据重审版_2026-07-28/raw/investment_environment/investment_environment_039.png","5544","3916CBB3F0660D19B11BA136E03376AF44CFC7B356EF94C267C7C32C54B6372E"
"货币战争_玩法图标资产包_4.4_证据重审版_2026-07-28/raw/investment_environment/investment_environment_040.png","5162","8D935AA1F24FFE5C55C911E99F4F8ECEDD172216CA5BAB31D1A488639CD8FBB2"
"货币战争_玩法图标资产包_4.4_证据重审版_2026-07-28/raw/investment_environment/investment_environment_041.png","5604","5BEE4CB1BADAD5728E86F4CBC515108D79FD6178F2A437F54248930C0A58929A"
"货币战争_玩法图标资产包_4.4_证据重审版_2026-07-28/raw/investment_environment/investment_environment_042.png","3992","D5487331A679E50A20C2B92580AB46F5F1F298496491258D487E2E0D08C493CE"
"货币战争_玩法图标资产包_4.4_证据重审版_2026-07-28/raw/investment_environment/investment_environment_043.png","4841","79E8BE08EC0AF25A8A1FEE3B97EAD802412897878075F796635265CFFDDEB81D"
"货币战争_玩法图标资产包_4.4_证据重审版_2026-07-28/raw/investment_environment/investment_environment_044.png","4363","9505E46B410C260B14DC2A0A5231A886B60AF965396C632B1CEE321772A8A976"
"货币战争_玩法图标资产包_4.4_证据重审版_2026-07-28/raw/investment_environment/investment_environment_045.png","4552","99813179135B270A7F8D91D474BE32195A8E0F27E5B0296964FDA5552743C8D5"
"货币战争_玩法图标资产包_4.4_证据重审版_2026-07-28/raw/investment_environment/investment_environment_046.png","4958","B12BA2C4AD9FD7F287C5DA94838721934017A9DBD8ECD3455E2DFE44D5ABB569"
"货币战争_玩法图标资产包_4.4_证据重审版_2026-07-28/raw/investment_environment/investment_environment_047.png","5245","B26B2F1B2D29226D5E26B738665F11D22DC8C4E8D9B88C66BCF8D486B7ABFA12"
"货币战争_玩法图标资产包_4.4_证据重审版_2026-07-28/raw/investment_environment/investment_environment_048.png","4664","A37EAEE7CBEFCB96854579F0E4D226B055B91B332E65DEFC131E34A0FC69C879"
"货币战争_玩法图标资产包_4.4_证据重审版_2026-07-28/raw/investment_environment/investment_environment_049.png","5640","6942D19749B67A5EF766203BB25FB80AF94ABE123F410113BA2827F2C405775B"
"货币战争_玩法图标资产包_4.4_证据重审版_2026-07-28/raw/investment_environment/investment_environment_050.png","5949","BB4E9CA8C92DEA04B0139AC1F4ED7935D3E9302CC165E8C9FB1DAB9306359124"
"货币战争_玩法图标资产包_4.4_证据重审版_2026-07-28/raw/investment_environment/investment_environment_051.png","3609","BBF9120E31B02262F32933ADA4445E66C86B7D05D0F5DBCD5FAA4EF07BD84A56"
"货币战争_玩法图标资产包_4.4_证据重审版_2026-07-28/raw/investment_environment/investment_environment_052.png","2500","7C07017F2188036875BED42BE359925FA408BCC3D1BB2296AA1340A7A7AA027B"
"货币战争_玩法图标资产包_4.4_证据重审版_2026-07-28/raw/investment_environment/investment_environment_053.png","5525","D2E4C1F0E1ADB73961308398BD1D985F680AB985A2AB08172A1EE9582CFA4CC3"
"货币战争_玩法图标资产包_4.4_证据重审版_2026-07-28/raw/investment_environment/investment_environment_054.png","6004","791B842CFA96473087D6D0175FBD6DCC94A5F2CF6EB39F597D457D8062216ABB"
"货币战争_玩法图标资产包_4.4_证据重审版_2026-07-28/raw/investment_environment/investment_environment_055.png","2615","73BE4875E5FB74B5C8EA026A847E183C08AA11A12C0BDA858533BFC7EA6C112C"
"货币战争_玩法图标资产包_4.4_证据重审版_2026-07-28/raw/investment_environment/investment_environment_056.png","5501","349342291A634FB94ECA07FD1416346D52AD73DD0F8E8371D61CDB01E5970F66"
"货币战争_玩法图标资产包_4.4_证据重审版_2026-07-28/raw/investment_environment/investment_environment_057.png","3817","66EFAF1FCB634A8DAE96DC1707D265E4EA1515AA8CEB16DD97A235BD86E91BF6"
"货币战争_玩法图标资产包_4.4_证据重审版_2026-07-28/raw/investment_environment/investment_environment_058.png","5314","227A6D10294A388F57E5F3FEC520CF10A15DFA152E434E91FA0EA7ECA5DF03A7"
"货币战争_玩法图标资产包_4.4_证据重审版_2026-07-28/raw/investment_environment/investment_environment_059.png","4014","696C7DE9CD12EC05A1D7577704361BEA1B1E9B790B1E9EC82B31597CC100A37F"
"货币战争_玩法图标资产包_4.4_证据重审版_2026-07-28/raw/investment_environment/investment_environment_060.png","4279","A1823455E44C4B92EA61AF3BA3FCD8B4D6AFFCD76351539532A05830CE0B403B"
"货币战争_玩法图标资产包_4.4_证据重审版_2026-07-28/raw/investment_environment/investment_environment_061.png","3535","FB3C538DAEB17B77BB147B286097B242F08E5CAD68BCD4E8EFA25583B3578127"
"货币战争_玩法图标资产包_4.4_证据重审版_2026-07-28/raw/investment_environment/investment_environment_062.png","5038","00212C603310CCBAC871CFCF7FCA101FDE89E2EEBC939A7233249E7A53015650"
"货币战争_玩法图标资产包_4.4_证据重审版_2026-07-28/raw/investment_environment/investment_environment_063.png","5632","A69EFE247138E008F54A9FBF70522DAF4E638A36AB1354CD8314FDA693BB18BC"
"货币战争_玩法图标资产包_4.4_证据重审版_2026-07-28/raw/investment_environment/investment_environment_064.png","5504","08DF48D55E858FD79C02C97D220FCA3C1EB719310620E623640E6B8F8B0CF994"
"货币战争_玩法图标资产包_4.4_证据重审版_2026-07-28/raw/investment_environment/investment_environment_065.png","4019","76F1D338AB032DBD432B5C4AA211FF7ECC6FD6F035B28D0FBAE3FFAC820A3F84"
"货币战争_玩法图标资产包_4.4_证据重审版_2026-07-28/raw/investment_environment/investment_environment_066.png","4349","B89B090CC988A81D5B3EB4C43317BC8F0B6F7C11C0BF8162CB00F17315F0FD84"
"货币战争_玩法图标资产包_4.4_证据重审版_2026-07-28/raw/investment_environment/investment_environment_067.png","4089","2693ADD4C2BBF3A56FEDC66F0364509A698968C1B0A437FA9EEEEDD97AE65A26"
"货币战争_玩法图标资产包_4.4_证据重审版_2026-07-28/raw/investment_environment/investment_environment_068.png","3218","EA6D9679B0E07EFBDDB7BDBDF8C0B120D1B824AFF33F0603A10ED84F04F8B326"
"货币战争_玩法图标资产包_4.4_证据重审版_2026-07-28/raw/investment_environment/investment_environment_069.png","4173","541D6C58B83AC0E208FB971B57FD972C20DDEF0151E59321120D9A997F57DEE5"
"货币战争_玩法图标资产包_4.4_证据重审版_2026-07-28/raw/investment_environment/investment_environment_070.png","5267","E211E79D2D06EAACA8657BBF661934BB30A8704197F8F8879AA752A7A8066150"
"货币战争_玩法图标资产包_4.4_证据重审版_2026-07-28/raw/investment_environment/investment_environment_071.png","5674","D1EB1E897A0AFC0FE76C21841F48C79977F237F6454B4B507660DD45A446835A"
"货币战争_玩法图标资产包_4.4_证据重审版_2026-07-28/raw/investment_environment/investment_environment_072.png","2633","26D3A81D83E1B4908815484748889466B9F605E81C1DA549C322159B28C73532"
"货币战争_玩法图标资产包_4.4_证据重审版_2026-07-28/raw/investment_environment/investment_environment_073.png","3541","03F1746D2E5F3AAE34D4E6B87C1D05D1D50BEDE133B1D0515A44C28D7C26AC9C"
"货币战争_玩法图标资产包_4.4_证据重审版_2026-07-28/raw/investment_environment/investment_environment_074.png","6253","CA4BE6B11E1ADF6124E134D7A0EFB780512B11E85836E2836E91B056CC10DAD0"
"货币战争_玩法图标资产包_4.4_证据重审版_2026-07-28/raw/investment_environment/investment_environment_075.png","4944","CC2BCC994E99EB0659B4F7B53A2202CEE98B8E3C4D0B77FC2EB34A6662477E99"
"货币战争_玩法图标资产包_4.4_证据重审版_2026-07-28/raw/investment_environment/investment_environment_076.png","5304","21D706D02F2224DE0BD4E1431534F4026B350841D696C7962A9EBF779DCD39B9"
"货币战争_玩法图标资产包_4.4_证据重审版_2026-07-28/raw/investment_environment/investment_environment_077.png","3970","D500440CA94597D1BA02F4EA339D6B94E099FA0024BAB936CBDD900E911C71D2"
"货币战争_玩法图标资产包_4.4_证据重审版_2026-07-28/raw/investment_environment/investment_environment_078.png","5032","BE3B857B15D484A47EDCFED8B02B33CECEF47FF05D8DFE89072C4E9D5A6EE203"
"货币战争_玩法图标资产包_4.4_证据重审版_2026-07-28/raw/investment_environment/investment_environment_079.png","2508","D1C06C7F55E528A8F333C308B83EDA322EFD44B8F6B350DD3A64EF1F1E617B56"
"货币战争_玩法图标资产包_4.4_证据重审版_2026-07-28/raw/investment_environment/investment_environment_080.png","5390","36AB5222B25700DC4AB9B701E46253583F8990A4AC6206DE8A64AEC327D66E8D"
"货币战争_玩法图标资产包_4.4_证据重审版_2026-07-28/raw/investment_environment/investment_environment_081.png","5866","4A49841E9E8A62EE60D8426821068D523E9B53BED6E734ED694080ECD6E51AA5"
"货币战争_玩法图标资产包_4.4_证据重审版_2026-07-28/raw/investment_environment/investment_environment_082.png","4630","ED951CDEC541EA56D5824E56545978F04477B519C75D7B29A5AEB139B753C464"
"货币战争_玩法图标资产包_4.4_证据重审版_2026-07-28/raw/investment_environment/investment_environment_083.png","2509","842B8F624A75D6F951ABEB5FB0CE9E1ECEEACF7161547B3BF28522003642A343"
"货币战争_玩法图标资产包_4.4_证据重审版_2026-07-28/raw/investment_strategy/investment_strategy_001.png","12319","70C6F6968EABBECEDB69F48CFADD35FA4FE79F2FE0415DF3828537E1C69FD422"
"货币战争_玩法图标资产包_4.4_证据重审版_2026-07-28/raw/investment_strategy/investment_strategy_002.png","12319","70C6F6968EABBECEDB69F48CFADD35FA4FE79F2FE0415DF3828537E1C69FD422"
"货币战争_玩法图标资产包_4.4_证据重审版_2026-07-28/raw/investment_strategy/investment_strategy_003.png","9663","B38798A2BF701F712EE66DC96C0AAC51B806881888E023A8921E7757DCCDE82C"
"货币战争_玩法图标资产包_4.4_证据重审版_2026-07-28/raw/investment_strategy/investment_strategy_004.png","6355","8E97D54C4D525CCE9FB188DA36AC5B496B3CE45846A5D9230A0583390630358C"
"货币战争_玩法图标资产包_4.4_证据重审版_2026-07-28/raw/investment_strategy/investment_strategy_005.png","4723","DE62C5ED8E26FFBA4998291207EE64D19F350B661AA26BE5103ED90FE6A0BC52"
"货币战争_玩法图标资产包_4.4_证据重审版_2026-07-28/raw/investment_strategy/investment_strategy_006.png","4983","162F498070970CA4BA58B64C19B0DE7608748F641994CB63A1DB8B71B29FB413"
"货币战争_玩法图标资产包_4.4_证据重审版_2026-07-28/raw/investment_strategy/investment_strategy_007.png","8804","1AAEB4132DCFA789A6104ACA3AFABC8BCC280CBE7106657B1A1C11DE4281D997"
"货币战争_玩法图标资产包_4.4_证据重审版_2026-07-28/raw/investment_strategy/investment_strategy_008.png","8696","D5B69DE1718A23B97A0D27BA614BF8D68E9FAA9B3DE33839CACB6A5C8C49C565"
"货币战争_玩法图标资产包_4.4_证据重审版_2026-07-28/raw/investment_strategy/investment_strategy_009.png","10158","3B78B964918B8FD20571D6295205B5F84FC2019647FAB498A71CE5BCE1CA8325"
"货币战争_玩法图标资产包_4.4_证据重审版_2026-07-28/raw/investment_strategy/investment_strategy_010.png","5067","FEBC0F21764A863223993172F1B902B8A57600DDABA525CABAFAC33F7C1ED690"
"货币战争_玩法图标资产包_4.4_证据重审版_2026-07-28/raw/investment_strategy/investment_strategy_011.png","5067","FEBC0F21764A863223993172F1B902B8A57600DDABA525CABAFAC33F7C1ED690"
"货币战争_玩法图标资产包_4.4_证据重审版_2026-07-28/raw/investment_strategy/investment_strategy_012.png","7982","79D3AC5867299C70F2450CA6771ECF86F8D722A99CA7F547AFDEBC75D3C3DACA"
"货币战争_玩法图标资产包_4.4_证据重审版_2026-07-28/raw/investment_strategy/investment_strategy_013.png","6939","7512C3E0211838F846D5017265844469E918B757F1FF2FF95DA091C70DDE0FB5"
"货币战争_玩法图标资产包_4.4_证据重审版_2026-07-28/raw/investment_strategy/investment_strategy_014.png","11452","A6A6EE42047CC138A94E38575A448A37E451BF51523724851A6881A1EE20B752"
"货币战争_玩法图标资产包_4.4_证据重审版_2026-07-28/raw/investment_strategy/investment_strategy_015.png","7860","78F1FAFB1B943FB622EC1FE2E9AA57B253702843C8A2D18A9B94118C463D18FB"
"货币战争_玩法图标资产包_4.4_证据重审版_2026-07-28/raw/investment_strategy/investment_strategy_016.png","9848","522D07C887D2CF0887372844014174252D67C10B0EBA3473747D238E2C2FCEA3"
"货币战争_玩法图标资产包_4.4_证据重审版_2026-07-28/raw/investment_strategy/investment_strategy_017.png","8272","BBFF3A61CD80F1264C86E4B6DD3DB686CCD892FC63982E0850650EFC44447F4A"
"货币战争_玩法图标资产包_4.4_证据重审版_2026-07-28/raw/investment_strategy/investment_strategy_018.png","7313","CD377AC2C0977D6764EA333A7ECB2C24A621BEF6B27B2A58ADA2A1C141DE85CF"
"货币战争_玩法图标资产包_4.4_证据重审版_2026-07-28/raw/investment_strategy/investment_strategy_019.png","11760","3C378212AB237B48D7B8D2FF787A494561B9542861EAE5276E582C64FDF32721"
"货币战争_玩法图标资产包_4.4_证据重审版_2026-07-28/raw/investment_strategy/investment_strategy_020.png","11760","3C378212AB237B48D7B8D2FF787A494561B9542861EAE5276E582C64FDF32721"
"货币战争_玩法图标资产包_4.4_证据重审版_2026-07-28/raw/investment_strategy/investment_strategy_021.png","8388","FA7E4470FA3FD215BD7E45F89196D69EF0643EF02C61C4CF59BC849088BA07B2"
"货币战争_玩法图标资产包_4.4_证据重审版_2026-07-28/raw/investment_strategy/investment_strategy_022.png","8695","A0D3EA5ED3B64B2595284738254147694460DCD822002C732A7790B29C51DD24"
"货币战争_玩法图标资产包_4.4_证据重审版_2026-07-28/raw/investment_strategy/investment_strategy_023.png","6778","B3A2B5E71A1BB242264CBDFFDAC75C1495D9DDE2CB2F84F26794CA85BF5B8C2E"
"货币战争_玩法图标资产包_4.4_证据重审版_2026-07-28/raw/investment_strategy/investment_strategy_024.png","5814","A8358D5B06C9FA56F1569E1BED0E776BDDEE30761E6D57645575AF64F5519E42"
"货币战争_玩法图标资产包_4.4_证据重审版_2026-07-28/raw/investment_strategy/investment_strategy_025.png","6447","449479B168042419B16EA9289E8FB3898C08DBE7712B152C242C6494659BBC93"
"货币战争_玩法图标资产包_4.4_证据重审版_2026-07-28/raw/investment_strategy/investment_strategy_026.png","7244","DA5FD8A1401AE4F88BF526B043A3B4D33B8A2A483F38FF9AAC1776D42EFF7F61"
"货币战争_玩法图标资产包_4.4_证据重审版_2026-07-28/raw/investment_strategy/investment_strategy_027.png","11830","70CBE628FA828F664EB0357DFA511CB64777E8E19A9D9EDAC9A0C8B425F62CBA"
"货币战争_玩法图标资产包_4.4_证据重审版_2026-07-28/raw/investment_strategy/investment_strategy_028.png","7216","01856A0D82370EB10F995D68A817696B9E4F28EF72E15C5232ABC0CE8DC764BF"
"货币战争_玩法图标资产包_4.4_证据重审版_2026-07-28/raw/investment_strategy/investment_strategy_029.png","6098","FDA79B36DCA987ED782BB1C9F17B49FB61BF46C406D447161E21D872FF799E03"
"货币战争_玩法图标资产包_4.4_证据重审版_2026-07-28/raw/investment_strategy/investment_strategy_030.png","6098","FDA79B36DCA987ED782BB1C9F17B49FB61BF46C406D447161E21D872FF799E03"
"货币战争_玩法图标资产包_4.4_证据重审版_2026-07-28/raw/investment_strategy/investment_strategy_031.png","9024","90F9BA1F4CBBA6E7F389E4CEF95BC76732495CB8EBC6DE08E4D88D65A48C43E8"
"货币战争_玩法图标资产包_4.4_证据重审版_2026-07-28/raw/investment_strategy/investment_strategy_032.png","7060","7764E8A765DED7BCA2871EE97F4C498C618D67CCC6629FD413D39F62EEBDF48B"
"货币战争_玩法图标资产包_4.4_证据重审版_2026-07-28/raw/investment_strategy/investment_strategy_033.png","7060","7764E8A765DED7BCA2871EE97F4C498C618D67CCC6629FD413D39F62EEBDF48B"
"货币战争_玩法图标资产包_4.4_证据重审版_2026-07-28/raw/investment_strategy/investment_strategy_034.png","7472","477B25765742FBB0317846A0E7EC05012A606CA05A30357F21F39F100736B0AA"
"货币战争_玩法图标资产包_4.4_证据重审版_2026-07-28/raw/investment_strategy/investment_strategy_035.png","9954","72547FD08B1A077D9D56F7C9CC28668A23244893BEFF3418E0D717465088F86B"
"货币战争_玩法图标资产包_4.4_证据重审版_2026-07-28/raw/investment_strategy/investment_strategy_036.png","9282","C98A1D7E1F8888711A1204F9A23B2F13E9892BBADEB8B242D151CFCA629E2A39"
"货币战争_玩法图标资产包_4.4_证据重审版_2026-07-28/raw/investment_strategy/investment_strategy_037.png","7841","2603796FE708BDA61F611F41920E1C3D36790D9C7D701560D2E700CF251626B9"
"货币战争_玩法图标资产包_4.4_证据重审版_2026-07-28/raw/investment_strategy/investment_strategy_038.png","5675","5FC863B71C77C81578223192A978ECA12B7E9F7BF7F458A7D4DB677DBCFE0102"
"货币战争_玩法图标资产包_4.4_证据重审版_2026-07-28/raw/investment_strategy/investment_strategy_039.png","4019","EA2DDE6FA324316405DB38CDD39328E5301C6338B552E66C572C25C36CE32FD4"
"货币战争_玩法图标资产包_4.4_证据重审版_2026-07-28/raw/investment_strategy/investment_strategy_040.png","5548","B9E310FBD166B4988B394D501543924E26544DF4C94E282CD45437D23393A523"
"货币战争_玩法图标资产包_4.4_证据重审版_2026-07-28/raw/investment_strategy/investment_strategy_041.png","8478","9B9E33D22A408D49D875B94B700C5DA9472298A9FDDF6ED248DE34CA1A5201A4"
"货币战争_玩法图标资产包_4.4_证据重审版_2026-07-28/raw/investment_strategy/investment_strategy_042.png","6273","21B898852C8B5F11BBD8A301C5744BAA64C4994A89ED27D3306E50FD746E74A1"
"货币战争_玩法图标资产包_4.4_证据重审版_2026-07-28/raw/investment_strategy/investment_strategy_043.png","7658","BF62F835FC5E7B59D44ADD0AA85573F145A0EA6D53A5A62DB649DD3DEC686ADE"
"货币战争_玩法图标资产包_4.4_证据重审版_2026-07-28/raw/investment_strategy/investment_strategy_044.png","11299","C253D430446995E8D08487F9EEE3967FDC408A45DBE9C8E22B6D4F6ADDBC46A2"
"货币战争_玩法图标资产包_4.4_证据重审版_2026-07-28/raw/investment_strategy/investment_strategy_045.png","11299","C253D430446995E8D08487F9EEE3967FDC408A45DBE9C8E22B6D4F6ADDBC46A2"
"货币战争_玩法图标资产包_4.4_证据重审版_2026-07-28/raw/investment_strategy/investment_strategy_046.png","9108","5ED392949CDCDE21EA4C62FA801DC44D1128EA5F13ABE929836911857A95E550"
"货币战争_玩法图标资产包_4.4_证据重审版_2026-07-28/raw/investment_strategy/investment_strategy_047.png","5890","E15A9EEA597A18034781FDE38AFC4846F0ECF9FE1E76BA926CB8FA92158C6F56"
"货币战争_玩法图标资产包_4.4_证据重审版_2026-07-28/raw/investment_strategy/investment_strategy_048.png","8173","2E27CF178BD4FAB5EE14048A77F54B59847468E17EF114C02D572389045F6B11"
"货币战争_玩法图标资产包_4.4_证据重审版_2026-07-28/raw/investment_strategy/investment_strategy_049.png","9938","8765FCF618A8EEF8E10F973F5E9821C26DA15DDB0B1640250245C81EFF58159E"
"货币战争_玩法图标资产包_4.4_证据重审版_2026-07-28/raw/investment_strategy/investment_strategy_050.png","11452","A6A6EE42047CC138A94E38575A448A37E451BF51523724851A6881A1EE20B752"
"货币战争_玩法图标资产包_4.4_证据重审版_2026-07-28/raw/investment_strategy/investment_strategy_051.png","7784","84D3071429B71D0A81C1567D54BB73B5640155630323F4E8AA6945DB770CB39E"
"货币战争_玩法图标资产包_4.4_证据重审版_2026-07-28/raw/investment_strategy/investment_strategy_052.png","8860","85B5D73D2452638985D8B870476E6FA0DD4F342B4BEA5E68C97AB1E8901D9AFC"
"货币战争_玩法图标资产包_4.4_证据重审版_2026-07-28/raw/investment_strategy/investment_strategy_053.png","7834","3B392AE624ACA132AA77EE2DFDF1B71E3322736333D112279E80CFB3566CE222"
"货币战争_玩法图标资产包_4.4_证据重审版_2026-07-28/raw/investment_strategy/investment_strategy_054.png","5893","8E25896956680450ED1AAED9D94265A4CE487BE10112E49B3E9FA8BA333F8EF4"
"货币战争_玩法图标资产包_4.4_证据重审版_2026-07-28/raw/investment_strategy/investment_strategy_055.png","6204","C81418EFB3A146728EC57A743D94E2F1C208C1E92BD997B5C2B3F351BD5FCF87"
"货币战争_玩法图标资产包_4.4_证据重审版_2026-07-28/raw/investment_strategy/investment_strategy_056.png","6721","B1EBED28ECF0D6EFD93DBF34A838C6E5A9A30FAD9AD1E6987FE843E2606D28B8"
"货币战争_玩法图标资产包_4.4_证据重审版_2026-07-28/raw/investment_strategy/investment_strategy_057.png","7612","DDEC4FE5B8542370AB69900F6D6800A62844F7B53B682CC33F8E0456F88E163E"
"货币战争_玩法图标资产包_4.4_证据重审版_2026-07-28/raw/investment_strategy/investment_strategy_058.png","7612","DDEC4FE5B8542370AB69900F6D6800A62844F7B53B682CC33F8E0456F88E163E"
"货币战争_玩法图标资产包_4.4_证据重审版_2026-07-28/raw/investment_strategy/investment_strategy_059.png","6982","60296E30F3B5E848B2EF6E5884EFD830D73DD4CF11E6F4CA530C106E6D8ACAC7"
"货币战争_玩法图标资产包_4.4_证据重审版_2026-07-28/raw/investment_strategy/investment_strategy_060.png","10134","271A1FEF025640A67E2F3F47EB67B396CA91D55B3EA1EA4E84495A852669E679"
"货币战争_玩法图标资产包_4.4_证据重审版_2026-07-28/raw/investment_strategy/investment_strategy_061.png","11100","4620BFE4FB0CA238951DCE47A2CB047AB1F75D39A8E310B15F992C4ECAE64A8F"
"货币战争_玩法图标资产包_4.4_证据重审版_2026-07-28/raw/investment_strategy/investment_strategy_062.png","10317","8B669B626F00DD8F39386A95F6095C3553E079A2C3DB1AC10EBFBCD293CF6CC2"
"货币战争_玩法图标资产包_4.4_证据重审版_2026-07-28/raw/investment_strategy/investment_strategy_063.png","10013","0EFB0214263A0E8C25AD7DEA10A1F500BB13AA75E784E3D3DC5B980D9313A922"
"货币战争_玩法图标资产包_4.4_证据重审版_2026-07-28/raw/investment_strategy/investment_strategy_064.png","11630","EEE8E966CA4B4AE6073E43FE046968DF9980AF730E6C8A8B59E52772AD07CDC2"
"货币战争_玩法图标资产包_4.4_证据重审版_2026-07-28/raw/investment_strategy/investment_strategy_065.png","11151","AD65AA9057753E304F4EBECD798422F0ACF999ED7EBCCA42F9292382DC7A0226"
"货币战争_玩法图标资产包_4.4_证据重审版_2026-07-28/raw/investment_strategy/investment_strategy_066.png","9832","5BDC55A791E21FCDDBDEAC6434A8C524097D93B5C5C975376F0B8C9FCBB7E792"
"货币战争_玩法图标资产包_4.4_证据重审版_2026-07-28/raw/investment_strategy/investment_strategy_067.png","10695","752D05A87CE4B84F66821A4131CDF879F91C0E676A42F3B16FCD58F3A9FE3BC9"
"货币战争_玩法图标资产包_4.4_证据重审版_2026-07-28/raw/investment_strategy/investment_strategy_068.png","8847","BDFADC08927354A8353C364AB46B004588AB70E906EBC6913A63F219C85C5152"
"货币战争_玩法图标资产包_4.4_证据重审版_2026-07-28/raw/investment_strategy/investment_strategy_069.png","9809","4037882AD3AD36C439FDE825F2293DC3DEAED12A5D48046EE52BC644E88DF07C"
"货币战争_玩法图标资产包_4.4_证据重审版_2026-07-28/raw/investment_strategy/investment_strategy_070.png","9439","9A8C8C7F863F1BAE996D2CC484A7ED72F6921DC6DDB18977819A6063EA2A289B"
"货币战争_玩法图标资产包_4.4_证据重审版_2026-07-28/raw/investment_strategy/investment_strategy_071.png","9723","42BB7CBFE9526E25539064769F8888138515385A09AE31910933F7A3B5A328E5"
"货币战争_玩法图标资产包_4.4_证据重审版_2026-07-28/raw/investment_strategy/investment_strategy_072.png","7599","E1DF086492CEDCC5F4FD90C814450327EC988024748685FFFFB4BDE69CE9E63A"
"货币战争_玩法图标资产包_4.4_证据重审版_2026-07-28/raw/investment_strategy/investment_strategy_073.png","7615","C0FD0E831E7A0283E427D5E1930EBE78435AB9634379085F3F1321AA0981C7FB"
"货币战争_玩法图标资产包_4.4_证据重审版_2026-07-28/raw/investment_strategy/investment_strategy_074.png","9454","221AA302138A0CCF2F32BF63450C397D7A92A7B68EEAF4C37BBF5CCA64603321"
"货币战争_玩法图标资产包_4.4_证据重审版_2026-07-28/raw/investment_strategy/investment_strategy_075.png","10008","23CA20A8B05D7F76BB546A7522885B2E7D5AA2F725A54713A08DE43DC83033BA"
"货币战争_玩法图标资产包_4.4_证据重审版_2026-07-28/raw/investment_strategy/investment_strategy_076.png","8846","FAB4A4A5E6A5092BAF5DD8DC9EA5126B606F5A61998C5F1D29B36FAAF2B3E87F"
"货币战争_玩法图标资产包_4.4_证据重审版_2026-07-28/raw/investment_strategy/investment_strategy_077.png","9091","3A27248F535B8B667BEE0C8D4F794FC3C672543539DFDE88EC0D09BF05CCE3ED"
"货币战争_玩法图标资产包_4.4_证据重审版_2026-07-28/raw/investment_strategy/investment_strategy_078.png","8654","BE26A559BC056A2084441047E061DC83009A98D8371845D56BA2A363F047F101"
"货币战争_玩法图标资产包_4.4_证据重审版_2026-07-28/raw/investment_strategy/investment_strategy_079.png","10494","0293E59C548C968C2B1FDDBC814FE470969B75DBD14267F5196836315A3B458D"
"货币战争_玩法图标资产包_4.4_证据重审版_2026-07-28/raw/investment_strategy/investment_strategy_080.png","8099","1FD21CB65EF1E3C98E5788B5D7E8F4CC39C987742AAE6A5999DAB58855C0A51C"
"货币战争_玩法图标资产包_4.4_证据重审版_2026-07-28/raw/investment_strategy/investment_strategy_081.png","8920","739A6BC54D6A272214CB463C4D0ACD6F2818D57ADF49973605CC15D9BA0FAEF5"
"货币战争_玩法图标资产包_4.4_证据重审版_2026-07-28/raw/investment_strategy/investment_strategy_082.png","7813","CB4D36B932F9D7F564567A6E04508478608CF462A958994D92547F16318C4ED0"
"货币战争_玩法图标资产包_4.4_证据重审版_2026-07-28/raw/investment_strategy/investment_strategy_083.png","12965","97906430E169BD4993FD6A08BA23A26D23D9051060417D4EC39222CE82212FFC"
"货币战争_玩法图标资产包_4.4_证据重审版_2026-07-28/raw/investment_strategy/investment_strategy_084.png","7996","103CCF0F573A67BA2A1199041957781FCCC4FC740759649C359140ADB553A5B5"
"货币战争_玩法图标资产包_4.4_证据重审版_2026-07-28/raw/investment_strategy/investment_strategy_085.png","6363","1800ABDBA1676AC302C39761B6D7832E677278E228DE3ADAB3721724E8743DE9"
"货币战争_玩法图标资产包_4.4_证据重审版_2026-07-28/raw/investment_strategy/investment_strategy_086.png","5921","1E05A4DE42429C3A583EB5B6F554C2824190F8FF093172D34E1F6A462751478A"
"货币战争_玩法图标资产包_4.4_证据重审版_2026-07-28/raw/investment_strategy/investment_strategy_087.png","8424","5C04CC9443437DBD154DB6165DB5A555E2DE50683BA3A56643CA1C84B7E713DD"
"货币战争_玩法图标资产包_4.4_证据重审版_2026-07-28/raw/investment_strategy/investment_strategy_088.png","8514","55833ACD699742F7002611725651A907357BC702BE5D5F576ADE0D082F99EE12"
"货币战争_玩法图标资产包_4.4_证据重审版_2026-07-28/raw/investment_strategy/investment_strategy_089.png","5746","BC1F16D46546FC6AE9FF7E11220E7E17BE297DD636A6469457F0F772B4F0595D"
"货币战争_玩法图标资产包_4.4_证据重审版_2026-07-28/raw/investment_strategy/investment_strategy_090.png","9717","065606189522F1AE5FAD41565716E2D00F35D074F3D75528EF05A7D1E4C0BCBF"
"货币战争_玩法图标资产包_4.4_证据重审版_2026-07-28/raw/investment_strategy/investment_strategy_091.png","7606","B052192C33FBC319B5D405AF9C26A631FAF1CC930C09E42989C4DC97C92461A9"
"货币战争_玩法图标资产包_4.4_证据重审版_2026-07-28/raw/investment_strategy/investment_strategy_092.png","9745","BF32BF6A465FAFA5C24EABFF01B1346C92EC1D789006621FC311F43A3B962921"
"货币战争_玩法图标资产包_4.4_证据重审版_2026-07-28/raw/investment_strategy/investment_strategy_093.png","8186","6AE61EBD9E5482966588C65C7EDB9E03A75BADF38486C31681EB86072D838093"
"货币战争_玩法图标资产包_4.4_证据重审版_2026-07-28/raw/investment_strategy/investment_strategy_094.png","8186","6AE61EBD9E5482966588C65C7EDB9E03A75BADF38486C31681EB86072D838093"
"货币战争_玩法图标资产包_4.4_证据重审版_2026-07-28/raw/investment_strategy/investment_strategy_095.png","8216","9E2504D540BD89ED3CF58145C348BCA2CF0E18C060889B33D98069CA8FF83EF4"
"货币战争_玩法图标资产包_4.4_证据重审版_2026-07-28/raw/investment_strategy/investment_strategy_096.png","7052","3F64B55B38B5EA414893638B82D6D5245CB2517667AB26385CE70B6FAD49EF12"
"货币战争_玩法图标资产包_4.4_证据重审版_2026-07-28/raw/investment_strategy/investment_strategy_097.png","7631","BBBCD6B88439213E5B0395F423BF9BDDC9B19B2E83D7DEE8DB2FA68DE3B34C90"
"货币战争_玩法图标资产包_4.4_证据重审版_2026-07-28/raw/investment_strategy/investment_strategy_098.png","3992","3B50E186EDCB08B7DB080A1B80C95A786712A5C213324FC2788221B707900B89"
"货币战争_玩法图标资产包_4.4_证据重审版_2026-07-28/raw/investment_strategy/investment_strategy_099.png","6861","2738754A5FBF41988BEDF8315AD2BE05C2694DA7DBC294A6B6B66FADF026B836"
"货币战争_玩法图标资产包_4.4_证据重审版_2026-07-28/raw/investment_strategy/investment_strategy_100.png","10134","271A1FEF025640A67E2F3F47EB67B396CA91D55B3EA1EA4E84495A852669E679"
"货币战争_玩法图标资产包_4.4_证据重审版_2026-07-28/raw/investment_strategy/investment_strategy_101.png","10978","8F28E62EF075BA74C2E73ED1E0AF63778541878EC6B616A8AA7456058F06CF6E"
"货币战争_玩法图标资产包_4.4_证据重审版_2026-07-28/raw/investment_strategy/investment_strategy_102.png","10317","8B669B626F00DD8F39386A95F6095C3553E079A2C3DB1AC10EBFBCD293CF6CC2"
"货币战争_玩法图标资产包_4.4_证据重审版_2026-07-28/raw/investment_strategy/investment_strategy_103.png","10013","0EFB0214263A0E8C25AD7DEA10A1F500BB13AA75E784E3D3DC5B980D9313A922"
"货币战争_玩法图标资产包_4.4_证据重审版_2026-07-28/raw/investment_strategy/investment_strategy_104.png","11630","EEE8E966CA4B4AE6073E43FE046968DF9980AF730E6C8A8B59E52772AD07CDC2"
"货币战争_玩法图标资产包_4.4_证据重审版_2026-07-28/raw/investment_strategy/investment_strategy_105.png","11151","AD65AA9057753E304F4EBECD798422F0ACF999ED7EBCCA42F9292382DC7A0226"
"货币战争_玩法图标资产包_4.4_证据重审版_2026-07-28/raw/investment_strategy/investment_strategy_106.png","9832","5BDC55A791E21FCDDBDEAC6434A8C524097D93B5C5C975376F0B8C9FCBB7E792"
"货币战争_玩法图标资产包_4.4_证据重审版_2026-07-28/raw/investment_strategy/investment_strategy_107.png","10386","0A34539648B81A7EB129069A10ABACB290621D35DB737C248B7A6D3DDB2912E1"
"货币战争_玩法图标资产包_4.4_证据重审版_2026-07-28/raw/investment_strategy/investment_strategy_108.png","8847","BDFADC08927354A8353C364AB46B004588AB70E906EBC6913A63F219C85C5152"
"货币战争_玩法图标资产包_4.4_证据重审版_2026-07-28/raw/investment_strategy/investment_strategy_109.png","9491","0C4BDF7B48E36F8E7E4EC199EBD9AD8F9D3F67A760A74EA6744534FC3E427CBB"
"货币战争_玩法图标资产包_4.4_证据重审版_2026-07-28/raw/investment_strategy/investment_strategy_110.png","9439","9A8C8C7F863F1BAE996D2CC484A7ED72F6921DC6DDB18977819A6063EA2A289B"
"货币战争_玩法图标资产包_4.4_证据重审版_2026-07-28/raw/investment_strategy/investment_strategy_111.png","9723","42BB7CBFE9526E25539064769F8888138515385A09AE31910933F7A3B5A328E5"
"货币战争_玩法图标资产包_4.4_证据重审版_2026-07-28/raw/investment_strategy/investment_strategy_112.png","7599","E1DF086492CEDCC5F4FD90C814450327EC988024748685FFFFB4BDE69CE9E63A"
"货币战争_玩法图标资产包_4.4_证据重审版_2026-07-28/raw/investment_strategy/investment_strategy_113.png","6974","7A6B869412690F456D2920BDC6D70885C78581933DA4A07C95F0ADCB40869E9D"
"货币战争_玩法图标资产包_4.4_证据重审版_2026-07-28/raw/investment_strategy/investment_strategy_114.png","9454","221AA302138A0CCF2F32BF63450C397D7A92A7B68EEAF4C37BBF5CCA64603321"
"货币战争_玩法图标资产包_4.4_证据重审版_2026-07-28/raw/investment_strategy/investment_strategy_115.png","10008","23CA20A8B05D7F76BB546A7522885B2E7D5AA2F725A54713A08DE43DC83033BA"
"货币战争_玩法图标资产包_4.4_证据重审版_2026-07-28/raw/investment_strategy/investment_strategy_116.png","8846","FAB4A4A5E6A5092BAF5DD8DC9EA5126B606F5A61998C5F1D29B36FAAF2B3E87F"
"货币战争_玩法图标资产包_4.4_证据重审版_2026-07-28/raw/investment_strategy/investment_strategy_117.png","9091","3A27248F535B8B667BEE0C8D4F794FC3C672543539DFDE88EC0D09BF05CCE3ED"
"货币战争_玩法图标资产包_4.4_证据重审版_2026-07-28/raw/investment_strategy/investment_strategy_118.png","8654","BE26A559BC056A2084441047E061DC83009A98D8371845D56BA2A363F047F101"
"货币战争_玩法图标资产包_4.4_证据重审版_2026-07-28/raw/investment_strategy/investment_strategy_119.png","10248","5D42971D4E7C86A9F6D668EB6E4F055E6EEE0A6D384B0FE379969F97E7FCC399"
"货币战争_玩法图标资产包_4.4_证据重审版_2026-07-28/raw/investment_strategy/investment_strategy_120.png","10795","CF4BD396DA511E8BBEBCB7D9A05F07A37D3FDBF638915284A5CC96CEB1324637"
"货币战争_玩法图标资产包_4.4_证据重审版_2026-07-28/raw/investment_strategy/investment_strategy_121.png","8249","5BE2FCBF9D305B8FEF36AEAA688EE3903F934A980B8AED0E905E233C6D68D913"
"货币战争_玩法图标资产包_4.4_证据重审版_2026-07-28/raw/investment_strategy/investment_strategy_122.png","9140","DA2DE2A36D0AA1199C04555E0CFEA60094F9640991B1013B822E6310C42DD8B4"
"货币战争_玩法图标资产包_4.4_证据重审版_2026-07-28/raw/investment_strategy/investment_strategy_123.png","10170","D4B60DE0E4B197C2C14E37651903344CB75872D963604D604DE9D5D8D96E4117"
"货币战争_玩法图标资产包_4.4_证据重审版_2026-07-28/raw/investment_strategy/investment_strategy_124.png","9041","1C705B3BEF175B3040F4B90A148878801327F6961A80BD26210F25E77DC76E33"
"货币战争_玩法图标资产包_4.4_证据重审版_2026-07-28/raw/investment_strategy/investment_strategy_125.png","7472","477B25765742FBB0317846A0E7EC05012A606CA05A30357F21F39F100736B0AA"
"货币战争_玩法图标资产包_4.4_证据重审版_2026-07-28/raw/investment_strategy/investment_strategy_126.png","11500","B57C052FFC8D0308CE7D0AD4A8604D26CBBFD1207DF7831C017D14B910E5E383"
"货币战争_玩法图标资产包_4.4_证据重审版_2026-07-28/raw/investment_strategy/investment_strategy_127.png","6669","529ABC9BDF6CB8E45AFFD435A23EA8793EBB5EBDE7EF780FDB7B3DADB075989E"
"货币战争_玩法图标资产包_4.4_证据重审版_2026-07-28/raw/investment_strategy/investment_strategy_128.png","8707","6748D1761DBBC1FF46FF2F4E6D70C06375BCA23C967915D8C47FD5D1331B1611"
"货币战争_玩法图标资产包_4.4_证据重审版_2026-07-28/raw/investment_strategy/investment_strategy_129.png","8655","C651123F8A9FB7DD18F7D05D9E021B9A3AF9007A850E44AE216A97F334C7028C"
"货币战争_玩法图标资产包_4.4_证据重审版_2026-07-28/raw/investment_strategy/investment_strategy_130.png","12302","6B17F922100EB739A2621B3C96514FBB6F752DD09287C82AB2F82484E11DD76C"
"货币战争_玩法图标资产包_4.4_证据重审版_2026-07-28/raw/investment_strategy/investment_strategy_131.png","5051","464F8F0273E82FFA7516231C9EAD0F69A6239D13A663BB14E0DC3A4E5BDB57B5"
"货币战争_玩法图标资产包_4.4_证据重审版_2026-07-28/raw/investment_strategy/investment_strategy_132.png","9701","BF1C1EE66925436B50C8C65341FFC4E5FC7EF4D6FAFBCCCADF64216AAB97ED2A"
"货币战争_玩法图标资产包_4.4_证据重审版_2026-07-28/raw/investment_strategy/investment_strategy_133.png","10656","E232D48372B400D409FF064118A9E0F9B986DC024B1297A7304AC0E594AE64C0"
"货币战争_玩法图标资产包_4.4_证据重审版_2026-07-28/raw/investment_strategy/investment_strategy_134.png","9766","FAD4533124B0B2795F283226DB59645D27910009B7C9A9C844C465F300901A6E"
"货币战争_玩法图标资产包_4.4_证据重审版_2026-07-28/raw/investment_strategy/investment_strategy_135.png","9403","9E1C7527F978721CC3B3B2C2A1F2F5C9926A553B688914B34D32ACD1AA99ED21"
"货币战争_玩法图标资产包_4.4_证据重审版_2026-07-28/raw/investment_strategy/investment_strategy_136.png","8804","1AAEB4132DCFA789A6104ACA3AFABC8BCC280CBE7106657B1A1C11DE4281D997"
"货币战争_玩法图标资产包_4.4_证据重审版_2026-07-28/raw/investment_strategy/investment_strategy_137.png","4548","C824035B2165F266A320985F8C97D16F5E7823CE4AA3FC2A019C170D6AC6D725"
"货币战争_玩法图标资产包_4.4_证据重审版_2026-07-28/raw/investment_strategy/investment_strategy_138.png","4548","C824035B2165F266A320985F8C97D16F5E7823CE4AA3FC2A019C170D6AC6D725"
"货币战争_玩法图标资产包_4.4_证据重审版_2026-07-28/raw/investment_strategy/investment_strategy_139.png","3194","52B37FCA49AB641A2B8BFD26B2A256E4F17D2EC82F3A6BFB5187ADAC55D31EB3"
"货币战争_玩法图标资产包_4.4_证据重审版_2026-07-28/raw/investment_strategy/investment_strategy_140.png","8412","BAE81E8C877F8B05FAC66BF77930221CB108075AD35F6CE8DF77996A59E5600F"
"货币战争_玩法图标资产包_4.4_证据重审版_2026-07-28/raw/investment_strategy/investment_strategy_141.png","8412","BAE81E8C877F8B05FAC66BF77930221CB108075AD35F6CE8DF77996A59E5600F"
"货币战争_玩法图标资产包_4.4_证据重审版_2026-07-28/raw/investment_strategy/investment_strategy_142.png","9330","A2C303D83070223725B08246FCF69C7C514A8B98D73CFCAA6FB4DFC636D3855A"
"货币战争_玩法图标资产包_4.4_证据重审版_2026-07-28/raw/investment_strategy/investment_strategy_143.png","8713","7E44222AC59ACAA74260A166C4B87B69463BBE12B033924CA541A8FAFA31873F"
"货币战争_玩法图标资产包_4.4_证据重审版_2026-07-28/raw/investment_strategy/investment_strategy_144.png","7440","261B8DAB10C2D646B00D22D37D2985FE39C614CBA6B5E4403DDDAA851A514C0A"
"货币战争_玩法图标资产包_4.4_证据重审版_2026-07-28/raw/investment_strategy/investment_strategy_145.png","8236","B22EB20BE5A5A41632117D04DF45ACDD7F9589EA2CCC4A04809F96401B9A0B33"
"货币战争_玩法图标资产包_4.4_证据重审版_2026-07-28/raw/investment_strategy/investment_strategy_146.png","9374","07F5D27B70EF27665B78E8FB12E8F041663EBF6CE577B8564F96AA210A7C5695"
"货币战争_玩法图标资产包_4.4_证据重审版_2026-07-28/raw/investment_strategy/investment_strategy_147.png","7674","79D30924BE2561F754A01FCB5D62E3C038DAF8EADC14CAC175A167EBB226B19B"
"货币战争_玩法图标资产包_4.4_证据重审版_2026-07-28/raw/investment_strategy/investment_strategy_148.png","9028","43799D40E48D77B1F457ACE4271442859336A0328946E2AC2CF4BA4708F69C98"
"货币战争_玩法图标资产包_4.4_证据重审版_2026-07-28/raw/investment_strategy/investment_strategy_149.png","7081","8299F66FA1D678F8AFFC95348DB9AAC89419154301F16D09FD4285F98440ECE6"
"货币战争_玩法图标资产包_4.4_证据重审版_2026-07-28/raw/investment_strategy/investment_strategy_150.png","6239","BB03F1D3FB13260EB8F9B8C7390B5EF483D16742EF9D60C51509C877F71FCD4D"
"货币战争_玩法图标资产包_4.4_证据重审版_2026-07-28/raw/investment_strategy/investment_strategy_151.png","7150","4BBB65602B8B83DDC5BCDEBD187543449FFEB69B098C6CC1D9F1B1AC1BFA3AED"
"货币战争_玩法图标资产包_4.4_证据重审版_2026-07-28/raw/investment_strategy/investment_strategy_152.png","6004","335C13373762232501D5C024071E58D61164252438853173D5A1A0CA97E215E7"
"货币战争_玩法图标资产包_4.4_证据重审版_2026-07-28/raw/investment_strategy/investment_strategy_153.png","9358","6D949204BAA245951C97F8AE8B03CBCE3908AE742175871ACF882E45651CBBED"
"货币战争_玩法图标资产包_4.4_证据重审版_2026-07-28/raw/investment_strategy/investment_strategy_154.png","9024","90F9BA1F4CBBA6E7F389E4CEF95BC76732495CB8EBC6DE08E4D88D65A48C43E8"
"货币战争_玩法图标资产包_4.4_证据重审版_2026-07-28/raw/investment_strategy/investment_strategy_155.png","9917","2CE98638E3543D369D1DF1B5D692020728A9FD56A992770CB7E266AD506C3B05"
"货币战争_玩法图标资产包_4.4_证据重审版_2026-07-28/raw/investment_strategy/investment_strategy_156.png","6462","053F55F7A04DBC53AE0A4A2082F4CED4EDEAAA2B43662D3C78C99AF5365FF6F2"
"货币战争_玩法图标资产包_4.4_证据重审版_2026-07-28/raw/investment_strategy/investment_strategy_157.png","8830","298BAFA3A01177CAA128E44A165316A41B906EAD67EEEC9DAC31091B6315AFDC"
"货币战争_玩法图标资产包_4.4_证据重审版_2026-07-28/raw/investment_strategy/investment_strategy_158.png","6238","E32C82E56466E682B56E39B78A927CCC6E7F4CD77035BA95F635605C18495AF9"
"货币战争_玩法图标资产包_4.4_证据重审版_2026-07-28/raw/investment_strategy/investment_strategy_159.png","8382","1E113AF8DDEB625FEED7E81CF21A3410834BA5F0A4AE48C00656D252B9859047"
"货币战争_玩法图标资产包_4.4_证据重审版_2026-07-28/raw/investment_strategy/investment_strategy_160.png","7960","B25DE41C33AA24B85D511573AB4ADF22B7E0F957169887E38515719618EB7503"
"货币战争_玩法图标资产包_4.4_证据重审版_2026-07-28/raw/investment_strategy/investment_strategy_161.png","8390","3FC47F8F731A67BA6178CF2958904E5FC55BDEE774821E5AA05D64A43294B9BE"
"货币战争_玩法图标资产包_4.4_证据重审版_2026-07-28/raw/investment_strategy/investment_strategy_162.png","6102","04A4489D3E0962743B7A09F18642E1A2D48C3C1F722C38C27663C7E9634C7B2A"
"货币战争_玩法图标资产包_4.4_证据重审版_2026-07-28/raw/investment_strategy/investment_strategy_163.png","3714","14EE6F4E12875FE793195D18F39078CBC886EF51E5CCA8673DA647381E4D874F"
"货币战争_玩法图标资产包_4.4_证据重审版_2026-07-28/raw/investment_strategy/investment_strategy_164.png","8655","A30505E26B5ECE53810090ACD360401F9F5A7ABF2E949BD4E17842F79ACA66F7"
"货币战争_玩法图标资产包_4.4_证据重审版_2026-07-28/raw/investment_strategy/investment_strategy_165.png","7817","B237470A85CF6D2408C87D8DEE0BCB95630E83EE2FE4EBFBF39BE25B53875540"
"货币战争_玩法图标资产包_4.4_证据重审版_2026-07-28/raw/investment_strategy/investment_strategy_166.png","8704","8FCD89830F4A23DFF15E11B675C9AE24BEE4974804563F1E420CB10F3E90CFFA"
"货币战争_玩法图标资产包_4.4_证据重审版_2026-07-28/raw/investment_strategy/investment_strategy_167.png","6282","D3C9DB639F802229477E17792208A738BD605DC50B9B5FC88EFBE1B94D11A95B"
"货币战争_玩法图标资产包_4.4_证据重审版_2026-07-28/raw/investment_strategy/investment_strategy_168.png","7472","477B25765742FBB0317846A0E7EC05012A606CA05A30357F21F39F100736B0AA"
"货币战争_玩法图标资产包_4.4_证据重审版_2026-07-28/raw/investment_strategy/investment_strategy_169.png","6751","AEBF08A69147A7781BE50389A94D9518A17DC975E7781FCA8E6D704990BCD47F"
"货币战争_玩法图标资产包_4.4_证据重审版_2026-07-28/raw/investment_strategy/investment_strategy_170.png","5757","E0CA88F4BB33083A5CE5038576AB6E3176BEE9D0725221B52314B0F900080F15"
"货币战争_玩法图标资产包_4.4_证据重审版_2026-07-28/raw/investment_strategy/investment_strategy_171.png","9739","AD331CDF39594D0B2D552905C28D5CA37B65B530850A1B0310373B8C81A59188"
"货币战争_玩法图标资产包_4.4_证据重审版_2026-07-28/raw/investment_strategy/investment_strategy_172.png","9739","AD331CDF39594D0B2D552905C28D5CA37B65B530850A1B0310373B8C81A59188"
"货币战争_玩法图标资产包_4.4_证据重审版_2026-07-28/raw/investment_strategy/investment_strategy_173.png","10657","061E5479CE71C15D1BC80F800E891C0A0A647895B53430BCE79086C22DBCEB14"
"货币战争_玩法图标资产包_4.4_证据重审版_2026-07-28/raw/investment_strategy/investment_strategy_174.png","9102","5713A214038FD0EE834913DCBB3FA69377109B54A0A2956FC87556911F645748"
"货币战争_玩法图标资产包_4.4_证据重审版_2026-07-28/raw/investment_strategy/investment_strategy_175.png","9066","0F10BCF997133B650D9D74E85FB7F218AC2B8B13C383401748BFE3A316A6FFBC"
"货币战争_玩法图标资产包_4.4_证据重审版_2026-07-28/raw/investment_strategy/investment_strategy_176.png","12867","16E46FD91CB49FCC44D23B725D6C009A7F28A415086464E26DC7624489178DC2"
"货币战争_玩法图标资产包_4.4_证据重审版_2026-07-28/raw/investment_strategy/investment_strategy_177.png","11103","7D8AD81F0322F7C0AD27A381D5D38F56A121C4AAC7F59275C069604845B61D79"
"货币战争_玩法图标资产包_4.4_证据重审版_2026-07-28/raw/investment_strategy/investment_strategy_178.png","8966","78A0D174DA89CC73520600A66313DAE7E8EDE85F8C06BB54A353C00F30DAF3F8"
"货币战争_玩法图标资产包_4.4_证据重审版_2026-07-28/raw/investment_strategy/investment_strategy_179.png","8820","4425DAF975DF61393733B1EC472DACFBFDC833A71E852402C2A9BA5B09DB47C8"
"货币战争_玩法图标资产包_4.4_证据重审版_2026-07-28/raw/investment_strategy/investment_strategy_180.png","8540","5053B1D98F9ADE1FBF0DF5FD581F9AD7760FC1893AE3C49CE7F5DCE63ED0D780"
"货币战争_玩法图标资产包_4.4_证据重审版_2026-07-28/raw/investment_strategy/investment_strategy_181.png","9206","EB6C358C625A8583F8D04901F6C0AD2BDC69481D1E20142BF846BF5795D2149E"
"货币战争_玩法图标资产包_4.4_证据重审版_2026-07-28/raw/investment_strategy/investment_strategy_182.png","7972","40FA3A6855AACAA6E28B789B2D09CB80A4BA336E6E6D7240D800C8E2E9539CD2"
"货币战争_玩法图标资产包_4.4_证据重审版_2026-07-28/raw/investment_strategy/investment_strategy_183.png","4954","57E5D8E3EC44F1A4C8FD1CDD299159307732D83E81F6BA95D82F957822A6EED5"
"货币战争_玩法图标资产包_4.4_证据重审版_2026-07-28/raw/investment_strategy/investment_strategy_184.png","4363","50B760D6F9E6217EADA18DB6FFA988B8C8681974D14D069A1615484D631EDDCE"
"货币战争_玩法图标资产包_4.4_证据重审版_2026-07-28/raw/investment_strategy/investment_strategy_185.png","7830","700EF1AA477FB85F947868F1D6D1E5ABA21B2555048ED0C4A2AE5726C170E0DE"
"货币战争_玩法图标资产包_4.4_证据重审版_2026-07-28/raw/investment_strategy/investment_strategy_186.png","6239","BB03F1D3FB13260EB8F9B8C7390B5EF483D16742EF9D60C51509C877F71FCD4D"
"货币战争_玩法图标资产包_4.4_证据重审版_2026-07-28/raw/investment_strategy/investment_strategy_187.png","7930","377ECA03D56C6EC68CC6372966D688BCA6F7663C51AA009AAF6C3E78E7708964"
"货币战争_玩法图标资产包_4.4_证据重审版_2026-07-28/raw/investment_strategy/investment_strategy_188.png","7976","A9AB17CA251956A01DE2C12A867177EA444B666D68CE064BA58CA735ED33CF0A"
"货币战争_玩法图标资产包_4.4_证据重审版_2026-07-28/raw/investment_strategy/investment_strategy_189.png","7841","2603796FE708BDA61F611F41920E1C3D36790D9C7D701560D2E700CF251626B9"
"货币战争_玩法图标资产包_4.4_证据重审版_2026-07-28/raw/investment_strategy/investment_strategy_190.png","6238","E32C82E56466E682B56E39B78A927CCC6E7F4CD77035BA95F635605C18495AF9"
"货币战争_玩法图标资产包_4.4_证据重审版_2026-07-28/raw/investment_strategy/investment_strategy_191.png","6238","E32C82E56466E682B56E39B78A927CCC6E7F4CD77035BA95F635605C18495AF9"
"货币战争_玩法图标资产包_4.4_证据重审版_2026-07-28/raw/investment_strategy/investment_strategy_192.png","7052","3F64B55B38B5EA414893638B82D6D5245CB2517667AB26385CE70B6FAD49EF12"
"货币战争_玩法图标资产包_4.4_证据重审版_2026-07-28/raw/investment_strategy/investment_strategy_193.png","8138","38062A4ABE15596188F74C25279FB58BEB0958458459F1733642FF4DB08B0A4E"
"货币战争_玩法图标资产包_4.4_证据重审版_2026-07-28/raw/investment_strategy/investment_strategy_194.png","7923","3A00037C5199586DD0BD4C92A97D3F883B3E1994953F89685C395E62FAB4E3BF"
"货币战争_玩法图标资产包_4.4_证据重审版_2026-07-28/raw/investment_strategy/investment_strategy_195.png","5557","8686F0600E5D387AF2C9075A823941A8AF9F8102E88ED31B1E0097EBEF4D9E18"
"货币战争_玩法图标资产包_4.4_证据重审版_2026-07-28/raw/investment_strategy/investment_strategy_196.png","11920","6E9EC92F83105AA97D954D8C9857191A3C6C04D61145C9CF57A1B16D548EBBD6"
"货币战争_玩法图标资产包_4.4_证据重审版_2026-07-28/raw/investment_strategy/investment_strategy_197.png","8075","C0048DE545270EE23A33FB46861D8A0AA50BA8982DACF790D469E84AD356D2A4"
"货币战争_玩法图标资产包_4.4_证据重审版_2026-07-28/raw/investment_strategy/investment_strategy_198.png","6914","229B3C1B5D832AF9A321CCA8C9908EF09EF00643576508422D699A924A4BC201"
"货币战争_玩法图标资产包_4.4_证据重审版_2026-07-28/raw/investment_strategy/investment_strategy_199.png","10719","BFBD8FB941D9035B14CC0F87FF830FFDA8152D32953271D473A1FD401386C354"
"货币战争_玩法图标资产包_4.4_证据重审版_2026-07-28/raw/investment_strategy/investment_strategy_200.png","9111","81CD42D0BBCD46F107D2F981C2FB72DAD88C725CB5773581CD5566BFD0A75162"
"货币战争_玩法图标资产包_4.4_证据重审版_2026-07-28/raw/investment_strategy/investment_strategy_201.png","7350","EF75505D6138D89E4AE86CA2C7704204D6FA317B139A56EB4A9574A1815B1D31"
"货币战争_玩法图标资产包_4.4_证据重审版_2026-07-28/raw/investment_strategy/investment_strategy_202.png","8409","176CCC1239A21136A7AF30D09DA32FCF0DBEFAABDE87743A1D31A71FFE36DB64"
"货币战争_玩法图标资产包_4.4_证据重审版_2026-07-28/raw/investment_strategy/investment_strategy_203.png","5212","10C0FACFA58455DEBA6CE52C78E5F4EE2D1CE3181D76B0C211743D0A67B4F052"
"货币战争_玩法图标资产包_4.4_证据重审版_2026-07-28/raw/investment_strategy/investment_strategy_204.png","5257","BFE9DCB46790AC3B0BBC8351D194927EB4BCF3D0D8AB9456A4196A1FAB9A9522"
"货币战争_玩法图标资产包_4.4_证据重审版_2026-07-28/raw/investment_strategy/investment_strategy_205.png","8581","537F526682091C33FE5008B71FAE41930E88D29BDE8B635F6B8D44B3E0D91A93"
"货币战争_玩法图标资产包_4.4_证据重审版_2026-07-28/raw/investment_strategy/investment_strategy_206.png","6942","EB49DFF16D5D0ED829A2A07636AD5B4BF6E345B6D5F55701198C4CFF125E5042"
"货币战争_玩法图标资产包_4.4_证据重审版_2026-07-28/raw/investment_strategy/investment_strategy_207.png","7121","EC4507153ED3DF81F5E1B3499A29BC98BAD1D7E3C80C0B5F93828D153F08BBD3"
"货币战争_玩法图标资产包_4.4_证据重审版_2026-07-28/raw/investment_strategy/investment_strategy_208.png","10636","2DF3FB5C4F718E424D4F405A74934B4B4BCCAC3A0BDDE0E4001558CAD97C11B9"
"货币战争_玩法图标资产包_4.4_证据重审版_2026-07-28/raw/investment_strategy/investment_strategy_209.png","5264","7681EDB719061FEF99D5A4798192C14DCA2D8E3EC19AFDE9F3500950540E7936"
"货币战争_玩法图标资产包_4.4_证据重审版_2026-07-28/raw/investment_strategy/investment_strategy_210.png","4770","9C0C9D8B21352BDD307693FBC00056A49268D0E8821E52ABFC726E6A1A3B495C"
"货币战争_玩法图标资产包_4.4_证据重审版_2026-07-28/raw/investment_strategy/investment_strategy_211.png","8357","D0CE6554F51E2197AB70134C0F1CEB097AEFE2B62C312FC3FC786CC837E60A74"
"货币战争_玩法图标资产包_4.4_证据重审版_2026-07-28/raw/investment_strategy/investment_strategy_212.png","7358","C73A8A1276C38AE1EC1C74BCD98117BF0C660DF99831434B65E3B189EDF2594F"
"货币战争_玩法图标资产包_4.4_证据重审版_2026-07-28/raw/investment_strategy/investment_strategy_213.png","8483","466F3764E8EA7BC23C03CCB79A78C40F73715853C7B34BE6955D978E459CF8E3"
"货币战争_玩法图标资产包_4.4_证据重审版_2026-07-28/raw/investment_strategy/investment_strategy_214.png","11185","0777DF3F79880C97873B8BC04ED0111985760DC4F49B2BD12636A3DD6A2C112A"
"货币战争_玩法图标资产包_4.4_证据重审版_2026-07-28/raw/investment_strategy/investment_strategy_215.png","10388","02FC60C2FAE7B923F01F42C813A42C143354ABCA2DD0DA1C19EEFF6C762B616D"
"货币战争_玩法图标资产包_4.4_证据重审版_2026-07-28/raw/investment_strategy/investment_strategy_216.png","8448","19A3B9640FF12AB4D97C5A805D22B6C097B1ED7D28976273BFA401C4D2C5B53E"
"货币战争_玩法图标资产包_4.4_证据重审版_2026-07-28/raw/investment_strategy/investment_strategy_217.png","7786","0EBFCDAE2EBA828E0EB1CA9B6F546C287BD1A41B23D2EE0BCFF88BEBA0FD4F3D"
"货币战争_玩法图标资产包_4.4_证据重审版_2026-07-28/raw/investment_strategy/investment_strategy_218.png","10285","E9E53314858585E992CBA6171086D630A23AA6E29481BB9688D2E1778D841845"
"货币战争_玩法图标资产包_4.4_证据重审版_2026-07-28/raw/investment_strategy/investment_strategy_219.png","9175","F38BF9F825C30C545C6D4EF9C308C9B3C59B80296D3AE4332D3C41844DA1A53C"
"货币战争_玩法图标资产包_4.4_证据重审版_2026-07-28/raw/investment_strategy/investment_strategy_220.png","9452","629F9D158E0A3B2C017ECB0F55F44304447184401F082771B51CFBC504998BEF"
"货币战争_玩法图标资产包_4.4_证据重审版_2026-07-28/raw/investment_strategy/investment_strategy_221.png","9334","CC2CB1E2E23D3D598390814DD611C89E8AAA8DCA166FA0D43610314119D12425"
"货币战争_玩法图标资产包_4.4_证据重审版_2026-07-28/raw/investment_strategy/investment_strategy_222.png","8856","E8F12E7B38689C60D23E5C1BC10614D0D13434CD01E111DD462DAD5D78B5BC0F"
"货币战争_玩法图标资产包_4.4_证据重审版_2026-07-28/raw/investment_strategy/investment_strategy_223.png","11166","C317AB85AC4B889CBA3541E6232CB6501B47CFE05238113440CAE449EFF1B1E5"
"货币战争_玩法图标资产包_4.4_证据重审版_2026-07-28/raw/investment_strategy/investment_strategy_224.png","7144","E24ECBE8459C8E6247F9B4D2C0630CC1FDD9073A4AA1043E10A36815D77BF2A8"
"货币战争_玩法图标资产包_4.4_证据重审版_2026-07-28/raw/investment_strategy/investment_strategy_225.png","8087","3527E0F83E628D2E3D0CD5ABE0B5D24AC5C756A06932855015BE0CF50DE0BC78"
"货币战争_玩法图标资产包_4.4_证据重审版_2026-07-28/raw/investment_strategy/investment_strategy_226.png","7863","7CE345F7E20A7E34BC219CA7552CA2D3DE1E2F8ABE0AC482FAA87F811CB5C3D1"
"货币战争_玩法图标资产包_4.4_证据重审版_2026-07-28/raw/investment_strategy/investment_strategy_227.png","7645","BEB9159330A0D34309F06E7F6E44393ECBDA3EF86E38F7A0C02716BC9A5D684A"
"货币战争_玩法图标资产包_4.4_证据重审版_2026-07-28/raw/investment_strategy/investment_strategy_228.png","3609","69C6D28BF328C10CE014BEFB1A5830D0E4CC4A7A1E2269DD4FE8BB0D25B8E071"
"货币战争_玩法图标资产包_4.4_证据重审版_2026-07-28/raw/investment_strategy/investment_strategy_229.png","10520","25485D734D7D072C1316C25ADCAE463A364EF0923E46253D1ADB3B2E9CA689C9"
"货币战争_玩法图标资产包_4.4_证据重审版_2026-07-28/raw/investment_strategy/investment_strategy_230.png","6751","AEBF08A69147A7781BE50389A94D9518A17DC975E7781FCA8E6D704990BCD47F"
"货币战争_玩法图标资产包_4.4_证据重审版_2026-07-28/raw/investment_strategy/investment_strategy_231.png","6751","AEBF08A69147A7781BE50389A94D9518A17DC975E7781FCA8E6D704990BCD47F"
"货币战争_玩法图标资产包_4.4_证据重审版_2026-07-28/raw/investment_strategy/investment_strategy_232.png","11452","A6A6EE42047CC138A94E38575A448A37E451BF51523724851A6881A1EE20B752"
"货币战争_玩法图标资产包_4.4_证据重审版_2026-07-28/raw/investment_strategy/investment_strategy_233.png","7860","78F1FAFB1B943FB622EC1FE2E9AA57B253702843C8A2D18A9B94118C463D18FB"
"货币战争_玩法图标资产包_4.4_证据重审版_2026-07-28/raw/investment_strategy/investment_strategy_234.png","7658","BF62F835FC5E7B59D44ADD0AA85573F145A0EA6D53A5A62DB649DD3DEC686ADE"
"货币战争_玩法图标资产包_4.4_证据重审版_2026-07-28/raw/investment_strategy/investment_strategy_235.png","11452","A6A6EE42047CC138A94E38575A448A37E451BF51523724851A6881A1EE20B752"
"货币战争_玩法图标资产包_4.4_证据重审版_2026-07-28/raw/investment_strategy/investment_strategy_236.png","6282","D3C9DB639F802229477E17792208A738BD605DC50B9B5FC88EFBE1B94D11A95B"
"货币战争_玩法图标资产包_4.4_证据重审版_2026-07-28/raw/investment_strategy/investment_strategy_237.png","11452","A6A6EE42047CC138A94E38575A448A37E451BF51523724851A6881A1EE20B752"
"货币战争_玩法图标资产包_4.4_证据重审版_2026-07-28/raw/investment_strategy/investment_strategy_238.png","6862","0B2228CBEE6FC939A69249FD2AB54B10A31C46B74B76ED6ACE31B1A0071F8106"
"货币战争_玩法图标资产包_4.4_证据重审版_2026-07-28/raw/investment_strategy/investment_strategy_239.png","7658","BF62F835FC5E7B59D44ADD0AA85573F145A0EA6D53A5A62DB649DD3DEC686ADE"
"货币战争_玩法图标资产包_4.4_证据重审版_2026-07-28/raw/investment_strategy/investment_strategy_240.png","11452","A6A6EE42047CC138A94E38575A448A37E451BF51523724851A6881A1EE20B752"
"货币战争_玩法图标资产包_4.4_证据重审版_2026-07-28/raw/investment_strategy/investment_strategy_241.png","5268","3F67183C7CE929A83E4A093F947117AB9FFDE83BA70710779E76BBAC0684E6E1"
"货币战争_玩法图标资产包_4.4_证据重审版_2026-07-28/raw/investment_strategy/investment_strategy_242.png","10388","02FC60C2FAE7B923F01F42C813A42C143354ABCA2DD0DA1C19EEFF6C762B616D"
"货币战争_玩法图标资产包_4.4_证据重审版_2026-07-28/raw/investment_strategy/investment_strategy_243.png","7947","CD5EA42EE89A85151BF7F6638997BC128B8F2B888C698F97A4FD4534B241259C"
"货币战争_玩法图标资产包_4.4_证据重审版_2026-07-28/raw/investment_strategy/investment_strategy_244.png","8152","37BB9CD54239DEF629D55F7B2629EADC90B72910323F431BEA7CD028A9651DA6"
"货币战争_玩法图标资产包_4.4_证据重审版_2026-07-28/raw/investment_strategy/investment_strategy_245.png","9221","B519B21205FC2A5F523C2D386A32095D28296FC680AA08D2864DE6AA79F507A3"
"货币战争_玩法图标资产包_4.4_证据重审版_2026-07-28/raw/investment_strategy/investment_strategy_246.png","9221","B519B21205FC2A5F523C2D386A32095D28296FC680AA08D2864DE6AA79F507A3"
"货币战争_玩法图标资产包_4.4_证据重审版_2026-07-28/raw/investment_strategy/investment_strategy_247.png","9221","B519B21205FC2A5F523C2D386A32095D28296FC680AA08D2864DE6AA79F507A3"
"货币战争_玩法图标资产包_4.4_证据重审版_2026-07-28/raw/investment_strategy/investment_strategy_248.png","9253","C988D244E9CF12521CE41F8AA157AAB6A4FF11F348A419EC6372B5210FC9A411"
"货币战争_玩法图标资产包_4.4_证据重审版_2026-07-28/raw/investment_strategy/investment_strategy_249.png","10008","8A8DB70BB5305831B875935960CC5A1C60C9CA82171E82B98C3A74B70C564625"
"货币战争_玩法图标资产包_4.4_证据重审版_2026-07-28/raw/investment_strategy/investment_strategy_250.png","9132","B419419ECC3F41F2DAFF43BE59BBB02642591521CEADFBA5B3760530740BEBE5"
"货币战争_玩法图标资产包_4.4_证据重审版_2026-07-28/raw/investment_strategy/investment_strategy_251.png","9132","B419419ECC3F41F2DAFF43BE59BBB02642591521CEADFBA5B3760530740BEBE5"
"货币战争_玩法图标资产包_4.4_证据重审版_2026-07-28/raw/investment_strategy/investment_strategy_252.png","9132","B419419ECC3F41F2DAFF43BE59BBB02642591521CEADFBA5B3760530740BEBE5"
"货币战争_玩法图标资产包_4.4_证据重审版_2026-07-28/raw/investment_strategy/investment_strategy_253.png","6646","7BE203C2C935AB27852535ACB03D1EF182D43CCA89A8FF894E8A85205964CD12"
"货币战争_玩法图标资产包_4.4_证据重审版_2026-07-28/raw/investment_strategy/investment_strategy_254.png","12147","89E7A1B2423A731264F6F0E3CA0367A026F4EF6CB084909C035925A27C72814A"
"货币战争_玩法图标资产包_4.4_证据重审版_2026-07-28/raw/investment_strategy/investment_strategy_255.png","9154","9F700D71BD5CABCB0F6396AF1F112FD8C8F88AC0A31796B23F8D623825A1082D"
"货币战争_玩法图标资产包_4.4_证据重审版_2026-07-28/raw/investment_strategy/investment_strategy_256.png","7625","AE3C2A4907C948553240ED5612805D273E32A08ADDE6CFE5CFC329B662A1996C"
"货币战争_玩法图标资产包_4.4_证据重审版_2026-07-28/raw/investment_strategy/investment_strategy_257.png","9516","EE065C42E51A2627C414914E5A5C933735FB6DDFA4CB1FF9C6377E87C1DB0E9F"
"货币战争_玩法图标资产包_4.4_证据重审版_2026-07-28/raw/investment_strategy/investment_strategy_258.png","7318","3096A66A8DE2664589766DDE7B6F2F19B9D28FA40558EAF0E575E929E9C49B64"
"货币战争_玩法图标资产包_4.4_证据重审版_2026-07-28/raw/investment_strategy/investment_strategy_259.png","7484","44653AE22DE35D429CC7442FD4861DF0DF07305FC24730D992DD1E708669576F"
"货币战争_玩法图标资产包_4.4_证据重审版_2026-07-28/raw/investment_strategy/investment_strategy_260.png","8869","AC3943250C4D0536F5BF2F5E78413A03879B6FEBC6929FD2888F180EC3A7BF37"
"货币战争_玩法图标资产包_4.4_证据重审版_2026-07-28/raw/investment_strategy/investment_strategy_261.png","8769","AC139EE3C594CCF2933636DD141EBB7623A70B3450CBF262FB3E3D69A9371DAA"
"货币战争_玩法图标资产包_4.4_证据重审版_2026-07-28/raw/investment_strategy/investment_strategy_262.png","6783","2BB8E9F24AEC229615FAA3678CE9ABA4C18679832B93952C9CC5C5F7BA1F6203"
"货币战争_玩法图标资产包_4.4_证据重审版_2026-07-28/raw/investment_strategy/investment_strategy_263.png","4886","1BE3405CE4DCD93E4BC244DEC8E7E4168A64702196512AEFD73441023666B5BE"
"货币战争_玩法图标资产包_4.4_证据重审版_2026-07-28/raw/investment_strategy/investment_strategy_264.png","9197","357A6B0E60781B6A727819AF63E31BD3CF37E3FAAEF04E7587C50BAFBB5253DC"
"货币战争_玩法图标资产包_4.4_证据重审版_2026-07-28/raw/investment_strategy/investment_strategy_265.png","7186","43B179D6ABDB20595AEEB60ECA3F1C1E3A81A7DE809CA576F12BA19044FAC8C7"
"货币战争_玩法图标资产包_4.4_证据重审版_2026-07-28/raw/investment_strategy/investment_strategy_266.png","10658","EF49B22AEC012385D1FD094E2A674C61C2B12563C62F896271DD473A2E861A06"
"货币战争_玩法图标资产包_4.4_证据重审版_2026-07-28/raw/investment_strategy/investment_strategy_267.png","17241","9A62DACF8BD70E0A38E13868EAECF77B307D4B959FAE1982661ADACCB92521D1"
"货币战争_玩法图标资产包_4.4_证据重审版_2026-07-28/raw/investment_strategy/investment_strategy_268.png","22543","0A64FBBD30FFFE334BBA2E7DB91B6DFC2403C8D494614509B158D40406BE714F"
"货币战争_玩法图标资产包_4.4_证据重审版_2026-07-28/raw/investment_strategy/investment_strategy_269.png","22543","0A64FBBD30FFFE334BBA2E7DB91B6DFC2403C8D494614509B158D40406BE714F"
"货币战争_玩法图标资产包_4.4_证据重审版_2026-07-28/raw/investment_strategy/investment_strategy_270.png","21847","CFF9F435EE0BB047E50645B0099A63AF190568B60489981E914BF10BB649D399"
"货币战争_玩法图标资产包_4.4_证据重审版_2026-07-28/raw/investment_strategy/investment_strategy_271.png","5965","D639415EC97F4A9E05A47D3781A2885004054E473790BCA12E3C6E37C8097758"
"货币战争_玩法图标资产包_4.4_证据重审版_2026-07-28/raw/investment_strategy/investment_strategy_272.png","5965","D639415EC97F4A9E05A47D3781A2885004054E473790BCA12E3C6E37C8097758"
"货币战争_玩法图标资产包_4.4_证据重审版_2026-07-28/raw/investment_strategy/investment_strategy_273.png","23896","BEEC65B0B4F347001A7A7F7E7908ABC3E40E9AF0A7BD6F20F1376EA0BC37862E"
"货币战争_玩法图标资产包_4.4_证据重审版_2026-07-28/raw/investment_strategy/investment_strategy_274.png","10530","9CB034EDFF49608A3D7A5DCB6A7C7471D1DDBCF6657918A25273B7578443D8AD"
"货币战争_玩法图标资产包_4.4_证据重审版_2026-07-28/raw/investment_strategy/investment_strategy_275.png","11527","937A61C670B0E8762D726F09324EA1FBD3997BC1F67D8A98FABC07F48B883840"
"货币战争_玩法图标资产包_4.4_证据重审版_2026-07-28/raw/investment_strategy/investment_strategy_276.png","16929","D5C2F12AD76CD5122DFDBFEAF321F167A8A5DBEA55AAB2FBE58F6F3186ED3DE2"
"货币战争_玩法图标资产包_4.4_证据重审版_2026-07-28/raw/investment_strategy/investment_strategy_277.png","7966","650777ACBFA384E99C3872EEB073E9338B3F353A76015EDD2231AAF1D5C5620D"
"货币战争_玩法图标资产包_4.4_证据重审版_2026-07-28/raw/investment_strategy/investment_strategy_278.png","8578","F2865C34F8E3EF099726B5E21946050CC07237BB0DDDCE6125FB02DD08DF7B0D"
"货币战争_玩法图标资产包_4.4_证据重审版_2026-07-28/raw/investment_strategy/investment_strategy_279.png","7721","4AF39875135F93C49BC6CF1150B147BC51BDDFA19D0F0506487A0E631E5830BB"
"货币战争_玩法图标资产包_4.4_证据重审版_2026-07-28/raw/investment_strategy/investment_strategy_280.png","12826","4EF057E7BF368387CB556A554A9B1728E99667F5899BBB38683C4EB434525014"
"货币战争_玩法图标资产包_4.4_证据重审版_2026-07-28/raw/investment_strategy/investment_strategy_281.png","7961","7D1F4F861C9E5551F3B37C736FB3B13F5D4F476EAE6179D393CC9DB99F41B17B"
"货币战争_玩法图标资产包_4.4_证据重审版_2026-07-28/raw/investment_strategy/investment_strategy_282.png","8851","80C3B3FF67943C20BB0DE164D954282B49F8A07A99D7E8F3DC5CA1E5C3968ABC"
"货币战争_玩法图标资产包_4.4_证据重审版_2026-07-28/raw/investment_strategy/investment_strategy_283.png","8039","342847702C147E429D1D553959818906A7CE0B8A36A67665DC34D0E2385C7AA3"
"货币战争_玩法图标资产包_4.4_证据重审版_2026-07-28/raw/investment_strategy/investment_strategy_284.png","10985","85FE61BCFBE5FBC43AA3C1AD16669D5B6AC96FA45E2A3D31246937C95F4A7787"
"货币战争_玩法图标资产包_4.4_证据重审版_2026-07-28/raw/investment_strategy/investment_strategy_285.png","12312","3955555978ECBFB4F327793698AF64F3D641B770DC1517617AE822D04A7BCB80"
"货币战争_玩法图标资产包_4.4_证据重审版_2026-07-28/raw/investment_strategy/investment_strategy_286.png","8881","48D72C8E9C6708F75AA3710C86E366A45CBE71E2C4347A45AED25E40123F0DBA"
"货币战争_玩法图标资产包_4.4_证据重审版_2026-07-28/raw/investment_strategy/investment_strategy_287.png","14990","87DFACDE3215EAF530B79DDCCFF08D4EECA782A0277057979ADAB6FA58E16BE3"
"货币战争_玩法图标资产包_4.4_证据重审版_2026-07-28/raw/investment_strategy/investment_strategy_288.png","9567","C031CCC2D3FF67E3F20F341BCD9A988F110BFFF4246C52CD38B98A7271BAF086"
"货币战争_玩法图标资产包_4.4_证据重审版_2026-07-28/raw/investment_strategy/investment_strategy_289.png","12090","AB2277B128F8E7E946C259E2B06F5263308DCA09205B3C0DAAC48C7F81C38ECE"
"货币战争_玩法图标资产包_4.4_证据重审版_2026-07-28/raw/investment_strategy/investment_strategy_290.png","11652","47A03BB776D5F2A8FC2DBAA41D0ACE1348DD7477541EE757228C6095A3E08D5F"
"货币战争_玩法图标资产包_4.4_证据重审版_2026-07-28/raw/investment_strategy/investment_strategy_291.png","3642","F35C2A43DCDD7C57988CDD33614066FDD965F21796E41D0F5A601255272BE719"
"货币战争_玩法图标资产包_4.4_证据重审版_2026-07-28/raw/investment_strategy/investment_strategy_292.png","11871","B19E50F34EFA3AACCE8CFA26B87BE9A718F94EB9CA5D48BAB14BFB6E84D9CC73"
"货币战争_玩法图标资产包_4.4_证据重审版_2026-07-28/raw/investment_strategy/investment_strategy_293.png","11760","D037BD4E44D142D492911E8DD5B458639C2A78C1C1522F7D84E3F7457B8FDB00"
"货币战争_玩法图标资产包_4.4_证据重审版_2026-07-28/raw/investment_strategy/investment_strategy_294.png","9742","67A0A5BE289D1E5DFDCD0894AD91EF03321C4719602412AF7A111F174A1AFE55"
"货币战争_玩法图标资产包_4.4_证据重审版_2026-07-28/raw/investment_strategy/investment_strategy_295.png","4419","4750B2B1611EC6B0197221FF34A2AAC17412C576C86AE4EA9F4034D5805F36E1"
"货币战争_玩法图标资产包_4.4_证据重审版_2026-07-28/raw/investment_strategy/investment_strategy_296.png","9696","C290133B377A0D06B45D724382F018CDB43AED91FFD7F1B9AACAF6C68CB1E899"
"货币战争_玩法图标资产包_4.4_证据重审版_2026-07-28/raw/investment_strategy/investment_strategy_297.png","8600","A32FA2D734AD3715B5DAF9A3DA3E50A2B2EEFEC6EECF2ED4B300E7B9BCFB9261"
"货币战争_玩法图标资产包_4.4_证据重审版_2026-07-28/raw/investment_strategy/investment_strategy_298.png","10769","59BD53600E7CCBC9D42A178909555B853840E81FEDAB8D9959F4E61544A2E071"
"货币战争_玩法图标资产包_4.4_证据重审版_2026-07-28/raw/investment_strategy/investment_strategy_299.png","12566","F07114D9D3FD99B3FE19759C28BF3D999CC43AB0F42AA563598D3993ACEEA111"
"货币战争_玩法图标资产包_4.4_证据重审版_2026-07-28/raw/investment_strategy/investment_strategy_300.png","9317","E7F95CF9D6FBF0C61DF35413E07294E0C34E19964F2BB4CA7C27F6D885A61770"
"货币战争_玩法图标资产包_4.4_证据重审版_2026-07-28/raw/investment_strategy/investment_strategy_301.png","10047","1394FE99D49A952C0F2ACEFD7D65C4506B4087506063C0B8295991969A81C8C6"
"货币战争_玩法图标资产包_4.4_证据重审版_2026-07-28/raw/investment_strategy/investment_strategy_302.png","6630","A238974A1EABD15B420412D7050EB0E2234CC8667E0CDA1879E6DE698182E995"
"货币战争_玩法图标资产包_4.4_证据重审版_2026-07-28/raw/investment_strategy/investment_strategy_303.png","8980","B70FA107DE2527B8CBC6CA5ACB179CC1E3B3F4589A94AEE6515155CE82E366D1"
"货币战争_玩法图标资产包_4.4_证据重审版_2026-07-28/raw/investment_strategy/investment_strategy_304.png","8385","5128EC6802F264126B1D12DFC87BE6920971929C3170A3D38D0E2CB660516919"
"货币战争_玩法图标资产包_4.4_证据重审版_2026-07-28/raw/investment_strategy/investment_strategy_305.png","8037","0ED370C9402460A1383EB6FB6B1691996363C3122BE5C397D09204A17A16E569"
"货币战争_玩法图标资产包_4.4_证据重审版_2026-07-28/raw/investment_strategy/investment_strategy_306.png","9652","EAB4C00212AF45AD3321844AC7B4F78D389FD4A4B1619D7B7C41F528BFF81F4B"
"货币战争_玩法图标资产包_4.4_证据重审版_2026-07-28/raw/investment_strategy/investment_strategy_307.png","7892","A9FE8A785724E05592BB8AB41DF142A12845EA36571F7E29ECCC18A1C301BE35"
"货币战争_玩法图标资产包_4.4_证据重审版_2026-07-28/raw/investment_strategy/investment_strategy_308.png","9093","6FE6AE2A228428629C95E5BAD277ECA88F21A86480E910A572E868EAE50B545D"
"货币战争_玩法图标资产包_4.4_证据重审版_2026-07-28/raw/investment_strategy/investment_strategy_309.png","7744","2FAA626C828C56F91089B3DF8BAE7F432F4A18FA04A8026C6CBC559CA2495B9E"
"货币战争_玩法图标资产包_4.4_证据重审版_2026-07-28/raw/investment_strategy/investment_strategy_310.png","8686","CF6407FAC95869BDA5E5AF61FCDCDA7E52EEA434E78E8432F0CED36989B7B533"
"货币战争_玩法图标资产包_4.4_证据重审版_2026-07-28/raw/investment_strategy/investment_strategy_311.png","5622","513A33790BA30C62A722FCD3ACAEF63E3F68E640C180683543C01DE1EA8BEA87"
"货币战争_玩法图标资产包_4.4_证据重审版_2026-07-28/raw/investment_strategy/investment_strategy_312.png","7474","7731E28420B51A3A53C8CB6027B78011AED07D1C754064AA683E14E84FFB8DA2"
"货币战争_玩法图标资产包_4.4_证据重审版_2026-07-28/raw/investment_strategy/investment_strategy_313.png","7177","2EA12F515FA407018926EFC62F15978AF896AED5BFD355CE110AEF486A26B7EB"
"货币战争_玩法图标资产包_4.4_证据重审版_2026-07-28/raw/investment_strategy/investment_strategy_314.png","10172","6741CB28F12C47CF659D57B784F2AD1A58FF3AA441CA2CFF062B019DF702A326"
"货币战争_玩法图标资产包_4.4_证据重审版_2026-07-28/raw/investment_strategy/investment_strategy_315.png","11063","C84A892B09DC54A71CD84AA8853899B66DE8600099311FB0DBBE371D93366937"
"货币战争_玩法图标资产包_4.4_证据重审版_2026-07-28/raw/investment_strategy/investment_strategy_316.png","9526","436A00E005C544F9A19375F79ED9A1C2B17F76B063A574C6DC427D7D4191299F"
"货币战争_玩法图标资产包_4.4_证据重审版_2026-07-28/raw/investment_strategy/investment_strategy_317.png","10646","12D36CEC2762EA16A13D353C48F48FC4FBC1B1F07794E7F8B512B38D368023AB"
"货币战争_玩法图标资产包_4.4_证据重审版_2026-07-28/raw/investment_strategy/investment_strategy_318.png","10428","324CAB2AD3593F58939C95FDFC5A42ABDB83EA953F1BB6DD12BB7AF270549CA6"
"货币战争_玩法图标资产包_4.4_证据重审版_2026-07-28/raw/investment_strategy/investment_strategy_319.png","13708","A809D7C89A2DDFD088233E7A4DBB77883E6C3105831F4CAE3EE3D6752E2E593A"
"货币战争_玩法图标资产包_4.4_证据重审版_2026-07-28/raw/investment_strategy/investment_strategy_320.png","7888","952E69E4FCF96AEC543EF98F27E2A6546CA65D7C73EB96158B748C2524BD569B"
"货币战争_玩法图标资产包_4.4_证据重审版_2026-07-28/raw/investment_strategy/investment_strategy_321.png","9445","A5F7343CB90131009F1092927B5AB94BAD3A87A5881DD2F2971DC5AE68E1408B"
"货币战争_玩法图标资产包_4.4_证据重审版_2026-07-28/raw/investment_strategy/investment_strategy_322.png","8454","09662AC9D1379F37AFC9A9F8FDF5700CE8B36C7F7E2EAFC94BC50CF4A1307492"
"货币战争_玩法图标资产包_4.4_证据重审版_2026-07-28/raw/investment_strategy/investment_strategy_323.png","8136","5B3745100BA574A4D31D0581338C707CC9333A6D09DB73682CB7AF906151CFC3"
"货币战争_玩法图标资产包_4.4_证据重审版_2026-07-28/raw/investment_strategy/investment_strategy_324.png","14081","045856228E6208038149A4DC2C3CB9A078A8EC28648370AC36A3AF566AFF0672"
"货币战争_玩法图标资产包_4.4_证据重审版_2026-07-28/raw/investment_strategy/investment_strategy_325.png","13248","67D234E9177414E881D784ECA57303A626AE89F911DEAF7FF9DF513135301019"
"货币战争_玩法图标资产包_4.4_证据重审版_2026-07-28/raw/investment_strategy/investment_strategy_326.png","10984","E5571CE5F43588F889BDDEC392BEA4649CC6C0F4C9025C17BE2DCFC138045AC9"
"货币战争_玩法图标资产包_4.4_证据重审版_2026-07-28/raw/investment_strategy/investment_strategy_327.png","11962","3FEC61E3DB5D304D1F7365AECFE690BDE6BDD9F492636DE83F7467D089C55C2B"
"货币战争_玩法图标资产包_4.4_证据重审版_2026-07-28/raw/investment_strategy/investment_strategy_328.png","11093","34351A904542F1593274EB429D03C38621F2BC09CB63F2743EAD053802577B01"
"货币战争_玩法图标资产包_4.4_证据重审版_2026-07-28/raw/investment_strategy/investment_strategy_329.png","11420","1F1BF5808892DA10B581DE35017C2188CB1AD2E34791BC2F6BDAA2ED3F96EB0D"
"货币战争_玩法图标资产包_4.4_证据重审版_2026-07-28/raw/investment_strategy/investment_strategy_330.png","10177","2E47051372552C1AA24877AE6A0A2820ADB006F806E44BB7E7ACE9BB237F184D"
"货币战争_玩法图标资产包_4.4_证据重审版_2026-07-28/raw/investment_strategy/investment_strategy_331.png","5541","538FEE9C901E8E029D74E8392C669521BA773389B69D8FBBA8D3F56D98AE082D"
"货币战争_玩法图标资产包_4.4_证据重审版_2026-07-28/raw/investment_strategy/investment_strategy_332.png","5433","142B5F510AC452AEA5D1953B6F4A5CC70A220E3727469AE61C53F4FCD22AFD84"
"货币战争_玩法图标资产包_4.4_证据重审版_2026-07-28/raw/investment_strategy/investment_strategy_333.png","10328","A908CE88C5A1CF9592A1BBFE5CB8C0A0A8641701EA57C1868614B1A999DDAF67"
"货币战争_玩法图标资产包_4.4_证据重审版_2026-07-28/raw/investment_strategy/investment_strategy_334.png","14845","3D9D7E11D66FD61A7EF2127AC761148A0E28642E72F1A74C7860CA66D9712001"
"货币战争_玩法图标资产包_4.4_证据重审版_2026-07-28/raw/official_composition_layer/layer_environment_background.png","20285","2EDE952B91F7749598170A123CC521CFC3EAF1E28A54CC77523866F12B4AD353"
"货币战争_玩法图标资产包_4.4_证据重审版_2026-07-28/raw/official_composition_layer/layer_strategy_background_gold.png","34520","C04DD802C0F612E2C975A6D883A5889948D2EB1B13518EB11384E76C7DB1A46A"
"货币战争_玩法图标资产包_4.4_证据重审版_2026-07-28/raw/official_composition_layer/layer_strategy_background_prismatic.png","36799","DC989259593EA4DA6DDE159DC401F00E1EE0A9CB3BB462DBF3C190BC91C4A7B8"
"货币战争_玩法图标资产包_4.4_证据重审版_2026-07-28/raw/official_composition_layer/layer_strategy_background_silver.png","27345","AF6B9CF185B2B3644603857A53C1EB4695F8CB9D758E43BA3FFD3C9BC73B39AB"
"货币战争_玩法图标资产包_4.4_证据重审版_2026-07-28/raw/official_composition_layer/layer_strategy_prismatic_base.png","9775","AA8189694828D2C4EF2F8B8C45E70F3882F2D96CB521185F8368A84105681699"
"货币战争_玩法图标资产包_4.4_证据重审版_2026-07-28/raw/special_item/special_item_001.png","75111","317248136F1F7D7A750DB56B916FB661917DA2C2C17C0A51CFA2EE77E6527EF4"
"货币战争_玩法图标资产包_4.4_证据重审版_2026-07-28/raw/special_item/special_item_002.png","21516","47AB81A776419EBFBF96B932D1478C479722741510867F78D6185AF939C1D524"
"货币战争_玩法图标资产包_4.4_证据重审版_2026-07-28/raw/special_item/special_item_003.png","25723","A26C1FAD95D900395C1970AF71CB8E27EF8CB33E813612F8B95688E1597ADCC8"
"货币战争_玩法图标资产包_4.4_证据重审版_2026-07-28/raw/special_item/special_item_004.png","64322","A71AAABF88D868E61717A8A8A855A11E9EC2A93CBB19B197F3CD5A113DB39D7D"
"货币战争_玩法图标资产包_4.4_证据重审版_2026-07-28/raw/special_item/special_item_005.png","73683","9BA802BAA6DDBAC5A2350D9193E4CA9E989C507BD87610612A1A506E7E1BF1CB"
"货币战争_玩法图标资产包_4.4_证据重审版_2026-07-28/raw/special_item/special_item_006.png","66998","711860952E82F3E60ADE4DC4C1BAB8CA671AD4E6BF29B651240A81EE20041448"
"货币战争_玩法图标资产包_4.4_证据重审版_2026-07-28/raw/special_item/special_item_007.png","23025","9844590643C43AC6F7FAFC0D4C46F0139FA14587939C1B4A1179756FB930D083"
"货币战争_玩法图标资产包_4.4_证据重审版_2026-07-28/raw/special_item/special_item_008.png","28657","EEF0A6E2130743FF0573605B704486F6302E6CD69CE21A34696B29501EE3DA40"
"货币战争_玩法图标资产包_4.4_证据重审版_2026-07-28/raw/special_item/special_item_009.png","79028","A53C1EC7A89554E14C61BA004AA0B670BC79F14111E74FF11A37CF8CE3396359"
"货币战争_玩法图标资产包_4.4_证据重审版_2026-07-28/raw/special_item/special_item_010.png","31684","52909DE2E822053C674356B2F226E42EC3431C9352FACFABEE595F226B0FB0D2"
"货币战争_玩法图标资产包_4.4_证据重审版_2026-07-28/raw/special_item/special_item_011.png","29452","16A3B61D5EA6814E5356616D975DC92138DD7CAA538D2C7D8107615ACF9666B7"
"货币战争_玩法图标资产包_4.4_证据重审版_2026-07-28/raw/special_item/special_item_012.png","30878","4EF96AFDD43945D75018892980415B2C408C8C6E6CB8146B47590A7024835655"
"货币战争_玩法图标资产包_4.4_证据重审版_2026-07-28/raw/special_item/special_item_013.png","24563","41503631A9126CB5EFF4A7386E577541E7A29C980222264E131FEBF96517B31B"
"货币战争_玩法图标资产包_4.4_证据重审版_2026-07-28/raw/special_item/special_item_014.png","24563","41503631A9126CB5EFF4A7386E577541E7A29C980222264E131FEBF96517B31B"
"货币战争_玩法图标资产包_4.4_证据重审版_2026-07-28/raw/special_item/special_item_015.png","25733","1E13D90DC6590245DF3AA2DF61285035F1A37D311DBA5770E7588E4D5E9543CB"
"货币战争_玩法图标资产包_4.4_证据重审版_2026-07-28/raw/special_item/special_item_016.png","25537","89A8842BEF4CD82A65C23CCC24C11539B90BD4C9F3245E3D46D5238E1C1F7999"
"货币战争_玩法图标资产包_4.4_证据重审版_2026-07-28/raw/special_item/special_item_017.png","23266","7D996184F8090BD7A0BB79699810F2A9E1CDEBD52FDE7ED2CF34EC7E8E6D143C"
"货币战争_玩法图标资产包_4.4_证据重审版_2026-07-28/raw/special_item/special_item_018.png","25685","DCFF06368995FD6CA429B87F3885C8D6DB241FBCD9492DDB245E9BA6B828E98F"
"货币战争_玩法图标资产包_4.4_证据重审版_2026-07-28/raw/special_item/special_item_019.png","29806","B8999031CAC93715AF548D29AEAE29006FD0CCB2D993F830593DC9D2F3099E49"
"货币战争_玩法图标资产包_4.4_证据重审版_2026-07-28/raw/special_item/special_item_020.png","75353","099587214E07CE5699E754F4AE9C21C5E497D21BCB405BB2A89625A194C37AF1"
"货币战争_玩法图标资产包_4.4_证据重审版_2026-07-28/raw/special_item/special_item_021.png","75122","7C29F27829E6A7E1C66E44EE6A10E595D4B6929BCF00BEF5C804E9719F700F55"
"货币战争_玩法图标资产包_4.4_证据重审版_2026-07-28/raw/special_item/special_item_022.png","72211","AEEB70C82E37A0D7B93F89F95FA892F6B7C5A5BE59430739F19AF1BB68E65657"
"货币战争_玩法图标资产包_4.4_证据重审版_2026-07-28/review_questions.md","295","7B2FC211CF2E7C35DDE6FFC5F4C3A7A10FB96BAB479BE49D70F9CB8290025039"
"货币战争_玩法图标资产包_4.4_证据重审版_2026-07-28/standardized/bond_identity/bond_identity_贝洛伯格.png","8863","60D5C957E546A7AF528EFF75D2130992741E20CB59109F9DC58BDA6FAF75E817"
"货币战争_玩法图标资产包_4.4_证据重审版_2026-07-28/standardized/bond_identity/bond_identity_持续伤害.png","6494","0BD5B7817EE20FEACD7E55578E61723EDF433C49279618711A941D81F781B4B0"
"货币战争_玩法图标资产包_4.4_证据重审版_2026-07-28/standardized/bond_identity/bond_identity_大守护者.png","7531","EB52C1C100B4B953DF4DD330C3B61422C787088150D8CCDB13AFD64FFB556158"
"货币战争_玩法图标资产包_4.4_证据重审版_2026-07-28/standardized/bond_identity/bond_identity_公司.png","7017","35CEEC6EC3D0E0C2BC4A28557A90288F52A797E2421D4D5B0E5A57D6E03316B7"
"货币战争_玩法图标资产包_4.4_证据重审版_2026-07-28/standardized/bond_identity/bond_identity_护盾.png","8807","1A92B60733802AB9B2EC8A41D280A63748F7BA602DBB3DEB827F4A9EF1942199"
"货币战争_玩法图标资产包_4.4_证据重审版_2026-07-28/standardized/bond_identity/bond_identity_欢愉.png","10537","20F34FA781D3072C8D80129B235B190D4B50964EFE9BEBF1E12C4A902B988EB2"
"货币战争_玩法图标资产包_4.4_证据重审版_2026-07-28/standardized/bond_identity/bond_identity_击破.png","7769","50D9CCABB8029C75BD8BDD820631BACB6EF06284A6509772843707DB14E72284"
"货币战争_玩法图标资产包_4.4_证据重审版_2026-07-28/standardized/bond_identity/bond_identity_减益.png","7933","73309445D20588ADCC5FF80A956690F9E4C046778B379C0B074458212D7E2682"
"货币战争_玩法图标资产包_4.4_证据重审版_2026-07-28/standardized/bond_identity/bond_identity_救世主.png","9335","FB2C20B2E72BEEB25AC0305F2B00009B0A5D37E89E39D7E88D1564BDA10DBC20"
"货币战争_玩法图标资产包_4.4_证据重审版_2026-07-28/standardized/bond_identity/bond_identity_狼狩.png","9675","DBE42DF996542463C60D5573C7835EA9307A2C980D7CED8B88E00C831C1F6D7B"
"货币战争_玩法图标资产包_4.4_证据重审版_2026-07-28/standardized/bond_identity/bond_identity_量子同频.png","7031","E9B9489235B100F3DB25D8600D9029C03A999239C7CC9799F0F1E9DCDE2B0D14"
"货币战争_玩法图标资产包_4.4_证据重审版_2026-07-28/standardized/bond_identity/bond_identity_列车同行.png","8353","A2DEA7E2D1E5B18E6FC85E36E99C7C565B7EBC3EDE8D0B7595434A3973E596DA"
"货币战争_玩法图标资产包_4.4_证据重审版_2026-07-28/standardized/bond_identity/bond_identity_领航员.png","16619","42C6F47AFD609AF329E290A875EA9835C2E2515A2EC9A9A4FDB1E2E6081EE6A3"
"货币战争_玩法图标资产包_4.4_证据重审版_2026-07-28/standardized/bond_identity/bond_identity_命运卜者.png","8708","C05175E18A6F0450F97F1C5242225E45A96B0FEFA271F670396268BD04CA8312"
"货币战争_玩法图标资产包_4.4_证据重审版_2026-07-28/standardized/bond_identity/bond_identity_命运圣杯.png","7027","7F49EF1CA7C248C0A90067DF52973D329BB28B42B27995449BBE77606D467E8D"
"货币战争_玩法图标资产包_4.4_证据重审版_2026-07-28/standardized/bond_identity/bond_identity_魔术师.png","9213","64DAA20F5E67F0B828D2D54333CE3DBF90CECE1C5392816E17E6DD38EEF99113"
"货币战争_玩法图标资产包_4.4_证据重审版_2026-07-28/standardized/bond_identity/bond_identity_能量.png","4207","BEECA256E04EA6F59620D539090140A9F2DEFA7161C1FE3ED6B897654004D894"
"货币战争_玩法图标资产包_4.4_证据重审版_2026-07-28/standardized/bond_identity/bond_identity_群攻.png","8006","4CCA8D60945C0A596D3C414B71FAD841F9FEDDDEDFD3E82FD93FA89E08EADC75"
"货币战争_玩法图标资产包_4.4_证据重审版_2026-07-28/standardized/bond_identity/bond_identity_燃血.png","8531","021D37395849AA38C768FB86A89366EDBCC5CB92140935B23F6364C19C03593F"
"货币战争_玩法图标资产包_4.4_证据重审版_2026-07-28/standardized/bond_identity/bond_identity_盛会之星.png","6887","9A3EA3D9FE7B52CF004D6BE1C4789F9909E7A2144D4BBCB70FCBC61FA25EF6F1"
"货币战争_玩法图标资产包_4.4_证据重审版_2026-07-28/standardized/bond_identity/bond_identity_师徒.png","4588","D8075A7A5EDCD095F51741596798406B8BDD604DAB0D514EFE39B46EA959AF70"
"货币战争_玩法图标资产包_4.4_证据重审版_2026-07-28/standardized/bond_identity/bond_identity_头号玩家.png","3636","1B753F490A6FAE3BACDA5F41EE19DC70AF725345C9A34CACFABC9FCBE0FA1329"
"货币战争_玩法图标资产包_4.4_证据重审版_2026-07-28/standardized/bond_identity/bond_identity_仙舟.png","9445","398D3984CF0E96DA5C3E0245629BD8113B0F62778C2BDDBA268DA625BE3FF0FB"
"货币战争_玩法图标资产包_4.4_证据重审版_2026-07-28/standardized/bond_identity/bond_identity_星核猎手.png","7829","818ED6A529B1E8D2D4678F0146C0F7A52131A26CFA584DFABC97822BDAB01169"
"货币战争_玩法图标资产包_4.4_证据重审版_2026-07-28/standardized/bond_identity/bond_identity_星间旅人.png","7632","4E159BFAD9572F2C769D37FB1AB291001469C2B2D0B0297733637684E6101647"
"货币战争_玩法图标资产包_4.4_证据重审版_2026-07-28/standardized/bond_identity/bond_identity_巡海游侠.png","8724","917AB73A6FF59479BF6103F981C23EA3CD671991C4C1564201F35C56BC43D386"
"货币战争_玩法图标资产包_4.4_证据重审版_2026-07-28/standardized/bond_identity/bond_identity_夜之半神.png","8013","C69F61BA4F2ACC8A2C632059284AB685DE56BF773756C64352F232EC0CBB8E4A"
"货币战争_玩法图标资产包_4.4_证据重审版_2026-07-28/standardized/bond_identity/bond_identity_银河学者.png","10321","4E3978C2C587ACCA51EDEEE07C2113CD39E53E1D4EF9BA5351834B9BB3D54561"
"货币战争_玩法图标资产包_4.4_证据重审版_2026-07-28/standardized/bond_identity/bond_identity_战技点.png","8595","96F66DAB42AC96504191BC6D8AEAAFF3C1C5C755A282256291ED04CFE524452C"
"货币战争_玩法图标资产包_4.4_证据重审版_2026-07-28/standardized/bond_identity/bond_identity_治疗.png","5721","26D097264C9B8FCD4B3C3890E9F4D03098B13E4B9FA2A8A98F9D468BFF68B1AE"
"货币战争_玩法图标资产包_4.4_证据重审版_2026-07-28/standardized/bond_identity/bond_identity_挚爱之人.png","10641","BD15A2116C928A188AAD67272F7AC948CCC07A488B5955876157E46C922E0463"
"货币战争_玩法图标资产包_4.4_证据重审版_2026-07-28/standardized/bond_identity/bond_identity_昼之半神.png","25034","A88DCB068EBD2AAC2365A4B970256CBEF74510DDEC4474154459E73A44ADF5B8"
"货币战争_玩法图标资产包_4.4_证据重审版_2026-07-28/standardized/bond_identity/bond_identity_追击.png","7482","D085479F5B54D39D1510FC9D38AC2B8D74DCB594A073785E753571A4D8CFCB7E"
"货币战争_玩法图标资产包_4.4_证据重审版_2026-07-28/standardized/enemy_affix/enemy_affix_t1_01.png","1637","581268A95B18E5D678798722E6FFC86A54FAD2F181086397A6009E219EBAB874"
"货币战争_玩法图标资产包_4.4_证据重审版_2026-07-28/standardized/enemy_affix/enemy_affix_t1_02.png","1637","581268A95B18E5D678798722E6FFC86A54FAD2F181086397A6009E219EBAB874"
"货币战争_玩法图标资产包_4.4_证据重审版_2026-07-28/standardized/enemy_affix/enemy_affix_t1_03.png","1938","9231CFA75581BDCD9BC6F5EB5FCC84AC0DE4A46642052E7E214E9C05FB45D3B0"
"货币战争_玩法图标资产包_4.4_证据重审版_2026-07-28/standardized/enemy_affix/enemy_affix_t1_04.png","1938","9231CFA75581BDCD9BC6F5EB5FCC84AC0DE4A46642052E7E214E9C05FB45D3B0"
"货币战争_玩法图标资产包_4.4_证据重审版_2026-07-28/standardized/enemy_affix/enemy_affix_t1_05.png","1637","581268A95B18E5D678798722E6FFC86A54FAD2F181086397A6009E219EBAB874"
"货币战争_玩法图标资产包_4.4_证据重审版_2026-07-28/standardized/enemy_affix/enemy_affix_t2_01.png","1077","085D431F5C4C5B9E0AE72A2A4B504D5A61A24313CB6DA71353ED44B2BCE8AEB6"
"货币战争_玩法图标资产包_4.4_证据重审版_2026-07-28/standardized/enemy_affix/enemy_affix_t2_02.png","1477","8974C67500442556E548386A34DF3E0DCD552AA5729EA53E7D1D7BFE9224761E"
"货币战争_玩法图标资产包_4.4_证据重审版_2026-07-28/standardized/enemy_affix/enemy_affix_t2_03.png","17685","ED95C79B60B86A6B0FB626B7AD7A200DF2C8EB4149CCB429A3B1E092585A10A1"
"货币战争_玩法图标资产包_4.4_证据重审版_2026-07-28/standardized/enemy_affix/enemy_affix_t2_04.png","1610","70C703EFD290BF8FDA1CA7D0B27DB07116101FD7530FD65CD0ED4C0E6A197E68"
"货币战争_玩法图标资产包_4.4_证据重审版_2026-07-28/standardized/enemy_affix/enemy_affix_t2_05.png","1425","660348647779DE17DAE450E3DD1F316E24B7A870DD4269C82794742AE3764BF1"
"货币战争_玩法图标资产包_4.4_证据重审版_2026-07-28/standardized/enemy_affix/enemy_affix_t2_06.png","1734","BE5CB8CB4CC7518A7469D75FBE5A3A421FDB27E4285CBF07081DEB22F18D899C"
"货币战争_玩法图标资产包_4.4_证据重审版_2026-07-28/standardized/enemy_affix/enemy_affix_t2_07.png","2347","8E1EAE19D3A8E1668338B5FBBE351E8D771231188EA58601BEB7C553293F96D4"
"货币战争_玩法图标资产包_4.4_证据重审版_2026-07-28/standardized/enemy_affix/enemy_affix_t2_08.png","1644","6F64FA352878E77E776D404E0D0D7A888D3B01FE95BD4372C28176A0D6C48254"
"货币战争_玩法图标资产包_4.4_证据重审版_2026-07-28/standardized/enemy_affix/enemy_affix_t2_09.png","1609","2049FE72AC05065C17AF7E56151DA351A03C54672A54E75A1627081617169935"
"货币战争_玩法图标资产包_4.4_证据重审版_2026-07-28/standardized/enemy_affix/enemy_affix_t2_10.png","1294","E0ABABAD8953A22FC9D1626C3F2EC810E6FC555C661FEAD3810F8E5305849D59"
"货币战争_玩法图标资产包_4.4_证据重审版_2026-07-28/standardized/enemy_affix/enemy_affix_t2_11.png","1768","1B55A570585D6C558228414098EFD1D89A50B367C03C2DC67A25CB9BFF5DD4FF"
"货币战争_玩法图标资产包_4.4_证据重审版_2026-07-28/standardized/enemy_affix/enemy_affix_t2_12.png","1798","89A166E887DD1A8302C0D3217EF33E839222F1B9B626A8BB7D09877700AB9632"
"货币战争_玩法图标资产包_4.4_证据重审版_2026-07-28/standardized/enemy_affix/enemy_affix_t2_13.png","1420","A00EAC5160A02E51E6593F5CA421D5943F2C386CD628DC05A469D3E2A99830DB"
"货币战争_玩法图标资产包_4.4_证据重审版_2026-07-28/standardized/enemy_affix/enemy_affix_t2_14.png","1633","B6E9A82CA24285563BBE08E088DD523718C4FD463DAD35B7BEC3631A7E8E272A"
"货币战争_玩法图标资产包_4.4_证据重审版_2026-07-28/standardized/enemy_affix/enemy_affix_t2_15.png","1493","D1DCB5F31703919B5D17519643C98982F87EC6EFF6C95735E43DADBADA99F76B"
"货币战争_玩法图标资产包_4.4_证据重审版_2026-07-28/standardized/enemy_affix/enemy_affix_t2_16.png","1437","DED5DB9FDB7E546A3B28CB458E8A0EE9CD3EAF9F3C77384A23FAB90F47833C85"
"货币战争_玩法图标资产包_4.4_证据重审版_2026-07-28/standardized/enemy_affix/enemy_affix_t2_17.png","1430","B29710E16C20E64E6C6BB7F7BC00549EF30C4BBCAD9B9A91403DA4437712F04B"
"货币战争_玩法图标资产包_4.4_证据重审版_2026-07-28/standardized/enemy_affix/enemy_affix_t2_18.png","1631","F1800FCD0C3ABC42772994717945A63D00916EB297D1E3A7CF4080651E51FC61"
"货币战争_玩法图标资产包_4.4_证据重审版_2026-07-28/standardized/enemy_affix/enemy_affix_t2_19.png","2138","236C74B83C27B9807CB3BE3A8EA43A683B8C8AC0F51B618CA7B1F128531FF149"
"货币战争_玩法图标资产包_4.4_证据重审版_2026-07-28/standardized/enemy_affix/enemy_affix_t2_20.png","2208","C6EA226C4A306AC3C9AC761A4701F0E08C312D9C18A55F116766CB3BD5F64458"
"货币战争_玩法图标资产包_4.4_证据重审版_2026-07-28/standardized/enemy_affix/enemy_affix_t3_01.png","1752","8309687D27FA660BEE90538FDE61C6D5D50EA190598131649192AB7090CE52DD"
"货币战争_玩法图标资产包_4.4_证据重审版_2026-07-28/standardized/enemy_affix/enemy_affix_t3_02.png","1610","70C703EFD290BF8FDA1CA7D0B27DB07116101FD7530FD65CD0ED4C0E6A197E68"
"货币战争_玩法图标资产包_4.4_证据重审版_2026-07-28/standardized/enemy_affix/enemy_affix_t3_03.png","1356","C8BB91F6CE2D29E8EE9EFB1295EB0DC5D74C9442B2DD331AB41783268B89FEF5"
"货币战争_玩法图标资产包_4.4_证据重审版_2026-07-28/standardized/enemy_affix/enemy_affix_t3_04.png","1430","7927D9C94752D683BD4D2A8B6323AA40A3E5A2A029A102DAE12619604C4B55E6"
"货币战争_玩法图标资产包_4.4_证据重审版_2026-07-28/standardized/enemy_affix/enemy_affix_t3_05.png","1400","4A27FBF4971869A53E0A0B28A9CF949CD5E595290B4C5D4414243F051CE90911"
"货币战争_玩法图标资产包_4.4_证据重审版_2026-07-28/standardized/enemy_affix/enemy_affix_t3_06.png","1330","88AD3BBAAD24D98BE0786A7FB0A7D042EAB73734267CECA46A80FCC1C3335787"
"货币战争_玩法图标资产包_4.4_证据重审版_2026-07-28/standardized/enemy_affix/enemy_affix_t3_07.png","1345","C2464911A2041115CE5F32F3DB0C19BC0F661D8CAF914542DD0C79C144420046"
"货币战争_玩法图标资产包_4.4_证据重审版_2026-07-28/standardized/enemy_affix/enemy_affix_t3_08.png","1510","8A37461581E9AAD064B206622F18E713366BDFCA5635650948EDC65AF6BE62D3"
"货币战争_玩法图标资产包_4.4_证据重审版_2026-07-28/standardized/enemy_affix/enemy_affix_t3_09.png","1413","F5472417C04854CB0B3739D18195A6BD0926B63C69D506160B27088B71C7F088"
"货币战争_玩法图标资产包_4.4_证据重审版_2026-07-28/standardized/enemy_affix/enemy_affix_t3_10.png","1455","8F083EEDE054138CD8C0F5C65DD725126C7F7A7918BE6C8A6E1CF578EA827160"
"货币战争_玩法图标资产包_4.4_证据重审版_2026-07-28/standardized/enemy_affix/enemy_affix_t3_11.png","1258","947F1D009982A478A3C751775B7A711992A3D8F22E39FC2EA82CBD182A3985B0"
"货币战争_玩法图标资产包_4.4_证据重审版_2026-07-28/standardized/enemy_affix/enemy_affix_t3_12.png","1864","71B67898EC3CDA208F8AF7648EA36CFED7AE9FB55B232DEC22B9AB1BD1451B59"
"货币战争_玩法图标资产包_4.4_证据重审版_2026-07-28/standardized/enemy_affix/enemy_affix_t3_13.png","1479","1A19B192FCFE9E24BED4E34FFF9430CE35D4E26AE4C20D9E827280175597EAE6"
"货币战争_玩法图标资产包_4.4_证据重审版_2026-07-28/standardized/enemy_affix/enemy_affix_t3_14.png","1641","2532A7BDF0C2DB41B3D121BE8F51A1FD09E61D37584561EA31905C337DE69E0B"
"货币战争_玩法图标资产包_4.4_证据重审版_2026-07-28/standardized/enemy_affix/enemy_affix_t3_15.png","1330","3180624D1A769AF7B7A07D1BCA9EC9C499C26BAD626AF6CCB45F7A27577CA924"
"货币战争_玩法图标资产包_4.4_证据重审版_2026-07-28/standardized/enemy_affix/enemy_affix_t3_16.png","1336","084ECC8AA1146C6C5EAA3E4B0F166A7F8532369FAFE4320A10725457028E7057"
"货币战争_玩法图标资产包_4.4_证据重审版_2026-07-28/standardized/enemy_affix/enemy_affix_t3_17.png","2040","4015A404BFF9BC357851162B96120E75A218CA47833DD715C0F43A1D83014391"
"货币战争_玩法图标资产包_4.4_证据重审版_2026-07-28/standardized/enemy_affix/enemy_affix_t3_18.png","1375","B315278B3B581148C50A497D5D06E0C8EFE5398B354D15466ACD5943EF285F2D"
"货币战争_玩法图标资产包_4.4_证据重审版_2026-07-28/standardized/enemy_affix/enemy_affix_t3_19.png","1610","70C703EFD290BF8FDA1CA7D0B27DB07116101FD7530FD65CD0ED4C0E6A197E68"
"货币战争_玩法图标资产包_4.4_证据重审版_2026-07-28/standardized/enemy_affix/enemy_affix_t3_20.png","1255","A8B3C0E19BF3746E647A20A3BC5422387251572D647862374EB5AFA8815C5DE8"
"货币战争_玩法图标资产包_4.4_证据重审版_2026-07-28/standardized/enemy_affix/enemy_affix_t3_21.png","1611","C393A997D77B132C3302BF10B9EFFEB29B13BF9E0A431D53563BC30B0B3AEF6A"
"货币战争_玩法图标资产包_4.4_证据重审版_2026-07-28/standardized/enemy_affix/enemy_affix_t3_22.png","1610","70C703EFD290BF8FDA1CA7D0B27DB07116101FD7530FD65CD0ED4C0E6A197E68"
"货币战争_玩法图标资产包_4.4_证据重审版_2026-07-28/standardized/enemy_affix/enemy_affix_t3_23.png","1691","897512325DF7FB33094224B25D107D6DF7BBDF8FD7FF24849E01B1408CF18333"
"货币战争_玩法图标资产包_4.4_证据重审版_2026-07-28/standardized/enemy_affix/enemy_affix_t3_24.png","1735","544A2F65362C504BEE4EE4D006B2B0A275755DBFADBE6495EC68DC1D0713E986"
"货币战争_玩法图标资产包_4.4_证据重审版_2026-07-28/standardized/enemy_affix/enemy_affix_t3_25.png","1722","E582E213FF64469EC320D14D2E9A410177717E33DCF3EA8DE92CE0F92DC8E7F7"
"货币战争_玩法图标资产包_4.4_证据重审版_2026-07-28/standardized/enemy_affix/enemy_affix_t3_26.png","2208","C6EA226C4A306AC3C9AC761A4701F0E08C312D9C18A55F116766CB3BD5F64458"
"货币战争_玩法图标资产包_4.4_证据重审版_2026-07-28/standardized/investment_environment/investment_environment_001.png","5862","DEB58C046F980F898B4736EBDDE0DFFF3A3985A89AAE0967825C8C6E4E394B53"
"货币战争_玩法图标资产包_4.4_证据重审版_2026-07-28/standardized/investment_environment/investment_environment_002.png","5128","4F5055EDD302269DA49D373F4A62644626339837A56E1A0F4911904EB8799EB4"
"货币战争_玩法图标资产包_4.4_证据重审版_2026-07-28/standardized/investment_environment/investment_environment_003.png","6486","9DE0B1148ABE24A6A062C88E2E7B2F156D69B2A44381F03EF3434F89E3C3B49C"
"货币战争_玩法图标资产包_4.4_证据重审版_2026-07-28/standardized/investment_environment/investment_environment_004.png","3010","A46DB47CC3CF6ECEFE5E53A531D53BA1F2A1F2857CD79057CED1344C083A7628"
"货币战争_玩法图标资产包_4.4_证据重审版_2026-07-28/standardized/investment_environment/investment_environment_005.png","4532","9F8D2F0004388A08A311B6BD42FDB3C700AF1129D8BD9669279136060FDA730D"
"货币战争_玩法图标资产包_4.4_证据重审版_2026-07-28/standardized/investment_environment/investment_environment_006.png","3094","B3CA73EB88C2FE25F9C6E338D61512CD9414F8D3B17DA4EB087CA168227A96DA"
"货币战争_玩法图标资产包_4.4_证据重审版_2026-07-28/standardized/investment_environment/investment_environment_007.png","6173","F82E7ADDB80BAD47D7FE621B3FAD117BFB845543AB6E642C89067E91E3367BE2"
"货币战争_玩法图标资产包_4.4_证据重审版_2026-07-28/standardized/investment_environment/investment_environment_008.png","4643","1D092D37C30A486B19800A9D63195D9D4A19320D1221D3C131D3265A2C27F13E"
"货币战争_玩法图标资产包_4.4_证据重审版_2026-07-28/standardized/investment_environment/investment_environment_009.png","5785","40A2807D47F28E2DF0E0FE53DACBAB2185B5E6D794512EF86F5C1C4D825FD3B9"
"货币战争_玩法图标资产包_4.4_证据重审版_2026-07-28/standardized/investment_environment/investment_environment_010.png","4334","79F900B483937DE77B79E9E481DC21A1A88CBF7F5D9A4F42D7017F82E3B38794"
"货币战争_玩法图标资产包_4.4_证据重审版_2026-07-28/standardized/investment_environment/investment_environment_011.png","4422","A9D32D91FC5F92925CA029FA3BCF7AC595E945DA5646C919254123B04D30E788"
"货币战争_玩法图标资产包_4.4_证据重审版_2026-07-28/standardized/investment_environment/investment_environment_012.png","5463","7AE4B870FA6B07D636DB372588E44D46DD0F485F4FF6A9F468B1BB90EDDC28B1"
"货币战争_玩法图标资产包_4.4_证据重审版_2026-07-28/standardized/investment_environment/investment_environment_013.png","4273","01ABD9ADDD14C21142104EEA9BF6F1A57026D202D4377CF674D75DEDF298FC60"
"货币战争_玩法图标资产包_4.4_证据重审版_2026-07-28/standardized/investment_environment/investment_environment_014.png","5133","4F2025664E60F03AEA529AE08EDC021EC44E0580DDBF6FF704EBD7AA24D67FFB"
"货币战争_玩法图标资产包_4.4_证据重审版_2026-07-28/standardized/investment_environment/investment_environment_015.png","4357","A52166AB9FD0C30B0058A58BC37E9D07D829A4D632946961F75E1902F3B28A7D"
"货币战争_玩法图标资产包_4.4_证据重审版_2026-07-28/standardized/investment_environment/investment_environment_016.png","5408","C8499258EC2210030DDA95730312399B2DF08DEA55119C729E7337A2861490D4"
"货币战争_玩法图标资产包_4.4_证据重审版_2026-07-28/standardized/investment_environment/investment_environment_017.png","4071","740D9A4BAA0F76BA08DD2659BC51E9AC3FE006A742FB2A67C1E6F3F59884A0A0"
"货币战争_玩法图标资产包_4.4_证据重审版_2026-07-28/standardized/investment_environment/investment_environment_018.png","3217","B675B5D687E70E7BFBE5C35230AE90B818A56CB93D613AC97267C33118B2B4EC"
"货币战争_玩法图标资产包_4.4_证据重审版_2026-07-28/standardized/investment_environment/investment_environment_019.png","4007","727BB2D920AAE493B2B34F181F9EEBC6C8B133FBB3D83453D41620D3F296645A"
"货币战争_玩法图标资产包_4.4_证据重审版_2026-07-28/standardized/investment_environment/investment_environment_020.png","4558","849B1D0F444900E5EB2584C6B3EFE56C50AC7777B9765489A343494945313317"
"货币战争_玩法图标资产包_4.4_证据重审版_2026-07-28/standardized/investment_environment/investment_environment_021.png","4530","4515A732B8FEA5C7A2C6FAC569732A3F44A9F62569969CEB6706CC2FAC07ADFE"
"货币战争_玩法图标资产包_4.4_证据重审版_2026-07-28/standardized/investment_environment/investment_environment_022.png","3901","9D42A7B5A055E3055CF740263EDCF975C5C10CACC8C6FD4F03B6046C0C18D7A1"
"货币战争_玩法图标资产包_4.4_证据重审版_2026-07-28/standardized/investment_environment/investment_environment_023.png","4871","8BF977B3E6B27DE01405B66925167F1FFC457247A0E3EAFBF30D26B786AA653A"
"货币战争_玩法图标资产包_4.4_证据重审版_2026-07-28/standardized/investment_environment/investment_environment_024.png","4101","C470FC3FFFE7E4A0E8B932E8A32E26726406B89B969F0210E17F541AF1408002"
"货币战争_玩法图标资产包_4.4_证据重审版_2026-07-28/standardized/investment_environment/investment_environment_025.png","4118","20AE76612F49C279C21C587D0396934CF25F3E2BFCBE465FF2598CAD5576A679"
"货币战争_玩法图标资产包_4.4_证据重审版_2026-07-28/standardized/investment_environment/investment_environment_026.png","2669","F36C41F7F08031F79C1BB52358FFF2C599F948D35004A7F6E7067ED65F7FB739"
"货币战争_玩法图标资产包_4.4_证据重审版_2026-07-28/standardized/investment_environment/investment_environment_027.png","2468","4DBFB3E7F37893B10D05359E5AEA3866EE5B55F96F42132F8E2A30EF93F69A03"
"货币战争_玩法图标资产包_4.4_证据重审版_2026-07-28/standardized/investment_environment/investment_environment_028.png","4152","4111447B884654A687BBDE3A9186108884F25B576AE9BD2532DFDA8654DCB2FA"
"货币战争_玩法图标资产包_4.4_证据重审版_2026-07-28/standardized/investment_environment/investment_environment_029.png","4211","ECA1A0C15A52B8C1C88EF48D134D971EF69BAF8AD34590862131FB0D36167A49"
"货币战争_玩法图标资产包_4.4_证据重审版_2026-07-28/standardized/investment_environment/investment_environment_030.png","4278","D0F8E698B5516DBDF20DC218F3534FDBD8DA1CF78FEFE3DD474DC7322F1A370D"
"货币战争_玩法图标资产包_4.4_证据重审版_2026-07-28/standardized/investment_environment/investment_environment_031.png","4116","FBF667175CA940DB1A5991D6B8F055C4364B9F40A9104FA6768B1EEDF27C3F21"
"货币战争_玩法图标资产包_4.4_证据重审版_2026-07-28/standardized/investment_environment/investment_environment_032.png","3962","716C8A090E78504849255790D9920453E1F0BD808F18EDD731268A9E43816DEC"
"货币战争_玩法图标资产包_4.4_证据重审版_2026-07-28/standardized/investment_environment/investment_environment_033.png","5202","7B203EF5C00197734EA5BCB31AFCA6F2874B3F88B5DB978D0B7B98BAF604E122"
"货币战争_玩法图标资产包_4.4_证据重审版_2026-07-28/standardized/investment_environment/investment_environment_034.png","3831","F08A6BEFB9C8601748B3D42524142BA801FFA6894B624BC5B40D446CEB0DB92B"
"货币战争_玩法图标资产包_4.4_证据重审版_2026-07-28/standardized/investment_environment/investment_environment_035.png","4882","DFCA45CE1A6EF8B9C15669A7E10E0E6B960CA90D73E5CDCB80EC412EFF9854DA"
"货币战争_玩法图标资产包_4.4_证据重审版_2026-07-28/standardized/investment_environment/investment_environment_036.png","4075","8AF647AA43869C6106A3DB2E5BC6302DC819EABE2588AB4C155AC71D7667752F"
"货币战争_玩法图标资产包_4.4_证据重审版_2026-07-28/standardized/investment_environment/investment_environment_037.png","3870","2795E6AD9BF4337B6D7A588F88C826729F6743FD57B76BEB1CA8FE2D48F9B5C7"
"货币战争_玩法图标资产包_4.4_证据重审版_2026-07-28/standardized/investment_environment/investment_environment_038.png","4131","DE24DDA6E78DDEC343788C283C17100415D311F41F397F2E5CE734D11915DC8F"
"货币战争_玩法图标资产包_4.4_证据重审版_2026-07-28/standardized/investment_environment/investment_environment_039.png","5178","CA69BFFC35740CA495787FA3880CE52642CB1B5B40492BE1DFFBDC77B75C6FDC"
"货币战争_玩法图标资产包_4.4_证据重审版_2026-07-28/standardized/investment_environment/investment_environment_040.png","4480","C1F05FADEE3FEEC629AE9C7B21B21233EE120FE537AB40DDF903DFAB44FA5B24"
"货币战争_玩法图标资产包_4.4_证据重审版_2026-07-28/standardized/investment_environment/investment_environment_041.png","5343","7C4F5DF6FACE24574DC547123C762D06AC7E437F868FECB04A479F7D4BD3C904"
"货币战争_玩法图标资产包_4.4_证据重审版_2026-07-28/standardized/investment_environment/investment_environment_042.png","3953","5EF97E101D3DE4952EBB30E25E9D0CCF87BBE21BE2A630FA1FEE6F5CEFFE6DA8"
"货币战争_玩法图标资产包_4.4_证据重审版_2026-07-28/standardized/investment_environment/investment_environment_043.png","4536","3613F534EBE182F35F8011FBD2DEA44B02099E1DF1475D81F961B553731E8556"
"货币战争_玩法图标资产包_4.4_证据重审版_2026-07-28/standardized/investment_environment/investment_environment_044.png","3975","A43F4B3935EECAB2117DD579169BAFD507C0E6D72400512143638DE5B4DA8B66"
"货币战争_玩法图标资产包_4.4_证据重审版_2026-07-28/standardized/investment_environment/investment_environment_045.png","4468","736C071EE6E7DAA74B8B4F981D04055D4F40AD3DD3E816ACFDBFA5175BAD999C"
"货币战争_玩法图标资产包_4.4_证据重审版_2026-07-28/standardized/investment_environment/investment_environment_046.png","4144","6B24677DBB712D63C220651A2CE8E0703369D18FBE59E18A1E2FAFBBEF570379"
"货币战争_玩法图标资产包_4.4_证据重审版_2026-07-28/standardized/investment_environment/investment_environment_047.png","5096","B2FAB410569185745AA1593EE5F136AE75847FE899A084C4675B3B5C90E92F0B"
"货币战争_玩法图标资产包_4.4_证据重审版_2026-07-28/standardized/investment_environment/investment_environment_048.png","4427","040A8D5AD15B64C94078FCBB5846E57810B2B7B14C0021395394C20997C88B3B"
"货币战争_玩法图标资产包_4.4_证据重审版_2026-07-28/standardized/investment_environment/investment_environment_049.png","5195","D4A71E77F6EB977AD155E6F919D04A455197A8AB1A890EFDA49082C5667CFB41"
"货币战争_玩法图标资产包_4.4_证据重审版_2026-07-28/standardized/investment_environment/investment_environment_050.png","5968","63CD522D6D3AEADBC0618DCB32EA79634D3B731889448CDA6F2B6B5FFD27DDA7"
"货币战争_玩法图标资产包_4.4_证据重审版_2026-07-28/standardized/investment_environment/investment_environment_051.png","3454","CA05B8E8E6558DD78E18F430A97FD007A267B444B1AD5E8828898A43C51316CE"
"货币战争_玩法图标资产包_4.4_证据重审版_2026-07-28/standardized/investment_environment/investment_environment_052.png","2674","FA07942A643E0F07109A896D102C8937CA94392ADCA294E23201451D7218994E"
"货币战争_玩法图标资产包_4.4_证据重审版_2026-07-28/standardized/investment_environment/investment_environment_053.png","4559","88E20F5ECC6A4A8AC614D28BAC10C2E1DFE4CD28201A0FE7780039010721874C"
"货币战争_玩法图标资产包_4.4_证据重审版_2026-07-28/standardized/investment_environment/investment_environment_054.png","5591","F72F35986DB1AE1D097F83691B107B83F739F6AA700DC02C9B88E2DF0B06C60B"
"货币战争_玩法图标资产包_4.4_证据重审版_2026-07-28/standardized/investment_environment/investment_environment_055.png","2717","1B59B0284506AA5CCFD1099D84C36598D3B582601AA9589B802B29DAB9B57A0E"
"货币战争_玩法图标资产包_4.4_证据重审版_2026-07-28/standardized/investment_environment/investment_environment_056.png","5277","18EB095779737473D91D690D9DEAAF8527DDD2D29DA7F41A9FD42BCE8082ED25"
"货币战争_玩法图标资产包_4.4_证据重审版_2026-07-28/standardized/investment_environment/investment_environment_057.png","3428","8E830F2E0EF3E12931CF75E22884CABBADDC8D480A74A21500249D59519A23FB"
"货币战争_玩法图标资产包_4.4_证据重审版_2026-07-28/standardized/investment_environment/investment_environment_058.png","5634","F011A7D2709C19F226B98DD4734F63B0831FD286A6B05C6C8D110629BD89D1E0"
"货币战争_玩法图标资产包_4.4_证据重审版_2026-07-28/standardized/investment_environment/investment_environment_059.png","3932","3A1F7D6D09EDBAB8DA8EBFA57B6314BBDCA0CC4DA922D631D8012743118BF18C"
"货币战争_玩法图标资产包_4.4_证据重审版_2026-07-28/standardized/investment_environment/investment_environment_060.png","4423","38CD48C80753FCEBD54AC200166C551E8D3F6D68C9A4BD9DF8FE45805AABEA73"
"货币战争_玩法图标资产包_4.4_证据重审版_2026-07-28/standardized/investment_environment/investment_environment_061.png","3659","02955AE78DBA9FEA07B3B6A6390C7B1B013758E5FB099947DE650C5F155E76C7"
"货币战争_玩法图标资产包_4.4_证据重审版_2026-07-28/standardized/investment_environment/investment_environment_062.png","4118","AAE033955BFBFCFC2CC203BA32B0AC06CF534B576A406039E940AE0174356359"
"货币战争_玩法图标资产包_4.4_证据重审版_2026-07-28/standardized/investment_environment/investment_environment_063.png","5049","B16606BDC8CDB8FBF2C8639E0F19C394212E25C5F312C2419879ACA18FB99CD2"
"货币战争_玩法图标资产包_4.4_证据重审版_2026-07-28/standardized/investment_environment/investment_environment_064.png","5764","7022CA6E8EB7069545133798E4C12CCA19AE8742D6F941E8C4CA4FF5605D5522"
"货币战争_玩法图标资产包_4.4_证据重审版_2026-07-28/standardized/investment_environment/investment_environment_065.png","4012","AEE396965451E6FB06DECC6433821EB60A844102545F7EB7F8CA7D87BC08E138"
"货币战争_玩法图标资产包_4.4_证据重审版_2026-07-28/standardized/investment_environment/investment_environment_066.png","4611","996B8B6D6D653B5F5393835778ABD4413630A9CD6B8349CDCE5918A54D85061D"
"货币战争_玩法图标资产包_4.4_证据重审版_2026-07-28/standardized/investment_environment/investment_environment_067.png","3953","6C4459F4A7E287F1DDB6EC6F7A46E6DDD8BDFA04B4264D173DB61F9E6E67E1E2"
"货币战争_玩法图标资产包_4.4_证据重审版_2026-07-28/standardized/investment_environment/investment_environment_068.png","3372","EF105554F22E3A2709E590FF1B183E4B5B0D4343414EE47A362746A73556C371"
"货币战争_玩法图标资产包_4.4_证据重审版_2026-07-28/standardized/investment_environment/investment_environment_069.png","4142","5C008D938D680A695FD2480D342DC3A7D3B044D7E7F153F6880E8E554E9DC881"
"货币战争_玩法图标资产包_4.4_证据重审版_2026-07-28/standardized/investment_environment/investment_environment_070.png","4341","A2807F8859723A1C69375F48A40D23295DD756F299FF32FE119A5060B27F777C"
"货币战争_玩法图标资产包_4.4_证据重审版_2026-07-28/standardized/investment_environment/investment_environment_071.png","5286","B589080AB76264FCD75C579E8233A28EA7B9F2E36C2E75F08C3AE261205D3D82"
"货币战争_玩法图标资产包_4.4_证据重审版_2026-07-28/standardized/investment_environment/investment_environment_072.png","2883","257E9B537F6B9612F93389E2DB8A7B7B71CBEEF94FB37FFB89C2AEEEBA75C47C"
"货币战争_玩法图标资产包_4.4_证据重审版_2026-07-28/standardized/investment_environment/investment_environment_073.png","3574","F669A00446373731A759693CFA5B9AEFDCA261048C4C9747C912E122362634E6"
"货币战争_玩法图标资产包_4.4_证据重审版_2026-07-28/standardized/investment_environment/investment_environment_074.png","6325","C66C0E106AB285C37C1160CF745E6B1196875CBC263FFB117643451B5E038F63"
"货币战争_玩法图标资产包_4.4_证据重审版_2026-07-28/standardized/investment_environment/investment_environment_075.png","4136","2F8470C29B0A02C8E634022BE56890E7991C1D878D4EAFA28E45BAA55C5CD0C6"
"货币战争_玩法图标资产包_4.4_证据重审版_2026-07-28/standardized/investment_environment/investment_environment_076.png","5023","FD5D75D70CA1F857862D07B69CC089A6A11654E9AC83DC40595179FC7B299C4D"
"货币战争_玩法图标资产包_4.4_证据重审版_2026-07-28/standardized/investment_environment/investment_environment_077.png","4062","B74A9DFEADCC78C1EA210392C318957CBC873D1E46D50927BEC4D773A7AA98AB"
"货币战争_玩法图标资产包_4.4_证据重审版_2026-07-28/standardized/investment_environment/investment_environment_078.png","5015","0E5DCC4853AADD6CBAE6B4DBBDF10C79E397D1632B77F7CF8FDBAC3E21CA02B9"
"货币战争_玩法图标资产包_4.4_证据重审版_2026-07-28/standardized/investment_environment/investment_environment_079.png","2338","DA8C1F95265439F4DD9B96BEE33511D61DF5D56A5A1EF2C01047EAF959CB4A92"
"货币战争_玩法图标资产包_4.4_证据重审版_2026-07-28/standardized/investment_environment/investment_environment_080.png","4648","CE8F7136474BF134AC6F7DCB9BD3710D7B45A48750FFC472340FC23A32041129"
"货币战争_玩法图标资产包_4.4_证据重审版_2026-07-28/standardized/investment_environment/investment_environment_081.png","5594","F4CF7F91609FC01C42B9108613C3FB9D76ACA7A4FAC4D857B0AF6386B57F89F7"
"货币战争_玩法图标资产包_4.4_证据重审版_2026-07-28/standardized/investment_environment/investment_environment_082.png","4442","B3F9319A5B4A1DC1D77AE1774FF9928CF191DEAE50BB2D44D18F5EB69D2D4310"
"货币战争_玩法图标资产包_4.4_证据重审版_2026-07-28/standardized/investment_environment/investment_environment_083.png","2634","0DC0ADDF7EFEF7164668BA40CA52FFA412A06459A555A4A47C9C1A8A392DE205"
"货币战争_玩法图标资产包_4.4_证据重审版_2026-07-28/standardized/investment_strategy/investment_strategy_001.png","40514","894587E534B142093693A80039D1C119DF4C28A93BABF35F3A0206A2B6B467C6"
"货币战争_玩法图标资产包_4.4_证据重审版_2026-07-28/standardized/investment_strategy/investment_strategy_002.png","40514","894587E534B142093693A80039D1C119DF4C28A93BABF35F3A0206A2B6B467C6"
"货币战争_玩法图标资产包_4.4_证据重审版_2026-07-28/standardized/investment_strategy/investment_strategy_003.png","39309","95BBEA6C497F7BE13165D0DEF76A4AB7C7828B503B126993D709A440B71C3F43"
"货币战争_玩法图标资产包_4.4_证据重审版_2026-07-28/standardized/investment_strategy/investment_strategy_004.png","34247","0912FCA14070D17822390650B192FF2D628E0C432743BF15C514081D7BC5CFDD"
"货币战争_玩法图标资产包_4.4_证据重审版_2026-07-28/standardized/investment_strategy/investment_strategy_005.png","32444","898BF5998B1020D0EE7F174476FEB8C108C001DC34A8CD6984494EDEA060D347"
"货币战争_玩法图标资产包_4.4_证据重审版_2026-07-28/standardized/investment_strategy/investment_strategy_006.png","32965","09BE58AB14089B7C7E3955AD535A3437FF93CEDB52F204ADF3CB6F416BF8EB1C"
"货币战争_玩法图标资产包_4.4_证据重审版_2026-07-28/standardized/investment_strategy/investment_strategy_007.png","38523","345786BA59331ABBA9C3F2144CCCDB82470126C80D39BD3D45A607BCD014FF81"
"货币战争_玩法图标资产包_4.4_证据重审版_2026-07-28/standardized/investment_strategy/investment_strategy_008.png","39074","EC582D11DFC1048479CC35D1CD36C8D1164CE7BD34D1F7838DFD9153DDB99A09"
"货币战争_玩法图标资产包_4.4_证据重审版_2026-07-28/standardized/investment_strategy/investment_strategy_009.png","39849","16CA7D6A38C52D005CF54BA88BC9AA1B5E9D602253A41766F45AFA1789A8584B"
"货币战争_玩法图标资产包_4.4_证据重审版_2026-07-28/standardized/investment_strategy/investment_strategy_010.png","34539","9CCFE56794F7A2A1B7E063E791337EE4A29EBFE5349C7D2EC78F47C830EE6F33"
"货币战争_玩法图标资产包_4.4_证据重审版_2026-07-28/standardized/investment_strategy/investment_strategy_011.png","34539","9CCFE56794F7A2A1B7E063E791337EE4A29EBFE5349C7D2EC78F47C830EE6F33"
"货币战争_玩法图标资产包_4.4_证据重审版_2026-07-28/standardized/investment_strategy/investment_strategy_012.png","37967","4962262A179BD63A192516B85A2076002249F323DA44F574F65B565DDD7F4BBB"
"货币战争_玩法图标资产包_4.4_证据重审版_2026-07-28/standardized/investment_strategy/investment_strategy_013.png","37417","F9110907CDACE5F31B199961E3531FE2AA34AD462DE964B94F789EBAEBB2DFCA"
"货币战争_玩法图标资产包_4.4_证据重审版_2026-07-28/standardized/investment_strategy/investment_strategy_014.png","41530","DD5B2C094EC060AF3A8F5E64C43C20F7C57A49FD080D84396EAFF11151057DAF"
"货币战争_玩法图标资产包_4.4_证据重审版_2026-07-28/standardized/investment_strategy/investment_strategy_015.png","37519","645AAF731B6FF735820D8C89A72E565BCAD55524AA909FCA48DF3E3C664FA35C"
"货币战争_玩法图标资产包_4.4_证据重审版_2026-07-28/standardized/investment_strategy/investment_strategy_016.png","36984","66E392B02F5F14B9DB1F499048F343DD927DFF5718775307066EBEB415223DB5"
"货币战争_玩法图标资产包_4.4_证据重审版_2026-07-28/standardized/investment_strategy/investment_strategy_017.png","37409","65E7AF179F9C470101CBD17723E27EC715BA9448C566BE8FD118AD10D9C94FE6"
"货币战争_玩法图标资产包_4.4_证据重审版_2026-07-28/standardized/investment_strategy/investment_strategy_018.png","37548","B737E5F1F3BCB88CA5CF0513E386BF6ED74B372B0C0EA3F75CCB60A7B7859233"
"货币战争_玩法图标资产包_4.4_证据重审版_2026-07-28/standardized/investment_strategy/investment_strategy_019.png","39728","5CA6946D36451B29FF09B7843FED31302E0D28C8298EA27A5DF1F2400644351B"
"货币战争_玩法图标资产包_4.4_证据重审版_2026-07-28/standardized/investment_strategy/investment_strategy_020.png","39728","5CA6946D36451B29FF09B7843FED31302E0D28C8298EA27A5DF1F2400644351B"
"货币战争_玩法图标资产包_4.4_证据重审版_2026-07-28/standardized/investment_strategy/investment_strategy_021.png","38507","5F4585ACAABA284EA353ADBD00B77DEC1EC5F318699E01568D24A2B5F83D01B1"
"货币战争_玩法图标资产包_4.4_证据重审版_2026-07-28/standardized/investment_strategy/investment_strategy_022.png","38285","0DDD5D0BF80A76506E3750EBFC163BEA7ED09190CFB78208F87BA1F7F3391BCC"
"货币战争_玩法图标资产包_4.4_证据重审版_2026-07-28/standardized/investment_strategy/investment_strategy_023.png","34158","3A13660BA30A4CCFAE89FA0B9830DB9ADB1794B7C863848839290FD898ADC74F"
"货币战争_玩法图标资产包_4.4_证据重审版_2026-07-28/standardized/investment_strategy/investment_strategy_024.png","34296","C5C7A45EDA93E070FE837B0A0FB1C8CB80FCE167EF274604F8EB81B9D7D865C8"
"货币战争_玩法图标资产包_4.4_证据重审版_2026-07-28/standardized/investment_strategy/investment_strategy_025.png","36819","F6EF8443D58B9311D79725185DC49FE42EA7D9BA0329B1D633B4727A6F4CC17B"
"货币战争_玩法图标资产包_4.4_证据重审版_2026-07-28/standardized/investment_strategy/investment_strategy_026.png","36464","B1C6A8D729D52E96BC823BCB72D2CD4FF0EC6BCB5F402FE1BAA4FFF22F601C6A"
"货币战争_玩法图标资产包_4.4_证据重审版_2026-07-28/standardized/investment_strategy/investment_strategy_027.png","41898","B8E5E9C5E78B74CB880817E0DBC476F29C4AD02B37AFED794CF7A2E81C74CD85"
"货币战争_玩法图标资产包_4.4_证据重审版_2026-07-28/standardized/investment_strategy/investment_strategy_028.png","36383","976F913FB5DD760E9C865AF17735B11915502F2E66CC2E267E9A2305ECAABF96"
"货币战争_玩法图标资产包_4.4_证据重审版_2026-07-28/standardized/investment_strategy/investment_strategy_029.png","34826","16A9C58E51F6BDD97F8EE2D73EFF6993F971B16DF855B8540D2473E7DCD59632"
"货币战争_玩法图标资产包_4.4_证据重审版_2026-07-28/standardized/investment_strategy/investment_strategy_030.png","34826","16A9C58E51F6BDD97F8EE2D73EFF6993F971B16DF855B8540D2473E7DCD59632"
"货币战争_玩法图标资产包_4.4_证据重审版_2026-07-28/standardized/investment_strategy/investment_strategy_031.png","38408","4888AB2952B8785DAA8228ED3312ABD1FF14FCBCAB0E20C3A1B93F8332951E48"
"货币战争_玩法图标资产包_4.4_证据重审版_2026-07-28/standardized/investment_strategy/investment_strategy_032.png","37852","699BAB6A9F016C378CB5FE4E072A6F47CFDB77D51B2132B27433C235A085EC3B"
"货币战争_玩法图标资产包_4.4_证据重审版_2026-07-28/standardized/investment_strategy/investment_strategy_033.png","37852","699BAB6A9F016C378CB5FE4E072A6F47CFDB77D51B2132B27433C235A085EC3B"
"货币战争_玩法图标资产包_4.4_证据重审版_2026-07-28/standardized/investment_strategy/investment_strategy_034.png","35646","1A67726B6FF23D66D20304B63065F07E00F2C287F7F3874F199AD4442708F149"
"货币战争_玩法图标资产包_4.4_证据重审版_2026-07-28/standardized/investment_strategy/investment_strategy_035.png","40781","C0001F0D9C7564230799A5F3B4C39381306A468DC129769F4968B77DC4E4D890"
"货币战争_玩法图标资产包_4.4_证据重审版_2026-07-28/standardized/investment_strategy/investment_strategy_036.png","36897","82DE2381F6237FFC37CE8E8D9014F66A4D18B3F00327F69B863EFB742BF0592A"
"货币战争_玩法图标资产包_4.4_证据重审版_2026-07-28/standardized/investment_strategy/investment_strategy_037.png","38647","C34E0D8F87D50AFC3949B5DD9BDEC2A18406D7DB1E1BE620253EBC374BE3ABEF"
"货币战争_玩法图标资产包_4.4_证据重审版_2026-07-28/standardized/investment_strategy/investment_strategy_038.png","32390","EA006B28BE9F52D4474AC3FEE0C7592D0AAB4CD27112DD091E4751A1DA3FA9E0"
"货币战争_玩法图标资产包_4.4_证据重审版_2026-07-28/standardized/investment_strategy/investment_strategy_039.png","31635","D2D9C321365E111F4442E318712F501E61D08904AE2009270935E9B2D02E602D"
"货币战争_玩法图标资产包_4.4_证据重审版_2026-07-28/standardized/investment_strategy/investment_strategy_040.png","39993","192BB32E3B11C8A3D27D90E6933AE9A0DF5D693050BADAF40EF11074C3B80957"
"货币战争_玩法图标资产包_4.4_证据重审版_2026-07-28/standardized/investment_strategy/investment_strategy_041.png","43864","571CD02FD8CABAFCE3A5DF0CFBE88F6D8AF6A9C424DE567FA40BFA68483E8E40"
"货币战争_玩法图标资产包_4.4_证据重审版_2026-07-28/standardized/investment_strategy/investment_strategy_042.png","41838","C2E7F554AD10EC8B344A20754FAB28CDDD194862EEDAD53C95A9F60A28D35353"
"货币战争_玩法图标资产包_4.4_证据重审版_2026-07-28/standardized/investment_strategy/investment_strategy_043.png","44355","914746491257CD65DA13F73E9844A49D483CD7E5B5EE5D0141C9AFEA525A90F5"
"货币战争_玩法图标资产包_4.4_证据重审版_2026-07-28/standardized/investment_strategy/investment_strategy_044.png","46571","DC8D65AAAA1DF0485453DC81D5A0440106ECC8C584E24C6BB7D574CF63034DD1"
"货币战争_玩法图标资产包_4.4_证据重审版_2026-07-28/standardized/investment_strategy/investment_strategy_045.png","46571","DC8D65AAAA1DF0485453DC81D5A0440106ECC8C584E24C6BB7D574CF63034DD1"
"货币战争_玩法图标资产包_4.4_证据重审版_2026-07-28/standardized/investment_strategy/investment_strategy_046.png","46498","EB2E44C78B672B65C3A4BADC0264D448F4F6FACC4C0697128EE55D334470D980"
"货币战争_玩法图标资产包_4.4_证据重审版_2026-07-28/standardized/investment_strategy/investment_strategy_047.png","43323","89B11F01B5CBB7943F8266B46F1D0E71B393EDB986C16E142D500202EF7AA277"
"货币战争_玩法图标资产包_4.4_证据重审版_2026-07-28/standardized/investment_strategy/investment_strategy_048.png","46727","5DD3F9972B03F345E4E44D61E410463A2BFAA7B40661E212A74BDACEEA3BA42F"
"货币战争_玩法图标资产包_4.4_证据重审版_2026-07-28/standardized/investment_strategy/investment_strategy_049.png","47102","BEEC1FA83B0FEC77ACE9872E059802C1D976889C5F14C2AC7042214CE93ACBFD"
"货币战争_玩法图标资产包_4.4_证据重审版_2026-07-28/standardized/investment_strategy/investment_strategy_050.png","48180","5B10AF5CF6B98982EB694B90D14D9EA5DF32581CD1070F99FA941C239D792A64"
"货币战争_玩法图标资产包_4.4_证据重审版_2026-07-28/standardized/investment_strategy/investment_strategy_051.png","42482","5B9F6AA3E75B0519F1E6AB8374631A3496A8AD2ED00D869C8C0F1EBD2B472DDF"
"货币战争_玩法图标资产包_4.4_证据重审版_2026-07-28/standardized/investment_strategy/investment_strategy_052.png","45876","32D85ADE6909CA885F0BE8F4860387B01A9E103654893DAE75E4F07227216C6F"
"货币战争_玩法图标资产包_4.4_证据重审版_2026-07-28/standardized/investment_strategy/investment_strategy_053.png","45788","EC7457A16411875F22302E9F3C9FDCED63339FDDD399509FEF03B9709610FC95"
"货币战争_玩法图标资产包_4.4_证据重审版_2026-07-28/standardized/investment_strategy/investment_strategy_054.png","42578","4049EE2262D1BC9AD8CF689165B2796467B02C3E067B7E33F46B049B6C8F8163"
"货币战争_玩法图标资产包_4.4_证据重审版_2026-07-28/standardized/investment_strategy/investment_strategy_055.png","40729","36BC3A779FE1F11E49B2FD4997BBCF63840CCE398F05D07A53EABAA634E1AD66"
"货币战争_玩法图标资产包_4.4_证据重审版_2026-07-28/standardized/investment_strategy/investment_strategy_056.png","41538","E0F480C86797B926E77CF6E5B06F02FB66143449880A1F1E81D8EE30CCE676FB"
"货币战争_玩法图标资产包_4.4_证据重审版_2026-07-28/standardized/investment_strategy/investment_strategy_057.png","42340","850922D7CCAD1620EF820453216AA27F238CF5E25F0832C36CE574F3CC08DCE5"
"货币战争_玩法图标资产包_4.4_证据重审版_2026-07-28/standardized/investment_strategy/investment_strategy_058.png","42340","850922D7CCAD1620EF820453216AA27F238CF5E25F0832C36CE574F3CC08DCE5"
"货币战争_玩法图标资产包_4.4_证据重审版_2026-07-28/standardized/investment_strategy/investment_strategy_059.png","43903","1141FF34C4835E96148DD3FF33499E3C2A370AB2567C67AB56E28CDFCEAD6243"
"货币战争_玩法图标资产包_4.4_证据重审版_2026-07-28/standardized/investment_strategy/investment_strategy_060.png","46954","03F7568BCCABB23B4FFBE43E167A05F68EB8A9C6A2E58CB9658361493A85B51B"
"货币战争_玩法图标资产包_4.4_证据重审版_2026-07-28/standardized/investment_strategy/investment_strategy_061.png","47527","8B987763B37BEF17A3BDE030FDCD8947BA4D16CBE4D391CEAB8DF4682385F424"
"货币战争_玩法图标资产包_4.4_证据重审版_2026-07-28/standardized/investment_strategy/investment_strategy_062.png","46570","F2F4BF300D887A7DC7BF883CE29DEA40F6B3A39848CA9FEC73DAC1FEAAC75123"
"货币战争_玩法图标资产包_4.4_证据重审版_2026-07-28/standardized/investment_strategy/investment_strategy_063.png","46438","A43613531578D01089069AE9D2C725AF2924FE8C79DB88DEED97EAC59AA86CA6"
"货币战争_玩法图标资产包_4.4_证据重审版_2026-07-28/standardized/investment_strategy/investment_strategy_064.png","47747","5D887B72F94D17699A06C983EEF5FCA8D414348B154FA77FB0814DF41E4B7C1A"
"货币战争_玩法图标资产包_4.4_证据重审版_2026-07-28/standardized/investment_strategy/investment_strategy_065.png","46913","7014BDE7A7D3EACD2CE5C94CACB741E012996C565D12B4540BEBED9CF3EB8B0C"
"货币战争_玩法图标资产包_4.4_证据重审版_2026-07-28/standardized/investment_strategy/investment_strategy_066.png","46234","C92178760742375490C3B1B0B6AB65EF0D19F0AD34C86FBBFFF62DAE660EF6FF"
"货币战争_玩法图标资产包_4.4_证据重审版_2026-07-28/standardized/investment_strategy/investment_strategy_067.png","46932","25A5C62B62A995F7AB3C86DFE63AA5CD5F112335096FD4ABA52F38032AD86810"
"货币战争_玩法图标资产包_4.4_证据重审版_2026-07-28/standardized/investment_strategy/investment_strategy_068.png","45183","7B933573DE31BE26C437CAE1ECECB93F7AF84EFE4096E855F5170F8E4FBBC97B"
"货币战争_玩法图标资产包_4.4_证据重审版_2026-07-28/standardized/investment_strategy/investment_strategy_069.png","45876","5F27D00BD62FC86FD5B9385BBD8CA7809AA3D391D561F123B498FF1F4D7D66F1"
"货币战争_玩法图标资产包_4.4_证据重审版_2026-07-28/standardized/investment_strategy/investment_strategy_070.png","45745","AA653EBC07E10BE653415E0277B10C399525AFAB2172756F24FBECE43903AF22"
"货币战争_玩法图标资产包_4.4_证据重审版_2026-07-28/standardized/investment_strategy/investment_strategy_071.png","46263","C79FF3C2FA26F6048913E6416D2DF773E4707BF9B7ECE9CB7F333428A93E96D1"
"货币战争_玩法图标资产包_4.4_证据重审版_2026-07-28/standardized/investment_strategy/investment_strategy_072.png","43951","19CE5B861CCF39A11D04DFA205E10A4EEA815FBB40A931EB781BC872B5E640BA"
"货币战争_玩法图标资产包_4.4_证据重审版_2026-07-28/standardized/investment_strategy/investment_strategy_073.png","43003","4876C2FA4347EEEAC31DA271F48AA22F5AFFDCD697FCE053FD19D10789C3F64A"
"货币战争_玩法图标资产包_4.4_证据重审版_2026-07-28/standardized/investment_strategy/investment_strategy_074.png","45594","EC1B2CDD8C165D0E723633CEB52255748A1A69EA2F0A1C8092389F4CD2110C97"
"货币战争_玩法图标资产包_4.4_证据重审版_2026-07-28/standardized/investment_strategy/investment_strategy_075.png","46955","8F3748CC4056F04DD9FA9BF405EC45A609EB161C35E2EBA7F85BDA012BA9B4E7"
"货币战争_玩法图标资产包_4.4_证据重审版_2026-07-28/standardized/investment_strategy/investment_strategy_076.png","45365","07501B6B01B70F0088B3E7FB5B7E76C20B0C2DCFDB05F7E044654C9213D139E3"
"货币战争_玩法图标资产包_4.4_证据重审版_2026-07-28/standardized/investment_strategy/investment_strategy_077.png","45685","7C6B54C3B432FA5DE0DE00AF7A7EB0CAD2085AD82B94708895F875C2BFF31077"
"货币战争_玩法图标资产包_4.4_证据重审版_2026-07-28/standardized/investment_strategy/investment_strategy_078.png","44540","704D71CA3138DB486B43CFDE8FD0A2685082C0715DADE58F8CE78E0D5C46B054"
"货币战争_玩法图标资产包_4.4_证据重审版_2026-07-28/standardized/investment_strategy/investment_strategy_079.png","46572","1885B250C7A3100883EB2C47DF1146A61EDA70AAA968E3755558529CCC3EA0D0"
"货币战争_玩法图标资产包_4.4_证据重审版_2026-07-28/standardized/investment_strategy/investment_strategy_080.png","44570","3286DB3877831142B7CDCD997FA90FB64A013E08EFB990D3DF9F5204B2940058"
"货币战争_玩法图标资产包_4.4_证据重审版_2026-07-28/standardized/investment_strategy/investment_strategy_081.png","45224","1BCDB00F801170CC5D719A47662069565EA0F3B4A1C556DB3D832E4D094A32E8"
"货币战争_玩法图标资产包_4.4_证据重审版_2026-07-28/standardized/investment_strategy/investment_strategy_082.png","44991","E69E54145072EC1063383D71384A85539554E81525BA591244DCA983A4FFD787"
"货币战争_玩法图标资产包_4.4_证据重审版_2026-07-28/standardized/investment_strategy/investment_strategy_083.png","50352","3628313F02EF6A87A6AB681121526E1BD77DB0C98F6F3A3BC46E89147D4B0950"
"货币战争_玩法图标资产包_4.4_证据重审版_2026-07-28/standardized/investment_strategy/investment_strategy_084.png","44092","880E7B1CCE679D1C731334DFA44E667F44C953B24EEAA14AC706CFB84C13D5FC"
"货币战争_玩法图标资产包_4.4_证据重审版_2026-07-28/standardized/investment_strategy/investment_strategy_085.png","42592","D3937CE830DECFD057DBFED85C08BFCE89A8D54906BE22D53A5906616FAF7A80"
"货币战争_玩法图标资产包_4.4_证据重审版_2026-07-28/standardized/investment_strategy/investment_strategy_086.png","43048","F52B277B50B20133428AC1AA2D68067196CF368B3B5C20B35CC7E7490BB04832"
"货币战争_玩法图标资产包_4.4_证据重审版_2026-07-28/standardized/investment_strategy/investment_strategy_087.png","45901","6AF2C080553EF119380A6B636CB7F16C7C05A4235920044A5967C6F9E08CF77E"
"货币战争_玩法图标资产包_4.4_证据重审版_2026-07-28/standardized/investment_strategy/investment_strategy_088.png","48510","6061D96E5EE8AA12A424B3A3F50EE747C7C507CFF1B963465E454683711AFEE7"
"货币战争_玩法图标资产包_4.4_证据重审版_2026-07-28/standardized/investment_strategy/investment_strategy_089.png","43548","74B0DE48383FCA44160AE561F8E6386B891EF33AC8F83225F95873EAC6BD3261"
"货币战争_玩法图标资产包_4.4_证据重审版_2026-07-28/standardized/investment_strategy/investment_strategy_090.png","45915","DEAE8FA3C4C7A702C870CAE69723DD2B9381E9AB8C0180E1CEF8EF5D1A0E2F16"
"货币战争_玩法图标资产包_4.4_证据重审版_2026-07-28/standardized/investment_strategy/investment_strategy_091.png","45105","6BF5692286E91040633FD2C0803FEF0F316C0E402E7705A1389D43D4BD7C5FA3"
"货币战争_玩法图标资产包_4.4_证据重审版_2026-07-28/standardized/investment_strategy/investment_strategy_092.png","47297","44C64EB7CFB6F5FC73A53974E7E0C10795CA3931208B95F08CA88C07CF1A9AF0"
"货币战争_玩法图标资产包_4.4_证据重审版_2026-07-28/standardized/investment_strategy/investment_strategy_093.png","44243","4A7C776A41EC668447725EA44590A15FABF312BB3B6303798F8FEACA76C72491"
"货币战争_玩法图标资产包_4.4_证据重审版_2026-07-28/standardized/investment_strategy/investment_strategy_094.png","44243","4A7C776A41EC668447725EA44590A15FABF312BB3B6303798F8FEACA76C72491"
"货币战争_玩法图标资产包_4.4_证据重审版_2026-07-28/standardized/investment_strategy/investment_strategy_095.png","47001","0CFD5AA7CC1F59045FCE57BEA591DA48FB2D65E1474331DC3ED095A2973473FC"
"货币战争_玩法图标资产包_4.4_证据重审版_2026-07-28/standardized/investment_strategy/investment_strategy_096.png","44809","08766FB8275CF106BD03EC06667CA2B51C570579BFD1141C21712EA8DD6D1B4A"
"货币战争_玩法图标资产包_4.4_证据重审版_2026-07-28/standardized/investment_strategy/investment_strategy_097.png","44734","322C4323FC22690FE144D839253F4854CA4419A802623E568B1F2449A323A98E"
"货币战争_玩法图标资产包_4.4_证据重审版_2026-07-28/standardized/investment_strategy/investment_strategy_098.png","39812","A32D7B1DA2C42037B97EBA950443F145D7618F31AA256659A8183454A220F435"
"货币战争_玩法图标资产包_4.4_证据重审版_2026-07-28/standardized/investment_strategy/investment_strategy_099.png","43175","53A75B4587747FCAB89DF92294CE5E05953FB400E7233344082B49B3A52CBB04"
"货币战争_玩法图标资产包_4.4_证据重审版_2026-07-28/standardized/investment_strategy/investment_strategy_100.png","47431","786F2F83950360AD65B3D79A337B3FDFA787CDD00B0F228015E0C535E029092C"
"货币战争_玩法图标资产包_4.4_证据重审版_2026-07-28/standardized/investment_strategy/investment_strategy_101.png","47842","4E4C5F597DFDDB47F8A2B03D395D12553E266DC7CAA9C61163E4A138DD064AAC"
"货币战争_玩法图标资产包_4.4_证据重审版_2026-07-28/standardized/investment_strategy/investment_strategy_102.png","47011","4D36884570348B1530A6E03F8767A4E2F560799DCD0A77BD58A7C58CD36E94E7"
"货币战争_玩法图标资产包_4.4_证据重审版_2026-07-28/standardized/investment_strategy/investment_strategy_103.png","46941","38975B1A5CFD0C6858200C6CF975AA1E957687CAC7068BF611BB1FE16255F39B"
"货币战争_玩法图标资产包_4.4_证据重审版_2026-07-28/standardized/investment_strategy/investment_strategy_104.png","48154","4316654255048CDD464876180429AAAC051D4C34B6BFA1A15DC07428C2ABCEE8"
"货币战争_玩法图标资产包_4.4_证据重审版_2026-07-28/standardized/investment_strategy/investment_strategy_105.png","47432","75952464F11624134D330AA02D50D3E90DBF75A6183FC2642FF23E3C2D28648F"
"货币战争_玩法图标资产包_4.4_证据重审版_2026-07-28/standardized/investment_strategy/investment_strategy_106.png","46776","053B1918825CAC58137994F7ACA46ABEC00EDD74505543B9A447A366EBEECDBF"
"货币战争_玩法图标资产包_4.4_证据重审版_2026-07-28/standardized/investment_strategy/investment_strategy_107.png","47225","4F10CB5DCC9D684BE63B8211C10C0C8518F7462471745B1B9FE54D3FFA175032"
"货币战争_玩法图标资产包_4.4_证据重审版_2026-07-28/standardized/investment_strategy/investment_strategy_108.png","45630","B4AF3C86CE040CD324F248EB0803B98E81A7E37D2F6DD6E7D5823727675D08F0"
"货币战争_玩法图标资产包_4.4_证据重审版_2026-07-28/standardized/investment_strategy/investment_strategy_109.png","46347","28BB1F47F0996A4071D4B095328677789D1CBADD73F85361086B785584226D5E"
"货币战争_玩法图标资产包_4.4_证据重审版_2026-07-28/standardized/investment_strategy/investment_strategy_110.png","46297","A0E28D3CB59C67C4AFE946B299415605436E6CC355D120056E6EA877477ABC93"
"货币战争_玩法图标资产包_4.4_证据重审版_2026-07-28/standardized/investment_strategy/investment_strategy_111.png","46794","748FAC58BD01341408350AD3620F5469A36C0826D6F69C2CD1CD56BD20A494A2"
"货币战争_玩法图标资产包_4.4_证据重审版_2026-07-28/standardized/investment_strategy/investment_strategy_112.png","44666","FD0747E39B0A9E4CCF9FBF557CF9758330501318677849FFA62BB08525986F8D"
"货币战争_玩法图标资产包_4.4_证据重审版_2026-07-28/standardized/investment_strategy/investment_strategy_113.png","43771","B74B429F911095383C3AA393CC7126805C0A6A6F6ECA69424E8734758E4D73F0"
"货币战争_玩法图标资产包_4.4_证据重审版_2026-07-28/standardized/investment_strategy/investment_strategy_114.png","46169","DE9DA16AB1C0C05567036A139F1F94FFA78D79E74DA142214752672E1ACC5E62"
"货币战争_玩法图标资产包_4.4_证据重审版_2026-07-28/standardized/investment_strategy/investment_strategy_115.png","47405","ABA4172CA4FF0EC8E725C7FEEAF46B10BDDAEFFC85C4C2A2E34A5BAF4C7484D6"
"货币战争_玩法图标资产包_4.4_证据重审版_2026-07-28/standardized/investment_strategy/investment_strategy_116.png","46008","2A1B69C041CA35DA8EEDA8FBD3A100A881C3300776999DA76A26F1CC07ED6293"
"货币战争_玩法图标资产包_4.4_证据重审版_2026-07-28/standardized/investment_strategy/investment_strategy_117.png","46357","9A6BF4097E4BAECC338973472D4B88B29BB33CB2234E2979367667E0567B7E2B"
"货币战争_玩法图标资产包_4.4_证据重审版_2026-07-28/standardized/investment_strategy/investment_strategy_118.png","45197","0E19F31ED2B9F0417D5A54604D6114977AA7B7EE96B60C3DFB4F1CDBD8CB755E"
"货币战争_玩法图标资产包_4.4_证据重审版_2026-07-28/standardized/investment_strategy/investment_strategy_119.png","47270","AC4BAA467492B1C9296478AD8445AEA1F77B788E1564306396A3CF061DE052E1"
"货币战争_玩法图标资产包_4.4_证据重审版_2026-07-28/standardized/investment_strategy/investment_strategy_120.png","48489","2FBE145921AA41E58AE31FE1B179836BF1E38A2FC7D6A3BFA50CA0F3F2D21AF2"
"货币战争_玩法图标资产包_4.4_证据重审版_2026-07-28/standardized/investment_strategy/investment_strategy_121.png","45541","FC9A5DD2300EDEBEA01C1F39652D3FAFDE4BC0612BF7717B8E7DCA50DB642317"
"货币战争_玩法图标资产包_4.4_证据重审版_2026-07-28/standardized/investment_strategy/investment_strategy_122.png","46463","5A9C010E6B1AAB7A173B11BAB87FE9FA590E432B7A693C466278796BC8834EFA"
"货币战争_玩法图标资产包_4.4_证据重审版_2026-07-28/standardized/investment_strategy/investment_strategy_123.png","48144","F5467B306FE8D23BC60424050FD4818F3807174BC2EC3639045101E1F8C9A538"
"货币战争_玩法图标资产包_4.4_证据重审版_2026-07-28/standardized/investment_strategy/investment_strategy_124.png","46966","A77A711C914980A38DD1C01E6DB24C913B7CE60D83A521CE7F263B26648688A5"
"货币战争_玩法图标资产包_4.4_证据重审版_2026-07-28/standardized/investment_strategy/investment_strategy_125.png","43260","C71E1B682B5B1C06C7927714D8298E63F1D5439F3067416BFB001853C9E0DD71"
"货币战争_玩法图标资产包_4.4_证据重审版_2026-07-28/standardized/investment_strategy/investment_strategy_126.png","49318","73DF573BA7997321C4A4E8798412F1E425618171AF93669E8D1E1780A51B8C90"
"货币战争_玩法图标资产包_4.4_证据重审版_2026-07-28/standardized/investment_strategy/investment_strategy_127.png","44497","9814BEE015EFBF1BA74055243AB020ADE71652F39FBDEF2AD614C2F8A34CB283"
"货币战争_玩法图标资产包_4.4_证据重审版_2026-07-28/standardized/investment_strategy/investment_strategy_128.png","46190","782F0B332BD2A6DF2AFDEE42FB3E56F17AF170F0E515C4A76C452CD46DCFF1B3"
"货币战争_玩法图标资产包_4.4_证据重审版_2026-07-28/standardized/investment_strategy/investment_strategy_129.png","46763","73E94E8AC23DEF05A397DE1D1DDE8C9F85179AC6F96E10F4729031BA191F9090"
"货币战争_玩法图标资产包_4.4_证据重审版_2026-07-28/standardized/investment_strategy/investment_strategy_130.png","42448","6BEDBA7EA0882F0356FE4090CFEBDDBD11FE6AA46D6F85134810AC4CD560AF29"
"货币战争_玩法图标资产包_4.4_证据重审版_2026-07-28/standardized/investment_strategy/investment_strategy_131.png","35866","7DC1E519A510DFFDA45DEDA3B47AF4FB6CB78354342FFB7440961207BD9AF830"
"货币战争_玩法图标资产包_4.4_证据重审版_2026-07-28/standardized/investment_strategy/investment_strategy_132.png","39630","872EA6ED84EC2D80669300D309788F983C499EBF77D4330B62EAF70DCDA20F63"
"货币战争_玩法图标资产包_4.4_证据重审版_2026-07-28/standardized/investment_strategy/investment_strategy_133.png","38562","F294F5B0727E0C6AD93EC5C86F51492AD6A18A787514150688DDA9957591C027"
"货币战争_玩法图标资产包_4.4_证据重审版_2026-07-28/standardized/investment_strategy/investment_strategy_134.png","40457","005BFECE04305197322B098269E7E1764DE213270E2F419FBD261747DD6DE07C"
"货币战争_玩法图标资产包_4.4_证据重审版_2026-07-28/standardized/investment_strategy/investment_strategy_135.png","37973","55D1DAC1EA01CBA7C77FF4193214EA6414B5816156A05C771D7C070B8375B0C0"
"货币战争_玩法图标资产包_4.4_证据重审版_2026-07-28/standardized/investment_strategy/investment_strategy_136.png","38523","345786BA59331ABBA9C3F2144CCCDB82470126C80D39BD3D45A607BCD014FF81"
"货币战争_玩法图标资产包_4.4_证据重审版_2026-07-28/standardized/investment_strategy/investment_strategy_137.png","32681","DAB816698668664D1B0D129C3E84CC3734CCCE8C25F8254955AA4961C50379EA"
"货币战争_玩法图标资产包_4.4_证据重审版_2026-07-28/standardized/investment_strategy/investment_strategy_138.png","32681","DAB816698668664D1B0D129C3E84CC3734CCCE8C25F8254955AA4961C50379EA"
"货币战争_玩法图标资产包_4.4_证据重审版_2026-07-28/standardized/investment_strategy/investment_strategy_139.png","32072","9A3D31DE1E868129ECA0C5950CCBA9509C8ECAD6F543837FFDAFA4E43B6D40A1"
"货币战争_玩法图标资产包_4.4_证据重审版_2026-07-28/standardized/investment_strategy/investment_strategy_140.png","38938","C447C0A794ED3D219121C66B145C4026D6D911B2EEDEF7EB44D67DCF4CCA99F5"
"货币战争_玩法图标资产包_4.4_证据重审版_2026-07-28/standardized/investment_strategy/investment_strategy_141.png","38938","C447C0A794ED3D219121C66B145C4026D6D911B2EEDEF7EB44D67DCF4CCA99F5"
"货币战争_玩法图标资产包_4.4_证据重审版_2026-07-28/standardized/investment_strategy/investment_strategy_142.png","37916","136DD4E738BB2BD63CF22A7AACED3F8B1DBC2BCF4D0742CB4073648AF7C7C03D"
"货币战争_玩法图标资产包_4.4_证据重审版_2026-07-28/standardized/investment_strategy/investment_strategy_143.png","37830","A7C5E81D481161075503C6567E6C58F40AE5392C583917951FD959070921F8EE"
"货币战争_玩法图标资产包_4.4_证据重审版_2026-07-28/standardized/investment_strategy/investment_strategy_144.png","36335","747EA42C32B6887D9278B58364E550F323BEA82099F6B4D60FDFB948982463A3"
"货币战争_玩法图标资产包_4.4_证据重审版_2026-07-28/standardized/investment_strategy/investment_strategy_145.png","35736","611C2A62BD2384E647BFA3AB550A7218F016C6F1A861BF2C854F20A39C84E9E7"
"货币战争_玩法图标资产包_4.4_证据重审版_2026-07-28/standardized/investment_strategy/investment_strategy_146.png","40456","979E6B127892BE82775EC40C8FD5D461DCD9FA253B0565CBAEA52E32903C2746"
"货币战争_玩法图标资产包_4.4_证据重审版_2026-07-28/standardized/investment_strategy/investment_strategy_147.png","37975","EDE86DBE8D55EEE1C9E95D4F26C0A9C1EF8A37B17904B699D390457BFB5C8DA6"
"货币战争_玩法图标资产包_4.4_证据重审版_2026-07-28/standardized/investment_strategy/investment_strategy_148.png","37567","C2FB9197DAB3538B37CA812C7A70D606EC28FB506CF0E1B419BB2AC7607D9CE0"
"货币战争_玩法图标资产包_4.4_证据重审版_2026-07-28/standardized/investment_strategy/investment_strategy_149.png","35729","A1291080A9E99EC81A1104726E1AD10A431BDA846F8861AF991891DE0126700E"
"货币战争_玩法图标资产包_4.4_证据重审版_2026-07-28/standardized/investment_strategy/investment_strategy_150.png","34895","E373050DDB139C5D8A51FDAA3132552DAFD2BD629FB0E572DA7EB9AADEE2137E"
"货币战争_玩法图标资产包_4.4_证据重审版_2026-07-28/standardized/investment_strategy/investment_strategy_151.png","36674","8EB5968C47972B1C8D178ECE8EF3245415DF2FF9F94DAB2FF97F5D7B9CA1AD45"
"货币战争_玩法图标资产包_4.4_证据重审版_2026-07-28/standardized/investment_strategy/investment_strategy_152.png","35017","E3334A427E2A9B39A0473AF30C0C5822DC8E0BE4C8412FC11D0F4E9599536D12"
"货币战争_玩法图标资产包_4.4_证据重审版_2026-07-28/standardized/investment_strategy/investment_strategy_153.png","39380","2A1C8F642B4714FF8A46EFBE827481E31AABAF3CDCE6115CC02C1D0BF195285C"
"货币战争_玩法图标资产包_4.4_证据重审版_2026-07-28/standardized/investment_strategy/investment_strategy_154.png","45607","92880CF8BC4C8E1AE680C730A85E3F94DEBA9AD3D71D21F0E7C3B27E34ED500F"
"货币战争_玩法图标资产包_4.4_证据重审版_2026-07-28/standardized/investment_strategy/investment_strategy_155.png","47775","63ECFC3F576AC58C4F57823A51DA2E017A663B42DDC6F2BEE64B62F93C4BC98B"
"货币战争_玩法图标资产包_4.4_证据重审版_2026-07-28/standardized/investment_strategy/investment_strategy_156.png","41731","545BF8B907515F187BA6E111BAE0FE2434DBE3FF7485FF102534D046F692F973"
"货币战争_玩法图标资产包_4.4_证据重审版_2026-07-28/standardized/investment_strategy/investment_strategy_157.png","47147","9B218111B4FA156ED29BDF3A6E1F68B2D76C6803E129F1FA3CDFC2F5F4D76CCD"
"货币战争_玩法图标资产包_4.4_证据重审版_2026-07-28/standardized/investment_strategy/investment_strategy_158.png","41164","67F676AF3C8A5A7D56C5306E498E41F0E275268ED8119225BC629B10DA69F717"
"货币战争_玩法图标资产包_4.4_证据重审版_2026-07-28/standardized/investment_strategy/investment_strategy_159.png","46637","A4085C59AD179718BE47BFA06054EC9AE6298FF69E003DEC41F049C52F082C72"
"货币战争_玩法图标资产包_4.4_证据重审版_2026-07-28/standardized/investment_strategy/investment_strategy_160.png","45173","0166796771F79164AB528F6AD58D006B22893AE93A444D44C71D0D4F1EBFEE15"
"货币战争_玩法图标资产包_4.4_证据重审版_2026-07-28/standardized/investment_strategy/investment_strategy_161.png","44738","1CF3AD737E3B315A693DF68A95D1F27AC93BF325ECDFB9373FA9B900D8B9B130"
"货币战争_玩法图标资产包_4.4_证据重审版_2026-07-28/standardized/investment_strategy/investment_strategy_162.png","42883","F872E05C109BB8111D6455AC255E30471F9E37E9964B3C2177C0D88A5F17CB2B"
"货币战争_玩法图标资产包_4.4_证据重审版_2026-07-28/standardized/investment_strategy/investment_strategy_163.png","40121","9F6240456D52DA614047EC8F572B7EE905D4B7845CB9D3D419D85C9B6E136846"
"货币战争_玩法图标资产包_4.4_证据重审版_2026-07-28/standardized/investment_strategy/investment_strategy_164.png","47046","4FAD3B8B0240D4E03F5D214AEE84F16ED86EC5F98C3EB56D5C4454D390F5D610"
"货币战争_玩法图标资产包_4.4_证据重审版_2026-07-28/standardized/investment_strategy/investment_strategy_165.png","44565","BE0DCC5CE35814C559D5D885F9E005F8EBBBDDEF7D260A6794D0D5B366807E9E"
"货币战争_玩法图标资产包_4.4_证据重审版_2026-07-28/standardized/investment_strategy/investment_strategy_166.png","45527","9AF1AD844565CB2A395B650EE7C914C73B64A86A2B420B27A0A11F49D97944AD"
"货币战争_玩法图标资产包_4.4_证据重审版_2026-07-28/standardized/investment_strategy/investment_strategy_167.png","40175","69F753C61F30541EAB0204A321CD142583A537F0CF54C0824DB7FD0933BE57FB"
"货币战争_玩法图标资产包_4.4_证据重审版_2026-07-28/standardized/investment_strategy/investment_strategy_168.png","42207","4FD24250BDFEBB97FFC3E9259356CE9937A6EE3C3C754D167BF5647946671144"
"货币战争_玩法图标资产包_4.4_证据重审版_2026-07-28/standardized/investment_strategy/investment_strategy_169.png","43824","908098545A852CFF926416C7C60C436BA8B79A8310E33C438EB1A8435FFA24E6"
"货币战争_玩法图标资产包_4.4_证据重审版_2026-07-28/standardized/investment_strategy/investment_strategy_170.png","43397","68703607839D5D6647F7A7D2559EB01DC8A6401F416967D4A426597575A78CAC"
"货币战争_玩法图标资产包_4.4_证据重审版_2026-07-28/standardized/investment_strategy/investment_strategy_171.png","48617","CD70B881717233D821F3583812D00907AA0AFEAEEAA0266F736D38BB5CFC2608"
"货币战争_玩法图标资产包_4.4_证据重审版_2026-07-28/standardized/investment_strategy/investment_strategy_172.png","48617","CD70B881717233D821F3583812D00907AA0AFEAEEAA0266F736D38BB5CFC2608"
"货币战争_玩法图标资产包_4.4_证据重审版_2026-07-28/standardized/investment_strategy/investment_strategy_173.png","46544","936B4906742E509E97E0E9BFAA3123052C2DB2AAECAAB21889A6FBBB14A767C3"
"货币战争_玩法图标资产包_4.4_证据重审版_2026-07-28/standardized/investment_strategy/investment_strategy_174.png","44795","4B785DF0B0A503F6B6EE20C8FB242B3AA2E7912F18AB68034351A10A57992F07"
"货币战争_玩法图标资产包_4.4_证据重审版_2026-07-28/standardized/investment_strategy/investment_strategy_175.png","46153","D18685FC9FE62A07AFD40F777181CB49E11A38E6A5B1A006413840EDF3216EC4"
"货币战争_玩法图标资产包_4.4_证据重审版_2026-07-28/standardized/investment_strategy/investment_strategy_176.png","47976","6E1EBDD9A8D7C3DC8D3533D1AFE530B16E0A916229C535958064F2CDFE24C68C"
"货币战争_玩法图标资产包_4.4_证据重审版_2026-07-28/standardized/investment_strategy/investment_strategy_177.png","49362","28F3662B278E092D2D7FF6A41EC847397D937488E6BC5C76898D70160B2E9342"
"货币战争_玩法图标资产包_4.4_证据重审版_2026-07-28/standardized/investment_strategy/investment_strategy_178.png","46643","AD62AE31E927E507633184B56F49C883AE972AC4409151EE8A01E7514D5D8405"
"货币战争_玩法图标资产包_4.4_证据重审版_2026-07-28/standardized/investment_strategy/investment_strategy_179.png","46016","DEC3AB6E47DB38B0DB6558F21122220C84BE94CA68CFB73FE1DD31BEBD52D66F"
"货币战争_玩法图标资产包_4.4_证据重审版_2026-07-28/standardized/investment_strategy/investment_strategy_180.png","44218","6EC34A748604A1DC3C43F7B9B34A455C3B6DD19623AE52751821474CCCF52476"
"货币战争_玩法图标资产包_4.4_证据重审版_2026-07-28/standardized/investment_strategy/investment_strategy_181.png","45682","84462AD90ACA01070A29A81EB99AD734D8D3EC1C00C1A1ED1998E080F508E0F1"
"货币战争_玩法图标资产包_4.4_证据重审版_2026-07-28/standardized/investment_strategy/investment_strategy_182.png","45276","70F750FBFDFF8866C06D7606E3DE648CB345CA3E5A3DC45354D01E01D68E6A9A"
"货币战争_玩法图标资产包_4.4_证据重审版_2026-07-28/standardized/investment_strategy/investment_strategy_183.png","41455","4B30494332B5AFB5137E81940DD595E298E52E1989E9C5144257AAEE127CF94B"
"货币战争_玩法图标资产包_4.4_证据重审版_2026-07-28/standardized/investment_strategy/investment_strategy_184.png","39849","6CFD4564D81FD93ADEDEED9EE7C25906C9937DB2A78179C360764378BE4B0F3D"
"货币战争_玩法图标资产包_4.4_证据重审版_2026-07-28/standardized/investment_strategy/investment_strategy_185.png","45287","3AC4D0561AA4C8400F26F3B472B639B6FA14C1ED3462DD6879ACB68F6E1B46A8"
"货币战争_玩法图标资产包_4.4_证据重审版_2026-07-28/standardized/investment_strategy/investment_strategy_186.png","41424","E35F0B43BAF18EA53E604122F6B53FD8AC4927A410D2B23F13B8960E60DF5495"
"货币战争_玩法图标资产包_4.4_证据重审版_2026-07-28/standardized/investment_strategy/investment_strategy_187.png","43188","7CF72FD3C48CF97D28C7C0FCC0DF22DB49F998F9ADCA2CA4FC17C3DEB2EF9C65"
"货币战争_玩法图标资产包_4.4_证据重审版_2026-07-28/standardized/investment_strategy/investment_strategy_188.png","44782","A8FF6907DFD325C3126083B72A13A195CFBDAA055990646F8542F4FBF8B90376"
"货币战争_玩法图标资产包_4.4_证据重审版_2026-07-28/standardized/investment_strategy/investment_strategy_189.png","45428","09EDF49671D8CAA854592C7E4D5AD6C96944C1CF2667153E9448842449900611"
"货币战争_玩法图标资产包_4.4_证据重审版_2026-07-28/standardized/investment_strategy/investment_strategy_190.png","41164","67F676AF3C8A5A7D56C5306E498E41F0E275268ED8119225BC629B10DA69F717"
"货币战争_玩法图标资产包_4.4_证据重审版_2026-07-28/standardized/investment_strategy/investment_strategy_191.png","41164","67F676AF3C8A5A7D56C5306E498E41F0E275268ED8119225BC629B10DA69F717"
"货币战争_玩法图标资产包_4.4_证据重审版_2026-07-28/standardized/investment_strategy/investment_strategy_192.png","44809","08766FB8275CF106BD03EC06667CA2B51C570579BFD1141C21712EA8DD6D1B4A"
"货币战争_玩法图标资产包_4.4_证据重审版_2026-07-28/standardized/investment_strategy/investment_strategy_193.png","46473","214FA60CD72800AC5CB89E4AE0C1585D61F6CE52399AD991C40D231D055DCD6A"
"货币战争_玩法图标资产包_4.4_证据重审版_2026-07-28/standardized/investment_strategy/investment_strategy_194.png","43930","10298A3E0B46BB51DA79631D7AC67E350258FB68F5A29988B1D70E5088595A31"
"货币战争_玩法图标资产包_4.4_证据重审版_2026-07-28/standardized/investment_strategy/investment_strategy_195.png","44565","4E41C7FD444C558C8ED5FB9AC28AB94DA89476E90A366976B01FB289F0BD48BE"
"货币战争_玩法图标资产包_4.4_证据重审版_2026-07-28/standardized/investment_strategy/investment_strategy_196.png","47122","514ABFD05E5D0929BB875641F176407E1DDC245C1DFC63A8AA112C98F809E136"
"货币战争_玩法图标资产包_4.4_证据重审版_2026-07-28/standardized/investment_strategy/investment_strategy_197.png","47003","38FECB9A6D4F7A1E2623328A8B4FEB2C0BE8B6DC6EE6EAEC231D45F043924488"
"货币战争_玩法图标资产包_4.4_证据重审版_2026-07-28/standardized/investment_strategy/investment_strategy_198.png","44177","D104D3638E4925CF6BFCA78B4FF15E505AB04AEB985DBF3FE0BF55191851FA7C"
"货币战争_玩法图标资产包_4.4_证据重审版_2026-07-28/standardized/investment_strategy/investment_strategy_199.png","48977","17EBD66EB8C83E276BE53221A5C115D00194979D77BCB17D54958C5503962D76"
"货币战争_玩法图标资产包_4.4_证据重审版_2026-07-28/standardized/investment_strategy/investment_strategy_200.png","46006","AB8F879569C1DE886BE29235AF173DC28EBE1D83858069CAA3C40999318F6C72"
"货币战争_玩法图标资产包_4.4_证据重审版_2026-07-28/standardized/investment_strategy/investment_strategy_201.png","43899","18D95DC5DF7AAB0D6F187CA59F1244D994F3B92CCC5EDF02A98F04EBDF8879E6"
"货币战争_玩法图标资产包_4.4_证据重审版_2026-07-28/standardized/investment_strategy/investment_strategy_202.png","44007","EDDC22C6ECC6051FD1628E31713AD7B0A4EAEA142233E3F13EC9FA68ED547F9C"
"货币战争_玩法图标资产包_4.4_证据重审版_2026-07-28/standardized/investment_strategy/investment_strategy_203.png","43322","FAA6FDF919C6551324A379472ABECB4E92E9DE18C05B3EFBAE316649251E0FC1"
"货币战争_玩法图标资产包_4.4_证据重审版_2026-07-28/standardized/investment_strategy/investment_strategy_204.png","42395","4F24CB39232E9D4FABAE348B1FB2A151448A2FBA2A08315D8861EB4FB847DD06"
"货币战争_玩法图标资产包_4.4_证据重审版_2026-07-28/standardized/investment_strategy/investment_strategy_205.png","46578","127B8AEE7608CC98BD3E86F3984C1B700D62E5F660CB4F4C69EA5B3B3F486087"
"货币战争_玩法图标资产包_4.4_证据重审版_2026-07-28/standardized/investment_strategy/investment_strategy_206.png","44503","64BD175C52C384FDB7118C68F7A78DB5AFDE4AF08F854744403BBBD318D04528"
"货币战争_玩法图标资产包_4.4_证据重审版_2026-07-28/standardized/investment_strategy/investment_strategy_207.png","45454","48031CFD19423D3F94012402355C8524613955B10F106D80088107E3551EBEC3"
"货币战争_玩法图标资产包_4.4_证据重审版_2026-07-28/standardized/investment_strategy/investment_strategy_208.png","48624","B8582321A058EB3C74A0EE5EF067C75DF14A75693C8B3FD248F9568315FC543C"
"货币战争_玩法图标资产包_4.4_证据重审版_2026-07-28/standardized/investment_strategy/investment_strategy_209.png","42653","BA58AD4A795CB067EF6C7A736CD652D5E423CAB2BF0B7A7A871BC08F3B0614D6"
"货币战争_玩法图标资产包_4.4_证据重审版_2026-07-28/standardized/investment_strategy/investment_strategy_210.png","42551","BBB1107FC5A918C23849C04DF5D43991BB434EB5EAA0739DF30B98DD9641C810"
"货币战争_玩法图标资产包_4.4_证据重审版_2026-07-28/standardized/investment_strategy/investment_strategy_211.png","46523","F19CDFD6ADB1B6B6FD84E162383302BC1CB91296A00ACCB8F7B1D63FA81A6626"
"货币战争_玩法图标资产包_4.4_证据重审版_2026-07-28/standardized/investment_strategy/investment_strategy_212.png","44519","4D43AD4626E1FF63280CE0465AC491331DD86022F40DED77F306CF482CA0AEF7"
"货币战争_玩法图标资产包_4.4_证据重审版_2026-07-28/standardized/investment_strategy/investment_strategy_213.png","46098","72CFFEF27DBB367052B691DC7628EF74E98C55E06C549644564E4F19FE7E5388"
"货币战争_玩法图标资产包_4.4_证据重审版_2026-07-28/standardized/investment_strategy/investment_strategy_214.png","48796","487139E29E5FD223C151842651C9FB3CB18E9AEB42917650A695548317CF328B"
"货币战争_玩法图标资产包_4.4_证据重审版_2026-07-28/standardized/investment_strategy/investment_strategy_215.png","48484","7EF8A1999E8FFD4CD82FE6BA50BCC7995474F84F626A83CB3A44D9BB65711543"
"货币战争_玩法图标资产包_4.4_证据重审版_2026-07-28/standardized/investment_strategy/investment_strategy_216.png","45977","CE21CF4FB8B35FD7DE4CA276E5443A8891367B58AFD5A69E88263F4B9A6F0621"
"货币战争_玩法图标资产包_4.4_证据重审版_2026-07-28/standardized/investment_strategy/investment_strategy_217.png","46119","5AA407A7EE25D9678E8B82653CB70BBC363CC2CE2C19C2CD0956D3BCB0043546"
"货币战争_玩法图标资产包_4.4_证据重审版_2026-07-28/standardized/investment_strategy/investment_strategy_218.png","47357","7C442D6C31C9AD191FA04F6ECCE013951D90BE9CC05F46D0151AC43158281F2F"
"货币战争_玩法图标资产包_4.4_证据重审版_2026-07-28/standardized/investment_strategy/investment_strategy_219.png","47689","3E6E9287AFE3C60EDD98D31896FDF0514B217FD2FBE63C8AD2CE350ED9A8BF1A"
"货币战争_玩法图标资产包_4.4_证据重审版_2026-07-28/standardized/investment_strategy/investment_strategy_220.png","48287","94E58658C7B8AC2DDF77906664C3361CB93FCD3B39529071008E948E67DB9608"
"货币战争_玩法图标资产包_4.4_证据重审版_2026-07-28/standardized/investment_strategy/investment_strategy_221.png","47836","5F6295D1E43C61F798A1DCDBFF1729C996BF5064C1995CB42F4900414F17646A"
"货币战争_玩法图标资产包_4.4_证据重审版_2026-07-28/standardized/investment_strategy/investment_strategy_222.png","46164","4B54F63ADE65AE0495022AEFB32E92B07CBF7688F6DF44179F2DA5133171CDE9"
"货币战争_玩法图标资产包_4.4_证据重审版_2026-07-28/standardized/investment_strategy/investment_strategy_223.png","50894","CD9907C0B815B15ED5E05B07B4E149D33EFD124150518202AA2E0B5D17A92C79"
"货币战争_玩法图标资产包_4.4_证据重审版_2026-07-28/standardized/investment_strategy/investment_strategy_224.png","43608","939E377038E73CA24768459DB7381175678AD3198B9DCDDBE312443DBD95ED08"
"货币战争_玩法图标资产包_4.4_证据重审版_2026-07-28/standardized/investment_strategy/investment_strategy_225.png","44136","AF762ED1D619FF19451E140109A283D10848DDB6132E547EB9E36E0DCA887F62"
"货币战争_玩法图标资产包_4.4_证据重审版_2026-07-28/standardized/investment_strategy/investment_strategy_226.png","43772","8A6002781063669B18A07000F4BC054B3A8AD2866CFBB0037A3725CF532767E6"
"货币战争_玩法图标资产包_4.4_证据重审版_2026-07-28/standardized/investment_strategy/investment_strategy_227.png","44637","6AC207DD516078FB9C58710CB8E50697388F3B2E033BBC3C1171501A5E51B3E1"
"货币战争_玩法图标资产包_4.4_证据重审版_2026-07-28/standardized/investment_strategy/investment_strategy_228.png","38482","3D061B173F0412E540CDD3EFCA9232FAD5B84AAE8EA0999F643A753404BFE6BC"
"货币战争_玩法图标资产包_4.4_证据重审版_2026-07-28/standardized/investment_strategy/investment_strategy_229.png","48700","AF894EA47CDF90F569B22D46DD4F0770B64DFBBFBE512D7E192156442792AB02"
"货币战争_玩法图标资产包_4.4_证据重审版_2026-07-28/standardized/investment_strategy/investment_strategy_230.png","43824","908098545A852CFF926416C7C60C436BA8B79A8310E33C438EB1A8435FFA24E6"
"货币战争_玩法图标资产包_4.4_证据重审版_2026-07-28/standardized/investment_strategy/investment_strategy_231.png","43824","908098545A852CFF926416C7C60C436BA8B79A8310E33C438EB1A8435FFA24E6"
"货币战争_玩法图标资产包_4.4_证据重审版_2026-07-28/standardized/investment_strategy/investment_strategy_232.png","41530","DD5B2C094EC060AF3A8F5E64C43C20F7C57A49FD080D84396EAFF11151057DAF"
"货币战争_玩法图标资产包_4.4_证据重审版_2026-07-28/standardized/investment_strategy/investment_strategy_233.png","37519","645AAF731B6FF735820D8C89A72E565BCAD55524AA909FCA48DF3E3C664FA35C"
"货币战争_玩法图标资产包_4.4_证据重审版_2026-07-28/standardized/investment_strategy/investment_strategy_234.png","44355","914746491257CD65DA13F73E9844A49D483CD7E5B5EE5D0141C9AFEA525A90F5"
"货币战争_玩法图标资产包_4.4_证据重审版_2026-07-28/standardized/investment_strategy/investment_strategy_235.png","48180","5B10AF5CF6B98982EB694B90D14D9EA5DF32581CD1070F99FA941C239D792A64"
"货币战争_玩法图标资产包_4.4_证据重审版_2026-07-28/standardized/investment_strategy/investment_strategy_236.png","40175","69F753C61F30541EAB0204A321CD142583A537F0CF54C0824DB7FD0933BE57FB"
"货币战争_玩法图标资产包_4.4_证据重审版_2026-07-28/standardized/investment_strategy/investment_strategy_237.png","48375","366EA5091FEFB359218E749A0E986172428EAE87FE1DA9278672331CBD021107"
"货币战争_玩法图标资产包_4.4_证据重审版_2026-07-28/standardized/investment_strategy/investment_strategy_238.png","43496","3F95E85CB26B2EFDF558F372025D15BFEDD84B08C3131D850CF5F438B0A10C3F"
"货币战争_玩法图标资产包_4.4_证据重审版_2026-07-28/standardized/investment_strategy/investment_strategy_239.png","44355","914746491257CD65DA13F73E9844A49D483CD7E5B5EE5D0141C9AFEA525A90F5"
"货币战争_玩法图标资产包_4.4_证据重审版_2026-07-28/standardized/investment_strategy/investment_strategy_240.png","48180","5B10AF5CF6B98982EB694B90D14D9EA5DF32581CD1070F99FA941C239D792A64"
"货币战争_玩法图标资产包_4.4_证据重审版_2026-07-28/standardized/investment_strategy/investment_strategy_241.png","34139","2E71782ED8ED0E3C9201CEC96C071FA12C845F2F05C1CAEAFA55FC9E9BE4471B"
"货币战争_玩法图标资产包_4.4_证据重审版_2026-07-28/standardized/investment_strategy/investment_strategy_242.png","48106","9B6E641DC3FCB111BF6BD4D53C250027EDC314ED82348B1205AE8A5E8196FB45"
"货币战争_玩法图标资产包_4.4_证据重审版_2026-07-28/standardized/investment_strategy/investment_strategy_243.png","46709","B4B92DB3F2D95359DB90F24EA62B1332633586DEA3CB10558073DFE6758DF5DB"
"货币战争_玩法图标资产包_4.4_证据重审版_2026-07-28/standardized/investment_strategy/investment_strategy_244.png","47101","FA36E581BC9DF1D011A090EFAE3511C2F96314842D1ECA2737E8084E6171CE24"
"货币战争_玩法图标资产包_4.4_证据重审版_2026-07-28/standardized/investment_strategy/investment_strategy_245.png","46715","681E6A70ED2617F6FD33FB01E7A9F3BD80D0871E70F1DF49675D1C819E1BC30B"
"货币战争_玩法图标资产包_4.4_证据重审版_2026-07-28/standardized/investment_strategy/investment_strategy_246.png","38989","D8983272F08644EC3948DACE79A96ED6142FEDE8CAC1D921F874DDABD178ACFB"
"货币战争_玩法图标资产包_4.4_证据重审版_2026-07-28/standardized/investment_strategy/investment_strategy_247.png","46101","BF6612ECC9B01783CE3A7906C76FE3408BE8E2CE818A594009E495438F010B11"
"货币战争_玩法图标资产包_4.4_证据重审版_2026-07-28/standardized/investment_strategy/investment_strategy_248.png","45498","D0F409FD3DA10BD9D524EBD323DAF7F27A7A9C291D455E72466C98F7C55BDFA0"
"货币战争_玩法图标资产包_4.4_证据重审版_2026-07-28/standardized/investment_strategy/investment_strategy_249.png","47182","25E732593D956289C80FE70169714AE262CD5C138EF61032FBDD0ED7EC58107E"
"货币战争_玩法图标资产包_4.4_证据重审版_2026-07-28/standardized/investment_strategy/investment_strategy_250.png","39462","6AF732B80785BA0E6D9DCD71FB0341D489DEF0987F83ACB06230F5A59D2B5689"
"货币战争_玩法图标资产包_4.4_证据重审版_2026-07-28/standardized/investment_strategy/investment_strategy_251.png","39462","6AF732B80785BA0E6D9DCD71FB0341D489DEF0987F83ACB06230F5A59D2B5689"
"货币战争_玩法图标资产包_4.4_证据重审版_2026-07-28/standardized/investment_strategy/investment_strategy_252.png","39462","6AF732B80785BA0E6D9DCD71FB0341D489DEF0987F83ACB06230F5A59D2B5689"
"货币战争_玩法图标资产包_4.4_证据重审版_2026-07-28/standardized/investment_strategy/investment_strategy_253.png","43001","275F1E95C23A2038691447985479397198973650C311E4E11FC1777A7422A1D1"
"货币战争_玩法图标资产包_4.4_证据重审版_2026-07-28/standardized/investment_strategy/investment_strategy_254.png","48112","9B82DF752262A85FCB050269046785F2B38B89DD85B53854F68A48AE7BC11986"
"货币战争_玩法图标资产包_4.4_证据重审版_2026-07-28/standardized/investment_strategy/investment_strategy_255.png","47175","2B5DB3DB59FD6639DC1F894DDAFE93BA124946160A59B5F1F3FE7F158F5ECC12"
"货币战争_玩法图标资产包_4.4_证据重审版_2026-07-28/standardized/investment_strategy/investment_strategy_256.png","46293","7AB6300C5BDC1A749D557C2CE76D7D4BFC0E8FBA1C43E9D1D3D8B8AB6D3D78F4"
"货币战争_玩法图标资产包_4.4_证据重审版_2026-07-28/standardized/investment_strategy/investment_strategy_257.png","47855","DD0CFDB489646FF3D16FD8243351C873E19C092C32C46BEBB458B9266DE7B853"
"货币战争_玩法图标资产包_4.4_证据重审版_2026-07-28/standardized/investment_strategy/investment_strategy_258.png","46045","62C199035896EE37AB8D4F55DBAC5CE7C6908268DFCCC9AA50CFD63F72DD6589"
"货币战争_玩法图标资产包_4.4_证据重审版_2026-07-28/standardized/investment_strategy/investment_strategy_259.png","44121","DA648BEE92200467164BFFBC4B4A83B48994C354A0295EE0322D9373091BE3DD"
"货币战争_玩法图标资产包_4.4_证据重审版_2026-07-28/standardized/investment_strategy/investment_strategy_260.png","46855","673C5CF2753B19EE2B2B69FDBF8AFE008336EF2B4F8E45E0359A5CEED17F9D3F"
"货币战争_玩法图标资产包_4.4_证据重审版_2026-07-28/standardized/investment_strategy/investment_strategy_261.png","47239","E14F5E2B54F1B28417A3C81019191CC20D8962432E3FB83A8D99CB081D87BD2B"
"货币战争_玩法图标资产包_4.4_证据重审版_2026-07-28/standardized/investment_strategy/investment_strategy_262.png","43677","D03BA81AAF3E1EBE5D851DD81E7E261E333765FE0163FD501CA9B4BCB7863815"
"货币战争_玩法图标资产包_4.4_证据重审版_2026-07-28/standardized/investment_strategy/investment_strategy_263.png","42029","C7244A4DB6C39B093C44ABC8C0276EB0821369C46EA0F156E4B5550F9297A222"
"货币战争_玩法图标资产包_4.4_证据重审版_2026-07-28/standardized/investment_strategy/investment_strategy_264.png","47374","CBA472F759893AACDFFE89851F54CD6F795EE7E2029529AF0A3C2D435A854A64"
"货币战争_玩法图标资产包_4.4_证据重审版_2026-07-28/standardized/investment_strategy/investment_strategy_265.png","44448","645A336DF3411EE5F24462ACE5835E9239D5E7FC57CCE03B3F5B1B86B54AA250"
"货币战争_玩法图标资产包_4.4_证据重审版_2026-07-28/standardized/investment_strategy/investment_strategy_266.png","46815","C2A90FF149C8C9C54E1D8643E2515997CD4D384DA50FE0D9F9DC7CFBBE372F47"
"货币战争_玩法图标资产包_4.4_证据重审版_2026-07-28/standardized/investment_strategy/investment_strategy_267.png","47167","42E29FEBBFDB46286641B0E1E3FAB64C892A297FAB948D0932791DE4D8A8DE05"
"货币战争_玩法图标资产包_4.4_证据重审版_2026-07-28/standardized/investment_strategy/investment_strategy_268.png","49004","41476F91B1E1074FDF2999294AAA9E168F043199DC098A7A9AFA77FFE9289261"
"货币战争_玩法图标资产包_4.4_证据重审版_2026-07-28/standardized/investment_strategy/investment_strategy_269.png","49004","41476F91B1E1074FDF2999294AAA9E168F043199DC098A7A9AFA77FFE9289261"
"货币战争_玩法图标资产包_4.4_证据重审版_2026-07-28/standardized/investment_strategy/investment_strategy_270.png","50319","119BEC93B91142B5F43AE3FAD5ECEEE5E8A0EA3E9CDA3F2939B8B46C65AF4A4A"
"货币战争_玩法图标资产包_4.4_证据重审版_2026-07-28/standardized/investment_strategy/investment_strategy_271.png","42746","D67F2E6217F3D48AA3EA6184C316E1D8FE0170180A23FD584984985380C6E1D1"
"货币战争_玩法图标资产包_4.4_证据重审版_2026-07-28/standardized/investment_strategy/investment_strategy_272.png","42746","D67F2E6217F3D48AA3EA6184C316E1D8FE0170180A23FD584984985380C6E1D1"
"货币战争_玩法图标资产包_4.4_证据重审版_2026-07-28/standardized/investment_strategy/investment_strategy_273.png","50774","8B7E7D683115AD37186B96F84BC459870634E112A7629961EE535FDFD1612EFA"
"货币战争_玩法图标资产包_4.4_证据重审版_2026-07-28/standardized/investment_strategy/investment_strategy_274.png","46037","98D4E575E471A2D1EC78E31E21A8A0743C72A98AC60CED2B11BD6A8FE06ADDF7"
"货币战争_玩法图标资产包_4.4_证据重审版_2026-07-28/standardized/investment_strategy/investment_strategy_275.png","39483","843AA43EAD5E55060D99D4BC3EA47D93DE12963C400048B39B0AB62C1B82EE9F"
"货币战争_玩法图标资产包_4.4_证据重审版_2026-07-28/standardized/investment_strategy/investment_strategy_276.png","40187","8005F50323187633960C387838200DFC1B136E308F216E194AE618CFD684698E"
"货币战争_玩法图标资产包_4.4_证据重审版_2026-07-28/standardized/investment_strategy/investment_strategy_277.png","37485","A74E2A5B4F3F62FDED2E4BC87E83FB1510175EF7BBA8E424DA52D9E764B015FF"
"货币战争_玩法图标资产包_4.4_证据重审版_2026-07-28/standardized/investment_strategy/investment_strategy_278.png","37838","B2B833AA16DBEBB2B8230376B1273084496FAFD4884BF47FFA02DE342C50DBEF"
"货币战争_玩法图标资产包_4.4_证据重审版_2026-07-28/standardized/investment_strategy/investment_strategy_279.png","36277","676326AA40732EF2289F79D64CDA46C1EC94DFA21EAFB17352B6E87B906E09C9"
"货币战争_玩法图标资产包_4.4_证据重审版_2026-07-28/standardized/investment_strategy/investment_strategy_280.png","47943","B8BA90E57B636D9FD636EF8C6DAEAAAC54FA76AC6E21E83A0450CB2ACD6B5CA7"
"货币战争_玩法图标资产包_4.4_证据重审版_2026-07-28/standardized/investment_strategy/investment_strategy_281.png","44440","9F407AD00CCC99C5005C2E5000F11584562817BC0FA4A530A88091C2526DB52B"
"货币战争_玩法图标资产包_4.4_证据重审版_2026-07-28/standardized/investment_strategy/investment_strategy_282.png","45957","74CABB5997369D991BC9BE1AA802AE66959CA27CFC91E3804A6B2EC868629E97"
"货币战争_玩法图标资产包_4.4_证据重审版_2026-07-28/standardized/investment_strategy/investment_strategy_283.png","43279","55D14B0D1E0BE94DFA9D4D39259FE8595B73DBA3B46C168394E0DF5E31173419"
"货币战争_玩法图标资产包_4.4_证据重审版_2026-07-28/standardized/investment_strategy/investment_strategy_284.png","47443","A1447CDA6010F9764F96E1215718EB445E079F82EF92EA39CCC0823CDB97C238"
"货币战争_玩法图标资产包_4.4_证据重审版_2026-07-28/standardized/investment_strategy/investment_strategy_285.png","47284","32985B3D7502BEE346978A1DD844ABC2ED33A97770E5E5A060F85BD4E04B5E0F"
"货币战争_玩法图标资产包_4.4_证据重审版_2026-07-28/standardized/investment_strategy/investment_strategy_286.png","45042","E6A9D067238C7CE19AB9588D0BE809ABCC06CDE8F790F82464D195788DBC35E7"
"货币战争_玩法图标资产包_4.4_证据重审版_2026-07-28/standardized/investment_strategy/investment_strategy_287.png","48742","032B6DF284949389871D80D4F8CAE8A70A129DFF37CD73D73885B5B61CCB90F0"
"货币战争_玩法图标资产包_4.4_证据重审版_2026-07-28/standardized/investment_strategy/investment_strategy_288.png","45608","028BCFFFDF5361B2A7B3207137D750E35DED5A2A9566DD4D5857AAC36C9D10E5"
"货币战争_玩法图标资产包_4.4_证据重审版_2026-07-28/standardized/investment_strategy/investment_strategy_289.png","51349","5A89A62993C691A5B0DE1E2D59EA2A6C6D1DCEA61431D5E93EB876EECC46D12B"
"货币战争_玩法图标资产包_4.4_证据重审版_2026-07-28/standardized/investment_strategy/investment_strategy_290.png","48783","7617B7EB02210DE5D1C6A13E12316FAA2CFE86290353A51D6F918C7390BB8F44"
"货币战争_玩法图标资产包_4.4_证据重审版_2026-07-28/standardized/investment_strategy/investment_strategy_291.png","38370","C8533F55FC8187B0D369EC25F0EA389BE4BBABFABC435CA29820F6907DE7870F"
"货币战争_玩法图标资产包_4.4_证据重审版_2026-07-28/standardized/investment_strategy/investment_strategy_292.png","47323","C58AF37B1A8D131E45CC6DE9180AA7572F37D06FEF2A2D8012021CC06CB3B035"
"货币战争_玩法图标资产包_4.4_证据重审版_2026-07-28/standardized/investment_strategy/investment_strategy_293.png","49022","6BA505EE35AD74E5769E0967AEDB467907C97C020047C9B58D9C2409AF052FCC"
"货币战争_玩法图标资产包_4.4_证据重审版_2026-07-28/standardized/investment_strategy/investment_strategy_294.png","47053","CDC404E228A4794E3313023AB41471B5F46ACBE2C024820187170608F6BEB50B"
"货币战争_玩法图标资产包_4.4_证据重审版_2026-07-28/standardized/investment_strategy/investment_strategy_295.png","43034","F088B1CC935770D8374E9A30F8EDA7AA494820CE3613EB074D127A45DA86395A"
"货币战争_玩法图标资产包_4.4_证据重审版_2026-07-28/standardized/investment_strategy/investment_strategy_296.png","47271","40ED8305B04D109FDF6D2C3C11B7D51A4A30F6B715757E0730F18152C116266F"
"货币战争_玩法图标资产包_4.4_证据重审版_2026-07-28/standardized/investment_strategy/investment_strategy_297.png","45570","02D1D09B64D685BFAA9978A35A0FA6E1258D8712E678B3DF5F690AAC87B6956B"
"货币战争_玩法图标资产包_4.4_证据重审版_2026-07-28/standardized/investment_strategy/investment_strategy_298.png","46909","A932A80EDBDDBFC7DE1003E3C6A4E048B72B8C92198F4A916C2C743AEFCAE77E"
"货币战争_玩法图标资产包_4.4_证据重审版_2026-07-28/standardized/investment_strategy/investment_strategy_299.png","41533","F7BB999EB06B884B6C366DD3D1A405C57550B8AB24AF3046E3EA8C62358BA6C1"
"货币战争_玩法图标资产包_4.4_证据重审版_2026-07-28/standardized/investment_strategy/investment_strategy_300.png","46587","E0382DC0D557CF33EFB27ED85FA5C54B18B8E6E0A16D8EAAA20F58851E759AEF"
"货币战争_玩法图标资产包_4.4_证据重审版_2026-07-28/standardized/investment_strategy/investment_strategy_301.png","47296","7A108503E0770D722BDA45B51A1619F7DD0BA52FBCBEAC0048B4CD1979F38D28"
"货币战争_玩法图标资产包_4.4_证据重审版_2026-07-28/standardized/investment_strategy/investment_strategy_302.png","43641","2E6408966F3D8632831BBA8AB1B05556F87AD84D9DD18D32B19C28ECDDD93615"
"货币战争_玩法图标资产包_4.4_证据重审版_2026-07-28/standardized/investment_strategy/investment_strategy_303.png","45768","B9DAB4BE6D507C07F10F4A1B1E94680EA38A5D21227656E31DDEE072CDEC4CAB"
"货币战争_玩法图标资产包_4.4_证据重审版_2026-07-28/standardized/investment_strategy/investment_strategy_304.png","45059","C74BD3ECB30EB4AE75F4E4F9A6A4F6606E177797C9C636088F73ACF09E1CCA9C"
"货币战争_玩法图标资产包_4.4_证据重审版_2026-07-28/standardized/investment_strategy/investment_strategy_305.png","44954","15886BA7B9327C70612A6705ADD91DA6736BB6DD0D74EF143768F367DF1BA87B"
"货币战争_玩法图标资产包_4.4_证据重审版_2026-07-28/standardized/investment_strategy/investment_strategy_306.png","45658","5F1925C2BCF2F98732095E29B50AB72577B4DDF8C3C30C0AB94292A2D6CA7B30"
"货币战争_玩法图标资产包_4.4_证据重审版_2026-07-28/standardized/investment_strategy/investment_strategy_307.png","44565","6CE16D12DA29E8E7C4EC3B4AE33B023FE211E1426D8EE880ADB2F9A9B27A8463"
"货币战争_玩法图标资产包_4.4_证据重审版_2026-07-28/standardized/investment_strategy/investment_strategy_308.png","45279","0B3149D5AC840B8067D53730478587E123535630B4D88FC6EF608AF90EA57E0D"
"货币战争_玩法图标资产包_4.4_证据重审版_2026-07-28/standardized/investment_strategy/investment_strategy_309.png","43503","BB98C7A17007BD2E91D2CBE2C1072A8F77B8B0143070B32204726EC4C77802D4"
"货币战争_玩法图标资产包_4.4_证据重审版_2026-07-28/standardized/investment_strategy/investment_strategy_310.png","44773","BD6925604C8AEDEDAFBBA647658F20F6487497D8599F049CB873D2FC1D296F78"
"货币战争_玩法图标资产包_4.4_证据重审版_2026-07-28/standardized/investment_strategy/investment_strategy_311.png","42253","F1D71E61F1A878FEBDB7D853564F40019D301B4977FD98E60F704AA12BFB1432"
"货币战争_玩法图标资产包_4.4_证据重审版_2026-07-28/standardized/investment_strategy/investment_strategy_312.png","44204","5318C3A90E7B0BF82A77BB73673DB80CCBED3591F0CEDE15DD8A1746EBA64331"
"货币战争_玩法图标资产包_4.4_证据重审版_2026-07-28/standardized/investment_strategy/investment_strategy_313.png","44475","A4C35B2065CA0C56B5F4FD83290F8833FB84288938F61455B9A3AACE7053B1FF"
"货币战争_玩法图标资产包_4.4_证据重审版_2026-07-28/standardized/investment_strategy/investment_strategy_314.png","46541","208D7042303A0C8DF50B87064AF6C83BBC79FD6162BFA59FF4C931E3F92E2CDD"
"货币战争_玩法图标资产包_4.4_证据重审版_2026-07-28/standardized/investment_strategy/investment_strategy_315.png","47654","1B6B64B160758FA422B1C17D58D5336F33683EB919921C1619762F7A737D594B"
"货币战争_玩法图标资产包_4.4_证据重审版_2026-07-28/standardized/investment_strategy/investment_strategy_316.png","40083","1CB1B6189452D1CBE4C1369532D381080BBEB2CBE15C301AC15BD3F06DB6873D"
"货币战争_玩法图标资产包_4.4_证据重审版_2026-07-28/standardized/investment_strategy/investment_strategy_317.png","47703","50CBFB34E0257EB711C38C3BB6C4FA92D7C5D07FAE979A83C0E2A09A5EC4CAC3"
"货币战争_玩法图标资产包_4.4_证据重审版_2026-07-28/standardized/investment_strategy/investment_strategy_318.png","45815","C4EE3D700DF00EA18FB2C16806C24E9B78548AE78AEB2DF213D3CB43D3B4BCCB"
"货币战争_玩法图标资产包_4.4_证据重审版_2026-07-28/standardized/investment_strategy/investment_strategy_319.png","50169","2264D254F8AF0F229102CEAB42DFD41EC3EA3CF3B52D4DF59A5701A0069710B4"
"货币战争_玩法图标资产包_4.4_证据重审版_2026-07-28/standardized/investment_strategy/investment_strategy_320.png","44207","A276A5273047991AB1AB0418A2B93352780F2A18B2E7EE0D9AC7BC6F3BC6127A"
"货币战争_玩法图标资产包_4.4_证据重审版_2026-07-28/standardized/investment_strategy/investment_strategy_321.png","46419","7ED5AACD41D39EFC1499F48A8D50E32F563B5E2158FBAA658450C5C95AD3EAEC"
"货币战争_玩法图标资产包_4.4_证据重审版_2026-07-28/standardized/investment_strategy/investment_strategy_322.png","46364","8C9B9F8B8A0BE74D437C2D3F8E74D3D1374DB7BCA45114C51AE261D786918373"
"货币战争_玩法图标资产包_4.4_证据重审版_2026-07-28/standardized/investment_strategy/investment_strategy_323.png","45121","7D3D68711BBA8EF4003CA5CCE8E6467A8529D907CC21FC8D8E9FCC176F119FC3"
"货币战争_玩法图标资产包_4.4_证据重审版_2026-07-28/standardized/investment_strategy/investment_strategy_324.png","52734","51EF314F933907E0D9136697382B5811FA8F86E795EE5E3191C70C8CC94C52D8"
"货币战争_玩法图标资产包_4.4_证据重审版_2026-07-28/standardized/investment_strategy/investment_strategy_325.png","48906","D78C9A05423CC5D796405CEF3F5E2F6289AAA0900A649C4615885BD15C55BF30"
"货币战争_玩法图标资产包_4.4_证据重审版_2026-07-28/standardized/investment_strategy/investment_strategy_326.png","48664","97D78D190290D5DAA8F667358CE1F01C4765CC19E9B4B021774DB2033608E031"
"货币战争_玩法图标资产包_4.4_证据重审版_2026-07-28/standardized/investment_strategy/investment_strategy_327.png","49048","8E1FEF70E57C9861138BE6FA59ADD5872FF3216F650FAEA21EED9B6ED94BE233"
"货币战争_玩法图标资产包_4.4_证据重审版_2026-07-28/standardized/investment_strategy/investment_strategy_328.png","48809","EB175C2D013A672B653B132167DCFFA2D42D03C9D6A5125B0BB3DEB1F5EA8948"
"货币战争_玩法图标资产包_4.4_证据重审版_2026-07-28/standardized/investment_strategy/investment_strategy_329.png","50289","DB399BF6D251256A066DF4DE8EA57E27BF29800A69ECC5D5482A7D9AF7828FB0"
"货币战争_玩法图标资产包_4.4_证据重审版_2026-07-28/standardized/investment_strategy/investment_strategy_330.png","47004","A8F9C6C0DC9A474D51382D9F369016321C9A5B6AD4058CBCA9C14CC4B4D7C2BE"
"货币战争_玩法图标资产包_4.4_证据重审版_2026-07-28/standardized/investment_strategy/investment_strategy_331.png","42944","8FD539374C0BE45674A85BC0D82FEF6A941969B3F72751E0B1553A60B4D04968"
"货币战争_玩法图标资产包_4.4_证据重审版_2026-07-28/standardized/investment_strategy/investment_strategy_332.png","43060","B41027E3E9F9D18F6D571DA8AAFCB83240B025014BFD7E212BD28F1B13D0694F"
"货币战争_玩法图标资产包_4.4_证据重审版_2026-07-28/standardized/investment_strategy/investment_strategy_333.png","48975","D80064878F4545555C6E1DADEEA0D64AEB8C68ED983A8F201BEDF5AA0500A547"
"货币战争_玩法图标资产包_4.4_证据重审版_2026-07-28/standardized/investment_strategy/investment_strategy_334.png","51554","2BE0A45A39761220E33E53FDD0638DF13D889E90890CD957253C3D485007B4A4"
"货币战争_玩法图标资产包_4.4_证据重审版_2026-07-28/standardized/official_composition_layer/layer_environment_background.png","18576","EA7E952AB629CD83F3C62D0E195FCB07D6CB3A8A71AE1EA4934992F5D2BF0684"
"货币战争_玩法图标资产包_4.4_证据重审版_2026-07-28/standardized/official_composition_layer/layer_strategy_background_gold.png","38395","1E66C5674504821846A0B5B8D67A905703C6B026A8BDC8EAEC0FFA18A51A3CDC"
"货币战争_玩法图标资产包_4.4_证据重审版_2026-07-28/standardized/official_composition_layer/layer_strategy_background_prismatic.png","40916","79557A2E02CB53848374DC9B57E25C4E7390AD97915524E2DE26A693F4154D3C"
"货币战争_玩法图标资产包_4.4_证据重审版_2026-07-28/standardized/official_composition_layer/layer_strategy_background_silver.png","30532","E0C0FA01544C54810735A037156DF72C23D8C23F8E7D20881469F247FE31BF93"
"货币战争_玩法图标资产包_4.4_证据重审版_2026-07-28/standardized/official_composition_layer/layer_strategy_prismatic_base.png","9417","75A8CF320F1B8718B23CBF3988BE05F16FDD678DE34F03311A455ADBA902CAC6"
"货币战争_玩法图标资产包_4.4_证据重审版_2026-07-28/standardized/special_item/special_item_001.png","80156","EC07BC4712BAF11D7B64BE426C0B3BDDDE551E14B4C6462DB12396CC13C3151D"
"货币战争_玩法图标资产包_4.4_证据重审版_2026-07-28/standardized/special_item/special_item_002.png","23101","D543FA99049BD7AB16D8C591E4AB5307D2068B047CD4854CA947A257138D7C63"
"货币战争_玩法图标资产包_4.4_证据重审版_2026-07-28/standardized/special_item/special_item_003.png","27254","724872A45EA8774F80403668871E93B2CA726A76DB3C7654685586825EFEFC34"
"货币战争_玩法图标资产包_4.4_证据重审版_2026-07-28/standardized/special_item/special_item_004.png","59775","90865F2A5A332B1B03DDBAC715C879D8975471E961FD09DF1E70E43764886657"
"货币战争_玩法图标资产包_4.4_证据重审版_2026-07-28/standardized/special_item/special_item_005.png","71581","674793A0D5A98C9C56E736A83E25B58F12AAC0D3F059BACD89021946C4909E1B"
"货币战争_玩法图标资产包_4.4_证据重审版_2026-07-28/standardized/special_item/special_item_006.png","65456","B701B76BEF0D5A2894884E6DFAA3E7AE2DD278EDCCF47A39AD6945251E25BB4D"
"货币战争_玩法图标资产包_4.4_证据重审版_2026-07-28/standardized/special_item/special_item_007.png","24872","073AF9CEE0AE75A4C08015192A3FD6324B6FABAC5DEB587D5056F3C2662F4DEA"
"货币战争_玩法图标资产包_4.4_证据重审版_2026-07-28/standardized/special_item/special_item_008.png","30041","4E912BD7D450BC4A5D18DCE28BEC93D666DD6526867D05EF453F5B1509F9899D"
"货币战争_玩法图标资产包_4.4_证据重审版_2026-07-28/standardized/special_item/special_item_009.png","77825","77E23C059D75F6B6D37D98CBF89B183D4C0F790F2A62543E20FBF1B23B72CB6A"
"货币战争_玩法图标资产包_4.4_证据重审版_2026-07-28/standardized/special_item/special_item_010.png","32854","22A6991E2071E3DE5A56D1F1740C6B261BD1DE8133E62F4506C413E34DF29944"
"货币战争_玩法图标资产包_4.4_证据重审版_2026-07-28/standardized/special_item/special_item_011.png","30379","29E4BDD60DE0C6F82A3723354F76D4DAABAB2E7AC884DC71FBD313D2387A7334"
"货币战争_玩法图标资产包_4.4_证据重审版_2026-07-28/standardized/special_item/special_item_012.png","32023","05F803AA6F20C372317AC07EA9957FA86BE3D46A843A937202A00FD750D88CBC"
"货币战争_玩法图标资产包_4.4_证据重审版_2026-07-28/standardized/special_item/special_item_013.png","25481","06F19E70CF441F47BA30FA0817098696C226E00E90A2E60D16BD7D7FB9B4EAF8"
"货币战争_玩法图标资产包_4.4_证据重审版_2026-07-28/standardized/special_item/special_item_014.png","25481","06F19E70CF441F47BA30FA0817098696C226E00E90A2E60D16BD7D7FB9B4EAF8"
"货币战争_玩法图标资产包_4.4_证据重审版_2026-07-28/standardized/special_item/special_item_015.png","27076","748BA47230B90C88F47EA7D4BFB378C5A0864C1C72BFEDEADF12B9D813440DA0"
"货币战争_玩法图标资产包_4.4_证据重审版_2026-07-28/standardized/special_item/special_item_016.png","27059","410122C222A6406503423690E667E0E670164935FD92DF2B5F54466948AB8AB6"
"货币战争_玩法图标资产包_4.4_证据重审版_2026-07-28/standardized/special_item/special_item_017.png","24660","D183DAECDBFD8E3572D00B59EFD0BB404CB0BF8496DF403F06EEDCBA1DFA1FA2"
"货币战争_玩法图标资产包_4.4_证据重审版_2026-07-28/standardized/special_item/special_item_018.png","26603","E70C5376FFDC141577CE1A760F05E7AC2271A57EEE13BDC1E12C2F9C86A6E221"
"货币战争_玩法图标资产包_4.4_证据重审版_2026-07-28/standardized/special_item/special_item_019.png","30617","53A12241C8C678F3048191A5106B9B55EC27E6DDD0B1485BEAEFD7477FC10FEB"
"货币战争_玩法图标资产包_4.4_证据重审版_2026-07-28/standardized/special_item/special_item_020.png","76530","EC2FFF47C61717AF5454BE069DE5A5F016C978F92B307AEC148E7DB9610CC575"
"货币战争_玩法图标资产包_4.4_证据重审版_2026-07-28/standardized/special_item/special_item_021.png","76292","51F31BCD1E1CC33374050B0D67A77BD3B9273AA12A6208DBEF9442ADEAC11A1D"
"货币战争_玩法图标资产包_4.4_证据重审版_2026-07-28/standardized/special_item/special_item_022.png","70912","45366451F080D31A371F170D127704DA3BE6468BCCA8912BA1CA8F2748738219"
"货币战争_玩法图标资产包_4.4_证据重审版_2026-07-28/taxonomy.json","39818","ABDDD5E5A4E64DE515C81081967D0147E104D5A6F09B7401E6529816813A731A"
"货币战争_玩法图标资产包_4.4_证据重审版_2026-07-28/unverified_or_ambiguous.csv","157287","47E2C3D4A612532B7A0326B149515A9CA92D2C10121FBEA58F12E39C8A63AAFC"
"货币战争_玩法图标资产包_4.4_证据重审版_2026-07-28/validation.json","630","D8077A54B167F3DE3DC5C0884C8541F243D34AC04EE7C1E1DD52BB040CBF4BBA"
"货币战争助手_第二阶段_4.4攻略采集任务2/output/delivery-manifest.json","954","76EF9F728CB4B73C6B7EC120B464A3CD67AD0EB104B9D1D0AD86CE617B856367"
"货币战争助手_第二阶段_4.4攻略采集任务2/output/guides/bili-bv1aj3g6meti/guide-raw.json","7984","B87FD409ED20EE143F8515039F3B308E596BFA41334F0EC7E29B361AE6F010DB"
"货币战争助手_第二阶段_4.4攻略采集任务2/output/guides/bili-bv1d83g6qexf/guide-raw.json","8273","77576CE17E5B01CCA8679FB48C6D6BE548823BC494C84C138C0D5CCAE11472A6"
"货币战争助手_第二阶段_4.4攻略采集任务2/output/guides/bili-bv1f7ny6begz/guide-raw.json","8475","72A4C35CC17C459015D5F5B97EEF6A50125C7A4C5E103E02848C09F4B37B5CBB"
"货币战争助手_第二阶段_4.4攻略采集任务2/output/guides/bili-bv1jjny6tehz/guide-raw.json","8854","FCB1F84816E1ED3B2C8C97F7DFAA39D3AFBC4FC2D5B9E79E002DC8FBE8B27137"
"货币战争助手_第二阶段_4.4攻略采集任务2/output/guides/bili-bv1jjny6tex4/guide-raw.json","10471","D5E80DD92161A0E1AFFECC46E1EF8FA8892725FDF38FF83F94E659CF84846D3F"
"货币战争助手_第二阶段_4.4攻略采集任务2/output/guides/bili-bv1jpny6neta/guide-raw.json","7983","5D53B4BEF1DD79C1F83EF26414331692FB40ED728CC37E5559035DC3082EC089"
"货币战争助手_第二阶段_4.4攻略采集任务2/output/guides/bili-bv1pfgb6qest/guide-raw.json","7978","A208AAAD68BF18C10D8B8929A45A858103FC2C134E2A320565B7E5EF8DE339EE"
"货币战争助手_第二阶段_4.4攻略采集任务2/output/guides/bili-bv1qokj64ea8/guide-raw.json","7517","6DDA7D53AFEAF95F906A4F8F205A5A41C207E441E91485542D4B12B99BDA6AF4"
"货币战争助手_第二阶段_4.4攻略采集任务2/output/guides/bili-bv1tg3g65e8u/guide-raw.json","7634","D7795AFE65B1FA7C55B33E3C7BF5525B684715E18CB93A0CF9AB942E11E003F6"
"货币战争助手_第二阶段_4.4攻略采集任务2/output/guides/bili-bv1unnq6aefk/guide-raw.json","9542","B6ACA13986D4907CB70D92D31904F6C0B07CA4F8F2D2A7025136CD151268D19A"
"货币战争助手_第二阶段_4.4攻略采集任务2/output/guides/bili-bv1uwkg6feih/guide-raw.json","7020","7E876B34FF5EB6D14BCF5EA255142809201ACD5B18FBFA4AB4897344F3E40E0D"
"货币战争助手_第二阶段_4.4攻略采集任务2/output/guides/bili-bv1zykh6ve1c/guide-raw.json","7422","DF8E228E491693EBE414C9BFB1E298C94924EA059422E96B55876C47958BC888"
"货币战争助手_第二阶段_4.4攻略采集任务2/output/guides/taptap-828363891523190942/guide-raw.json","11859","425A8C36F965F59A021951CC225475D253FE06FB4A49622E9C4F996AF99D02C7"
"货币战争助手_第二阶段_4.4攻略采集任务2/output/reports/RESEARCH_REPORT.md","3269","2B2D655CC6897FE1C9C487376C5980F1329B5BDD33CD3A3AA951E6BB7F990915"
"货币战争助手_第二阶段_4.4攻略采集任务2/output/reports/VALIDATION_REPORT.md","2061","2C9EE89F4F4FD423B1D8078571032206A0D76E9191BF2D9C8074160875DCCD02"
"货币战争助手_第二阶段_4.4攻略采集任务2/output/source-index.json","47735","B9B992F29FFBC5D88384EA294C354852ED5B7868BC0BCE4372A8F5C722346187"
"货币战争助手_第二阶段_4.4攻略采集任务2/output/sources/bili-bv1aj3g6meti/source-record.json","862","476E7F39733D457EAE89D772985C332D4C957303F5FD51EF04B672C49B2F3255"
"货币战争助手_第二阶段_4.4攻略采集任务2/output/sources/bili-bv1d83g6qexf/source-record.json","762","892E6F591B8A8371226F7911538360212C4957FA91CB42D5C9A19A25186A9A24"
"货币战争助手_第二阶段_4.4攻略采集任务2/output/sources/bili-bv1f7ny6begz/source-record.json","907","794C09F0FEB46073B290F7711281070CF1D63119FB096FE2170C420787E8C2B5"
"货币战争助手_第二阶段_4.4攻略采集任务2/output/sources/bili-bv1jjny6tehz/source-record.json","893","4CF61C64405B46C43109964B43101169D9FC531053126A81DE51B5BAAC38D2C3"
"货币战争助手_第二阶段_4.4攻略采集任务2/output/sources/bili-bv1jjny6tex4/source-record.json","890","2039D4C4AE42792AC2128B4774016EFCA3B38A1C3F5DD32FF232FB3D6D220FB1"
"货币战争助手_第二阶段_4.4攻略采集任务2/output/sources/bili-bv1jpny6neta/source-record.json","888","F400964FD664A455DEF139E3AFB85280AFEB9358F02B11047A69BF295275B593"
"货币战争助手_第二阶段_4.4攻略采集任务2/output/sources/bili-bv1pfgb6qest/source-record.json","788","386789CA8DDA5821AA5149DC6CB3BFBCDCF12E3BBA81C9DBCAAE9A870CD4B67A"
"货币战争助手_第二阶段_4.4攻略采集任务2/output/sources/bili-bv1qokj64ea8/source-record.json","851","96ABCDEA3B0B27A420129F0133C69446BFEC2F3C993B370B1F029278793ADFAA"
"货币战争助手_第二阶段_4.4攻略采集任务2/output/sources/bili-bv1tg3g65e8u/source-record.json","737","6875B4E3487DE1EF272E3B955D3C43303FEC0F488A348FF38ED9DFFEE6881A4B"
"货币战争助手_第二阶段_4.4攻略采集任务2/output/sources/bili-bv1unnq6aefk/source-record.json","800","6518BC487165EF9EADD92D6100206B7928CE95ACD2A94170A6450EAAB38D4C7C"
"货币战争助手_第二阶段_4.4攻略采集任务2/output/sources/bili-bv1uwkg6feih/source-record.json","720","13AC1DFC0C3463F348E63BFA7F4DEE25DD882CFEECCE55821F844AC93342C732"
"货币战争助手_第二阶段_4.4攻略采集任务2/output/sources/bili-bv1zykh6ve1c/source-record.json","726","B83DBD91E772D7410569B1ED4A456F19D9F59A1EEDA7892FF15950460CDCB3BA"
"货币战争助手_第二阶段_4.4攻略采集任务2/output/sources/taptap-828363891523190942/source-record.json","779","2B9DC376CB1D85DF537A755B5FE70C42DD5737653A8C61486DFFD1A9CFEA7B29"
"货币战争助手_第二阶段_4.4攻略采集任务2/PROMPT.md","3359","42E8380A2BAE25B9F96E4A46345F697038D7F0497F8D8F8AC4E7DEA9A1C0C422"
"货币战争助手_第二阶段_4.4攻略采集任务2/README.md","368","0243B593D6B2DBA065F5A87DA266902449192464EACCEDD21534C1B9D0E25CF3"
"货币战争助手_第二阶段_4.4攻略采集任务2/schemas/common.schema.json","2165","FFAB063E40B3B26398FFA8C39A80C1CCFEC72982DE79152BFCE2C4DDE49E97C8"
"货币战争助手_第二阶段_4.4攻略采集任务2/schemas/guide-raw.schema.json","1224","A1E3DDB0E5AD1459C7F42B23546754403E28E83943CA1C2D099652C50B536FFC"
"货币战争助手_第二阶段_4.4攻略采集任务2/schemas/source-record.schema.json","1131","CBBB8A6ECACB95388C93F35EC0DE4BC4490534CC2FE397D7A6805338A773A86A"
"货币战争助手_第二阶段_4.4攻略采集任务2/templates/guide-raw.template.json","456","74B8C8D30389C4C10A86BEED6D2CC6C29001462924879D77A1333F5252AB0976"
"货币战争助手_第二阶段_4.4攻略采集任务2/templates/source-record.template.json","329","96E85FB7B7B2D8959FDC08361940D7270DBF774879241C2D232232BEB852BA36"
"货币战争助手_第二阶段_4.4攻略采集任务2/tools/__pycache__/validate-schemas.cpython-314.pyc","14065","5DBB5DA9B7092840AC7F0CABDF3926BD8BC336FB7A6C6E040DC84449C395E97A"
"货币战争助手_第二阶段_4.4攻略采集任务2/tools/validate-schemas.py","8064","14B4D4FA6BDA68063C8F24A3F6C948DDD1103273FCEBD28C84ECD1246C2DB2FD"
