"Status","Path","Bytes","LastWriteUtc","SHA256","BaselineSHA256"
"Added","artifacts/CurrencyWarsSmartRaccoon-0.2.778-win-x64-portable-shutdownfix-20260802/Accessibility.dll","20816","2026-06-25T16:56:54.0000000Z","6FFF27C01A37FDF8410A97DF86CEB5C2102CF401CC9CA820D294A01A1060563B",""
"Added","artifacts/CurrencyWarsSmartRaccoon-0.2.778-win-x64-portable-shutdownfix-20260802/Assets/Brand/app-icon.png","676726","2026-07-31T01:15:20.0000000Z","EFD4A0EEE06ADFF3B31D030EEDF87AA72DB4E432E6748076234E5BF640939EDB",""
"Added","artifacts/CurrencyWarsSmartRaccoon-0.2.778-win-x64-portable-shutdownfix-20260802/Assets/Brand/app-icon-128.png","18915","2026-07-31T01:15:22.0000000Z","4BDA9AE2FC475B6F639FD58A8B21182873DB54A8EFA39E4B62E9E7D1831E0A93",""
"Added","artifacts/CurrencyWarsSmartRaccoon-0.2.778-win-x64-portable-shutdownfix-20260802/Assets/Brand/app-icon-16.png","794","2026-07-31T01:15:20.0000000Z","1F5882F0597419487B3E36B2B5B045DBD04F90CFF0AA40715912F9E244B6E5CD",""
"Added","artifacts/CurrencyWarsSmartRaccoon-0.2.778-win-x64-portable-shutdownfix-20260802/Assets/Brand/app-icon-24.png","1464","2026-07-31T01:15:20.0000000Z","B5BE68B4A309AF9647F43388014D93BAFFF97A611B627111708B11ABE611D9BD",""
"Added","artifacts/CurrencyWarsSmartRaccoon-0.2.778-win-x64-portable-shutdownfix-20260802/Assets/Brand/app-icon-256.png","64075","2026-07-31T01:15:22.0000000Z","FC2B14CBDE006265450F54320119744C18990D3CA88408EB04EF3626A03BD219",""
"Added","artifacts/CurrencyWarsSmartRaccoon-0.2.778-win-x64-portable-shutdownfix-20260802/Assets/Brand/app-icon-32.png","2219","2026-07-31T01:15:20.0000000Z","D8A8542C5AE921031F2E58231028BBAFE6CCF6EC51FEB20830DE15BF8CDB8FF6",""
"Added","artifacts/CurrencyWarsSmartRaccoon-0.2.778-win-x64-portable-shutdownfix-20260802/Assets/Brand/app-icon-48.png","4038","2026-07-31T01:15:20.0000000Z","6185C2AC9E314B80C855E957620FF7C250CAA3F03A01C7C2ADCE058BDE541489",""
"Added","artifacts/CurrencyWarsSmartRaccoon-0.2.778-win-x64-portable-shutdownfix-20260802/Assets/Brand/app-icon-64.png","6207","2026-07-31T01:15:20.0000000Z","6CA16028868288387A38C9A6E4E63E89A3594D8440F9685E1AF950DAA4C18BB9",""
"Added","artifacts/CurrencyWarsSmartRaccoon-0.2.778-win-x64-portable-shutdownfix-20260802/Assets/Brand/app-icon-size-preview.png","31545","2026-07-31T01:15:22.0000000Z","C5110D33697BCD87012D870525457836219CC171454AFBF4E06A58F40D8D66C3",""
"Added","artifacts/CurrencyWarsSmartRaccoon-0.2.778-win-x64-portable-shutdownfix-20260802/Assets/Brand/app-icon-source-v1.png","1051095","2026-07-31T01:13:20.0000000Z","B19B858A77505B54177EDC2F2E33C6F3F6966FF8B91E6994F9F8CBF4B0C6EB33",""
"Added","artifacts/CurrencyWarsSmartRaccoon-0.2.778-win-x64-portable-shutdownfix-20260802/clretwrc.dll","310568","2026-06-24T10:13:02.0000000Z","7A9E40315E2EDD8B3B0BA6486F34CA0D9A204C2AF0BF57BD4364EC65201A1F21",""
"Added","artifacts/CurrencyWarsSmartRaccoon-0.2.778-win-x64-portable-shutdownfix-20260802/clrgc.dll","667944","2026-06-24T10:10:54.0000000Z","FBE782D4781E2C8EA7C420318BA3E954639A50B3FC531A65916EA379B6965A21",""
"Added","artifacts/CurrencyWarsSmartRaccoon-0.2.778-win-x64-portable-shutdownfix-20260802/clrjit.dll","1778512","2026-06-24T10:10:00.0000000Z","4E8E72443ECEE874C8DDA010169B4556315D6C2F78A79165B5389E65B5A69F13",""
"Added","artifacts/CurrencyWarsSmartRaccoon-0.2.778-win-x64-portable-shutdownfix-20260802/config/community.json","151","2026-07-31T01:22:58.0000000Z","328E355A42FC8F8A1B9DCBFADE6F7A25354E77D19501AD52C6B34DAF1B7DD252",""
"Added","artifacts/CurrencyWarsSmartRaccoon-0.2.778-win-x64-portable-shutdownfix-20260802/config/live-readiness.template.json","1111","2026-07-28T11:07:12.0000000Z","1B8527921CD7BEEC0A5904D88F0F4101033B9CCEF5368D9C8CE5EC29320164D4",""
"Added","artifacts/CurrencyWarsSmartRaccoon-0.2.778-win-x64-portable-shutdownfix-20260802/config/navigation-flow.json","4956","2026-07-25T14:59:54.0000000Z","9EF13940E28F725457F08B9D64EBD5A0800ECEDDBA224112A9F32D91688C2466",""
"Added","artifacts/CurrencyWarsSmartRaccoon-0.2.778-win-x64-portable-shutdownfix-20260802/config/opening-rules.json","489","2026-07-23T18:33:28.0000000Z","E70A5F8B63A62399F522EFABA8BFC033000ED44602D09E95F342469D96E7C1E7",""
"Added","artifacts/CurrencyWarsSmartRaccoon-0.2.778-win-x64-portable-shutdownfix-20260802/config/page-recognition.1920x1080.json","13694","2026-07-31T12:57:58.0000000Z","845D80AE74BC0A64046BE9DFA739E7D5684371FAFCD1E5B4EF9ABFDD8AF31CCF",""
"Added","artifacts/CurrencyWarsSmartRaccoon-0.2.778-win-x64-portable-shutdownfix-20260802/config/recognition.json","377","2026-07-23T18:33:28.0000000Z","E87D7E2D8B07D854A40C5508AAED41EC399BB6FA51EF5AB29AEE945AA2AAACC0",""
"Added","artifacts/CurrencyWarsSmartRaccoon-0.2.778-win-x64-portable-shutdownfix-20260802/config/screen-layouts.1920x1080.json","6240","2026-07-23T17:58:40.0000000Z","58B2D1A5B1D5172A1F6B796989E1D75143F3EA2080F67AFAF71B215002687C80",""
"Added","artifacts/CurrencyWarsSmartRaccoon-0.2.778-win-x64-portable-shutdownfix-20260802/config/templates/1920x1080/pages/abandon-settlement-prompt.png","64947","2026-07-24T10:33:28.0000000Z","722E17B672EF7A9DDF7AD249D5F533A32BFC958687345DA38524657500567406",""
"Added","artifacts/CurrencyWarsSmartRaccoon-0.2.778-win-x64-portable-shutdownfix-20260802/config/templates/1920x1080/pages/battle-damage-tabs.png","22175","2026-07-29T10:20:44.0000000Z","43464113A6FAB5DC458FA887CC618FE18E7D3C817F3CFD26741C69DEC5CD7FC8",""
"Added","artifacts/CurrencyWarsSmartRaccoon-0.2.778-win-x64-portable-shutdownfix-20260802/config/templates/1920x1080/pages/battle-pause-control.png","6001","2026-07-29T10:20:44.0000000Z","D8D3F42B15E882437671F759392D365BBC4562013E0FDDD2E5B56CEE35C65E4F",""
"Added","artifacts/CurrencyWarsSmartRaccoon-0.2.778-win-x64-portable-shutdownfix-20260802/config/templates/1920x1080/pages/challenge-ended-title.png","36366","2026-07-31T12:53:24.0000000Z","FE0EA0C81C16AF0B651892818362C09829E160B26683082632540F830B3CDF17",""
"Added","artifacts/CurrencyWarsSmartRaccoon-0.2.778-win-x64-portable-shutdownfix-20260802/config/templates/1920x1080/pages/challenge-failed-title.png","48951","2026-07-24T10:33:28.0000000Z","87A789FA4BFB41CBA7E5FE8CDC65003CDC7AC9E80F21B04563027AD9B785A574",""
"Added","artifacts/CurrencyWarsSmartRaccoon-0.2.778-win-x64-portable-shutdownfix-20260802/config/templates/1920x1080/pages/challenge-success-title.png","66282","2026-07-25T14:40:02.0000000Z","1CEB29F26E18DAC0103BF0B82AFCA98598627B4DEDA448941962721AFB08E3D9",""
"Added","artifacts/CurrencyWarsSmartRaccoon-0.2.778-win-x64-portable-shutdownfix-20260802/config/templates/1920x1080/pages/companion-selection-instruction.png","43612","2026-07-26T17:03:02.0000000Z","FB538875F69EEE6C8DD34625E012F1AD54342E90E114CC18BDC68D41709E2753",""
"Added","artifacts/CurrencyWarsSmartRaccoon-0.2.778-win-x64-portable-shutdownfix-20260802/config/templates/1920x1080/pages/companion-selection-title.png","7673","2026-07-26T17:03:02.0000000Z","8CF4B0AC3E95F4301B8108B2E7A4C388A0FA39F661E3EE7F950B2F675E784309",""
"Added","artifacts/CurrencyWarsSmartRaccoon-0.2.778-win-x64-portable-shutdownfix-20260802/config/templates/1920x1080/pages/currency-wars-home-title.png","70655","2026-07-24T10:33:28.0000000Z","F722EDE6F31F413102A9AD17C76F2E3D2DA0A676E33BB8C71249CCF1AEEF5154",""
"Added","artifacts/CurrencyWarsSmartRaccoon-0.2.778-win-x64-portable-shutdownfix-20260802/config/templates/1920x1080/pages/enemy-overview-leader-label.png","74360","2026-07-24T10:33:28.0000000Z","2A244FFEB2768571B8536AE1FEF924881CD6C95F731EF1CD78D8FA13B6E8A7EB",""
"Added","artifacts/CurrencyWarsSmartRaccoon-0.2.778-win-x64-portable-shutdownfix-20260802/config/templates/1920x1080/pages/guide-currency-wars-title.png","8263","2026-07-24T10:33:28.0000000Z","78B8FD5E9DEDF396EB23266A90675B83FA8ACEEBA19967D122D44570D22B6DCE",""
"Added","artifacts/CurrencyWarsSmartRaccoon-0.2.778-win-x64-portable-shutdownfix-20260802/config/templates/1920x1080/pages/guide-shell-title.png","7148","2026-07-24T10:33:28.0000000Z","2520C976F187A355F319587D7C80B0637F5D92EF51A42A45B15A19BAC9BF1B09",""
"Added","artifacts/CurrencyWarsSmartRaccoon-0.2.778-win-x64-portable-shutdownfix-20260802/config/templates/1920x1080/pages/incomplete-lineup-prompt-message.png","15658","2026-07-27T19:08:26.0000000Z","EAF72CC2630FA7F1D6D4EA22599F6DF50B8422A97B4B91115EF0B0582139ED0A",""
"Added","artifacts/CurrencyWarsSmartRaccoon-0.2.778-win-x64-portable-shutdownfix-20260802/config/templates/1920x1080/pages/incomplete-lineup-prompt-title.png","3902","2026-07-27T19:08:26.0000000Z","F2ACBC8FA7406DE18D5B5283E90C91C227351F0F9467806EF7ADB31355851D97",""
"Added","artifacts/CurrencyWarsSmartRaccoon-0.2.778-win-x64-portable-shutdownfix-20260802/config/templates/1920x1080/pages/investment-environment-title.png","21155","2026-07-24T10:33:28.0000000Z","5814DC24F225201745B649362801929505F82A9371347CB759A9710DDB3171DB",""
"Added","artifacts/CurrencyWarsSmartRaccoon-0.2.778-win-x64-portable-shutdownfix-20260802/config/templates/1920x1080/pages/investment-strategy-title.png","38683","2026-07-25T14:40:02.0000000Z","A65C0FD83A7D5AA81A502D299EF6DC06105F95E1524ABA6872E0F4850E415535",""
"Added","artifacts/CurrencyWarsSmartRaccoon-0.2.778-win-x64-portable-shutdownfix-20260802/config/templates/1920x1080/pages/mode-selection-standard-header.png","39985","2026-07-24T10:33:28.0000000Z","EC6E45BFDED159E065D035E82A71DE3A2DF6817F4630E5791BABC2659978D2F8",""
"Added","artifacts/CurrencyWarsSmartRaccoon-0.2.778-win-x64-portable-shutdownfix-20260802/config/templates/1920x1080/pages/normal-hud-guide-button.png","6979","2026-07-24T17:32:20.0000000Z","781AA7A5E8A47B9B69B0CB6CC4DE71EE81949241EF011F4165E1D06E7B7DE902",""
"Added","artifacts/CurrencyWarsSmartRaccoon-0.2.778-win-x64-portable-shutdownfix-20260802/config/templates/1920x1080/pages/normal-hud-guide-button-edge.png","4934","2026-07-26T17:56:18.0000000Z","CA60AFF3D8BA52B7BCCF024AE22CEF119029ED0FFCF3271B23B45706FB392BFB",""
"Added","artifacts/CurrencyWarsSmartRaccoon-0.2.778-win-x64-portable-shutdownfix-20260802/config/templates/1920x1080/pages/plane-progress-continue.png","10825","2026-07-24T10:33:28.0000000Z","C1C488187AB8311D95981BA684A44111DA0122FCEDFDB6FADF9A04860131AA65",""
"Added","artifacts/CurrencyWarsSmartRaccoon-0.2.778-win-x64-portable-shutdownfix-20260802/config/templates/1920x1080/pages/preparation-stage-1-1.png","14145","2026-07-24T10:33:28.0000000Z","97F60515C6297300C0A726533E85DCC7E62F42599CDE478EC276FFE640FA6F13",""
"Added","artifacts/CurrencyWarsSmartRaccoon-0.2.778-win-x64-portable-shutdownfix-20260802/config/templates/1920x1080/pages/preparation-stage-1-2.png","25944","2026-07-25T14:40:02.0000000Z","C0AE43661EA958F8042260348D4D453CBDA90C80A7A7BFF6913B0DBEAE3579B7",""
"Added","artifacts/CurrencyWarsSmartRaccoon-0.2.778-win-x64-portable-shutdownfix-20260802/config/templates/1920x1080/pages/preparation-stage-label.png","6718","2026-07-29T10:20:44.0000000Z","DD38400E6D224551AD65D2400A4F9FB62C984DEC534B4157EEC2EBA21ECCC223",""
"Added","artifacts/CurrencyWarsSmartRaccoon-0.2.778-win-x64-portable-shutdownfix-20260802/config/templates/1920x1080/pages/rank-difficulty-header.png","71750","2026-07-24T10:33:28.0000000Z","601189035F91EDD756649AE4D29A90B9240180833F5F959663D2E5C014E43C55",""
"Added","artifacts/CurrencyWarsSmartRaccoon-0.2.778-win-x64-portable-shutdownfix-20260802/config/templates/1920x1080/pages/rank-difficulty-in-progress-actions.png","40003","2026-07-24T17:51:26.0000000Z","2C512320A87D52124027160D88CCC407FBFCC6A26907BEBDC59AFC5249C93D3B",""
"Added","artifacts/CurrencyWarsSmartRaccoon-0.2.778-win-x64-portable-shutdownfix-20260802/config/templates/1920x1080/pages/reward-battle-pause-retreat-controls.png","20955","2026-07-27T09:30:52.0000000Z","0BE825E3A2C5A34D85A287388ED4C09D70E0A8E742AFB3FF68EDC4F0D4283079",""
"Added","artifacts/CurrencyWarsSmartRaccoon-0.2.778-win-x64-portable-shutdownfix-20260802/config/templates/1920x1080/pages/reward-battle-pause-title.png","17919","2026-07-27T06:21:54.0000000Z","89E2E981836AA8F0F1C39133D750E41312A41EF2AE227432407BAC6F412A9F0F",""
"Added","artifacts/CurrencyWarsSmartRaccoon-0.2.778-win-x64-portable-shutdownfix-20260802/config/templates/1920x1080/pages/reward-battle-status-bar.png","5728","2026-07-25T14:40:50.0000000Z","23076FEAE2D28B2C36CD7759DA28EC42310A4E8D76AC1B06B3A308999E35CD93",""
"Added","artifacts/CurrencyWarsSmartRaccoon-0.2.778-win-x64-portable-shutdownfix-20260802/config/templates/1920x1080/pages/reward-shop-refresh-disabled-panel.png","51886","2026-07-28T00:46:36.0000000Z","9BA62FB19D6019BBB65A5FFBA1BB22A5C5567B5231C0D76E7D84CB6D30EED7DB",""
"Added","artifacts/CurrencyWarsSmartRaccoon-0.2.778-win-x64-portable-shutdownfix-20260802/config/templates/1920x1080/pages/reward-shop-refresh-panel.png","68116","2026-07-25T14:40:02.0000000Z","04BC04F98E559A1F03A44521A0DBF9CADC5CBAA3655A4618FDF3DCE3A70F8680",""
"Added","artifacts/CurrencyWarsSmartRaccoon-0.2.778-win-x64-portable-shutdownfix-20260802/config/templates/1920x1080/pages/score-popup-title.png","17081","2026-07-24T10:33:28.0000000Z","71FCB0D77D508DAE0DBE57620E897180AA0AD7F3768812BE471F81443DA3D868",""
"Added","artifacts/CurrencyWarsSmartRaccoon-0.2.778-win-x64-portable-shutdownfix-20260802/config/templates/1920x1080/pages/update-popup-header.png","35252","2026-07-24T10:33:28.0000000Z","3976477AF5B88C3F7EFC5D6D21ACC334A232AF6C4E746192593D617FA5C3CC89",""
"Added","artifacts/CurrencyWarsSmartRaccoon-0.2.778-win-x64-portable-shutdownfix-20260802/config/templates/1920x1080/README.md","773","2026-07-23T19:45:32.0000000Z","A9ABA62FAEF532B3011AEADEB42224FD450DA4041B71B7F9368E295092D34C75",""
"Added","artifacts/CurrencyWarsSmartRaccoon-0.2.778-win-x64-portable-shutdownfix-20260802/coreclr.dll","4995920","2026-06-24T10:07:16.0000000Z","048DCE560F81BC412413C106EE29C82625B4A6EB0F278A31913B1AD7C0260F82",""
"Added","artifacts/CurrencyWarsSmartRaccoon-0.2.778-win-x64-portable-shutdownfix-20260802/createdump.exe","71552","2026-06-24T10:13:02.0000000Z","388534943FE798112A95BF6946B142FA6C275FA31D2D48FB1DD6A0CB791F6A49",""
"Added","artifacts/CurrencyWarsSmartRaccoon-0.2.778-win-x64-portable-shutdownfix-20260802/cs/Microsoft.VisualBasic.Forms.resources.dll","25384","2026-06-25T16:58:26.0000000Z","4FB2D9207F73AF1829CA2E5B06D600163006174A2479C582118827189B4DD11D",""
"Added","artifacts/CurrencyWarsSmartRaccoon-0.2.778-win-x64-portable-shutdownfix-20260802/cs/PresentationCore.resources.dll","108328","2026-06-25T18:17:40.0000000Z","E0C2AF1233DA3126D09EF333D8F2AEBD8B0E5436CE42ED6712F06B80BB1276B9",""
"Added","artifacts/CurrencyWarsSmartRaccoon-0.2.778-win-x64-portable-shutdownfix-20260802/cs/PresentationFramework.resources.dll","196904","2026-06-25T18:18:08.0000000Z","C04E1EBB4F33D625310A00048EBDD123A904C8E5F1D483F65270EB39DFCF46A3",""
"Added","artifacts/CurrencyWarsSmartRaccoon-0.2.778-win-x64-portable-shutdownfix-20260802/cs/PresentationUI.resources.dll","45352","2026-06-25T18:18:30.0000000Z","3C39D985E2729DE3411594A6436257B0A1BC399BCC851B35818121990F6CB2C4",""
"Added","artifacts/CurrencyWarsSmartRaccoon-0.2.778-win-x64-portable-shutdownfix-20260802/cs/ReachFramework.resources.dll","38696","2026-06-25T18:17:56.0000000Z","D6F1ECF5EE0656ACFAB0DBACA832BA530A3275F2C3D8801BF1BE93BCC203F152",""
"Added","artifacts/CurrencyWarsSmartRaccoon-0.2.778-win-x64-portable-shutdownfix-20260802/cs/System.Windows.Controls.Ribbon.resources.dll","18216","2026-06-25T18:18:52.0000000Z","0A1BE72E16360DAC45264A29BF203DBABB3AE2D9669B0C9A6F9FA3C0E286BEAE",""
"Added","artifacts/CurrencyWarsSmartRaccoon-0.2.778-win-x64-portable-shutdownfix-20260802/cs/System.Windows.Forms.Design.resources.dll","148776","2026-06-25T16:58:32.0000000Z","7AF415DD3C120AEFD48DCDF94A980D5673F1A440F8B8FDF1A86F86A756D7C710",""
"Added","artifacts/CurrencyWarsSmartRaccoon-0.2.778-win-x64-portable-shutdownfix-20260802/cs/System.Windows.Forms.Primitives.resources.dll","15696","2026-06-25T16:57:46.0000000Z","4A4487E5BB7BE0E1E77043AD894C63643088777136E231523C0DAF7DD4F1F5EF",""
"Added","artifacts/CurrencyWarsSmartRaccoon-0.2.778-win-x64-portable-shutdownfix-20260802/cs/System.Windows.Forms.resources.dll","365352","2026-06-25T16:58:22.0000000Z","0F1B3A15F24DC5FFEB8A870350C598845D0BB865D2E4CDD7BED4AD1899E3EE67",""
"Added","artifacts/CurrencyWarsSmartRaccoon-0.2.778-win-x64-portable-shutdownfix-20260802/cs/System.Windows.Input.Manipulations.resources.dll","16168","2026-06-25T18:17:02.0000000Z","9CBA81E0464974192CB116C5E13D01AB4F28158D728D8CF63249CE99206CB301",""
"Added","artifacts/CurrencyWarsSmartRaccoon-0.2.778-win-x64-portable-shutdownfix-20260802/cs/System.Xaml.resources.dll","64848","2026-06-25T18:17:06.0000000Z","8B0B6F3C37C3256372EE61FEE0499245328DC6F8AAD2C7118D045A338B0D018A",""
"Added","artifacts/CurrencyWarsSmartRaccoon-0.2.778-win-x64-portable-shutdownfix-20260802/cs/UIAutomationClient.resources.dll","19752","2026-06-25T18:17:48.0000000Z","C5A42F8CC640331AEAB15C8EA1071D2DB9A2B3C0C7BC92A92709120C890BF29D",""
"Added","artifacts/CurrencyWarsSmartRaccoon-0.2.778-win-x64-portable-shutdownfix-20260802/cs/UIAutomationClientSideProviders.resources.dll","20776","2026-06-25T18:17:50.0000000Z","C38583EFFB234EA38F4CE9181D43BECC7AB3BCC8639874C41F0522F1928F722D",""
"Added","artifacts/CurrencyWarsSmartRaccoon-0.2.778-win-x64-portable-shutdownfix-20260802/cs/UIAutomationProvider.resources.dll","15144","2026-06-25T18:17:32.0000000Z","BF9E03227F6FD94E71C2C27C4BB6D12D3C714D82AAB962AFBF67F31C898D0B34",""
"Added","artifacts/CurrencyWarsSmartRaccoon-0.2.778-win-x64-portable-shutdownfix-20260802/cs/UIAutomationTypes.resources.dll","18216","2026-06-25T18:17:24.0000000Z","3270C3C7E07D96E792FAC3D26A9803CC05FC229FB0F2E19E23E295AD1A2B9D18",""
"Added","artifacts/CurrencyWarsSmartRaccoon-0.2.778-win-x64-portable-shutdownfix-20260802/cs/WindowsBase.resources.dll","86312","2026-06-25T18:17:20.0000000Z","546ACE38CB24A0E83DDE7E32F1D432ABC4E66DAAE418C8D25DAA25371C621507",""
"Added","artifacts/CurrencyWarsSmartRaccoon-0.2.778-win-x64-portable-shutdownfix-20260802/cs/WindowsFormsIntegration.resources.dll","15656","2026-06-25T18:18:10.0000000Z","6C42558DD5D4CBB2E64EBB5954D71F047DC7DF725CE247615DA0D18986B15B9D",""
"Added","artifacts/CurrencyWarsSmartRaccoon-0.2.778-win-x64-portable-shutdownfix-20260802/CurrencyWarsAssistant.Advisor.dll","249344","2026-08-01T23:19:46.8196910Z","530B212E48452516E67059A99127CF970BFE29C3120F4E42B0AF261193A95E5E",""
"Added","artifacts/CurrencyWarsSmartRaccoon-0.2.778-win-x64-portable-shutdownfix-20260802/CurrencyWarsAssistant.Advisor.pdb","53660","2026-08-01T23:19:46.7225836Z","96DA16F028FA0B9320C60BA571F3DC4BB17443DA0A964C237F5EB08F7E8E1281",""
"Added","artifacts/CurrencyWarsSmartRaccoon-0.2.778-win-x64-portable-shutdownfix-20260802/CurrencyWarsAssistant.App.deps.json","46433","2026-08-01T23:25:54.4495034Z","6A158CFC46CF3AFE82F5A2A471F7297918FD4D4B2FFA866659BE97BF2AAB8B16",""
"Added","artifacts/CurrencyWarsSmartRaccoon-0.2.778-win-x64-portable-shutdownfix-20260802/CurrencyWarsAssistant.App.dll","620032","2026-08-02T09:21:51.4469853Z","5A495D2E372990D13C80825246EB305BCC98A6CA881BEECF0A73D966E720BCE1",""
"Added","artifacts/CurrencyWarsSmartRaccoon-0.2.778-win-x64-portable-shutdownfix-20260802/CurrencyWarsAssistant.App.exe","256512","2026-08-02T09:21:51.6347367Z","745037720AA84058C44D3B43924B4A2623718EC0A674C210857E7A7877CEFCBF",""
"Added","artifacts/CurrencyWarsSmartRaccoon-0.2.778-win-x64-portable-shutdownfix-20260802/CurrencyWarsAssistant.App.pdb","80496","2026-08-02T09:21:51.4341850Z","11967B94EB726A4BF430D3448BAAA04E0DF4D9890A449828FA42A10AE7B278A9",""
"Added","artifacts/CurrencyWarsSmartRaccoon-0.2.778-win-x64-portable-shutdownfix-20260802/CurrencyWarsAssistant.App.runtimeconfig.json","468","2026-08-01T23:25:54.5012805Z","DA2CF3BF76601C7F12FE6155AAA856F7FD451D7C99702731F6F35E0EA50C8385",""
"Added","artifacts/CurrencyWarsSmartRaccoon-0.2.778-win-x64-portable-shutdownfix-20260802/CurrencyWarsAssistant.Automation.dll","37888","2026-08-01T23:19:50.1517239Z","64FA9B689B5ED29985AB6FA12756805AB3C175628C9E30F4EBB1D94368A86F10",""
"Added","artifacts/CurrencyWarsSmartRaccoon-0.2.778-win-x64-portable-shutdownfix-20260802/CurrencyWarsAssistant.Automation.pdb","18908","2026-08-01T23:19:50.1454698Z","18C01AC5E78E06BAE65C8F6938B3917FFCACD99495C3D7E02230F547D906D577",""
"Added","artifacts/CurrencyWarsSmartRaccoon-0.2.778-win-x64-portable-shutdownfix-20260802/CurrencyWarsAssistant.Core.dll","11776","2026-08-01T23:19:46.3713171Z","1C6581FA51BF4837A9733D53AA934E0A46F7D1A0ED9AB8BB6798E69E11F09856",""
"Added","artifacts/CurrencyWarsSmartRaccoon-0.2.778-win-x64-portable-shutdownfix-20260802/CurrencyWarsAssistant.Core.pdb","11880","2026-08-01T23:19:46.3556751Z","B580B1302109BC8D2EEB4531F9E96382BB5F5C840898FC63740D9719D952BBD0",""
"Added","artifacts/CurrencyWarsSmartRaccoon-0.2.778-win-x64-portable-shutdownfix-20260802/CurrencyWarsAssistant.Game.dll","58368","2026-08-01T23:19:48.7973505Z","95409B44A0CCE795DFECB495EDADB1D344FD4604CFAEE2D15513EC2662DCD097",""
"Added","artifacts/CurrencyWarsSmartRaccoon-0.2.778-win-x64-portable-shutdownfix-20260802/CurrencyWarsAssistant.Game.pdb","20644","2026-08-01T23:19:48.7818671Z","969A24C146D55EEF7A635FD8F939B2DEEBB53787F59DA0C9B7A54B85744DA764",""
"Added","artifacts/CurrencyWarsSmartRaccoon-0.2.778-win-x64-portable-shutdownfix-20260802/CurrencyWarsAssistant.Tasks.dll","1111040","2026-08-01T23:19:53.2875360Z","B9935E6832C51787B333AC99F0E687761249F04E2997FDCEC7BCA84484B8CB37",""
"Added","artifacts/CurrencyWarsSmartRaccoon-0.2.778-win-x64-portable-shutdownfix-20260802/CurrencyWarsAssistant.Tasks.pdb","219368","2026-08-01T23:19:53.1496703Z","2F33A434B54C2C9773A545507EF82C4463FA70602113DB282FBCC9BA035CA45A",""
"Added","artifacts/CurrencyWarsSmartRaccoon-0.2.778-win-x64-portable-shutdownfix-20260802/CurrencyWarsAssistant.Vision.dll","178688","2026-08-01T23:19:49.2623980Z","7CA8F9B8E7240E47669163AF9B36970819CD5D2CB24868F64CB4820C1EC814D7",""
"Added","artifacts/CurrencyWarsSmartRaccoon-0.2.778-win-x64-portable-shutdownfix-20260802/CurrencyWarsAssistant.Vision.pdb","57064","2026-08-01T23:19:49.2341586Z","65A0EA3CDC097EE5145A8A64978E7076FC20E22CB79A1D2EC48618BC098F0899",""
"Added","artifacts/CurrencyWarsSmartRaccoon-0.2.778-win-x64-portable-shutdownfix-20260802/CurrencyWarsAssistant.Workflow.dll","31744","2026-08-01T23:19:54.4240819Z","3E27384C2B8AC994EBBBBB5E3CEB39A52222DD379D4487353B28B1DFFCAF4F84",""
"Added","artifacts/CurrencyWarsSmartRaccoon-0.2.778-win-x64-portable-shutdownfix-20260802/CurrencyWarsAssistant.Workflow.pdb","17540","2026-08-01T23:19:54.4194636Z","B626DDDD9A5317E9460F20349711AA4EFFE20EA4DF1511E3654D654458B04AD6",""
"Added","artifacts/CurrencyWarsSmartRaccoon-0.2.778-win-x64-portable-shutdownfix-20260802/D3DCompiler_47_cor3.dll","4741488","2026-01-27T06:18:40.0000000Z","A05F99734F7C4822FEFC12B367AF21FD0976ED6608752FB1E1E80B6ECE7ECBBB",""
"Added","artifacts/CurrencyWarsSmartRaccoon-0.2.778-win-x64-portable-shutdownfix-20260802/data/4.4/action-digit-templates/digit_0__glow.png","1709","2026-07-29T12:43:40.0000000Z","FE47F02176E2E57A7FCB26E98AAB89D0896D234637B1FF1F1E7FB7D25887796B",""
"Added","artifacts/CurrencyWarsSmartRaccoon-0.2.778-win-x64-portable-shutdownfix-20260802/data/4.4/action-digit-templates/digit_0__live.png","1139","2026-07-29T12:21:36.0000000Z","43382A6ABF506E431D958406C2CBD0C68B20C7BA0EF7A0CFB2188C30C2E1821B",""
"Added","artifacts/CurrencyWarsSmartRaccoon-0.2.778-win-x64-portable-shutdownfix-20260802/data/4.4/action-digit-templates/digit_1__live.png","878","2026-07-29T12:21:36.0000000Z","8FE8C69CEDDA32A26B10BA55B8C699A6BE98741359137AA70AA530F0B3467E96",""
"Added","artifacts/CurrencyWarsSmartRaccoon-0.2.778-win-x64-portable-shutdownfix-20260802/data/4.4/action-digit-templates/digit_2__live.png","1413","2026-07-29T12:21:36.0000000Z","B82CE6EA565B24DEE5844A437FA24D6FEA835DCCD8D1B7B3D6F74392A17785B8",""
"Added","artifacts/CurrencyWarsSmartRaccoon-0.2.778-win-x64-portable-shutdownfix-20260802/data/4.4/action-digit-templates/digit_3__live.png","2159","2026-07-29T12:26:22.0000000Z","34D959100799B0B19096EB884BB0B37E6FE13AFD0CA17742A3A33CBAD828592C",""
"Added","artifacts/CurrencyWarsSmartRaccoon-0.2.778-win-x64-portable-shutdownfix-20260802/data/4.4/action-digit-templates/digit_4__live.png","1193","2026-07-29T12:21:36.0000000Z","5AFC1875F472762DC80C9D96DEDA93BDECF77B39DA7D3698D8FFC5F508DBC9BA",""
"Added","artifacts/CurrencyWarsSmartRaccoon-0.2.778-win-x64-portable-shutdownfix-20260802/data/4.4/action-digit-templates/digit_5__live.png","1541","2026-07-29T12:21:36.0000000Z","2213BCB1E838663DE39A386A90EC80FE368D84ECEB13086978D48146D32E52FB",""
"Added","artifacts/CurrencyWarsSmartRaccoon-0.2.778-win-x64-portable-shutdownfix-20260802/data/4.4/action-digit-templates/digit_6__live.png","1705","2026-07-29T12:21:36.0000000Z","C51AB4DA11210114AE10B11855CB38E2BE9C686A082D0B4B3D552FB85A71E6F6",""
"Added","artifacts/CurrencyWarsSmartRaccoon-0.2.778-win-x64-portable-shutdownfix-20260802/data/4.4/action-digit-templates/digit_7__live.png","1914","2026-07-29T12:26:22.0000000Z","DB75AA7D765A1CD9F0B3E03AF74BC55600AC78969B0784D49C443333EAB0C67A",""
"Added","artifacts/CurrencyWarsSmartRaccoon-0.2.778-win-x64-portable-shutdownfix-20260802/data/4.4/action-digit-templates/digit_8__glow.png","1690","2026-07-29T12:43:40.0000000Z","B6AFDDDC40FB20152A923724ED3346AF731846896475641B35D9D7485AC7348E",""
"Added","artifacts/CurrencyWarsSmartRaccoon-0.2.778-win-x64-portable-shutdownfix-20260802/data/4.4/action-digit-templates/digit_8__live.png","1471","2026-07-29T12:21:36.0000000Z","F17209F7A39E13BFA075D6ED246283971E0C3467DAE62A18B00955A476E84AEA",""
"Added","artifacts/CurrencyWarsSmartRaccoon-0.2.778-win-x64-portable-shutdownfix-20260802/data/4.4/action-digit-templates/digit_9__live.png","1296","2026-07-29T12:21:36.0000000Z","536B06E5DFF4A711446CCBDD04304C445C68EB0A59FE01C1727F7806F2B4CC00",""
"Added","artifacts/CurrencyWarsSmartRaccoon-0.2.778-win-x64-portable-shutdownfix-20260802/data/4.4/character-card-templates/bench_special_privilege_armament_box.png","23383","2026-07-26T14:46:32.0000000Z","5B4871234B9842A0D6FD287E35051131AF03EC30F23D418223CBBABDE40AF257",""
"Added","artifacts/CurrencyWarsSmartRaccoon-0.2.778-win-x64-portable-shutdownfix-20260802/data/4.4/character-card-templates/bench-empty.png","3827","2026-07-25T13:54:02.0000000Z","3D9A88AED5829815E7A1F9810CB432D726FECC6259B42464DC8A37143B25FD26",""
"Added","artifacts/CurrencyWarsSmartRaccoon-0.2.778-win-x64-portable-shutdownfix-20260802/data/4.4/character-card-templates/bench-empty-05.png","3827","2026-07-25T13:55:14.0000000Z","3D9A88AED5829815E7A1F9810CB432D726FECC6259B42464DC8A37143B25FD26",""
"Added","artifacts/CurrencyWarsSmartRaccoon-0.2.778-win-x64-portable-shutdownfix-20260802/data/4.4/character-card-templates/bench-empty-06.png","4044","2026-07-25T13:55:14.0000000Z","375160EF156BDDED77BF072BDF4C9A1F72A949024B9374B5058E1D0F26F6D10F",""
"Added","artifacts/CurrencyWarsSmartRaccoon-0.2.778-win-x64-portable-shutdownfix-20260802/data/4.4/character-card-templates/bench-empty-07.png","4624","2026-07-25T13:55:14.0000000Z","C290BF2054E34D1F048BB2F3D765EB3F78E9EB44A31EE5DD988281C5A5B192DB",""
"Added","artifacts/CurrencyWarsSmartRaccoon-0.2.778-win-x64-portable-shutdownfix-20260802/data/4.4/character-card-templates/bench-empty-08.png","4836","2026-07-25T13:55:14.0000000Z","85007E20659D7B557FDCCF2E136A58F5C7667B6F56F52EE30EBDC90D478CFF76",""
"Added","artifacts/CurrencyWarsSmartRaccoon-0.2.778-win-x64-portable-shutdownfix-20260802/data/4.4/character-card-templates/bench-empty-09.png","3987","2026-07-25T13:55:14.0000000Z","DE46D92DD86A2A658530533227B79497D748A67B50594C2C9F52895B740FBA78",""
"Added","artifacts/CurrencyWarsSmartRaccoon-0.2.778-win-x64-portable-shutdownfix-20260802/data/4.4/character-card-templates/bench-empty-10.png","18007","2026-07-25T13:55:14.0000000Z","5DC98D6D0FD1D987DA3E9580F855ECFC5D23A939815E9A69F11B06CAB36DB41D",""
"Added","artifacts/CurrencyWarsSmartRaccoon-0.2.778-win-x64-portable-shutdownfix-20260802/data/4.4/character-card-templates/currency_wars_character_01__default.png","27339","2026-07-25T05:56:20.0000000Z","D84AED66BB6354A8E22B278D60F686FC6BF34D69827C30B6A2F97B6FF4365170",""
"Added","artifacts/CurrencyWarsSmartRaccoon-0.2.778-win-x64-portable-shutdownfix-20260802/data/4.4/character-card-templates/currency_wars_character_02__default.png","24856","2026-07-25T05:56:20.0000000Z","996C5EE9468BD527B9A6F21887FFB240AB804D5314E5B7FE87E898A262F35B6F",""
"Added","artifacts/CurrencyWarsSmartRaccoon-0.2.778-win-x64-portable-shutdownfix-20260802/data/4.4/character-card-templates/currency_wars_character_03__default.png","21153","2026-07-25T05:56:20.0000000Z","7488BD5F1AC503C9757F1012B0F2214EA7E8B5BE1F9D7C77394B1A49486E6502",""
"Added","artifacts/CurrencyWarsSmartRaccoon-0.2.778-win-x64-portable-shutdownfix-20260802/data/4.4/character-card-templates/currency_wars_character_04__default.png","27163","2026-07-25T05:56:20.0000000Z","071408F2B3102F2A90C2C6F68FCDC9679C061D93AFA878951C7C45600BF2EF17",""
"Added","artifacts/CurrencyWarsSmartRaccoon-0.2.778-win-x64-portable-shutdownfix-20260802/data/4.4/character-card-templates/currency_wars_character_05__default.png","27832","2026-07-25T05:56:20.0000000Z","9CF75969D9393910DEE7DA3AF2B96FEDE70E69D41A407093961CB5346114EDAD",""
"Added","artifacts/CurrencyWarsSmartRaccoon-0.2.778-win-x64-portable-shutdownfix-20260802/data/4.4/character-card-templates/currency_wars_character_07__default.png","27145","2026-07-25T05:56:20.0000000Z","98AF388127842D95D551510038EC01653EBD05DCC0B7D24A44BC5CDF6503AB00",""
"Added","artifacts/CurrencyWarsSmartRaccoon-0.2.778-win-x64-portable-shutdownfix-20260802/data/4.4/character-card-templates/currency_wars_character_08__default.png","26219","2026-07-25T05:56:20.0000000Z","AE09FD1C7FB643E605B1B7A8C9CDF5217EB8004FB258C50418F8DC87E9E14B22",""
"Added","artifacts/CurrencyWarsSmartRaccoon-0.2.778-win-x64-portable-shutdownfix-20260802/data/4.4/character-card-templates/currency_wars_character_09__default.png","27625","2026-07-25T05:56:20.0000000Z","4E6FC50BE1071E35424C1437D5D20A3C5850418AC0BB5936F960A70BEB4629EF",""
"Added","artifacts/CurrencyWarsSmartRaccoon-0.2.778-win-x64-portable-shutdownfix-20260802/data/4.4/character-card-templates/currency_wars_character_10__default.png","27315","2026-07-25T05:56:20.0000000Z","AF73B090DF6A9FDEB97B74E62F5A14F29094C8B31208C122D95483D9DE06CEF4",""
"Added","artifacts/CurrencyWarsSmartRaccoon-0.2.778-win-x64-portable-shutdownfix-20260802/data/4.4/character-card-templates/currency_wars_character_11__default.png","26592","2026-07-25T05:56:20.0000000Z","00A9DB86358A96148B8B619826B61CA5032A118E9A31F22643F00929D67E9781",""
"Added","artifacts/CurrencyWarsSmartRaccoon-0.2.778-win-x64-portable-shutdownfix-20260802/data/4.4/character-card-templates/currency_wars_character_12__default.png","27885","2026-07-25T05:56:20.0000000Z","54192439ED4AD1CB5476BA9B71F793DD568AC100DF3A5AB40A0663EDB17D892D",""
"Added","artifacts/CurrencyWarsSmartRaccoon-0.2.778-win-x64-portable-shutdownfix-20260802/data/4.4/character-card-templates/currency_wars_character_13__default.png","28791","2026-07-25T05:56:20.0000000Z","66C7EFAFC42A6795EC9BBD2C03402DC8CF9F5D7FC826BD8B4E2B8E646B956124",""
"Added","artifacts/CurrencyWarsSmartRaccoon-0.2.778-win-x64-portable-shutdownfix-20260802/data/4.4/character-card-templates/currency_wars_character_14__default.png","22827","2026-07-25T05:56:20.0000000Z","CD5E22A88B5E5372381491E287169F9CCE94BE0ADA211DE33CAC52BD1EA7BDBB",""
"Added","artifacts/CurrencyWarsSmartRaccoon-0.2.778-win-x64-portable-shutdownfix-20260802/data/4.4/character-card-templates/currency_wars_character_15__default.png","28615","2026-07-25T05:56:20.0000000Z","FEEF25A2261304911A66A20FAF073B433FEE287ACF52F2F5EFD6A22078FD4DC7",""
"Added","artifacts/CurrencyWarsSmartRaccoon-0.2.778-win-x64-portable-shutdownfix-20260802/data/4.4/character-card-templates/currency_wars_character_16__default.png","26294","2026-07-25T05:56:20.0000000Z","9D473189BBB4BB6D305415108D9A99E060916939D929CAA03D37260C7955B8D8",""
"Added","artifacts/CurrencyWarsSmartRaccoon-0.2.778-win-x64-portable-shutdownfix-20260802/data/4.4/character-card-templates/currency_wars_character_17__default.png","27039","2026-07-25T05:56:20.0000000Z","F30B8B6BCBB2D2CD14B475630436BFDF9814712291F026AD2E07DF2B9DDDB184",""
"Added","artifacts/CurrencyWarsSmartRaccoon-0.2.778-win-x64-portable-shutdownfix-20260802/data/4.4/character-card-templates/currency_wars_character_18__default.png","29269","2026-07-25T05:56:20.0000000Z","956E0A3C7C26E8C61652320D1175A47EC9352FF8F9679E1F3D7BF7D7E2DF7458",""
"Added","artifacts/CurrencyWarsSmartRaccoon-0.2.778-win-x64-portable-shutdownfix-20260802/data/4.4/character-card-templates/currency_wars_character_19__default.png","28845","2026-07-25T05:56:20.0000000Z","B2744DC1344DDE68708E71F0E2027BEE578D303A760E782D2F62B7999A5BB340",""
"Added","artifacts/CurrencyWarsSmartRaccoon-0.2.778-win-x64-portable-shutdownfix-20260802/data/4.4/character-card-templates/currency_wars_character_20__default.png","23973","2026-07-25T05:56:20.0000000Z","D04E6831B567C4CAC8897CC86C94D8AA9520EB08B04827E68C7736F4CAEB3BD2",""
"Added","artifacts/CurrencyWarsSmartRaccoon-0.2.778-win-x64-portable-shutdownfix-20260802/data/4.4/character-card-templates/currency_wars_character_21__default.png","25363","2026-07-25T05:56:20.0000000Z","EB8C733749D3679A9F1234B00D09A86BD1B0DFB0A87E8B624AD1833217041F47",""
"Added","artifacts/CurrencyWarsSmartRaccoon-0.2.778-win-x64-portable-shutdownfix-20260802/data/4.4/character-card-templates/currency_wars_character_22__default.png","25978","2026-07-25T05:56:20.0000000Z","4E76DA3D0DC3021D782E2D84AF86CC04BAD4A9C4A84ED8AD0D794F8FBB276ABA",""
"Added","artifacts/CurrencyWarsSmartRaccoon-0.2.778-win-x64-portable-shutdownfix-20260802/data/4.4/character-card-templates/currency_wars_character_23__default.png","27979","2026-07-25T05:56:20.0000000Z","4DA5EE883088EF79480BC2E270EF3CA5446EDAC3F89749311DE85ADDA6EEED60",""
"Added","artifacts/CurrencyWarsSmartRaccoon-0.2.778-win-x64-portable-shutdownfix-20260802/data/4.4/character-card-templates/currency_wars_character_24__幽梦翩跹.png","26192","2026-07-25T05:56:20.0000000Z","ED1F9CFCD638EC2FFD5F5350DFA1819C6AEBCEBCA5BD95AFE93033870A6CD3FA",""
"Added","artifacts/CurrencyWarsSmartRaccoon-0.2.778-win-x64-portable-shutdownfix-20260802/data/4.4/character-card-templates/currency_wars_character_25__default.png","25814","2026-07-25T05:56:20.0000000Z","396CA6DA40C7AF63F6D559D2C34A3DA465FC08357AE9680C144AF30F9F4C2582",""
"Added","artifacts/CurrencyWarsSmartRaccoon-0.2.778-win-x64-portable-shutdownfix-20260802/data/4.4/character-card-templates/currency_wars_character_26__default.png","26207","2026-07-25T05:56:20.0000000Z","0346B77F6561EB319F14D36CDA2BD1438874D45530084FA5C6780A669944F068",""
"Added","artifacts/CurrencyWarsSmartRaccoon-0.2.778-win-x64-portable-shutdownfix-20260802/data/4.4/character-card-templates/currency_wars_character_27__default.png","28969","2026-07-26T12:57:50.0000000Z","B7336C51664154151CC14A7240463696FCF04FFF001C14BA74B50FE02B88F3F1",""
"Added","artifacts/CurrencyWarsSmartRaccoon-0.2.778-win-x64-portable-shutdownfix-20260802/data/4.4/character-card-templates/currency_wars_character_29__default.png","27817","2026-07-25T05:56:20.0000000Z","FAC62360A8E6C5F4C3B40881299072AD0C23000FD68BE6200FAF8380F2B0D512",""
"Added","artifacts/CurrencyWarsSmartRaccoon-0.2.778-win-x64-portable-shutdownfix-20260802/data/4.4/character-card-templates/currency_wars_character_30__default.png","26098","2026-07-25T05:56:20.0000000Z","9C7A9E11605AD3015BD5928702A09683329C89E7A7D05F2A7AB78E7B848E95ED",""
"Added","artifacts/CurrencyWarsSmartRaccoon-0.2.778-win-x64-portable-shutdownfix-20260802/data/4.4/character-card-templates/currency_wars_character_31__default.png","28194","2026-07-25T05:56:20.0000000Z","E2A6D91D57889B873F13F0662E8697CABA84FE0F4182B967184CB7595F427248",""
"Added","artifacts/CurrencyWarsSmartRaccoon-0.2.778-win-x64-portable-shutdownfix-20260802/data/4.4/character-card-templates/currency_wars_character_32__default.png","28043","2026-07-25T05:56:20.0000000Z","02995196D1F6C4074646A1DA10F4213CAD94C534ED65F9D071D89A1ED1A3485E",""
"Added","artifacts/CurrencyWarsSmartRaccoon-0.2.778-win-x64-portable-shutdownfix-20260802/data/4.4/character-card-templates/currency_wars_character_33__default.png","25129","2026-07-25T05:56:20.0000000Z","C798B8AAAD8909F3870B43834E39957B2CDF8D0FC6BEB56D29D17C47DC33F163",""
"Added","artifacts/CurrencyWarsSmartRaccoon-0.2.778-win-x64-portable-shutdownfix-20260802/data/4.4/character-card-templates/currency_wars_character_34__default.png","27785","2026-07-25T05:56:20.0000000Z","B4D3C25D9DCA7CDE0A5557AFB9F291C2A511CDCE71CE139B88D238CF2E957C55",""
"Added","artifacts/CurrencyWarsSmartRaccoon-0.2.778-win-x64-portable-shutdownfix-20260802/data/4.4/character-card-templates/currency_wars_character_35__default.png","24100","2026-07-25T05:56:20.0000000Z","32E56DCA9E09119E19FB5C617F7917439651044D4C7055F009304AE669CF4480",""
"Added","artifacts/CurrencyWarsSmartRaccoon-0.2.778-win-x64-portable-shutdownfix-20260802/data/4.4/character-card-templates/currency_wars_character_36__default.png","29259","2026-07-25T05:56:20.0000000Z","0E7D081F13DB7C47279560A692D09EE0E0A2F4B5B5A5ADBFC3C6B92D3D1E87F7",""
"Added","artifacts/CurrencyWarsSmartRaccoon-0.2.778-win-x64-portable-shutdownfix-20260802/data/4.4/character-card-templates/currency_wars_character_37__default.png","24795","2026-07-25T05:56:20.0000000Z","EF1C558F164CF4BFC04D1247BA3752834995CD506A5828D17DB17F9D09731542",""
"Added","artifacts/CurrencyWarsSmartRaccoon-0.2.778-win-x64-portable-shutdownfix-20260802/data/4.4/character-card-templates/currency_wars_character_38__default.png","27316","2026-07-25T05:56:20.0000000Z","B8C0153F2032BDDB88CAA930633BA3E48C5BA357CDA4A5EEE0DF9E4E390E7F6C",""
"Added","artifacts/CurrencyWarsSmartRaccoon-0.2.778-win-x64-portable-shutdownfix-20260802/data/4.4/character-card-templates/currency_wars_character_39__default.png","27536","2026-07-25T05:56:20.0000000Z","33CFB09637F2D11652D6444333F0A050498D13D1AB46550ADF74CB310B31C8B4",""
"Added","artifacts/CurrencyWarsSmartRaccoon-0.2.778-win-x64-portable-shutdownfix-20260802/data/4.4/character-card-templates/currency_wars_character_40__default.png","25859","2026-07-26T12:57:50.0000000Z","4B648D7230449A570BBD4E3D2F8352D2D0FF8C7499B3AFD33E3CA1441B1F92F1",""
"Added","artifacts/CurrencyWarsSmartRaccoon-0.2.778-win-x64-portable-shutdownfix-20260802/data/4.4/character-card-templates/currency_wars_character_41__default.png","27847","2026-07-25T05:56:20.0000000Z","0B11E4218B25BF4C293640DAAEBF00DC238409E67391C550367F141CFDC585A3",""
"Added","artifacts/CurrencyWarsSmartRaccoon-0.2.778-win-x64-portable-shutdownfix-20260802/data/4.4/character-card-templates/currency_wars_character_42__default.png","27102","2026-07-25T05:56:20.0000000Z","67DCEB2BD837CF0F262C29C661C298A8EB4EFED00C6D55F33FFD1A91875EBDEE",""
"Added","artifacts/CurrencyWarsSmartRaccoon-0.2.778-win-x64-portable-shutdownfix-20260802/data/4.4/character-card-templates/currency_wars_character_43__default.png","26904","2026-07-25T05:56:20.0000000Z","1B1B351FDB2F7A2BCE473BF270BF370838B89D53552A898955D34762A5F4738C",""
"Added","artifacts/CurrencyWarsSmartRaccoon-0.2.778-win-x64-portable-shutdownfix-20260802/data/4.4/character-card-templates/currency_wars_character_44__default.png","23715","2026-07-25T05:56:20.0000000Z","1C6B51B49F3B4A5A0F2DE5CE09D2037B98F41027C5E1E5A6C9780B5000A7CE63",""
"Added","artifacts/CurrencyWarsSmartRaccoon-0.2.778-win-x64-portable-shutdownfix-20260802/data/4.4/character-card-templates/currency_wars_character_45__default.png","25541","2026-07-25T05:56:20.0000000Z","3243ACD1B348139BAE4DD07E534CEE316B384B990D0AB36B56B41D6C24463289",""
"Added","artifacts/CurrencyWarsSmartRaccoon-0.2.778-win-x64-portable-shutdownfix-20260802/data/4.4/character-card-templates/currency_wars_character_46__default.png","22132","2026-07-26T12:57:50.0000000Z","2B7FA79D5662C83D2F96128E9B16775AF56767C86732B7EBA072B9BF0BDBC8AB",""
"Added","artifacts/CurrencyWarsSmartRaccoon-0.2.778-win-x64-portable-shutdownfix-20260802/data/4.4/character-card-templates/currency_wars_character_47__default.png","28765","2026-07-25T05:56:20.0000000Z","63B0DF3739570C399F5B292032575D2F25DCCCD505698D16CC7279640E95B17D",""
"Added","artifacts/CurrencyWarsSmartRaccoon-0.2.778-win-x64-portable-shutdownfix-20260802/data/4.4/character-card-templates/currency_wars_character_48__雪绽梅笺.png","25313","2026-07-25T05:56:20.0000000Z","C6298539C140A095290BF41D8ED799DC06D89FE57A5945F68170BE35831EBF64",""
"Added","artifacts/CurrencyWarsSmartRaccoon-0.2.778-win-x64-portable-shutdownfix-20260802/data/4.4/character-card-templates/currency_wars_character_49__default.png","27421","2026-07-25T05:56:20.0000000Z","DF1027905F833ADC281647C37D1B3A6345CCDA34ED42237FEC74CFD547A0BA4A",""
"Added","artifacts/CurrencyWarsSmartRaccoon-0.2.778-win-x64-portable-shutdownfix-20260802/data/4.4/character-card-templates/currency_wars_character_50__default.png","22117","2026-07-25T05:56:20.0000000Z","8DFE0B516883DF6FC43AA3DB1104D0B5F030A23D490B18E47894ECA49AD6DCAB",""
"Added","artifacts/CurrencyWarsSmartRaccoon-0.2.778-win-x64-portable-shutdownfix-20260802/data/4.4/character-card-templates/currency_wars_character_51__default.png","24296","2026-07-25T05:56:20.0000000Z","0699DEBDDA9DF600D8A860A739239B2BCC333395B7C8D12A3A451CA9FD0679BA",""
"Added","artifacts/CurrencyWarsSmartRaccoon-0.2.778-win-x64-portable-shutdownfix-20260802/data/4.4/character-card-templates/currency_wars_character_52__default.png","26818","2026-07-25T05:56:20.0000000Z","5E0251BCA6B8F1C7B3B1B9FC8EF3629A481231CD2ED9C871F824C2ABD0937FEA",""
"Added","artifacts/CurrencyWarsSmartRaccoon-0.2.778-win-x64-portable-shutdownfix-20260802/data/4.4/character-card-templates/currency_wars_character_53__default.png","23885","2026-07-25T05:56:20.0000000Z","99E65027F914C2E26D152CE756F1D2E9425688B2CAFD8FEDB77C5C30D6B23DB4",""
"Added","artifacts/CurrencyWarsSmartRaccoon-0.2.778-win-x64-portable-shutdownfix-20260802/data/4.4/character-card-templates/currency_wars_character_54__default.png","27672","2026-07-25T05:56:20.0000000Z","51875B732F9675ED9188BCFEC1C9933A4640B7E8A165F23CCE43CBCFE4EECC11",""
"Added","artifacts/CurrencyWarsSmartRaccoon-0.2.778-win-x64-portable-shutdownfix-20260802/data/4.4/character-card-templates/currency_wars_character_55__default.png","27154","2026-07-25T05:56:20.0000000Z","1036FC95D8477ACFCF3DCF649E1EBCE9477D0DD9B56F52B1C90C2367E6898BCB",""
"Added","artifacts/CurrencyWarsSmartRaccoon-0.2.778-win-x64-portable-shutdownfix-20260802/data/4.4/character-card-templates/currency_wars_character_56__default.png","29877","2026-07-25T05:56:20.0000000Z","66CA2F652A59EF057C45EBFDB3D42A3BFF9815FA51EC20F4CA8B5C591169E245",""
"Added","artifacts/CurrencyWarsSmartRaccoon-0.2.778-win-x64-portable-shutdownfix-20260802/data/4.4/character-card-templates/currency_wars_character_57__default.png","27473","2026-07-25T05:56:20.0000000Z","149AA67BA723BBA7833AE9B9AC2434A684C0E51B332856FC00D0DBA22BEC5B63",""
"Added","artifacts/CurrencyWarsSmartRaccoon-0.2.778-win-x64-portable-shutdownfix-20260802/data/4.4/character-card-templates/currency_wars_character_58__default.png","24497","2026-07-25T05:56:20.0000000Z","79178EDEE414BC3CFB13F7886D52E0FBEE89C7968FEC4026AE2892C41730B2FC",""
"Added","artifacts/CurrencyWarsSmartRaccoon-0.2.778-win-x64-portable-shutdownfix-20260802/data/4.4/character-card-templates/currency_wars_character_59__default.png","24640","2026-07-25T05:56:20.0000000Z","E401C71D83FA1373597AE2264F6C87521FA8B900D2B1ECF7323B0010372209ED",""
"Added","artifacts/CurrencyWarsSmartRaccoon-0.2.778-win-x64-portable-shutdownfix-20260802/data/4.4/character-card-templates/currency_wars_character_60__default.png","28601","2026-07-25T05:56:20.0000000Z","5CA27B5B120FF53A57F2D58A5F0BD6DF83B214C7BED5076C376FEE2FECABD78C",""
"Added","artifacts/CurrencyWarsSmartRaccoon-0.2.778-win-x64-portable-shutdownfix-20260802/data/4.4/character-card-templates/currency_wars_character_61__default.png","25255","2026-07-25T05:56:20.0000000Z","583BEC0101285D6D52E82F1457F29C950D8497EBF6826196CABAEB5BC1444877",""
"Added","artifacts/CurrencyWarsSmartRaccoon-0.2.778-win-x64-portable-shutdownfix-20260802/data/4.4/character-card-templates/currency_wars_character_62__default.png","24485","2026-07-26T12:57:50.0000000Z","FD5E4F4BBF618B1085CF53031B3A4E1317159B2296BAED088E6592575AA0EDD2",""
"Added","artifacts/CurrencyWarsSmartRaccoon-0.2.778-win-x64-portable-shutdownfix-20260802/data/4.4/character-card-templates/currency_wars_character_63__default.png","25356","2026-07-25T05:56:20.0000000Z","85C20CA046BCB837765973A8782D1188B28DB271F84F9B540CD248479FC22F54",""
"Added","artifacts/CurrencyWarsSmartRaccoon-0.2.778-win-x64-portable-shutdownfix-20260802/data/4.4/character-card-templates/currency_wars_character_64__default.png","24710","2026-07-26T12:57:50.0000000Z","5AADE39B52EEFA56EDF4A6061B5BC67EAE80B5F97A902A57BFF75F2D2EB71A68",""
"Added","artifacts/CurrencyWarsSmartRaccoon-0.2.778-win-x64-portable-shutdownfix-20260802/data/4.4/character-card-templates/currency_wars_character_65__default.png","28887","2026-07-25T05:56:20.0000000Z","43014459D4254CE948F134CC5013366CBF6859020490FD9FC369C6D8AA98EB62",""
"Added","artifacts/CurrencyWarsSmartRaccoon-0.2.778-win-x64-portable-shutdownfix-20260802/data/4.4/character-card-templates/currency_wars_character_66__default.png","27962","2026-07-25T05:56:20.0000000Z","BD83AE5CC11FBB0CD3BBDC79BB79F9787E9AD580833C3F09F63C1A21B95C72F2",""
"Added","artifacts/CurrencyWarsSmartRaccoon-0.2.778-win-x64-portable-shutdownfix-20260802/data/4.4/character-card-templates/currency_wars_character_67__default.png","26900","2026-07-25T05:56:20.0000000Z","6E16380BA8F622735E0E0FA3DCDFB6612BAC8BEA8C842248D91CFD7ADA965A1A",""
"Added","artifacts/CurrencyWarsSmartRaccoon-0.2.778-win-x64-portable-shutdownfix-20260802/data/4.4/character-card-templates/currency_wars_character_68__default.png","27644","2026-07-25T05:56:20.0000000Z","96C34547D6EA2E2F4914ED201B9414898E1249238659C965810D956D4B635700",""
"Added","artifacts/CurrencyWarsSmartRaccoon-0.2.778-win-x64-portable-shutdownfix-20260802/data/4.4/character-card-templates/currency_wars_character_69__default.png","29130","2026-07-25T05:56:20.0000000Z","2B66D0FA60B83ABFAE4517D818D33BCA9E597CE19EDDD68E68550BA942CFC186",""
"Added","artifacts/CurrencyWarsSmartRaccoon-0.2.778-win-x64-portable-shutdownfix-20260802/data/4.4/character-card-templates/currency_wars_character_70__default.png","23268","2026-07-25T05:56:20.0000000Z","8235EF50AD09571C4C8761F0EB94C26D0C399777FEBAFDFD2A44507CF5A322D2",""
"Added","artifacts/CurrencyWarsSmartRaccoon-0.2.778-win-x64-portable-shutdownfix-20260802/data/4.4/character-card-templates/currency_wars_character_71__default.png","24748","2026-07-25T05:56:20.0000000Z","214D99A77AF7153B9737E6B6C5512E17F8E3449DB0E39A6F60AD99D23B67CF4C",""
"Added","artifacts/CurrencyWarsSmartRaccoon-0.2.778-win-x64-portable-shutdownfix-20260802/data/4.4/character-card-templates/currency_wars_character_72__default.png","27110","2026-07-25T05:56:20.0000000Z","5364F4E763A1C4776AA37BE94F5CB8AAA1F45EC975E98465CA94C85DF08FD375",""
"Added","artifacts/CurrencyWarsSmartRaccoon-0.2.778-win-x64-portable-shutdownfix-20260802/data/4.4/character-card-templates/currency_wars_character_trailblazer__player_male_form_unspecified.png","25867","2026-07-25T05:56:20.0000000Z","A43B2A12C2386DFF645665774C6674AAAB1AFB5B600A7F47ABF40FC235C81CE2",""
"Added","artifacts/CurrencyWarsSmartRaccoon-0.2.778-win-x64-portable-shutdownfix-20260802/data/4.4/character-small-avatar-templates/currency_wars_character_01__default.png","49475","2026-07-25T05:56:30.0000000Z","4C118477B807CA6AAE3C8AA16F0B493B3061D2250648580152263DDF9CF2C543",""
"Added","artifacts/CurrencyWarsSmartRaccoon-0.2.778-win-x64-portable-shutdownfix-20260802/data/4.4/character-small-avatar-templates/currency_wars_character_02__default.png","9985","2026-07-25T05:56:30.0000000Z","613DEBB24DF07C14BD7461FCAB24FC4E44B2A3D33F2AE8465A4F42C8A038E6EA",""
"Added","artifacts/CurrencyWarsSmartRaccoon-0.2.778-win-x64-portable-shutdownfix-20260802/data/4.4/character-small-avatar-templates/currency_wars_character_03__default.png","45798","2026-07-25T05:56:30.0000000Z","199D8FE0FF3A24479210376C125003D0855A8520529E35174692EA8CEDC3C017",""
"Added","artifacts/CurrencyWarsSmartRaccoon-0.2.778-win-x64-portable-shutdownfix-20260802/data/4.4/character-small-avatar-templates/currency_wars_character_04__default.png","41141","2026-07-25T05:56:30.0000000Z","A79DAEBA4D082B222C9AD633FD063B2C4A7B71978BACF7124A81779926265462",""
"Added","artifacts/CurrencyWarsSmartRaccoon-0.2.778-win-x64-portable-shutdownfix-20260802/data/4.4/character-small-avatar-templates/currency_wars_character_05__default.png","10429","2026-07-25T05:56:30.0000000Z","C3F8F5065E2A6EFCF076FBCE2D4F376B58C8B25471B38552600C0BDE259B85A5",""
"Added","artifacts/CurrencyWarsSmartRaccoon-0.2.778-win-x64-portable-shutdownfix-20260802/data/4.4/character-small-avatar-templates/currency_wars_character_07__default.png","47433","2026-07-25T05:56:30.0000000Z","377777C31496D97EB22EBF8846E5C06F01C0B26CF4FDC1805389F366EF0CEC2F",""
"Added","artifacts/CurrencyWarsSmartRaccoon-0.2.778-win-x64-portable-shutdownfix-20260802/data/4.4/character-small-avatar-templates/currency_wars_character_08__default.png","10458","2026-07-25T05:56:30.0000000Z","15CF04CE5D5C671FB63764226306D1F6FE10D17897CEDF72E269FE6CD1C4EB23",""
"Added","artifacts/CurrencyWarsSmartRaccoon-0.2.778-win-x64-portable-shutdownfix-20260802/data/4.4/character-small-avatar-templates/currency_wars_character_09__default.png","10880","2026-07-25T05:56:30.0000000Z","BF8CB2223FA20C3BBA9C9F1B64890433089FFC56D29ABE2899B5EC8E68158B69",""
"Added","artifacts/CurrencyWarsSmartRaccoon-0.2.778-win-x64-portable-shutdownfix-20260802/data/4.4/character-small-avatar-templates/currency_wars_character_10__default.png","10688","2026-07-25T05:56:30.0000000Z","0D3C212868064631927C6285F90D9AAF6FD5416B128D40DE3ADD901A8B9D21E8",""
"Added","artifacts/CurrencyWarsSmartRaccoon-0.2.778-win-x64-portable-shutdownfix-20260802/data/4.4/character-small-avatar-templates/currency_wars_character_11__default.png","10481","2026-07-25T05:56:30.0000000Z","AFCC2BDEB4B3026E96CEC2A4233E1071E5DD23952246C193C58BDE617080CBB0",""
"Added","artifacts/CurrencyWarsSmartRaccoon-0.2.778-win-x64-portable-shutdownfix-20260802/data/4.4/character-small-avatar-templates/currency_wars_character_12__default.png","11211","2026-07-25T05:56:30.0000000Z","DFC36F6295A394A6D0FBD9DFB34D4529B550F3CDDB85B687256CB229A295602D",""
"Added","artifacts/CurrencyWarsSmartRaccoon-0.2.778-win-x64-portable-shutdownfix-20260802/data/4.4/character-small-avatar-templates/currency_wars_character_13__default.png","10896","2026-07-25T05:56:30.0000000Z","2BBB63814156E842F518521AA63C31D73B9DCB4B511107BF8DDDAF4FC7D79731",""
"Added","artifacts/CurrencyWarsSmartRaccoon-0.2.778-win-x64-portable-shutdownfix-20260802/data/4.4/character-small-avatar-templates/currency_wars_character_14__default.png","9293","2026-07-25T05:56:30.0000000Z","D0A5DDD1C1092BAD26E94D50E94D88F44237D989D1A18C0E3BBD04E201D53698",""
"Added","artifacts/CurrencyWarsSmartRaccoon-0.2.778-win-x64-portable-shutdownfix-20260802/data/4.4/character-small-avatar-templates/currency_wars_character_15__default.png","11017","2026-07-25T05:56:30.0000000Z","335B9ECB0F857147A6831B2BC016C0E249E58BA92812592F9563EE176EA536B7",""
"Added","artifacts/CurrencyWarsSmartRaccoon-0.2.778-win-x64-portable-shutdownfix-20260802/data/4.4/character-small-avatar-templates/currency_wars_character_16__default.png","10460","2026-07-25T05:56:30.0000000Z","BC473CF632527A02B70DDE68CB5AE2B36E4526BF65CDE843E868A90B6C8E0030",""
"Added","artifacts/CurrencyWarsSmartRaccoon-0.2.778-win-x64-portable-shutdownfix-20260802/data/4.4/character-small-avatar-templates/currency_wars_character_17__default.png","11058","2026-07-25T05:56:30.0000000Z","096C1ABBFE854420204C324D691AF118816277D8285DC20BB5A91D74AB9B4632",""
"Added","artifacts/CurrencyWarsSmartRaccoon-0.2.778-win-x64-portable-shutdownfix-20260802/data/4.4/character-small-avatar-templates/currency_wars_character_18__default.png","10601","2026-07-25T05:56:30.0000000Z","92AE3639B1D72B3E660EC02D937D3B1440B0D34522E380E002E04032A2FDBF2F",""
"Added","artifacts/CurrencyWarsSmartRaccoon-0.2.778-win-x64-portable-shutdownfix-20260802/data/4.4/character-small-avatar-templates/currency_wars_character_19__default.png","10732","2026-07-25T05:56:30.0000000Z","6CCBD32264B9990065400BD80EA89997BCE5473BF08BCF36148AC2D241808C9D",""
"Added","artifacts/CurrencyWarsSmartRaccoon-0.2.778-win-x64-portable-shutdownfix-20260802/data/4.4/character-small-avatar-templates/currency_wars_character_20__default.png","9805","2026-07-25T05:56:30.0000000Z","8FA4DBB108D65DFB13BEE3E2674DF709EB9F590A6C75AAE61C2FD0C4B9D1D2BA",""
"Added","artifacts/CurrencyWarsSmartRaccoon-0.2.778-win-x64-portable-shutdownfix-20260802/data/4.4/character-small-avatar-templates/currency_wars_character_21__default.png","10436","2026-07-25T05:56:30.0000000Z","12331C755C1BE1E19A1014C3F94A8B0ACC1AF37FA20761DE8E3D122354F07937",""
"Added","artifacts/CurrencyWarsSmartRaccoon-0.2.778-win-x64-portable-shutdownfix-20260802/data/4.4/character-small-avatar-templates/currency_wars_character_22__default.png","10308","2026-07-25T05:56:30.0000000Z","8E897A172624FE0D074737900B18BD015383336E994AFD2C89709A51695887FF",""
"Added","artifacts/CurrencyWarsSmartRaccoon-0.2.778-win-x64-portable-shutdownfix-20260802/data/4.4/character-small-avatar-templates/currency_wars_character_23__default.png","10562","2026-07-25T05:56:30.0000000Z","77D9767509BA51955C21C9F04FF51C832325F3047AE2BB9EC4ED5AA99AC3DA23",""
"Added","artifacts/CurrencyWarsSmartRaccoon-0.2.778-win-x64-portable-shutdownfix-20260802/data/4.4/character-small-avatar-templates/currency_wars_character_24__default.png","10370","2026-07-25T05:56:30.0000000Z","856306DE1C28841D0E57E62D62BAEE9C82CB984C246229A91D33F5FA7B9A44B3",""
"Added","artifacts/CurrencyWarsSmartRaccoon-0.2.778-win-x64-portable-shutdownfix-20260802/data/4.4/character-small-avatar-templates/currency_wars_character_25__default.png","10872","2026-07-25T05:56:30.0000000Z","5753E547A02DB28271867127A2770F08FA037EC5525841B844A8D6E66FE69C52",""
"Added","artifacts/CurrencyWarsSmartRaccoon-0.2.778-win-x64-portable-shutdownfix-20260802/data/4.4/character-small-avatar-templates/currency_wars_character_26__default.png","10538","2026-07-25T05:56:30.0000000Z","C5DB5B1CE203157EC26C0A79549B5F7F6B7A09F133FB574ABCC1AFC6837F14FB",""
"Added","artifacts/CurrencyWarsSmartRaccoon-0.2.778-win-x64-portable-shutdownfix-20260802/data/4.4/character-small-avatar-templates/currency_wars_character_27__default.png","10982","2026-07-25T05:56:30.0000000Z","53CA02CE91158407C8D76245774F4EAD965BB3A5BB9F6FC4FD4893F6E1CF0DF6",""
"Added","artifacts/CurrencyWarsSmartRaccoon-0.2.778-win-x64-portable-shutdownfix-20260802/data/4.4/character-small-avatar-templates/currency_wars_character_29__default.png","10180","2026-07-25T05:56:30.0000000Z","B4A4E7F5A12C5151D2BC76794F326F16FCD64678D6CE4CEF7B920BDEE42A9A0A",""
"Added","artifacts/CurrencyWarsSmartRaccoon-0.2.778-win-x64-portable-shutdownfix-20260802/data/4.4/character-small-avatar-templates/currency_wars_character_30__default.png","10361","2026-07-25T05:56:30.0000000Z","BA2F4763AF92EE64D7BF91FD1A7D97B6EB5A64F1BB14F1961551EB0D9EE6F14F",""
"Added","artifacts/CurrencyWarsSmartRaccoon-0.2.778-win-x64-portable-shutdownfix-20260802/data/4.4/character-small-avatar-templates/currency_wars_character_31__default.png","10627","2026-07-25T05:56:30.0000000Z","50D450BAEFA4522B3D7B34C29A866CC1C3259036FE3C621C7D29563C94DDC93F",""
"Added","artifacts/CurrencyWarsSmartRaccoon-0.2.778-win-x64-portable-shutdownfix-20260802/data/4.4/character-small-avatar-templates/currency_wars_character_32__default.png","7977","2026-07-25T05:56:30.0000000Z","EAC7F1697867B594FD2030A9C21E7372384D33CA39A739286834683630D5C7DB",""
"Added","artifacts/CurrencyWarsSmartRaccoon-0.2.778-win-x64-portable-shutdownfix-20260802/data/4.4/character-small-avatar-templates/currency_wars_character_33__default.png","9576","2026-07-25T05:56:30.0000000Z","0D89392FD8F896C5C6E13C276538858351CD54070CADAD2138F158A89A6B891C",""
"Added","artifacts/CurrencyWarsSmartRaccoon-0.2.778-win-x64-portable-shutdownfix-20260802/data/4.4/character-small-avatar-templates/currency_wars_character_34__default.png","10851","2026-07-25T05:56:30.0000000Z","24D6D784FD54FF2AA757C6889966A511A2E96D5C3E596907B8247737E63C994F",""
"Added","artifacts/CurrencyWarsSmartRaccoon-0.2.778-win-x64-portable-shutdownfix-20260802/data/4.4/character-small-avatar-templates/currency_wars_character_35__default.png","10342","2026-07-25T05:56:30.0000000Z","069981B67F9553C8FD274F012EB47D32679623C985993B58BC898A72A8AC02B9",""
"Added","artifacts/CurrencyWarsSmartRaccoon-0.2.778-win-x64-portable-shutdownfix-20260802/data/4.4/character-small-avatar-templates/currency_wars_character_36__default.png","11039","2026-07-25T05:56:30.0000000Z","27CC4C6A7C0DD16D5DF304623AC6D765162974E4BF58A353F696D9F884DCB68F",""
"Added","artifacts/CurrencyWarsSmartRaccoon-0.2.778-win-x64-portable-shutdownfix-20260802/data/4.4/character-small-avatar-templates/currency_wars_character_37__default.png","9830","2026-07-25T05:56:30.0000000Z","E6E4B55A8B70C7A8811FFBDB7499D92FA382846C0838A93DF64F8F568692F264",""
"Added","artifacts/CurrencyWarsSmartRaccoon-0.2.778-win-x64-portable-shutdownfix-20260802/data/4.4/character-small-avatar-templates/currency_wars_character_38__default.png","10671","2026-07-25T05:56:30.0000000Z","D3A679DF86E82B9EE5A2C35397D48CAB879D8B4AD1DC62DD344307E2FF3DBE85",""
"Added","artifacts/CurrencyWarsSmartRaccoon-0.2.778-win-x64-portable-shutdownfix-20260802/data/4.4/character-small-avatar-templates/currency_wars_character_39__default.png","10739","2026-07-25T05:56:30.0000000Z","0E008B5992C2B84A7E7C16779D2D30D28D7FDC62902A7CA158F5514F2E6C063B",""
"Added","artifacts/CurrencyWarsSmartRaccoon-0.2.778-win-x64-portable-shutdownfix-20260802/data/4.4/character-small-avatar-templates/currency_wars_character_40__default.png","10646","2026-07-25T05:56:30.0000000Z","2EA026ACD90FB8F9CFEAA021A10D1C704B4733559769D309D64925A22D756E3A",""
"Added","artifacts/CurrencyWarsSmartRaccoon-0.2.778-win-x64-portable-shutdownfix-20260802/data/4.4/character-small-avatar-templates/currency_wars_character_41__default.png","10619","2026-07-25T05:56:30.0000000Z","092EC17D9CD07CA8CAC8249780BACFDA5C84557EBD6715BC42652A0FA5535170",""
"Added","artifacts/CurrencyWarsSmartRaccoon-0.2.778-win-x64-portable-shutdownfix-20260802/data/4.4/character-small-avatar-templates/currency_wars_character_42__default.png","48253","2026-07-25T05:56:30.0000000Z","55AF771647CAF1B09CD8206449D3D5E1D315B2706ACDAD6B106023548C2E14C1",""
"Added","artifacts/CurrencyWarsSmartRaccoon-0.2.778-win-x64-portable-shutdownfix-20260802/data/4.4/character-small-avatar-templates/currency_wars_character_43__default.png","9926","2026-07-25T05:56:30.0000000Z","77DABC83AB4CA01030F6E1B6BAB2CBA1B0F1545AAB84C5F42BC5E54B4DCCF336",""
"Added","artifacts/CurrencyWarsSmartRaccoon-0.2.778-win-x64-portable-shutdownfix-20260802/data/4.4/character-small-avatar-templates/currency_wars_character_44__default.png","10497","2026-07-25T05:56:30.0000000Z","ACA5035BC9A57ED8262312F0D1AE76C4A2E32B747E8E87EBAAFA75E624311568",""
"Added","artifacts/CurrencyWarsSmartRaccoon-0.2.778-win-x64-portable-shutdownfix-20260802/data/4.4/character-small-avatar-templates/currency_wars_character_45__default.png","46354","2026-07-25T05:56:30.0000000Z","B216932A707910526111B1273C6D4C55B98AA44EFD20E46763060C94A69E9C2B",""
"Added","artifacts/CurrencyWarsSmartRaccoon-0.2.778-win-x64-portable-shutdownfix-20260802/data/4.4/character-small-avatar-templates/currency_wars_character_46__default.png","9636","2026-07-25T05:56:30.0000000Z","0E92CAFED38ECB70982197E66010CFFAA5870D4C65331E1F4E542C818103D7DB",""
"Added","artifacts/CurrencyWarsSmartRaccoon-0.2.778-win-x64-portable-shutdownfix-20260802/data/4.4/character-small-avatar-templates/currency_wars_character_47__default.png","10703","2026-07-25T05:56:30.0000000Z","E6E6CA57C9AF2A9CD9D8B5643A80F4FA03E411034D9876591B3B7D5540170DFA",""
"Added","artifacts/CurrencyWarsSmartRaccoon-0.2.778-win-x64-portable-shutdownfix-20260802/data/4.4/character-small-avatar-templates/currency_wars_character_48__雪绽梅笺.png","10353","2026-07-25T05:56:30.0000000Z","5F5DB39E2A022A790D4F387A86B690E394AA7F68FAC000BA2B32A862F89C9B41",""
"Added","artifacts/CurrencyWarsSmartRaccoon-0.2.778-win-x64-portable-shutdownfix-20260802/data/4.4/character-small-avatar-templates/currency_wars_character_49__default.png","49279","2026-07-25T05:56:30.0000000Z","385FC528AA0D8BF246A082085D5C8EC10341874A299C6CBA36DFDADBC87DDA35",""
"Added","artifacts/CurrencyWarsSmartRaccoon-0.2.778-win-x64-portable-shutdownfix-20260802/data/4.4/character-small-avatar-templates/currency_wars_character_50__default.png","9336","2026-07-25T05:56:30.0000000Z","2A2CA10C4A65ABC9D56DF6D70F8B616F99630110D46469BEE34CB5A74C51995F",""
"Added","artifacts/CurrencyWarsSmartRaccoon-0.2.778-win-x64-portable-shutdownfix-20260802/data/4.4/character-small-avatar-templates/currency_wars_character_51__default.png","10502","2026-07-25T05:56:30.0000000Z","E3374A67D811B4CCDCA51978DEA798B277A41991553A662BD402C9545FE1FD71",""
"Added","artifacts/CurrencyWarsSmartRaccoon-0.2.778-win-x64-portable-shutdownfix-20260802/data/4.4/character-small-avatar-templates/currency_wars_character_52__default.png","9637","2026-07-25T05:56:30.0000000Z","BD181D5D52241D4514286BC7A39CABB7141312511BD4D727848B7F4630D4BA1F",""
"Added","artifacts/CurrencyWarsSmartRaccoon-0.2.778-win-x64-portable-shutdownfix-20260802/data/4.4/character-small-avatar-templates/currency_wars_character_53__default.png","9220","2026-07-25T05:56:30.0000000Z","F96273D4D23F3891D280C77DFE7122D7CA6D3FE12FCD10A89C1ED58F7FD5F046",""
"Added","artifacts/CurrencyWarsSmartRaccoon-0.2.778-win-x64-portable-shutdownfix-20260802/data/4.4/character-small-avatar-templates/currency_wars_character_54__default.png","10733","2026-07-25T05:56:30.0000000Z","C849995289E38EB76C0550320694DFE98BF856D010788F32F469A3AFDE72AEF5",""
"Added","artifacts/CurrencyWarsSmartRaccoon-0.2.778-win-x64-portable-shutdownfix-20260802/data/4.4/character-small-avatar-templates/currency_wars_character_55__default.png","10712","2026-07-25T05:56:30.0000000Z","243A595A28CD5661DE230A8468B136745E4B2B76BEB818DECCEC15432F69F996",""
"Added","artifacts/CurrencyWarsSmartRaccoon-0.2.778-win-x64-portable-shutdownfix-20260802/data/4.4/character-small-avatar-templates/currency_wars_character_56__default.png","11012","2026-07-25T05:56:30.0000000Z","0E429A841391698B84A636E241A7BAF6FEDC732976CE23A0BA4EA66E414A4BCF",""
"Added","artifacts/CurrencyWarsSmartRaccoon-0.2.778-win-x64-portable-shutdownfix-20260802/data/4.4/character-small-avatar-templates/currency_wars_character_57__default.png","10574","2026-07-25T05:56:30.0000000Z","768350AFCE8C4D44333BF7F9F60D56BF17BCF310578DDB676B5557B0ACBA818E",""
"Added","artifacts/CurrencyWarsSmartRaccoon-0.2.778-win-x64-portable-shutdownfix-20260802/data/4.4/character-small-avatar-templates/currency_wars_character_58__default.png","10580","2026-07-25T05:56:30.0000000Z","4830758ACCC113F7F126B9FB8D7A8E66496C58A4EB5B3D08574EB380F2C83A91",""
"Added","artifacts/CurrencyWarsSmartRaccoon-0.2.778-win-x64-portable-shutdownfix-20260802/data/4.4/character-small-avatar-templates/currency_wars_character_59__default.png","10128","2026-07-25T05:56:30.0000000Z","8533E7E5208D2C10A4A77577418ACD3086851DD5322303D48F5E24027FE8CE6F",""
"Added","artifacts/CurrencyWarsSmartRaccoon-0.2.778-win-x64-portable-shutdownfix-20260802/data/4.4/character-small-avatar-templates/currency_wars_character_60__default.png","10515","2026-07-25T05:56:30.0000000Z","E73C1A5FB992DA69F9E6BF3888712B3553E33F0A2FBC77F1E63E15087ADDDAFA",""
"Added","artifacts/CurrencyWarsSmartRaccoon-0.2.778-win-x64-portable-shutdownfix-20260802/data/4.4/character-small-avatar-templates/currency_wars_character_61__default.png","46302","2026-07-25T05:56:30.0000000Z","E4A0138ABC2B0B18A373739A025360A80111900504AE4159DB1B44B13820F0B5",""
"Added","artifacts/CurrencyWarsSmartRaccoon-0.2.778-win-x64-portable-shutdownfix-20260802/data/4.4/character-small-avatar-templates/currency_wars_character_62__default.png","44789","2026-07-25T05:56:30.0000000Z","4D2A29022C846BA7F31B6011B8B7E1ABAB27DED40724DCC0537EF829013D7378",""
"Added","artifacts/CurrencyWarsSmartRaccoon-0.2.778-win-x64-portable-shutdownfix-20260802/data/4.4/character-small-avatar-templates/currency_wars_character_63__default.png","44379","2026-07-25T05:56:30.0000000Z","FCBF99151E8CE7345532A564B806696F3611EA9D2DE191897E7A15021208B5D5",""
"Added","artifacts/CurrencyWarsSmartRaccoon-0.2.778-win-x64-portable-shutdownfix-20260802/data/4.4/character-small-avatar-templates/currency_wars_character_64__default.png","45364","2026-07-25T05:56:30.0000000Z","D551674CF2AA9D9A315E3AFBC1A0F24879D23C67E2CFA25EBE1AED1B8172FC15",""
"Added","artifacts/CurrencyWarsSmartRaccoon-0.2.778-win-x64-portable-shutdownfix-20260802/data/4.4/character-small-avatar-templates/currency_wars_character_65__default.png","10775","2026-07-25T05:56:30.0000000Z","A88EC0B0A6D9A1661A460F88DB83058651C18933CE16BA17B22700986CA292B7",""
"Added","artifacts/CurrencyWarsSmartRaccoon-0.2.778-win-x64-portable-shutdownfix-20260802/data/4.4/character-small-avatar-templates/currency_wars_character_66__default.png","46741","2026-07-25T05:56:30.0000000Z","91D9C6BA498421E4EC8FB16C1D864B499D8489D8B95355FCEE97241A893288D9",""
"Added","artifacts/CurrencyWarsSmartRaccoon-0.2.778-win-x64-portable-shutdownfix-20260802/data/4.4/character-small-avatar-templates/currency_wars_character_67__default.png","10648","2026-07-25T05:56:30.0000000Z","725C4971DD1D3FE971885BF581FFF569E14FC0DB1C948B66876870E3DC4F2477",""
"Added","artifacts/CurrencyWarsSmartRaccoon-0.2.778-win-x64-portable-shutdownfix-20260802/data/4.4/character-small-avatar-templates/currency_wars_character_68__default.png","11012","2026-07-25T05:56:30.0000000Z","2BD189EE81CCAED387C2127D5986D9B24CE96553E9C3EC896358697AF261D345",""
"Added","artifacts/CurrencyWarsSmartRaccoon-0.2.778-win-x64-portable-shutdownfix-20260802/data/4.4/character-small-avatar-templates/currency_wars_character_69__default.png","10984","2026-07-25T05:56:30.0000000Z","8D36A308A16B4582A33F6458FC869CC420450E3F4557164C83C1B7858FF473E0",""
"Added","artifacts/CurrencyWarsSmartRaccoon-0.2.778-win-x64-portable-shutdownfix-20260802/data/4.4/character-small-avatar-templates/currency_wars_character_70__default.png","43368","2026-07-25T05:56:30.0000000Z","D77BBD4D9B060B1C89853EAF55A034C180F255D2AE542370A77A317C98883143",""
"Added","artifacts/CurrencyWarsSmartRaccoon-0.2.778-win-x64-portable-shutdownfix-20260802/data/4.4/character-small-avatar-templates/currency_wars_character_71__default.png","42302","2026-07-25T05:56:30.0000000Z","630CA28C98A070572B8B87943BD23C3BC70D186AEE5F06F906943305B014ACA7",""
"Added","artifacts/CurrencyWarsSmartRaccoon-0.2.778-win-x64-portable-shutdownfix-20260802/data/4.4/character-small-avatar-templates/currency_wars_character_72__default.png","10729","2026-07-25T05:56:30.0000000Z","8FB1607E9F59AB83E14BF4FF84B1D15AAF4F3E331E5D109616B27B58B4C426DF",""
"Added","artifacts/CurrencyWarsSmartRaccoon-0.2.778-win-x64-portable-shutdownfix-20260802/data/4.4/character-small-avatar-templates/currency_wars_character_trailblazer__开拓者_欢愉.png","9933","2026-07-25T05:56:30.0000000Z","5C7F57FC5583DA27385BE78B4F2A9DA7B181D53B3D551C38849777D2429554BD",""
"Added","artifacts/CurrencyWarsSmartRaccoon-0.2.778-win-x64-portable-shutdownfix-20260802/data/4.4/character-small-avatar-templates/currency_wars_character_trailblazer__开拓者_记忆.png","10399","2026-07-25T05:56:30.0000000Z","D3F578D8A749B9B6499E2A7E0ACFD3E6E30B431C020FC2360335F9F6D86BA23F",""
"Added","artifacts/CurrencyWarsSmartRaccoon-0.2.778-win-x64-portable-shutdownfix-20260802/data/4.4/competitors.json","15868","2026-07-23T18:27:42.0000000Z","AFC207E5C153BA46F3E2372348A6961F4C4019E0B66889DE6C4187F1E7F16C38",""
"Added","artifacts/CurrencyWarsSmartRaccoon-0.2.778-win-x64-portable-shutdownfix-20260802/data/4.4/currency-wars-characters.json","1043429","2026-07-30T10:29:06.0000000Z","CB437A66324E1907D04E66BE94821CC935370477C9CAF8FB7225D7B9703D2CE6",""
"Added","artifacts/CurrencyWarsSmartRaccoon-0.2.778-win-x64-portable-shutdownfix-20260802/data/4.4/enemy-affixes.json","20090","2026-07-23T18:27:42.0000000Z","F672B8F5D496436A5F49402EC35B20FB2074A74B0B8784AA8E65AC9FFCEFB2AF",""
"Added","artifacts/CurrencyWarsSmartRaccoon-0.2.778-win-x64-portable-shutdownfix-20260802/data/4.4/gold-digit-templates/digit_3.png","475","2026-07-26T15:59:54.0000000Z","E2FEC5DFB1075AD9074CDCBA9571FBE7E5B5081ECFCE336378324FADC91CD4F5",""
"Added","artifacts/CurrencyWarsSmartRaccoon-0.2.778-win-x64-portable-shutdownfix-20260802/data/4.4/gold-digit-templates/digit_7.png","471","2026-07-26T16:00:00.0000000Z","BF9915C4F8CFEE196FD3D5FED3244B103B06D0D9ABACCBA5F6BBA83E5151DD1E",""
"Added","artifacts/CurrencyWarsSmartRaccoon-0.2.778-win-x64-portable-shutdownfix-20260802/data/4.4/investment-environments.json","38285","2026-07-23T18:27:42.0000000Z","4DB4A2FF2DC1742F6429BD04D40F7230067E42E1C1A5F507F9FD5ADEB856467E",""
"Added","artifacts/CurrencyWarsSmartRaccoon-0.2.778-win-x64-portable-shutdownfix-20260802/data/4.4/investment-strategies.json","150529","2026-07-23T18:27:42.0000000Z","79EB06A044A7B1564DACCB3BBB629FED5EE29075BC81A51316691BDADB94E6B7",""
"Added","artifacts/CurrencyWarsSmartRaccoon-0.2.778-win-x64-portable-shutdownfix-20260802/data/4.4/metadata.json","1609","2026-07-23T18:27:42.0000000Z","F4D2E7CE3D200CDD9620190D2BAB2DACBD13A94EF7CD2C3EFFBF32D7CF3793A4",""
"Added","artifacts/CurrencyWarsSmartRaccoon-0.2.778-win-x64-portable-shutdownfix-20260802/data/4.4/phase2-action-indicator-templates/round-1-action-100.png","9588","2026-07-28T06:02:30.0000000Z","6BC004D9FE43648A718FEBBF41BE0D6AE74EC23C07C4F432F122CE1D7217031D",""
"Added","artifacts/CurrencyWarsSmartRaccoon-0.2.778-win-x64-portable-shutdownfix-20260802/data/4.4/phase2-action-indicator-templates/round-1-action-28.png","10453","2026-07-28T06:03:48.0000000Z","D105E245C45C26191B57E09B233E1B1C482099193ADD8EE71D0BEEF868883471",""
"Added","artifacts/CurrencyWarsSmartRaccoon-0.2.778-win-x64-portable-shutdownfix-20260802/data/4.4/phase2-icon-assets/asset-manifest.jsonl","632044","2026-07-28T11:44:10.0000000Z","A3F5F1927406DD7148D3AA517AD6E89A8DEFA4E79295E34C342B4AF0A33E7FA2",""
"Added","artifacts/CurrencyWarsSmartRaccoon-0.2.778-win-x64-portable-shutdownfix-20260802/data/4.4/phase2-icon-assets/recognition-overrides.json","339","2026-07-28T12:21:14.0000000Z","74F6BFB6FC750BFF251FEA6B6BAF6DCCF5A5CD2B861F0EA7AC3584A24CFFF735",""
"Added","artifacts/CurrencyWarsSmartRaccoon-0.2.778-win-x64-portable-shutdownfix-20260802/data/4.4/phase2-icon-assets/source-coverage-report.md","1477","2026-07-28T11:21:52.0000000Z","A6710124BE0B42EF6199F5959CCBD71BB490D073343C0652CA60296CB5863FB2",""
"Added","artifacts/CurrencyWarsSmartRaccoon-0.2.778-win-x64-portable-shutdownfix-20260802/data/4.4/phase2-icon-assets/source-missing-or-ambiguous.csv","6718","2026-07-28T11:21:52.0000000Z","B446585F05CF60EA396D783CAE5DA3E9B3534E22C6ED7B3748ABE6E07869D1EB",""
"Added","artifacts/CurrencyWarsSmartRaccoon-0.2.778-win-x64-portable-shutdownfix-20260802/data/4.4/phase2-icon-assets/source-taxonomy.json","28902","2026-07-28T11:21:52.0000000Z","3BC6ACCBC2EE355A879F885FD288859DE9A0D98925AF3D5E01EE3CDBF9A457D7",""
"Added","artifacts/CurrencyWarsSmartRaccoon-0.2.778-win-x64-portable-shutdownfix-20260802/data/4.4/phase2-icon-assets/source-validation.json","287","2026-07-28T11:21:56.0000000Z","206ACF7F5B2C220ECD39B4A12E3107561A8A50F6A0D61184FFF11CD2C944F2A0",""
"Added","artifacts/CurrencyWarsSmartRaccoon-0.2.778-win-x64-portable-shutdownfix-20260802/data/4.4/phase2-icon-assets/standardized/bond_state/bond_贝洛伯格_inactive.png","8863","2026-07-28T11:21:52.0000000Z","60D5C957E546A7AF528EFF75D2130992741E20CB59109F9DC58BDA6FAF75E817",""
"Added","artifacts/CurrencyWarsSmartRaccoon-0.2.778-win-x64-portable-shutdownfix-20260802/data/4.4/phase2-icon-assets/standardized/bond_state/bond_贝洛伯格_p2.png","8863","2026-07-28T11:21:52.0000000Z","60D5C957E546A7AF528EFF75D2130992741E20CB59109F9DC58BDA6FAF75E817",""
"Added","artifacts/CurrencyWarsSmartRaccoon-0.2.778-win-x64-portable-shutdownfix-20260802/data/4.4/phase2-icon-assets/standardized/bond_state/bond_贝洛伯格_p4.png","8863","2026-07-28T11:21:52.0000000Z","60D5C957E546A7AF528EFF75D2130992741E20CB59109F9DC58BDA6FAF75E817",""
"Added","artifacts/CurrencyWarsSmartRaccoon-0.2.778-win-x64-portable-shutdownfix-20260802/data/4.4/phase2-icon-assets/standardized/bond_state/bond_持续伤害_inactive.png","6494","2026-07-28T11:21:52.0000000Z","0BD5B7817EE20FEACD7E55578E61723EDF433C49279618711A941D81F781B4B0",""
"Added","artifacts/CurrencyWarsSmartRaccoon-0.2.778-win-x64-portable-shutdownfix-20260802/data/4.4/phase2-icon-assets/standardized/bond_state/bond_持续伤害_p2.png","6494","2026-07-28T11:21:52.0000000Z","0BD5B7817EE20FEACD7E55578E61723EDF433C49279618711A941D81F781B4B0",""
"Added","artifacts/CurrencyWarsSmartRaccoon-0.2.778-win-x64-portable-shutdownfix-20260802/data/4.4/phase2-icon-assets/standardized/bond_state/bond_持续伤害_p4.png","6494","2026-07-28T11:21:52.0000000Z","0BD5B7817EE20FEACD7E55578E61723EDF433C49279618711A941D81F781B4B0",""
"Added","artifacts/CurrencyWarsSmartRaccoon-0.2.778-win-x64-portable-shutdownfix-20260802/data/4.4/phase2-icon-assets/standardized/bond_state/bond_持续伤害_p6.png","6494","2026-07-28T11:21:52.0000000Z","0BD5B7817EE20FEACD7E55578E61723EDF433C49279618711A941D81F781B4B0",""
"Added","artifacts/CurrencyWarsSmartRaccoon-0.2.778-win-x64-portable-shutdownfix-20260802/data/4.4/phase2-icon-assets/standardized/bond_state/bond_大守护者_inactive.png","7531","2026-07-28T11:21:52.0000000Z","EB52C1C100B4B953DF4DD330C3B61422C787088150D8CCDB13AFD64FFB556158",""
"Added","artifacts/CurrencyWarsSmartRaccoon-0.2.778-win-x64-portable-shutdownfix-20260802/data/4.4/phase2-icon-assets/standardized/bond_state/bond_大守护者_p1.png","7531","2026-07-28T11:21:52.0000000Z","EB52C1C100B4B953DF4DD330C3B61422C787088150D8CCDB13AFD64FFB556158",""
"Added","artifacts/CurrencyWarsSmartRaccoon-0.2.778-win-x64-portable-shutdownfix-20260802/data/4.4/phase2-icon-assets/standardized/bond_state/bond_公司_inactive.png","7017","2026-07-28T11:21:52.0000000Z","35CEEC6EC3D0E0C2BC4A28557A90288F52A797E2421D4D5B0E5A57D6E03316B7",""
"Added","artifacts/CurrencyWarsSmartRaccoon-0.2.778-win-x64-portable-shutdownfix-20260802/data/4.4/phase2-icon-assets/standardized/bond_state/bond_公司_p2.png","7017","2026-07-28T11:21:52.0000000Z","35CEEC6EC3D0E0C2BC4A28557A90288F52A797E2421D4D5B0E5A57D6E03316B7",""
"Added","artifacts/CurrencyWarsSmartRaccoon-0.2.778-win-x64-portable-shutdownfix-20260802/data/4.4/phase2-icon-assets/standardized/bond_state/bond_公司_p3.png","7017","2026-07-28T11:21:52.0000000Z","35CEEC6EC3D0E0C2BC4A28557A90288F52A797E2421D4D5B0E5A57D6E03316B7",""
"Added","artifacts/CurrencyWarsSmartRaccoon-0.2.778-win-x64-portable-shutdownfix-20260802/data/4.4/phase2-icon-assets/standardized/bond_state/bond_护盾_inactive.png","8807","2026-07-28T11:21:52.0000000Z","1A92B60733802AB9B2EC8A41D280A63748F7BA602DBB3DEB827F4A9EF1942199",""
"Added","artifacts/CurrencyWarsSmartRaccoon-0.2.778-win-x64-portable-shutdownfix-20260802/data/4.4/phase2-icon-assets/standardized/bond_state/bond_护盾_p2.png","8807","2026-07-28T11:21:52.0000000Z","1A92B60733802AB9B2EC8A41D280A63748F7BA602DBB3DEB827F4A9EF1942199",""
"Added","artifacts/CurrencyWarsSmartRaccoon-0.2.778-win-x64-portable-shutdownfix-20260802/data/4.4/phase2-icon-assets/standardized/bond_state/bond_护盾_p4.png","8807","2026-07-28T11:21:52.0000000Z","1A92B60733802AB9B2EC8A41D280A63748F7BA602DBB3DEB827F4A9EF1942199",""
"Added","artifacts/CurrencyWarsSmartRaccoon-0.2.778-win-x64-portable-shutdownfix-20260802/data/4.4/phase2-icon-assets/standardized/bond_state/bond_欢愉_inactive.png","10537","2026-07-28T11:21:52.0000000Z","20F34FA781D3072C8D80129B235B190D4B50964EFE9BEBF1E12C4A902B988EB2",""
"Added","artifacts/CurrencyWarsSmartRaccoon-0.2.778-win-x64-portable-shutdownfix-20260802/data/4.4/phase2-icon-assets/standardized/bond_state/bond_欢愉_p3.png","10537","2026-07-28T11:21:52.0000000Z","20F34FA781D3072C8D80129B235B190D4B50964EFE9BEBF1E12C4A902B988EB2",""
"Added","artifacts/CurrencyWarsSmartRaccoon-0.2.778-win-x64-portable-shutdownfix-20260802/data/4.4/phase2-icon-assets/standardized/bond_state/bond_欢愉_p4.png","10537","2026-07-28T11:21:52.0000000Z","20F34FA781D3072C8D80129B235B190D4B50964EFE9BEBF1E12C4A902B988EB2",""
"Added","artifacts/CurrencyWarsSmartRaccoon-0.2.778-win-x64-portable-shutdownfix-20260802/data/4.4/phase2-icon-assets/standardized/bond_state/bond_欢愉_p5.png","10537","2026-07-28T11:21:52.0000000Z","20F34FA781D3072C8D80129B235B190D4B50964EFE9BEBF1E12C4A902B988EB2",""
"Added","artifacts/CurrencyWarsSmartRaccoon-0.2.778-win-x64-portable-shutdownfix-20260802/data/4.4/phase2-icon-assets/standardized/bond_state/bond_欢愉_p7.png","10537","2026-07-28T11:21:52.0000000Z","20F34FA781D3072C8D80129B235B190D4B50964EFE9BEBF1E12C4A902B988EB2",""
"Added","artifacts/CurrencyWarsSmartRaccoon-0.2.778-win-x64-portable-shutdownfix-20260802/data/4.4/phase2-icon-assets/standardized/bond_state/bond_击破_inactive.png","7769","2026-07-28T11:21:52.0000000Z","50D9CCABB8029C75BD8BDD820631BACB6EF06284A6509772843707DB14E72284",""
"Added","artifacts/CurrencyWarsSmartRaccoon-0.2.778-win-x64-portable-shutdownfix-20260802/data/4.4/phase2-icon-assets/standardized/bond_state/bond_击破_p2.png","7769","2026-07-28T11:21:52.0000000Z","50D9CCABB8029C75BD8BDD820631BACB6EF06284A6509772843707DB14E72284",""
"Added","artifacts/CurrencyWarsSmartRaccoon-0.2.778-win-x64-portable-shutdownfix-20260802/data/4.4/phase2-icon-assets/standardized/bond_state/bond_击破_p4.png","7769","2026-07-28T11:21:52.0000000Z","50D9CCABB8029C75BD8BDD820631BACB6EF06284A6509772843707DB14E72284",""
"Added","artifacts/CurrencyWarsSmartRaccoon-0.2.778-win-x64-portable-shutdownfix-20260802/data/4.4/phase2-icon-assets/standardized/bond_state/bond_击破_p6.png","7769","2026-07-28T11:21:52.0000000Z","50D9CCABB8029C75BD8BDD820631BACB6EF06284A6509772843707DB14E72284",""
"Added","artifacts/CurrencyWarsSmartRaccoon-0.2.778-win-x64-portable-shutdownfix-20260802/data/4.4/phase2-icon-assets/standardized/bond_state/bond_击破_p9.png","7769","2026-07-28T11:21:52.0000000Z","50D9CCABB8029C75BD8BDD820631BACB6EF06284A6509772843707DB14E72284",""
"Added","artifacts/CurrencyWarsSmartRaccoon-0.2.778-win-x64-portable-shutdownfix-20260802/data/4.4/phase2-icon-assets/standardized/bond_state/bond_减益_inactive.png","7933","2026-07-28T11:21:52.0000000Z","73309445D20588ADCC5FF80A956690F9E4C046778B379C0B074458212D7E2682",""
"Added","artifacts/CurrencyWarsSmartRaccoon-0.2.778-win-x64-portable-shutdownfix-20260802/data/4.4/phase2-icon-assets/standardized/bond_state/bond_减益_p2.png","7933","2026-07-28T11:21:52.0000000Z","73309445D20588ADCC5FF80A956690F9E4C046778B379C0B074458212D7E2682",""
"Added","artifacts/CurrencyWarsSmartRaccoon-0.2.778-win-x64-portable-shutdownfix-20260802/data/4.4/phase2-icon-assets/standardized/bond_state/bond_减益_p4.png","7933","2026-07-28T11:21:52.0000000Z","73309445D20588ADCC5FF80A956690F9E4C046778B379C0B074458212D7E2682",""
"Added","artifacts/CurrencyWarsSmartRaccoon-0.2.778-win-x64-portable-shutdownfix-20260802/data/4.4/phase2-icon-assets/standardized/bond_state/bond_减益_p6.png","7933","2026-07-28T11:21:52.0000000Z","73309445D20588ADCC5FF80A956690F9E4C046778B379C0B074458212D7E2682",""
"Added","artifacts/CurrencyWarsSmartRaccoon-0.2.778-win-x64-portable-shutdownfix-20260802/data/4.4/phase2-icon-assets/standardized/bond_state/bond_减益_p8.png","7933","2026-07-28T11:21:52.0000000Z","73309445D20588ADCC5FF80A956690F9E4C046778B379C0B074458212D7E2682",""
"Added","artifacts/CurrencyWarsSmartRaccoon-0.2.778-win-x64-portable-shutdownfix-20260802/data/4.4/phase2-icon-assets/standardized/bond_state/bond_救世主_inactive.png","9335","2026-07-28T11:21:52.0000000Z","FB2C20B2E72BEEB25AC0305F2B00009B0A5D37E89E39D7E88D1564BDA10DBC20",""
"Added","artifacts/CurrencyWarsSmartRaccoon-0.2.778-win-x64-portable-shutdownfix-20260802/data/4.4/phase2-icon-assets/standardized/bond_state/bond_救世主_p1.png","9335","2026-07-28T11:21:52.0000000Z","FB2C20B2E72BEEB25AC0305F2B00009B0A5D37E89E39D7E88D1564BDA10DBC20",""
"Added","artifacts/CurrencyWarsSmartRaccoon-0.2.778-win-x64-portable-shutdownfix-20260802/data/4.4/phase2-icon-assets/standardized/bond_state/bond_狼狩_inactive.png","9675","2026-07-28T11:21:52.0000000Z","DBE42DF996542463C60D5573C7835EA9307A2C980D7CED8B88E00C831C1F6D7B",""
"Added","artifacts/CurrencyWarsSmartRaccoon-0.2.778-win-x64-portable-shutdownfix-20260802/data/4.4/phase2-icon-assets/standardized/bond_state/bond_狼狩_p3.png","9675","2026-07-28T11:21:52.0000000Z","DBE42DF996542463C60D5573C7835EA9307A2C980D7CED8B88E00C831C1F6D7B",""
"Added","artifacts/CurrencyWarsSmartRaccoon-0.2.778-win-x64-portable-shutdownfix-20260802/data/4.4/phase2-icon-assets/standardized/bond_state/bond_狼狩_p5.png","9675","2026-07-28T11:21:52.0000000Z","DBE42DF996542463C60D5573C7835EA9307A2C980D7CED8B88E00C831C1F6D7B",""
"Added","artifacts/CurrencyWarsSmartRaccoon-0.2.778-win-x64-portable-shutdownfix-20260802/data/4.4/phase2-icon-assets/standardized/bond_state/bond_狼狩_p6.png","9675","2026-07-28T11:21:52.0000000Z","DBE42DF996542463C60D5573C7835EA9307A2C980D7CED8B88E00C831C1F6D7B",""
"Added","artifacts/CurrencyWarsSmartRaccoon-0.2.778-win-x64-portable-shutdownfix-20260802/data/4.4/phase2-icon-assets/standardized/bond_state/bond_狼狩_p8.png","9675","2026-07-28T11:21:52.0000000Z","DBE42DF996542463C60D5573C7835EA9307A2C980D7CED8B88E00C831C1F6D7B",""
"Added","artifacts/CurrencyWarsSmartRaccoon-0.2.778-win-x64-portable-shutdownfix-20260802/data/4.4/phase2-icon-assets/standardized/bond_state/bond_量子同频_inactive.png","7031","2026-07-28T11:21:52.0000000Z","E9B9489235B100F3DB25D8600D9029C03A999239C7CC9799F0F1E9DCDE2B0D14",""
"Added","artifacts/CurrencyWarsSmartRaccoon-0.2.778-win-x64-portable-shutdownfix-20260802/data/4.4/phase2-icon-assets/standardized/bond_state/bond_量子同频_p2.png","7031","2026-07-28T11:21:52.0000000Z","E9B9489235B100F3DB25D8600D9029C03A999239C7CC9799F0F1E9DCDE2B0D14",""
"Added","artifacts/CurrencyWarsSmartRaccoon-0.2.778-win-x64-portable-shutdownfix-20260802/data/4.4/phase2-icon-assets/standardized/bond_state/bond_量子同频_p3.png","7031","2026-07-28T11:21:52.0000000Z","E9B9489235B100F3DB25D8600D9029C03A999239C7CC9799F0F1E9DCDE2B0D14",""
"Added","artifacts/CurrencyWarsSmartRaccoon-0.2.778-win-x64-portable-shutdownfix-20260802/data/4.4/phase2-icon-assets/standardized/bond_state/bond_量子同频_p4.png","7031","2026-07-28T11:21:52.0000000Z","E9B9489235B100F3DB25D8600D9029C03A999239C7CC9799F0F1E9DCDE2B0D14",""
"Added","artifacts/CurrencyWarsSmartRaccoon-0.2.778-win-x64-portable-shutdownfix-20260802/data/4.4/phase2-icon-assets/standardized/bond_state/bond_量子同频_p5.png","7031","2026-07-28T11:21:52.0000000Z","E9B9489235B100F3DB25D8600D9029C03A999239C7CC9799F0F1E9DCDE2B0D14",""
"Added","artifacts/CurrencyWarsSmartRaccoon-0.2.778-win-x64-portable-shutdownfix-20260802/data/4.4/phase2-icon-assets/standardized/bond_state/bond_列车同行_inactive.png","8353","2026-07-28T11:21:52.0000000Z","A2DEA7E2D1E5B18E6FC85E36E99C7C565B7EBC3EDE8D0B7595434A3973E596DA",""
"Added","artifacts/CurrencyWarsSmartRaccoon-0.2.778-win-x64-portable-shutdownfix-20260802/data/4.4/phase2-icon-assets/standardized/bond_state/bond_列车同行_p2.png","8353","2026-07-28T11:21:52.0000000Z","A2DEA7E2D1E5B18E6FC85E36E99C7C565B7EBC3EDE8D0B7595434A3973E596DA",""
"Added","artifacts/CurrencyWarsSmartRaccoon-0.2.778-win-x64-portable-shutdownfix-20260802/data/4.4/phase2-icon-assets/standardized/bond_state/bond_列车同行_p4.png","8353","2026-07-28T11:21:52.0000000Z","A2DEA7E2D1E5B18E6FC85E36E99C7C565B7EBC3EDE8D0B7595434A3973E596DA",""
"Added","artifacts/CurrencyWarsSmartRaccoon-0.2.778-win-x64-portable-shutdownfix-20260802/data/4.4/phase2-icon-assets/standardized/bond_state/bond_列车同行_p6.png","8353","2026-07-28T11:21:52.0000000Z","A2DEA7E2D1E5B18E6FC85E36E99C7C565B7EBC3EDE8D0B7595434A3973E596DA",""
"Added","artifacts/CurrencyWarsSmartRaccoon-0.2.778-win-x64-portable-shutdownfix-20260802/data/4.4/phase2-icon-assets/standardized/bond_state/bond_领航员_inactive.png","16619","2026-07-28T11:21:52.0000000Z","42C6F47AFD609AF329E290A875EA9835C2E2515A2EC9A9A4FDB1E2E6081EE6A3",""
"Added","artifacts/CurrencyWarsSmartRaccoon-0.2.778-win-x64-portable-shutdownfix-20260802/data/4.4/phase2-icon-assets/standardized/bond_state/bond_领航员_p1.png","16619","2026-07-28T11:21:52.0000000Z","42C6F47AFD609AF329E290A875EA9835C2E2515A2EC9A9A4FDB1E2E6081EE6A3",""
"Added","artifacts/CurrencyWarsSmartRaccoon-0.2.778-win-x64-portable-shutdownfix-20260802/data/4.4/phase2-icon-assets/standardized/bond_state/bond_命运卜者_inactive.png","8708","2026-07-28T11:21:52.0000000Z","C05175E18A6F0450F97F1C5242225E45A96B0FEFA271F670396268BD04CA8312",""
"Added","artifacts/CurrencyWarsSmartRaccoon-0.2.778-win-x64-portable-shutdownfix-20260802/data/4.4/phase2-icon-assets/standardized/bond_state/bond_命运卜者_p1.png","8708","2026-07-28T11:21:52.0000000Z","C05175E18A6F0450F97F1C5242225E45A96B0FEFA271F670396268BD04CA8312",""
"Added","artifacts/CurrencyWarsSmartRaccoon-0.2.778-win-x64-portable-shutdownfix-20260802/data/4.4/phase2-icon-assets/standardized/bond_state/bond_命运圣杯_inactive.png","7027","2026-07-28T11:21:52.0000000Z","7F49EF1CA7C248C0A90067DF52973D329BB28B42B27995449BBE77606D467E8D",""
"Added","artifacts/CurrencyWarsSmartRaccoon-0.2.778-win-x64-portable-shutdownfix-20260802/data/4.4/phase2-icon-assets/standardized/bond_state/bond_命运圣杯_p2.png","7027","2026-07-28T11:21:52.0000000Z","7F49EF1CA7C248C0A90067DF52973D329BB28B42B27995449BBE77606D467E8D",""
"Added","artifacts/CurrencyWarsSmartRaccoon-0.2.778-win-x64-portable-shutdownfix-20260802/data/4.4/phase2-icon-assets/standardized/bond_state/bond_命运圣杯_p3.png","7027","2026-07-28T11:21:52.0000000Z","7F49EF1CA7C248C0A90067DF52973D329BB28B42B27995449BBE77606D467E8D",""
"Added","artifacts/CurrencyWarsSmartRaccoon-0.2.778-win-x64-portable-shutdownfix-20260802/data/4.4/phase2-icon-assets/standardized/bond_state/bond_命运圣杯_p4.png","7027","2026-07-28T11:21:52.0000000Z","7F49EF1CA7C248C0A90067DF52973D329BB28B42B27995449BBE77606D467E8D",""
"Added","artifacts/CurrencyWarsSmartRaccoon-0.2.778-win-x64-portable-shutdownfix-20260802/data/4.4/phase2-icon-assets/standardized/bond_state/bond_命运圣杯_p5.png","7027","2026-07-28T11:21:52.0000000Z","7F49EF1CA7C248C0A90067DF52973D329BB28B42B27995449BBE77606D467E8D",""
"Added","artifacts/CurrencyWarsSmartRaccoon-0.2.778-win-x64-portable-shutdownfix-20260802/data/4.4/phase2-icon-assets/standardized/bond_state/bond_魔术师_inactive.png","9213","2026-07-28T11:21:52.0000000Z","64DAA20F5E67F0B828D2D54333CE3DBF90CECE1C5392816E17E6DD38EEF99113",""
"Added","artifacts/CurrencyWarsSmartRaccoon-0.2.778-win-x64-portable-shutdownfix-20260802/data/4.4/phase2-icon-assets/standardized/bond_state/bond_魔术师_p1.png","9213","2026-07-28T11:21:52.0000000Z","64DAA20F5E67F0B828D2D54333CE3DBF90CECE1C5392816E17E6DD38EEF99113",""
"Added","artifacts/CurrencyWarsSmartRaccoon-0.2.778-win-x64-portable-shutdownfix-20260802/data/4.4/phase2-icon-assets/standardized/bond_state/bond_能量_inactive.png","4207","2026-07-28T11:21:52.0000000Z","BEECA256E04EA6F59620D539090140A9F2DEFA7161C1FE3ED6B897654004D894",""
"Added","artifacts/CurrencyWarsSmartRaccoon-0.2.778-win-x64-portable-shutdownfix-20260802/data/4.4/phase2-icon-assets/standardized/bond_state/bond_能量_p10.png","4207","2026-07-28T11:21:52.0000000Z","BEECA256E04EA6F59620D539090140A9F2DEFA7161C1FE3ED6B897654004D894",""
"Added","artifacts/CurrencyWarsSmartRaccoon-0.2.778-win-x64-portable-shutdownfix-20260802/data/4.4/phase2-icon-assets/standardized/bond_state/bond_能量_p3.png","4207","2026-07-28T11:21:52.0000000Z","BEECA256E04EA6F59620D539090140A9F2DEFA7161C1FE3ED6B897654004D894",""
"Added","artifacts/CurrencyWarsSmartRaccoon-0.2.778-win-x64-portable-shutdownfix-20260802/data/4.4/phase2-icon-assets/standardized/bond_state/bond_能量_p5.png","4207","2026-07-28T11:21:52.0000000Z","BEECA256E04EA6F59620D539090140A9F2DEFA7161C1FE3ED6B897654004D894",""
"Added","artifacts/CurrencyWarsSmartRaccoon-0.2.778-win-x64-portable-shutdownfix-20260802/data/4.4/phase2-icon-assets/standardized/bond_state/bond_能量_p7.png","4207","2026-07-28T11:21:52.0000000Z","BEECA256E04EA6F59620D539090140A9F2DEFA7161C1FE3ED6B897654004D894",""
"Added","artifacts/CurrencyWarsSmartRaccoon-0.2.778-win-x64-portable-shutdownfix-20260802/data/4.4/phase2-icon-assets/standardized/bond_state/bond_群攻_inactive.png","8006","2026-07-28T11:21:52.0000000Z","4CCA8D60945C0A596D3C414B71FAD841F9FEDDDEDFD3E82FD93FA89E08EADC75",""
"Added","artifacts/CurrencyWarsSmartRaccoon-0.2.778-win-x64-portable-shutdownfix-20260802/data/4.4/phase2-icon-assets/standardized/bond_state/bond_群攻_p3.png","8006","2026-07-28T11:21:52.0000000Z","4CCA8D60945C0A596D3C414B71FAD841F9FEDDDEDFD3E82FD93FA89E08EADC75",""
"Added","artifacts/CurrencyWarsSmartRaccoon-0.2.778-win-x64-portable-shutdownfix-20260802/data/4.4/phase2-icon-assets/standardized/bond_state/bond_群攻_p5.png","8006","2026-07-28T11:21:52.0000000Z","4CCA8D60945C0A596D3C414B71FAD841F9FEDDDEDFD3E82FD93FA89E08EADC75",""
"Added","artifacts/CurrencyWarsSmartRaccoon-0.2.778-win-x64-portable-shutdownfix-20260802/data/4.4/phase2-icon-assets/standardized/bond_state/bond_群攻_p7.png","8006","2026-07-28T11:21:52.0000000Z","4CCA8D60945C0A596D3C414B71FAD841F9FEDDDEDFD3E82FD93FA89E08EADC75",""
"Added","artifacts/CurrencyWarsSmartRaccoon-0.2.778-win-x64-portable-shutdownfix-20260802/data/4.4/phase2-icon-assets/standardized/bond_state/bond_群攻_p9.png","8006","2026-07-28T11:21:52.0000000Z","4CCA8D60945C0A596D3C414B71FAD841F9FEDDDEDFD3E82FD93FA89E08EADC75",""
"Added","artifacts/CurrencyWarsSmartRaccoon-0.2.778-win-x64-portable-shutdownfix-20260802/data/4.4/phase2-icon-assets/standardized/bond_state/bond_燃血_inactive.png","8531","2026-07-28T11:21:52.0000000Z","021D37395849AA38C768FB86A89366EDBCC5CB92140935B23F6364C19C03593F",""
"Added","artifacts/CurrencyWarsSmartRaccoon-0.2.778-win-x64-portable-shutdownfix-20260802/data/4.4/phase2-icon-assets/standardized/bond_state/bond_燃血_p2.png","8531","2026-07-28T11:21:52.0000000Z","021D37395849AA38C768FB86A89366EDBCC5CB92140935B23F6364C19C03593F",""
"Added","artifacts/CurrencyWarsSmartRaccoon-0.2.778-win-x64-portable-shutdownfix-20260802/data/4.4/phase2-icon-assets/standardized/bond_state/bond_燃血_p4.png","8531","2026-07-28T11:21:52.0000000Z","021D37395849AA38C768FB86A89366EDBCC5CB92140935B23F6364C19C03593F",""
"Added","artifacts/CurrencyWarsSmartRaccoon-0.2.778-win-x64-portable-shutdownfix-20260802/data/4.4/phase2-icon-assets/standardized/bond_state/bond_燃血_p6.png","8531","2026-07-28T11:21:52.0000000Z","021D37395849AA38C768FB86A89366EDBCC5CB92140935B23F6364C19C03593F",""
"Added","artifacts/CurrencyWarsSmartRaccoon-0.2.778-win-x64-portable-shutdownfix-20260802/data/4.4/phase2-icon-assets/standardized/bond_state/bond_燃血_p8.png","8531","2026-07-28T11:21:52.0000000Z","021D37395849AA38C768FB86A89366EDBCC5CB92140935B23F6364C19C03593F",""
"Added","artifacts/CurrencyWarsSmartRaccoon-0.2.778-win-x64-portable-shutdownfix-20260802/data/4.4/phase2-icon-assets/standardized/bond_state/bond_盛会之星_inactive.png","6887","2026-07-28T11:21:52.0000000Z","9A3EA3D9FE7B52CF004D6BE1C4789F9909E7A2144D4BBCB70FCBC61FA25EF6F1",""
"Added","artifacts/CurrencyWarsSmartRaccoon-0.2.778-win-x64-portable-shutdownfix-20260802/data/4.4/phase2-icon-assets/standardized/bond_state/bond_盛会之星_p2.png","6887","2026-07-28T11:21:52.0000000Z","9A3EA3D9FE7B52CF004D6BE1C4789F9909E7A2144D4BBCB70FCBC61FA25EF6F1",""
"Added","artifacts/CurrencyWarsSmartRaccoon-0.2.778-win-x64-portable-shutdownfix-20260802/data/4.4/phase2-icon-assets/standardized/bond_state/bond_盛会之星_p3.png","6887","2026-07-28T11:21:52.0000000Z","9A3EA3D9FE7B52CF004D6BE1C4789F9909E7A2144D4BBCB70FCBC61FA25EF6F1",""
"Added","artifacts/CurrencyWarsSmartRaccoon-0.2.778-win-x64-portable-shutdownfix-20260802/data/4.4/phase2-icon-assets/standardized/bond_state/bond_盛会之星_p4.png","6887","2026-07-28T11:21:52.0000000Z","9A3EA3D9FE7B52CF004D6BE1C4789F9909E7A2144D4BBCB70FCBC61FA25EF6F1",""
"Added","artifacts/CurrencyWarsSmartRaccoon-0.2.778-win-x64-portable-shutdownfix-20260802/data/4.4/phase2-icon-assets/standardized/bond_state/bond_盛会之星_p5.png","6887","2026-07-28T11:21:52.0000000Z","9A3EA3D9FE7B52CF004D6BE1C4789F9909E7A2144D4BBCB70FCBC61FA25EF6F1",""
"Added","artifacts/CurrencyWarsSmartRaccoon-0.2.778-win-x64-portable-shutdownfix-20260802/data/4.4/phase2-icon-assets/standardized/bond_state/bond_盛会之星_p6.png","6887","2026-07-28T11:21:52.0000000Z","9A3EA3D9FE7B52CF004D6BE1C4789F9909E7A2144D4BBCB70FCBC61FA25EF6F1",""
"Added","artifacts/CurrencyWarsSmartRaccoon-0.2.778-win-x64-portable-shutdownfix-20260802/data/4.4/phase2-icon-assets/standardized/bond_state/bond_师徒_inactive.png","4588","2026-07-28T11:21:52.0000000Z","D8075A7A5EDCD095F51741596798406B8BDD604DAB0D514EFE39B46EA959AF70",""
"Added","artifacts/CurrencyWarsSmartRaccoon-0.2.778-win-x64-portable-shutdownfix-20260802/data/4.4/phase2-icon-assets/standardized/bond_state/bond_师徒_p2.png","4588","2026-07-28T11:21:52.0000000Z","D8075A7A5EDCD095F51741596798406B8BDD604DAB0D514EFE39B46EA959AF70",""
"Added","artifacts/CurrencyWarsSmartRaccoon-0.2.778-win-x64-portable-shutdownfix-20260802/data/4.4/phase2-icon-assets/standardized/bond_state/bond_师徒_p3.png","4588","2026-07-28T11:21:52.0000000Z","D8075A7A5EDCD095F51741596798406B8BDD604DAB0D514EFE39B46EA959AF70",""
"Added","artifacts/CurrencyWarsSmartRaccoon-0.2.778-win-x64-portable-shutdownfix-20260802/data/4.4/phase2-icon-assets/standardized/bond_state/bond_头号玩家_inactive.png","3636","2026-07-28T11:21:52.0000000Z","1B753F490A6FAE3BACDA5F41EE19DC70AF725345C9A34CACFABC9FCBE0FA1329",""
"Added","artifacts/CurrencyWarsSmartRaccoon-0.2.778-win-x64-portable-shutdownfix-20260802/data/4.4/phase2-icon-assets/standardized/bond_state/bond_头号玩家_p1.png","3636","2026-07-28T11:21:52.0000000Z","1B753F490A6FAE3BACDA5F41EE19DC70AF725345C9A34CACFABC9FCBE0FA1329",""
"Added","artifacts/CurrencyWarsSmartRaccoon-0.2.778-win-x64-portable-shutdownfix-20260802/data/4.4/phase2-icon-assets/standardized/bond_state/bond_仙舟_inactive.png","9445","2026-07-28T11:21:52.0000000Z","398D3984CF0E96DA5C3E0245629BD8113B0F62778C2BDDBA268DA625BE3FF0FB",""
"Added","artifacts/CurrencyWarsSmartRaccoon-0.2.778-win-x64-portable-shutdownfix-20260802/data/4.4/phase2-icon-assets/standardized/bond_state/bond_仙舟_p10.png","9445","2026-07-28T11:21:52.0000000Z","398D3984CF0E96DA5C3E0245629BD8113B0F62778C2BDDBA268DA625BE3FF0FB",""
"Added","artifacts/CurrencyWarsSmartRaccoon-0.2.778-win-x64-portable-shutdownfix-20260802/data/4.4/phase2-icon-assets/standardized/bond_state/bond_仙舟_p3.png","9445","2026-07-28T11:21:52.0000000Z","398D3984CF0E96DA5C3E0245629BD8113B0F62778C2BDDBA268DA625BE3FF0FB",""
"Added","artifacts/CurrencyWarsSmartRaccoon-0.2.778-win-x64-portable-shutdownfix-20260802/data/4.4/phase2-icon-assets/standardized/bond_state/bond_仙舟_p5.png","9445","2026-07-28T11:21:52.0000000Z","398D3984CF0E96DA5C3E0245629BD8113B0F62778C2BDDBA268DA625BE3FF0FB",""
"Added","artifacts/CurrencyWarsSmartRaccoon-0.2.778-win-x64-portable-shutdownfix-20260802/data/4.4/phase2-icon-assets/standardized/bond_state/bond_仙舟_p7.png","9445","2026-07-28T11:21:52.0000000Z","398D3984CF0E96DA5C3E0245629BD8113B0F62778C2BDDBA268DA625BE3FF0FB",""
"Added","artifacts/CurrencyWarsSmartRaccoon-0.2.778-win-x64-portable-shutdownfix-20260802/data/4.4/phase2-icon-assets/standardized/bond_state/bond_星核猎手_inactive.png","7829","2026-07-28T11:21:52.0000000Z","818ED6A529B1E8D2D4678F0146C0F7A52131A26CFA584DFABC97822BDAB01169",""
"Added","artifacts/CurrencyWarsSmartRaccoon-0.2.778-win-x64-portable-shutdownfix-20260802/data/4.4/phase2-icon-assets/standardized/bond_state/bond_星核猎手_p2.png","7829","2026-07-28T11:21:52.0000000Z","818ED6A529B1E8D2D4678F0146C0F7A52131A26CFA584DFABC97822BDAB01169",""
"Added","artifacts/CurrencyWarsSmartRaccoon-0.2.778-win-x64-portable-shutdownfix-20260802/data/4.4/phase2-icon-assets/standardized/bond_state/bond_星核猎手_p3.png","7829","2026-07-28T11:21:52.0000000Z","818ED6A529B1E8D2D4678F0146C0F7A52131A26CFA584DFABC97822BDAB01169",""
"Added","artifacts/CurrencyWarsSmartRaccoon-0.2.778-win-x64-portable-shutdownfix-20260802/data/4.4/phase2-icon-assets/standardized/bond_state/bond_星核猎手_p4.png","7829","2026-07-28T11:21:52.0000000Z","818ED6A529B1E8D2D4678F0146C0F7A52131A26CFA584DFABC97822BDAB01169",""
"Added","artifacts/CurrencyWarsSmartRaccoon-0.2.778-win-x64-portable-shutdownfix-20260802/data/4.4/phase2-icon-assets/standardized/bond_state/bond_星间旅人_inactive.png","7632","2026-07-28T11:21:52.0000000Z","4E159BFAD9572F2C769D37FB1AB291001469C2B2D0B0297733637684E6101647",""
"Added","artifacts/CurrencyWarsSmartRaccoon-0.2.778-win-x64-portable-shutdownfix-20260802/data/4.4/phase2-icon-assets/standardized/bond_state/bond_星间旅人_p1.png","7632","2026-07-28T11:21:52.0000000Z","4E159BFAD9572F2C769D37FB1AB291001469C2B2D0B0297733637684E6101647",""
"Added","artifacts/CurrencyWarsSmartRaccoon-0.2.778-win-x64-portable-shutdownfix-20260802/data/4.4/phase2-icon-assets/standardized/bond_state/bond_星间旅人_p2.png","7632","2026-07-28T11:21:52.0000000Z","4E159BFAD9572F2C769D37FB1AB291001469C2B2D0B0297733637684E6101647",""
"Added","artifacts/CurrencyWarsSmartRaccoon-0.2.778-win-x64-portable-shutdownfix-20260802/data/4.4/phase2-icon-assets/standardized/bond_state/bond_星间旅人_p3.png","7632","2026-07-28T11:21:52.0000000Z","4E159BFAD9572F2C769D37FB1AB291001469C2B2D0B0297733637684E6101647",""
"Added","artifacts/CurrencyWarsSmartRaccoon-0.2.778-win-x64-portable-shutdownfix-20260802/data/4.4/phase2-icon-assets/standardized/bond_state/bond_星间旅人_p4.png","7632","2026-07-28T11:21:52.0000000Z","4E159BFAD9572F2C769D37FB1AB291001469C2B2D0B0297733637684E6101647",""
"Added","artifacts/CurrencyWarsSmartRaccoon-0.2.778-win-x64-portable-shutdownfix-20260802/data/4.4/phase2-icon-assets/standardized/bond_state/bond_星间旅人_p5.png","7632","2026-07-28T11:21:52.0000000Z","4E159BFAD9572F2C769D37FB1AB291001469C2B2D0B0297733637684E6101647",""
"Added","artifacts/CurrencyWarsSmartRaccoon-0.2.778-win-x64-portable-shutdownfix-20260802/data/4.4/phase2-icon-assets/standardized/bond_state/bond_星间旅人_p6.png","7632","2026-07-28T11:21:52.0000000Z","4E159BFAD9572F2C769D37FB1AB291001469C2B2D0B0297733637684E6101647",""
"Added","artifacts/CurrencyWarsSmartRaccoon-0.2.778-win-x64-portable-shutdownfix-20260802/data/4.4/phase2-icon-assets/standardized/bond_state/bond_星间旅人_p7.png","7632","2026-07-28T11:21:52.0000000Z","4E159BFAD9572F2C769D37FB1AB291001469C2B2D0B0297733637684E6101647",""
"Added","artifacts/CurrencyWarsSmartRaccoon-0.2.778-win-x64-portable-shutdownfix-20260802/data/4.4/phase2-icon-assets/standardized/bond_state/bond_巡海游侠_inactive.png","8724","2026-07-28T11:21:52.0000000Z","917AB73A6FF59479BF6103F981C23EA3CD671991C4C1564201F35C56BC43D386",""
"Added","artifacts/CurrencyWarsSmartRaccoon-0.2.778-win-x64-portable-shutdownfix-20260802/data/4.4/phase2-icon-assets/standardized/bond_state/bond_巡海游侠_p1.png","8724","2026-07-28T11:21:52.0000000Z","917AB73A6FF59479BF6103F981C23EA3CD671991C4C1564201F35C56BC43D386",""
"Added","artifacts/CurrencyWarsSmartRaccoon-0.2.778-win-x64-portable-shutdownfix-20260802/data/4.4/phase2-icon-assets/standardized/bond_state/bond_巡海游侠_p2.png","8724","2026-07-28T11:21:52.0000000Z","917AB73A6FF59479BF6103F981C23EA3CD671991C4C1564201F35C56BC43D386",""
"Added","artifacts/CurrencyWarsSmartRaccoon-0.2.778-win-x64-portable-shutdownfix-20260802/data/4.4/phase2-icon-assets/standardized/bond_state/bond_巡海游侠_p3.png","8724","2026-07-28T11:21:52.0000000Z","917AB73A6FF59479BF6103F981C23EA3CD671991C4C1564201F35C56BC43D386",""
"Added","artifacts/CurrencyWarsSmartRaccoon-0.2.778-win-x64-portable-shutdownfix-20260802/data/4.4/phase2-icon-assets/standardized/bond_state/bond_巡海游侠_p4.png","8724","2026-07-28T11:21:52.0000000Z","917AB73A6FF59479BF6103F981C23EA3CD671991C4C1564201F35C56BC43D386",""
"Added","artifacts/CurrencyWarsSmartRaccoon-0.2.778-win-x64-portable-shutdownfix-20260802/data/4.4/phase2-icon-assets/standardized/bond_state/bond_夜之半神_inactive.png","8013","2026-07-28T11:21:52.0000000Z","C69F61BA4F2ACC8A2C632059284AB685DE56BF773756C64352F232EC0CBB8E4A",""
"Added","artifacts/CurrencyWarsSmartRaccoon-0.2.778-win-x64-portable-shutdownfix-20260802/data/4.4/phase2-icon-assets/standardized/bond_state/bond_夜之半神_p2.png","8013","2026-07-28T11:21:52.0000000Z","C69F61BA4F2ACC8A2C632059284AB685DE56BF773756C64352F232EC0CBB8E4A",""
"Added","artifacts/CurrencyWarsSmartRaccoon-0.2.778-win-x64-portable-shutdownfix-20260802/data/4.4/phase2-icon-assets/standardized/bond_state/bond_夜之半神_p4.png","8013","2026-07-28T11:21:52.0000000Z","C69F61BA4F2ACC8A2C632059284AB685DE56BF773756C64352F232EC0CBB8E4A",""
"Added","artifacts/CurrencyWarsSmartRaccoon-0.2.778-win-x64-portable-shutdownfix-20260802/data/4.4/phase2-icon-assets/standardized/bond_state/bond_夜之半神_p7.png","8013","2026-07-28T11:21:52.0000000Z","C69F61BA4F2ACC8A2C632059284AB685DE56BF773756C64352F232EC0CBB8E4A",""
"Added","artifacts/CurrencyWarsSmartRaccoon-0.2.778-win-x64-portable-shutdownfix-20260802/data/4.4/phase2-icon-assets/standardized/bond_state/bond_夜之半神_p9.png","8013","2026-07-28T11:21:52.0000000Z","C69F61BA4F2ACC8A2C632059284AB685DE56BF773756C64352F232EC0CBB8E4A",""
"Added","artifacts/CurrencyWarsSmartRaccoon-0.2.778-win-x64-portable-shutdownfix-20260802/data/4.4/phase2-icon-assets/standardized/bond_state/bond_银河学者_inactive.png","10321","2026-07-28T11:21:52.0000000Z","4E3978C2C587ACCA51EDEEE07C2113CD39E53E1D4EF9BA5351834B9BB3D54561",""
"Added","artifacts/CurrencyWarsSmartRaccoon-0.2.778-win-x64-portable-shutdownfix-20260802/data/4.4/phase2-icon-assets/standardized/bond_state/bond_银河学者_p2.png","10321","2026-07-28T11:21:52.0000000Z","4E3978C2C587ACCA51EDEEE07C2113CD39E53E1D4EF9BA5351834B9BB3D54561",""
"Added","artifacts/CurrencyWarsSmartRaccoon-0.2.778-win-x64-portable-shutdownfix-20260802/data/4.4/phase2-icon-assets/standardized/bond_state/bond_银河学者_p4.png","10321","2026-07-28T11:21:52.0000000Z","4E3978C2C587ACCA51EDEEE07C2113CD39E53E1D4EF9BA5351834B9BB3D54561",""
"Added","artifacts/CurrencyWarsSmartRaccoon-0.2.778-win-x64-portable-shutdownfix-20260802/data/4.4/phase2-icon-assets/standardized/bond_state/bond_银河学者_p6.png","10321","2026-07-28T11:21:52.0000000Z","4E3978C2C587ACCA51EDEEE07C2113CD39E53E1D4EF9BA5351834B9BB3D54561",""
"Added","artifacts/CurrencyWarsSmartRaccoon-0.2.778-win-x64-portable-shutdownfix-20260802/data/4.4/phase2-icon-assets/standardized/bond_state/bond_战技点_inactive.png","8595","2026-07-28T11:21:52.0000000Z","96F66DAB42AC96504191BC6D8AEAAFF3C1C5C755A282256291ED04CFE524452C",""
"Added","artifacts/CurrencyWarsSmartRaccoon-0.2.778-win-x64-portable-shutdownfix-20260802/data/4.4/phase2-icon-assets/standardized/bond_state/bond_战技点_p2.png","8595","2026-07-28T11:21:52.0000000Z","96F66DAB42AC96504191BC6D8AEAAFF3C1C5C755A282256291ED04CFE524452C",""
"Added","artifacts/CurrencyWarsSmartRaccoon-0.2.778-win-x64-portable-shutdownfix-20260802/data/4.4/phase2-icon-assets/standardized/bond_state/bond_战技点_p4.png","8595","2026-07-28T11:21:52.0000000Z","96F66DAB42AC96504191BC6D8AEAAFF3C1C5C755A282256291ED04CFE524452C",""
"Added","artifacts/CurrencyWarsSmartRaccoon-0.2.778-win-x64-portable-shutdownfix-20260802/data/4.4/phase2-icon-assets/standardized/bond_state/bond_战技点_p6.png","8595","2026-07-28T11:21:52.0000000Z","96F66DAB42AC96504191BC6D8AEAAFF3C1C5C755A282256291ED04CFE524452C",""
"Added","artifacts/CurrencyWarsSmartRaccoon-0.2.778-win-x64-portable-shutdownfix-20260802/data/4.4/phase2-icon-assets/standardized/bond_state/bond_战技点_p8.png","8595","2026-07-28T11:21:52.0000000Z","96F66DAB42AC96504191BC6D8AEAAFF3C1C5C755A282256291ED04CFE524452C",""
"Added","artifacts/CurrencyWarsSmartRaccoon-0.2.778-win-x64-portable-shutdownfix-20260802/data/4.4/phase2-icon-assets/standardized/bond_state/bond_治疗_inactive.png","5721","2026-07-28T11:21:52.0000000Z","26D097264C9B8FCD4B3C3890E9F4D03098B13E4B9FA2A8A98F9D468BFF68B1AE",""
"Added","artifacts/CurrencyWarsSmartRaccoon-0.2.778-win-x64-portable-shutdownfix-20260802/data/4.4/phase2-icon-assets/standardized/bond_state/bond_治疗_p2.png","5721","2026-07-28T11:21:52.0000000Z","26D097264C9B8FCD4B3C3890E9F4D03098B13E4B9FA2A8A98F9D468BFF68B1AE",""
"Added","artifacts/CurrencyWarsSmartRaccoon-0.2.778-win-x64-portable-shutdownfix-20260802/data/4.4/phase2-icon-assets/standardized/bond_state/bond_治疗_p4.png","5721","2026-07-28T11:21:52.0000000Z","26D097264C9B8FCD4B3C3890E9F4D03098B13E4B9FA2A8A98F9D468BFF68B1AE",""
"Added","artifacts/CurrencyWarsSmartRaccoon-0.2.778-win-x64-portable-shutdownfix-20260802/data/4.4/phase2-icon-assets/standardized/bond_state/bond_治疗_p6.png","5721","2026-07-28T11:21:52.0000000Z","26D097264C9B8FCD4B3C3890E9F4D03098B13E4B9FA2A8A98F9D468BFF68B1AE",""
"Added","artifacts/CurrencyWarsSmartRaccoon-0.2.778-win-x64-portable-shutdownfix-20260802/data/4.4/phase2-icon-assets/standardized/bond_state/bond_挚爱之人_inactive.png","10641","2026-07-28T11:21:52.0000000Z","BD15A2116C928A188AAD67272F7AC948CCC07A488B5955876157E46C922E0463",""
"Added","artifacts/CurrencyWarsSmartRaccoon-0.2.778-win-x64-portable-shutdownfix-20260802/data/4.4/phase2-icon-assets/standardized/bond_state/bond_挚爱之人_p1.png","10641","2026-07-28T11:21:52.0000000Z","BD15A2116C928A188AAD67272F7AC948CCC07A488B5955876157E46C922E0463",""
"Added","artifacts/CurrencyWarsSmartRaccoon-0.2.778-win-x64-portable-shutdownfix-20260802/data/4.4/phase2-icon-assets/standardized/bond_state/bond_昼之半神_inactive.png","9165","2026-07-28T11:21:52.0000000Z","90A86CB829FB27F6F6B0FD15C393441B542935095AE96E83C3AFDC791A7D003B",""
"Added","artifacts/CurrencyWarsSmartRaccoon-0.2.778-win-x64-portable-shutdownfix-20260802/data/4.4/phase2-icon-assets/standardized/bond_state/bond_昼之半神_p3.png","9165","2026-07-28T11:21:52.0000000Z","90A86CB829FB27F6F6B0FD15C393441B542935095AE96E83C3AFDC791A7D003B",""
"Added","artifacts/CurrencyWarsSmartRaccoon-0.2.778-win-x64-portable-shutdownfix-20260802/data/4.4/phase2-icon-assets/standardized/bond_state/bond_昼之半神_p4.png","9165","2026-07-28T11:21:52.0000000Z","90A86CB829FB27F6F6B0FD15C393441B542935095AE96E83C3AFDC791A7D003B",""
"Added","artifacts/CurrencyWarsSmartRaccoon-0.2.778-win-x64-portable-shutdownfix-20260802/data/4.4/phase2-icon-assets/standardized/bond_state/bond_昼之半神_p6.png","9165","2026-07-28T11:21:52.0000000Z","90A86CB829FB27F6F6B0FD15C393441B542935095AE96E83C3AFDC791A7D003B",""
"Added","artifacts/CurrencyWarsSmartRaccoon-0.2.778-win-x64-portable-shutdownfix-20260802/data/4.4/phase2-icon-assets/standardized/bond_state/bond_昼之半神_p9.png","9165","2026-07-28T11:21:52.0000000Z","90A86CB829FB27F6F6B0FD15C393441B542935095AE96E83C3AFDC791A7D003B",""
"Added","artifacts/CurrencyWarsSmartRaccoon-0.2.778-win-x64-portable-shutdownfix-20260802/data/4.4/phase2-icon-assets/standardized/bond_state/bond_追击_inactive.png","7482","2026-07-28T11:21:52.0000000Z","D085479F5B54D39D1510FC9D38AC2B8D74DCB594A073785E753571A4D8CFCB7E",""
"Added","artifacts/CurrencyWarsSmartRaccoon-0.2.778-win-x64-portable-shutdownfix-20260802/data/4.4/phase2-icon-assets/standardized/bond_state/bond_追击_p3.png","7482","2026-07-28T11:21:52.0000000Z","D085479F5B54D39D1510FC9D38AC2B8D74DCB594A073785E753571A4D8CFCB7E",""
"Added","artifacts/CurrencyWarsSmartRaccoon-0.2.778-win-x64-portable-shutdownfix-20260802/data/4.4/phase2-icon-assets/standardized/bond_state/bond_追击_p5.png","7482","2026-07-28T11:21:52.0000000Z","D085479F5B54D39D1510FC9D38AC2B8D74DCB594A073785E753571A4D8CFCB7E",""
"Added","artifacts/CurrencyWarsSmartRaccoon-0.2.778-win-x64-portable-shutdownfix-20260802/data/4.4/phase2-icon-assets/standardized/bond_state/bond_追击_p7.png","7482","2026-07-28T11:21:52.0000000Z","D085479F5B54D39D1510FC9D38AC2B8D74DCB594A073785E753571A4D8CFCB7E",""
"Added","artifacts/CurrencyWarsSmartRaccoon-0.2.778-win-x64-portable-shutdownfix-20260802/data/4.4/phase2-icon-assets/standardized/bond_state/bond_追击_p9.png","7482","2026-07-28T11:21:52.0000000Z","D085479F5B54D39D1510FC9D38AC2B8D74DCB594A073785E753571A4D8CFCB7E",""
"Added","artifacts/CurrencyWarsSmartRaccoon-0.2.778-win-x64-portable-shutdownfix-20260802/data/4.4/phase2-icon-assets/standardized/enemy_affix/enemy_affix_t1_01.png","1637","2026-07-28T11:21:52.0000000Z","581268A95B18E5D678798722E6FFC86A54FAD2F181086397A6009E219EBAB874",""
"Added","artifacts/CurrencyWarsSmartRaccoon-0.2.778-win-x64-portable-shutdownfix-20260802/data/4.4/phase2-icon-assets/standardized/enemy_affix/enemy_affix_t1_02.png","1637","2026-07-28T11:21:52.0000000Z","581268A95B18E5D678798722E6FFC86A54FAD2F181086397A6009E219EBAB874",""
"Added","artifacts/CurrencyWarsSmartRaccoon-0.2.778-win-x64-portable-shutdownfix-20260802/data/4.4/phase2-icon-assets/standardized/enemy_affix/enemy_affix_t1_03.png","1938","2026-07-28T11:21:52.0000000Z","9231CFA75581BDCD9BC6F5EB5FCC84AC0DE4A46642052E7E214E9C05FB45D3B0",""
"Added","artifacts/CurrencyWarsSmartRaccoon-0.2.778-win-x64-portable-shutdownfix-20260802/data/4.4/phase2-icon-assets/standardized/enemy_affix/enemy_affix_t1_04.png","1938","2026-07-28T11:21:52.0000000Z","9231CFA75581BDCD9BC6F5EB5FCC84AC0DE4A46642052E7E214E9C05FB45D3B0",""
"Added","artifacts/CurrencyWarsSmartRaccoon-0.2.778-win-x64-portable-shutdownfix-20260802/data/4.4/phase2-icon-assets/standardized/enemy_affix/enemy_affix_t1_05.png","1637","2026-07-28T11:21:52.0000000Z","581268A95B18E5D678798722E6FFC86A54FAD2F181086397A6009E219EBAB874",""
"Added","artifacts/CurrencyWarsSmartRaccoon-0.2.778-win-x64-portable-shutdownfix-20260802/data/4.4/phase2-icon-assets/standardized/enemy_affix/enemy_affix_t2_01.png","1077","2026-07-28T11:21:52.0000000Z","085D431F5C4C5B9E0AE72A2A4B504D5A61A24313CB6DA71353ED44B2BCE8AEB6",""
"Added","artifacts/CurrencyWarsSmartRaccoon-0.2.778-win-x64-portable-shutdownfix-20260802/data/4.4/phase2-icon-assets/standardized/enemy_affix/enemy_affix_t2_02.png","1477","2026-07-28T11:21:52.0000000Z","8974C67500442556E548386A34DF3E0DCD552AA5729EA53E7D1D7BFE9224761E",""
"Added","artifacts/CurrencyWarsSmartRaccoon-0.2.778-win-x64-portable-shutdownfix-20260802/data/4.4/phase2-icon-assets/standardized/enemy_affix/enemy_affix_t2_03.png","17685","2026-07-28T11:21:52.0000000Z","ED95C79B60B86A6B0FB626B7AD7A200DF2C8EB4149CCB429A3B1E092585A10A1",""
"Added","artifacts/CurrencyWarsSmartRaccoon-0.2.778-win-x64-portable-shutdownfix-20260802/data/4.4/phase2-icon-assets/standardized/enemy_affix/enemy_affix_t2_04.png","1610","2026-07-28T11:21:52.0000000Z","70C703EFD290BF8FDA1CA7D0B27DB07116101FD7530FD65CD0ED4C0E6A197E68",""
"Added","artifacts/CurrencyWarsSmartRaccoon-0.2.778-win-x64-portable-shutdownfix-20260802/data/4.4/phase2-icon-assets/standardized/enemy_affix/enemy_affix_t2_05.png","1425","2026-07-28T11:21:52.0000000Z","660348647779DE17DAE450E3DD1F316E24B7A870DD4269C82794742AE3764BF1",""
"Added","artifacts/CurrencyWarsSmartRaccoon-0.2.778-win-x64-portable-shutdownfix-20260802/data/4.4/phase2-icon-assets/standardized/enemy_affix/enemy_affix_t2_06.png","1734","2026-07-28T11:21:52.0000000Z","BE5CB8CB4CC7518A7469D75FBE5A3A421FDB27E4285CBF07081DEB22F18D899C",""
"Added","artifacts/CurrencyWarsSmartRaccoon-0.2.778-win-x64-portable-shutdownfix-20260802/data/4.4/phase2-icon-assets/standardized/enemy_affix/enemy_affix_t2_07.png","2347","2026-07-28T11:21:52.0000000Z","8E1EAE19D3A8E1668338B5FBBE351E8D771231188EA58601BEB7C553293F96D4",""
"Added","artifacts/CurrencyWarsSmartRaccoon-0.2.778-win-x64-portable-shutdownfix-20260802/data/4.4/phase2-icon-assets/standardized/enemy_affix/enemy_affix_t2_08.png","1644","2026-07-28T11:21:52.0000000Z","6F64FA352878E77E776D404E0D0D7A888D3B01FE95BD4372C28176A0D6C48254",""
"Added","artifacts/CurrencyWarsSmartRaccoon-0.2.778-win-x64-portable-shutdownfix-20260802/data/4.4/phase2-icon-assets/standardized/enemy_affix/enemy_affix_t2_09.png","1609","2026-07-28T11:21:52.0000000Z","2049FE72AC05065C17AF7E56151DA351A03C54672A54E75A1627081617169935",""
"Added","artifacts/CurrencyWarsSmartRaccoon-0.2.778-win-x64-portable-shutdownfix-20260802/data/4.4/phase2-icon-assets/standardized/enemy_affix/enemy_affix_t2_10.png","1294","2026-07-28T11:21:52.0000000Z","E0ABABAD8953A22FC9D1626C3F2EC810E6FC555C661FEAD3810F8E5305849D59",""
"Added","artifacts/CurrencyWarsSmartRaccoon-0.2.778-win-x64-portable-shutdownfix-20260802/data/4.4/phase2-icon-assets/standardized/enemy_affix/enemy_affix_t2_11.png","1768","2026-07-28T11:21:52.0000000Z","1B55A570585D6C558228414098EFD1D89A50B367C03C2DC67A25CB9BFF5DD4FF",""
"Added","artifacts/CurrencyWarsSmartRaccoon-0.2.778-win-x64-portable-shutdownfix-20260802/data/4.4/phase2-icon-assets/standardized/enemy_affix/enemy_affix_t2_12.png","1798","2026-07-28T11:21:52.0000000Z","89A166E887DD1A8302C0D3217EF33E839222F1B9B626A8BB7D09877700AB9632",""
"Added","artifacts/CurrencyWarsSmartRaccoon-0.2.778-win-x64-portable-shutdownfix-20260802/data/4.4/phase2-icon-assets/standardized/enemy_affix/enemy_affix_t2_13.png","1420","2026-07-28T11:21:52.0000000Z","A00EAC5160A02E51E6593F5CA421D5943F2C386CD628DC05A469D3E2A99830DB",""
"Added","artifacts/CurrencyWarsSmartRaccoon-0.2.778-win-x64-portable-shutdownfix-20260802/data/4.4/phase2-icon-assets/standardized/enemy_affix/enemy_affix_t2_14.png","1633","2026-07-28T11:21:52.0000000Z","B6E9A82CA24285563BBE08E088DD523718C4FD463DAD35B7BEC3631A7E8E272A",""
"Added","artifacts/CurrencyWarsSmartRaccoon-0.2.778-win-x64-portable-shutdownfix-20260802/data/4.4/phase2-icon-assets/standardized/enemy_affix/enemy_affix_t2_15.png","1493","2026-07-28T11:21:52.0000000Z","D1DCB5F31703919B5D17519643C98982F87EC6EFF6C95735E43DADBADA99F76B",""
"Added","artifacts/CurrencyWarsSmartRaccoon-0.2.778-win-x64-portable-shutdownfix-20260802/data/4.4/phase2-icon-assets/standardized/enemy_affix/enemy_affix_t2_16.png","1437","2026-07-28T11:21:52.0000000Z","DED5DB9FDB7E546A3B28CB458E8A0EE9CD3EAF9F3C77384A23FAB90F47833C85",""
"Added","artifacts/CurrencyWarsSmartRaccoon-0.2.778-win-x64-portable-shutdownfix-20260802/data/4.4/phase2-icon-assets/standardized/enemy_affix/enemy_affix_t2_17.png","1430","2026-07-28T11:21:52.0000000Z","B29710E16C20E64E6C6BB7F7BC00549EF30C4BBCAD9B9A91403DA4437712F04B",""
"Added","artifacts/CurrencyWarsSmartRaccoon-0.2.778-win-x64-portable-shutdownfix-20260802/data/4.4/phase2-icon-assets/standardized/enemy_affix/enemy_affix_t2_18.png","1631","2026-07-28T11:21:52.0000000Z","F1800FCD0C3ABC42772994717945A63D00916EB297D1E3A7CF4080651E51FC61",""
"Added","artifacts/CurrencyWarsSmartRaccoon-0.2.778-win-x64-portable-shutdownfix-20260802/data/4.4/phase2-icon-assets/standardized/enemy_affix/enemy_affix_t2_19.png","2138","2026-07-28T11:21:52.0000000Z","236C74B83C27B9807CB3BE3A8EA43A683B8C8AC0F51B618CA7B1F128531FF149",""
"Added","artifacts/CurrencyWarsSmartRaccoon-0.2.778-win-x64-portable-shutdownfix-20260802/data/4.4/phase2-icon-assets/standardized/enemy_affix/enemy_affix_t2_20.png","2208","2026-07-28T11:21:52.0000000Z","C6EA226C4A306AC3C9AC761A4701F0E08C312D9C18A55F116766CB3BD5F64458",""
"Added","artifacts/CurrencyWarsSmartRaccoon-0.2.778-win-x64-portable-shutdownfix-20260802/data/4.4/phase2-icon-assets/standardized/enemy_affix/enemy_affix_t3_01.png","1752","2026-07-28T11:21:52.0000000Z","8309687D27FA660BEE90538FDE61C6D5D50EA190598131649192AB7090CE52DD",""
"Added","artifacts/CurrencyWarsSmartRaccoon-0.2.778-win-x64-portable-shutdownfix-20260802/data/4.4/phase2-icon-assets/standardized/enemy_affix/enemy_affix_t3_02.png","1610","2026-07-28T11:21:52.0000000Z","70C703EFD290BF8FDA1CA7D0B27DB07116101FD7530FD65CD0ED4C0E6A197E68",""
"Added","artifacts/CurrencyWarsSmartRaccoon-0.2.778-win-x64-portable-shutdownfix-20260802/data/4.4/phase2-icon-assets/standardized/enemy_affix/enemy_affix_t3_03.png","1356","2026-07-28T11:21:52.0000000Z","C8BB91F6CE2D29E8EE9EFB1295EB0DC5D74C9442B2DD331AB41783268B89FEF5",""
"Added","artifacts/CurrencyWarsSmartRaccoon-0.2.778-win-x64-portable-shutdownfix-20260802/data/4.4/phase2-icon-assets/standardized/enemy_affix/enemy_affix_t3_04.png","1430","2026-07-28T11:21:52.0000000Z","7927D9C94752D683BD4D2A8B6323AA40A3E5A2A029A102DAE12619604C4B55E6",""
"Added","artifacts/CurrencyWarsSmartRaccoon-0.2.778-win-x64-portable-shutdownfix-20260802/data/4.4/phase2-icon-assets/standardized/enemy_affix/enemy_affix_t3_05.png","1400","2026-07-28T11:21:52.0000000Z","4A27FBF4971869A53E0A0B28A9CF949CD5E595290B4C5D4414243F051CE90911",""
"Added","artifacts/CurrencyWarsSmartRaccoon-0.2.778-win-x64-portable-shutdownfix-20260802/data/4.4/phase2-icon-assets/standardized/enemy_affix/enemy_affix_t3_06.png","1330","2026-07-28T11:21:52.0000000Z","88AD3BBAAD24D98BE0786A7FB0A7D042EAB73734267CECA46A80FCC1C3335787",""
"Added","artifacts/CurrencyWarsSmartRaccoon-0.2.778-win-x64-portable-shutdownfix-20260802/data/4.4/phase2-icon-assets/standardized/enemy_affix/enemy_affix_t3_07.png","1345","2026-07-28T11:21:52.0000000Z","C2464911A2041115CE5F32F3DB0C19BC0F661D8CAF914542DD0C79C144420046",""
"Added","artifacts/CurrencyWarsSmartRaccoon-0.2.778-win-x64-portable-shutdownfix-20260802/data/4.4/phase2-icon-assets/standardized/enemy_affix/enemy_affix_t3_08.png","1510","2026-07-28T11:21:52.0000000Z","8A37461581E9AAD064B206622F18E713366BDFCA5635650948EDC65AF6BE62D3",""
"Added","artifacts/CurrencyWarsSmartRaccoon-0.2.778-win-x64-portable-shutdownfix-20260802/data/4.4/phase2-icon-assets/standardized/enemy_affix/enemy_affix_t3_09.png","1413","2026-07-28T11:21:52.0000000Z","F5472417C04854CB0B3739D18195A6BD0926B63C69D506160B27088B71C7F088",""
"Added","artifacts/CurrencyWarsSmartRaccoon-0.2.778-win-x64-portable-shutdownfix-20260802/data/4.4/phase2-icon-assets/standardized/enemy_affix/enemy_affix_t3_10.png","1455","2026-07-28T11:21:52.0000000Z","8F083EEDE054138CD8C0F5C65DD725126C7F7A7918BE6C8A6E1CF578EA827160",""
"Added","artifacts/CurrencyWarsSmartRaccoon-0.2.778-win-x64-portable-shutdownfix-20260802/data/4.4/phase2-icon-assets/standardized/enemy_affix/enemy_affix_t3_11.png","1258","2026-07-28T11:21:52.0000000Z","947F1D009982A478A3C751775B7A711992A3D8F22E39FC2EA82CBD182A3985B0",""
"Added","artifacts/CurrencyWarsSmartRaccoon-0.2.778-win-x64-portable-shutdownfix-20260802/data/4.4/phase2-icon-assets/standardized/enemy_affix/enemy_affix_t3_12.png","1864","2026-07-28T11:21:52.0000000Z","71B67898EC3CDA208F8AF7648EA36CFED7AE9FB55B232DEC22B9AB1BD1451B59",""
"Added","artifacts/CurrencyWarsSmartRaccoon-0.2.778-win-x64-portable-shutdownfix-20260802/data/4.4/phase2-icon-assets/standardized/enemy_affix/enemy_affix_t3_13.png","1479","2026-07-28T11:21:52.0000000Z","1A19B192FCFE9E24BED4E34FFF9430CE35D4E26AE4C20D9E827280175597EAE6",""
"Added","artifacts/CurrencyWarsSmartRaccoon-0.2.778-win-x64-portable-shutdownfix-20260802/data/4.4/phase2-icon-assets/standardized/enemy_affix/enemy_affix_t3_14.png","1641","2026-07-28T11:21:52.0000000Z","2532A7BDF0C2DB41B3D121BE8F51A1FD09E61D37584561EA31905C337DE69E0B",""
"Added","artifacts/CurrencyWarsSmartRaccoon-0.2.778-win-x64-portable-shutdownfix-20260802/data/4.4/phase2-icon-assets/standardized/enemy_affix/enemy_affix_t3_15.png","1330","2026-07-28T11:21:52.0000000Z","3180624D1A769AF7B7A07D1BCA9EC9C499C26BAD626AF6CCB45F7A27577CA924",""
"Added","artifacts/CurrencyWarsSmartRaccoon-0.2.778-win-x64-portable-shutdownfix-20260802/data/4.4/phase2-icon-assets/standardized/enemy_affix/enemy_affix_t3_16.png","1336","2026-07-28T11:21:52.0000000Z","084ECC8AA1146C6C5EAA3E4B0F166A7F8532369FAFE4320A10725457028E7057",""
"Added","artifacts/CurrencyWarsSmartRaccoon-0.2.778-win-x64-portable-shutdownfix-20260802/data/4.4/phase2-icon-assets/standardized/enemy_affix/enemy_affix_t3_17.png","2040","2026-07-28T11:21:52.0000000Z","4015A404BFF9BC357851162B96120E75A218CA47833DD715C0F43A1D83014391",""
"Added","artifacts/CurrencyWarsSmartRaccoon-0.2.778-win-x64-portable-shutdownfix-20260802/data/4.4/phase2-icon-assets/standardized/enemy_affix/enemy_affix_t3_18.png","1375","2026-07-28T11:21:52.0000000Z","B315278B3B581148C50A497D5D06E0C8EFE5398B354D15466ACD5943EF285F2D",""
"Added","artifacts/CurrencyWarsSmartRaccoon-0.2.778-win-x64-portable-shutdownfix-20260802/data/4.4/phase2-icon-assets/standardized/enemy_affix/enemy_affix_t3_19.png","1610","2026-07-28T11:21:52.0000000Z","70C703EFD290BF8FDA1CA7D0B27DB07116101FD7530FD65CD0ED4C0E6A197E68",""
"Added","artifacts/CurrencyWarsSmartRaccoon-0.2.778-win-x64-portable-shutdownfix-20260802/data/4.4/phase2-icon-assets/standardized/enemy_affix/enemy_affix_t3_20.png","1255","2026-07-28T11:21:52.0000000Z","A8B3C0E19BF3746E647A20A3BC5422387251572D647862374EB5AFA8815C5DE8",""
"Added","artifacts/CurrencyWarsSmartRaccoon-0.2.778-win-x64-portable-shutdownfix-20260802/data/4.4/phase2-icon-assets/standardized/enemy_affix/enemy_affix_t3_21.png","1611","2026-07-28T11:21:52.0000000Z","C393A997D77B132C3302BF10B9EFFEB29B13BF9E0A431D53563BC30B0B3AEF6A",""
"Added","artifacts/CurrencyWarsSmartRaccoon-0.2.778-win-x64-portable-shutdownfix-20260802/data/4.4/phase2-icon-assets/standardized/enemy_affix/enemy_affix_t3_22.png","1610","2026-07-28T11:21:52.0000000Z","70C703EFD290BF8FDA1CA7D0B27DB07116101FD7530FD65CD0ED4C0E6A197E68",""
"Added","artifacts/CurrencyWarsSmartRaccoon-0.2.778-win-x64-portable-shutdownfix-20260802/data/4.4/phase2-icon-assets/standardized/enemy_affix/enemy_affix_t3_23.png","1691","2026-07-28T11:21:52.0000000Z","897512325DF7FB33094224B25D107D6DF7BBDF8FD7FF24849E01B1408CF18333",""
"Added","artifacts/CurrencyWarsSmartRaccoon-0.2.778-win-x64-portable-shutdownfix-20260802/data/4.4/phase2-icon-assets/standardized/enemy_affix/enemy_affix_t3_24.png","1735","2026-07-28T11:21:52.0000000Z","544A2F65362C504BEE4EE4D006B2B0A275755DBFADBE6495EC68DC1D0713E986",""
"Added","artifacts/CurrencyWarsSmartRaccoon-0.2.778-win-x64-portable-shutdownfix-20260802/data/4.4/phase2-icon-assets/standardized/enemy_affix/enemy_affix_t3_25.png","1722","2026-07-28T11:21:52.0000000Z","E582E213FF64469EC320D14D2E9A410177717E33DCF3EA8DE92CE0F92DC8E7F7",""
"Added","artifacts/CurrencyWarsSmartRaccoon-0.2.778-win-x64-portable-shutdownfix-20260802/data/4.4/phase2-icon-assets/standardized/enemy_affix/enemy_affix_t3_26.png","2208","2026-07-28T11:21:52.0000000Z","C6EA226C4A306AC3C9AC761A4701F0E08C312D9C18A55F116766CB3BD5F64458",""
"Added","artifacts/CurrencyWarsSmartRaccoon-0.2.778-win-x64-portable-shutdownfix-20260802/data/4.4/phase2-icon-assets/standardized/investment_environment/investment_environment_001.png","5862","2026-07-28T11:21:46.0000000Z","DEB58C046F980F898B4736EBDDE0DFFF3A3985A89AAE0967825C8C6E4E394B53",""
"Added","artifacts/CurrencyWarsSmartRaccoon-0.2.778-win-x64-portable-shutdownfix-20260802/data/4.4/phase2-icon-assets/standardized/investment_environment/investment_environment_002.png","5128","2026-07-28T11:21:46.0000000Z","4F5055EDD302269DA49D373F4A62644626339837A56E1A0F4911904EB8799EB4",""
"Added","artifacts/CurrencyWarsSmartRaccoon-0.2.778-win-x64-portable-shutdownfix-20260802/data/4.4/phase2-icon-assets/standardized/investment_environment/investment_environment_003.png","6486","2026-07-28T11:21:46.0000000Z","9DE0B1148ABE24A6A062C88E2E7B2F156D69B2A44381F03EF3434F89E3C3B49C",""
"Added","artifacts/CurrencyWarsSmartRaccoon-0.2.778-win-x64-portable-shutdownfix-20260802/data/4.4/phase2-icon-assets/standardized/investment_environment/investment_environment_004.png","3010","2026-07-28T11:21:46.0000000Z","A46DB47CC3CF6ECEFE5E53A531D53BA1F2A1F2857CD79057CED1344C083A7628",""
"Added","artifacts/CurrencyWarsSmartRaccoon-0.2.778-win-x64-portable-shutdownfix-20260802/data/4.4/phase2-icon-assets/standardized/investment_environment/investment_environment_005.png","4532","2026-07-28T11:21:46.0000000Z","9F8D2F0004388A08A311B6BD42FDB3C700AF1129D8BD9669279136060FDA730D",""
"Added","artifacts/CurrencyWarsSmartRaccoon-0.2.778-win-x64-portable-shutdownfix-20260802/data/4.4/phase2-icon-assets/standardized/investment_environment/investment_environment_006.png","3094","2026-07-28T11:21:46.0000000Z","B3CA73EB88C2FE25F9C6E338D61512CD9414F8D3B17DA4EB087CA168227A96DA",""
"Added","artifacts/CurrencyWarsSmartRaccoon-0.2.778-win-x64-portable-shutdownfix-20260802/data/4.4/phase2-icon-assets/standardized/investment_environment/investment_environment_007.png","6173","2026-07-28T11:21:46.0000000Z","F82E7ADDB80BAD47D7FE621B3FAD117BFB845543AB6E642C89067E91E3367BE2",""
"Added","artifacts/CurrencyWarsSmartRaccoon-0.2.778-win-x64-portable-shutdownfix-20260802/data/4.4/phase2-icon-assets/standardized/investment_environment/investment_environment_008.png","4643","2026-07-28T11:21:46.0000000Z","1D092D37C30A486B19800A9D63195D9D4A19320D1221D3C131D3265A2C27F13E",""
"Added","artifacts/CurrencyWarsSmartRaccoon-0.2.778-win-x64-portable-shutdownfix-20260802/data/4.4/phase2-icon-assets/standardized/investment_environment/investment_environment_009.png","5785","2026-07-28T11:21:46.0000000Z","40A2807D47F28E2DF0E0FE53DACBAB2185B5E6D794512EF86F5C1C4D825FD3B9",""
"Added","artifacts/CurrencyWarsSmartRaccoon-0.2.778-win-x64-portable-shutdownfix-20260802/data/4.4/phase2-icon-assets/standardized/investment_environment/investment_environment_010.png","4334","2026-07-28T11:21:46.0000000Z","79F900B483937DE77B79E9E481DC21A1A88CBF7F5D9A4F42D7017F82E3B38794",""
"Added","artifacts/CurrencyWarsSmartRaccoon-0.2.778-win-x64-portable-shutdownfix-20260802/data/4.4/phase2-icon-assets/standardized/investment_environment/investment_environment_011.png","4422","2026-07-28T11:21:46.0000000Z","A9D32D91FC5F92925CA029FA3BCF7AC595E945DA5646C919254123B04D30E788",""
"Added","artifacts/CurrencyWarsSmartRaccoon-0.2.778-win-x64-portable-shutdownfix-20260802/data/4.4/phase2-icon-assets/standardized/investment_environment/investment_environment_012.png","5463","2026-07-28T11:21:46.0000000Z","7AE4B870FA6B07D636DB372588E44D46DD0F485F4FF6A9F468B1BB90EDDC28B1",""
"Added","artifacts/CurrencyWarsSmartRaccoon-0.2.778-win-x64-portable-shutdownfix-20260802/data/4.4/phase2-icon-assets/standardized/investment_environment/investment_environment_013.png","4273","2026-07-28T11:21:46.0000000Z","01ABD9ADDD14C21142104EEA9BF6F1A57026D202D4377CF674D75DEDF298FC60",""
"Added","artifacts/CurrencyWarsSmartRaccoon-0.2.778-win-x64-portable-shutdownfix-20260802/data/4.4/phase2-icon-assets/standardized/investment_environment/investment_environment_014.png","5133","2026-07-28T11:21:46.0000000Z","4F2025664E60F03AEA529AE08EDC021EC44E0580DDBF6FF704EBD7AA24D67FFB",""
"Added","artifacts/CurrencyWarsSmartRaccoon-0.2.778-win-x64-portable-shutdownfix-20260802/data/4.4/phase2-icon-assets/standardized/investment_environment/investment_environment_015.png","4357","2026-07-28T11:21:46.0000000Z","A52166AB9FD0C30B0058A58BC37E9D07D829A4D632946961F75E1902F3B28A7D",""
"Added","artifacts/CurrencyWarsSmartRaccoon-0.2.778-win-x64-portable-shutdownfix-20260802/data/4.4/phase2-icon-assets/standardized/investment_environment/investment_environment_016.png","5408","2026-07-28T11:21:46.0000000Z","C8499258EC2210030DDA95730312399B2DF08DEA55119C729E7337A2861490D4",""
"Added","artifacts/CurrencyWarsSmartRaccoon-0.2.778-win-x64-portable-shutdownfix-20260802/data/4.4/phase2-icon-assets/standardized/investment_environment/investment_environment_017.png","4071","2026-07-28T11:21:46.0000000Z","740D9A4BAA0F76BA08DD2659BC51E9AC3FE006A742FB2A67C1E6F3F59884A0A0",""
"Added","artifacts/CurrencyWarsSmartRaccoon-0.2.778-win-x64-portable-shutdownfix-20260802/data/4.4/phase2-icon-assets/standardized/investment_environment/investment_environment_018.png","3217","2026-07-28T11:21:46.0000000Z","B675B5D687E70E7BFBE5C35230AE90B818A56CB93D613AC97267C33118B2B4EC",""
"Added","artifacts/CurrencyWarsSmartRaccoon-0.2.778-win-x64-portable-shutdownfix-20260802/data/4.4/phase2-icon-assets/standardized/investment_environment/investment_environment_019.png","4007","2026-07-28T11:21:46.0000000Z","727BB2D920AAE493B2B34F181F9EEBC6C8B133FBB3D83453D41620D3F296645A",""
"Added","artifacts/CurrencyWarsSmartRaccoon-0.2.778-win-x64-portable-shutdownfix-20260802/data/4.4/phase2-icon-assets/standardized/investment_environment/investment_environment_020.png","4558","2026-07-28T11:21:46.0000000Z","849B1D0F444900E5EB2584C6B3EFE56C50AC7777B9765489A343494945313317",""
"Added","artifacts/CurrencyWarsSmartRaccoon-0.2.778-win-x64-portable-shutdownfix-20260802/data/4.4/phase2-icon-assets/standardized/investment_environment/investment_environment_021.png","4530","2026-07-28T11:21:46.0000000Z","4515A732B8FEA5C7A2C6FAC569732A3F44A9F62569969CEB6706CC2FAC07ADFE",""
"Added","artifacts/CurrencyWarsSmartRaccoon-0.2.778-win-x64-portable-shutdownfix-20260802/data/4.4/phase2-icon-assets/standardized/investment_environment/investment_environment_022.png","3901","2026-07-28T11:21:46.0000000Z","9D42A7B5A055E3055CF740263EDCF975C5C10CACC8C6FD4F03B6046C0C18D7A1",""
"Added","artifacts/CurrencyWarsSmartRaccoon-0.2.778-win-x64-portable-shutdownfix-20260802/data/4.4/phase2-icon-assets/standardized/investment_environment/investment_environment_023.png","4871","2026-07-28T11:21:46.0000000Z","8BF977B3E6B27DE01405B66925167F1FFC457247A0E3EAFBF30D26B786AA653A",""
"Added","artifacts/CurrencyWarsSmartRaccoon-0.2.778-win-x64-portable-shutdownfix-20260802/data/4.4/phase2-icon-assets/standardized/investment_environment/investment_environment_024.png","4101","2026-07-28T11:21:46.0000000Z","C470FC3FFFE7E4A0E8B932E8A32E26726406B89B969F0210E17F541AF1408002",""
"Added","artifacts/CurrencyWarsSmartRaccoon-0.2.778-win-x64-portable-shutdownfix-20260802/data/4.4/phase2-icon-assets/standardized/investment_environment/investment_environment_025.png","4118","2026-07-28T11:21:46.0000000Z","20AE76612F49C279C21C587D0396934CF25F3E2BFCBE465FF2598CAD5576A679",""
"Added","artifacts/CurrencyWarsSmartRaccoon-0.2.778-win-x64-portable-shutdownfix-20260802/data/4.4/phase2-icon-assets/standardized/investment_environment/investment_environment_026.png","2669","2026-07-28T11:21:46.0000000Z","F36C41F7F08031F79C1BB52358FFF2C599F948D35004A7F6E7067ED65F7FB739",""
"Added","artifacts/CurrencyWarsSmartRaccoon-0.2.778-win-x64-portable-shutdownfix-20260802/data/4.4/phase2-icon-assets/standardized/investment_environment/investment_environment_027.png","2468","2026-07-28T11:21:46.0000000Z","4DBFB3E7F37893B10D05359E5AEA3866EE5B55F96F42132F8E2A30EF93F69A03",""
"Added","artifacts/CurrencyWarsSmartRaccoon-0.2.778-win-x64-portable-shutdownfix-20260802/data/4.4/phase2-icon-assets/standardized/investment_environment/investment_environment_028.png","4152","2026-07-28T11:21:46.0000000Z","4111447B884654A687BBDE3A9186108884F25B576AE9BD2532DFDA8654DCB2FA",""
"Added","artifacts/CurrencyWarsSmartRaccoon-0.2.778-win-x64-portable-shutdownfix-20260802/data/4.4/phase2-icon-assets/standardized/investment_environment/investment_environment_029.png","4211","2026-07-28T11:21:46.0000000Z","ECA1A0C15A52B8C1C88EF48D134D971EF69BAF8AD34590862131FB0D36167A49",""
"Added","artifacts/CurrencyWarsSmartRaccoon-0.2.778-win-x64-portable-shutdownfix-20260802/data/4.4/phase2-icon-assets/standardized/investment_environment/investment_environment_030.png","4278","2026-07-28T11:21:46.0000000Z","D0F8E698B5516DBDF20DC218F3534FDBD8DA1CF78FEFE3DD474DC7322F1A370D",""
"Added","artifacts/CurrencyWarsSmartRaccoon-0.2.778-win-x64-portable-shutdownfix-20260802/data/4.4/phase2-icon-assets/standardized/investment_environment/investment_environment_031.png","4116","2026-07-28T11:21:46.0000000Z","FBF667175CA940DB1A5991D6B8F055C4364B9F40A9104FA6768B1EEDF27C3F21",""
"Added","artifacts/CurrencyWarsSmartRaccoon-0.2.778-win-x64-portable-shutdownfix-20260802/data/4.4/phase2-icon-assets/standardized/investment_environment/investment_environment_032.png","3962","2026-07-28T11:21:46.0000000Z","716C8A090E78504849255790D9920453E1F0BD808F18EDD731268A9E43816DEC",""
"Added","artifacts/CurrencyWarsSmartRaccoon-0.2.778-win-x64-portable-shutdownfix-20260802/data/4.4/phase2-icon-assets/standardized/investment_environment/investment_environment_033.png","5202","2026-07-28T11:21:46.0000000Z","7B203EF5C00197734EA5BCB31AFCA6F2874B3F88B5DB978D0B7B98BAF604E122",""
"Added","artifacts/CurrencyWarsSmartRaccoon-0.2.778-win-x64-portable-shutdownfix-20260802/data/4.4/phase2-icon-assets/standardized/investment_environment/investment_environment_034.png","3831","2026-07-28T11:21:46.0000000Z","F08A6BEFB9C8601748B3D42524142BA801FFA6894B624BC5B40D446CEB0DB92B",""
"Added","artifacts/CurrencyWarsSmartRaccoon-0.2.778-win-x64-portable-shutdownfix-20260802/data/4.4/phase2-icon-assets/standardized/investment_environment/investment_environment_035.png","4882","2026-07-28T11:21:46.0000000Z","DFCA45CE1A6EF8B9C15669A7E10E0E6B960CA90D73E5CDCB80EC412EFF9854DA",""
"Added","artifacts/CurrencyWarsSmartRaccoon-0.2.778-win-x64-portable-shutdownfix-20260802/data/4.4/phase2-icon-assets/standardized/investment_environment/investment_environment_036.png","4075","2026-07-28T11:21:46.0000000Z","8AF647AA43869C6106A3DB2E5BC6302DC819EABE2588AB4C155AC71D7667752F",""
"Added","artifacts/CurrencyWarsSmartRaccoon-0.2.778-win-x64-portable-shutdownfix-20260802/data/4.4/phase2-icon-assets/standardized/investment_environment/investment_environment_037.png","3870","2026-07-28T11:21:46.0000000Z","2795E6AD9BF4337B6D7A588F88C826729F6743FD57B76BEB1CA8FE2D48F9B5C7",""
"Added","artifacts/CurrencyWarsSmartRaccoon-0.2.778-win-x64-portable-shutdownfix-20260802/data/4.4/phase2-icon-assets/standardized/investment_environment/investment_environment_038.png","4131","2026-07-28T11:21:46.0000000Z","DE24DDA6E78DDEC343788C283C17100415D311F41F397F2E5CE734D11915DC8F",""
"Added","artifacts/CurrencyWarsSmartRaccoon-0.2.778-win-x64-portable-shutdownfix-20260802/data/4.4/phase2-icon-assets/standardized/investment_environment/investment_environment_039.png","5178","2026-07-28T11:21:46.0000000Z","CA69BFFC35740CA495787FA3880CE52642CB1B5B40492BE1DFFBDC77B75C6FDC",""
"Added","artifacts/CurrencyWarsSmartRaccoon-0.2.778-win-x64-portable-shutdownfix-20260802/data/4.4/phase2-icon-assets/standardized/investment_environment/investment_environment_040.png","4480","2026-07-28T11:21:46.0000000Z","C1F05FADEE3FEEC629AE9C7B21B21233EE120FE537AB40DDF903DFAB44FA5B24",""
"Added","artifacts/CurrencyWarsSmartRaccoon-0.2.778-win-x64-portable-shutdownfix-20260802/data/4.4/phase2-icon-assets/standardized/investment_environment/investment_environment_041.png","5343","2026-07-28T11:21:46.0000000Z","7C4F5DF6FACE24574DC547123C762D06AC7E437F868FECB04A479F7D4BD3C904",""
"Added","artifacts/CurrencyWarsSmartRaccoon-0.2.778-win-x64-portable-shutdownfix-20260802/data/4.4/phase2-icon-assets/standardized/investment_environment/investment_environment_042.png","3953","2026-07-28T11:21:46.0000000Z","5EF97E101D3DE4952EBB30E25E9D0CCF87BBE21BE2A630FA1FEE6F5CEFFE6DA8",""
"Added","artifacts/CurrencyWarsSmartRaccoon-0.2.778-win-x64-portable-shutdownfix-20260802/data/4.4/phase2-icon-assets/standardized/investment_environment/investment_environment_043.png","4536","2026-07-28T11:21:46.0000000Z","3613F534EBE182F35F8011FBD2DEA44B02099E1DF1475D81F961B553731E8556",""
"Added","artifacts/CurrencyWarsSmartRaccoon-0.2.778-win-x64-portable-shutdownfix-20260802/data/4.4/phase2-icon-assets/standardized/investment_environment/investment_environment_044.png","3975","2026-07-28T11:21:46.0000000Z","A43F4B3935EECAB2117DD579169BAFD507C0E6D72400512143638DE5B4DA8B66",""
"Added","artifacts/CurrencyWarsSmartRaccoon-0.2.778-win-x64-portable-shutdownfix-20260802/data/4.4/phase2-icon-assets/standardized/investment_environment/investment_environment_045.png","4468","2026-07-28T11:21:46.0000000Z","736C071EE6E7DAA74B8B4F981D04055D4F40AD3DD3E816ACFDBFA5175BAD999C",""
"Added","artifacts/CurrencyWarsSmartRaccoon-0.2.778-win-x64-portable-shutdownfix-20260802/data/4.4/phase2-icon-assets/standardized/investment_environment/investment_environment_046.png","4144","2026-07-28T11:21:46.0000000Z","6B24677DBB712D63C220651A2CE8E0703369D18FBE59E18A1E2FAFBBEF570379",""
"Added","artifacts/CurrencyWarsSmartRaccoon-0.2.778-win-x64-portable-shutdownfix-20260802/data/4.4/phase2-icon-assets/standardized/investment_environment/investment_environment_047.png","5096","2026-07-28T11:21:46.0000000Z","B2FAB410569185745AA1593EE5F136AE75847FE899A084C4675B3B5C90E92F0B",""
"Added","artifacts/CurrencyWarsSmartRaccoon-0.2.778-win-x64-portable-shutdownfix-20260802/data/4.4/phase2-icon-assets/standardized/investment_environment/investment_environment_048.png","4427","2026-07-28T11:21:46.0000000Z","040A8D5AD15B64C94078FCBB5846E57810B2B7B14C0021395394C20997C88B3B",""
"Added","artifacts/CurrencyWarsSmartRaccoon-0.2.778-win-x64-portable-shutdownfix-20260802/data/4.4/phase2-icon-assets/standardized/investment_environment/investment_environment_049.png","5195","2026-07-28T11:21:46.0000000Z","D4A71E77F6EB977AD155E6F919D04A455197A8AB1A890EFDA49082C5667CFB41",""
"Added","artifacts/CurrencyWarsSmartRaccoon-0.2.778-win-x64-portable-shutdownfix-20260802/data/4.4/phase2-icon-assets/standardized/investment_environment/investment_environment_050.png","5968","2026-07-28T11:21:46.0000000Z","63CD522D6D3AEADBC0618DCB32EA79634D3B731889448CDA6F2B6B5FFD27DDA7",""
"Added","artifacts/CurrencyWarsSmartRaccoon-0.2.778-win-x64-portable-shutdownfix-20260802/data/4.4/phase2-icon-assets/standardized/investment_environment/investment_environment_051.png","3454","2026-07-28T11:21:46.0000000Z","CA05B8E8E6558DD78E18F430A97FD007A267B444B1AD5E8828898A43C51316CE",""
"Added","artifacts/CurrencyWarsSmartRaccoon-0.2.778-win-x64-portable-shutdownfix-20260802/data/4.4/phase2-icon-assets/standardized/investment_environment/investment_environment_052.png","2674","2026-07-28T11:21:46.0000000Z","FA07942A643E0F07109A896D102C8937CA94392ADCA294E23201451D7218994E",""
"Added","artifacts/CurrencyWarsSmartRaccoon-0.2.778-win-x64-portable-shutdownfix-20260802/data/4.4/phase2-icon-assets/standardized/investment_environment/investment_environment_053.png","4559","2026-07-28T11:21:46.0000000Z","88E20F5ECC6A4A8AC614D28BAC10C2E1DFE4CD28201A0FE7780039010721874C",""
"Added","artifacts/CurrencyWarsSmartRaccoon-0.2.778-win-x64-portable-shutdownfix-20260802/data/4.4/phase2-icon-assets/standardized/investment_environment/investment_environment_054.png","5591","2026-07-28T11:21:46.0000000Z","F72F35986DB1AE1D097F83691B107B83F739F6AA700DC02C9B88E2DF0B06C60B",""
"Added","artifacts/CurrencyWarsSmartRaccoon-0.2.778-win-x64-portable-shutdownfix-20260802/data/4.4/phase2-icon-assets/standardized/investment_environment/investment_environment_055.png","2717","2026-07-28T11:21:46.0000000Z","1B59B0284506AA5CCFD1099D84C36598D3B582601AA9589B802B29DAB9B57A0E",""
"Added","artifacts/CurrencyWarsSmartRaccoon-0.2.778-win-x64-portable-shutdownfix-20260802/data/4.4/phase2-icon-assets/standardized/investment_environment/investment_environment_056.png","5277","2026-07-28T11:21:46.0000000Z","18EB095779737473D91D690D9DEAAF8527DDD2D29DA7F41A9FD42BCE8082ED25",""
"Added","artifacts/CurrencyWarsSmartRaccoon-0.2.778-win-x64-portable-shutdownfix-20260802/data/4.4/phase2-icon-assets/standardized/investment_environment/investment_environment_057.png","3428","2026-07-28T11:21:46.0000000Z","8E830F2E0EF3E12931CF75E22884CABBADDC8D480A74A21500249D59519A23FB",""
"Added","artifacts/CurrencyWarsSmartRaccoon-0.2.778-win-x64-portable-shutdownfix-20260802/data/4.4/phase2-icon-assets/standardized/investment_environment/investment_environment_058.png","5634","2026-07-28T11:21:46.0000000Z","F011A7D2709C19F226B98DD4734F63B0831FD286A6B05C6C8D110629BD89D1E0",""
"Added","artifacts/CurrencyWarsSmartRaccoon-0.2.778-win-x64-portable-shutdownfix-20260802/data/4.4/phase2-icon-assets/standardized/investment_environment/investment_environment_059.png","3932","2026-07-28T11:21:46.0000000Z","3A1F7D6D09EDBAB8DA8EBFA57B6314BBDCA0CC4DA922D631D8012743118BF18C",""
"Added","artifacts/CurrencyWarsSmartRaccoon-0.2.778-win-x64-portable-shutdownfix-20260802/data/4.4/phase2-icon-assets/standardized/investment_environment/investment_environment_060.png","4423","2026-07-28T11:21:46.0000000Z","38CD48C80753FCEBD54AC200166C551E8D3F6D68C9A4BD9DF8FE45805AABEA73",""
"Added","artifacts/CurrencyWarsSmartRaccoon-0.2.778-win-x64-portable-shutdownfix-20260802/data/4.4/phase2-icon-assets/standardized/investment_environment/investment_environment_061.png","3659","2026-07-28T11:21:46.0000000Z","02955AE78DBA9FEA07B3B6A6390C7B1B013758E5FB099947DE650C5F155E76C7",""
"Added","artifacts/CurrencyWarsSmartRaccoon-0.2.778-win-x64-portable-shutdownfix-20260802/data/4.4/phase2-icon-assets/standardized/investment_environment/investment_environment_062.png","4118","2026-07-28T11:21:46.0000000Z","AAE033955BFBFCFC2CC203BA32B0AC06CF534B576A406039E940AE0174356359",""
"Added","artifacts/CurrencyWarsSmartRaccoon-0.2.778-win-x64-portable-shutdownfix-20260802/data/4.4/phase2-icon-assets/standardized/investment_environment/investment_environment_063.png","5049","2026-07-28T11:21:46.0000000Z","B16606BDC8CDB8FBF2C8639E0F19C394212E25C5F312C2419879ACA18FB99CD2",""
"Added","artifacts/CurrencyWarsSmartRaccoon-0.2.778-win-x64-portable-shutdownfix-20260802/data/4.4/phase2-icon-assets/standardized/investment_environment/investment_environment_064.png","5764","2026-07-28T11:21:46.0000000Z","7022CA6E8EB7069545133798E4C12CCA19AE8742D6F941E8C4CA4FF5605D5522",""
"Added","artifacts/CurrencyWarsSmartRaccoon-0.2.778-win-x64-portable-shutdownfix-20260802/data/4.4/phase2-icon-assets/standardized/investment_environment/investment_environment_065.png","4012","2026-07-28T11:21:46.0000000Z","AEE396965451E6FB06DECC6433821EB60A844102545F7EB7F8CA7D87BC08E138",""
"Added","artifacts/CurrencyWarsSmartRaccoon-0.2.778-win-x64-portable-shutdownfix-20260802/data/4.4/phase2-icon-assets/standardized/investment_environment/investment_environment_066.png","4611","2026-07-28T11:21:46.0000000Z","996B8B6D6D653B5F5393835778ABD4413630A9CD6B8349CDCE5918A54D85061D",""
"Added","artifacts/CurrencyWarsSmartRaccoon-0.2.778-win-x64-portable-shutdownfix-20260802/data/4.4/phase2-icon-assets/standardized/investment_environment/investment_environment_067.png","3953","2026-07-28T11:21:46.0000000Z","6C4459F4A7E287F1DDB6EC6F7A46E6DDD8BDFA04B4264D173DB61F9E6E67E1E2",""
"Added","artifacts/CurrencyWarsSmartRaccoon-0.2.778-win-x64-portable-shutdownfix-20260802/data/4.4/phase2-icon-assets/standardized/investment_environment/investment_environment_068.png","3372","2026-07-28T11:21:46.0000000Z","EF105554F22E3A2709E590FF1B183E4B5B0D4343414EE47A362746A73556C371",""
"Added","artifacts/CurrencyWarsSmartRaccoon-0.2.778-win-x64-portable-shutdownfix-20260802/data/4.4/phase2-icon-assets/standardized/investment_environment/investment_environment_069.png","4142","2026-07-28T11:21:46.0000000Z","5C008D938D680A695FD2480D342DC3A7D3B044D7E7F153F6880E8E554E9DC881",""
"Added","artifacts/CurrencyWarsSmartRaccoon-0.2.778-win-x64-portable-shutdownfix-20260802/data/4.4/phase2-icon-assets/standardized/investment_environment/investment_environment_070.png","4341","2026-07-28T11:21:46.0000000Z","A2807F8859723A1C69375F48A40D23295DD756F299FF32FE119A5060B27F777C",""
"Added","artifacts/CurrencyWarsSmartRaccoon-0.2.778-win-x64-portable-shutdownfix-20260802/data/4.4/phase2-icon-assets/standardized/investment_environment/investment_environment_071.png","5286","2026-07-28T11:21:46.0000000Z","B589080AB76264FCD75C579E8233A28EA7B9F2E36C2E75F08C3AE261205D3D82",""
"Added","artifacts/CurrencyWarsSmartRaccoon-0.2.778-win-x64-portable-shutdownfix-20260802/data/4.4/phase2-icon-assets/standardized/investment_environment/investment_environment_072.png","2883","2026-07-28T11:21:46.0000000Z","257E9B537F6B9612F93389E2DB8A7B7B71CBEEF94FB37FFB89C2AEEEBA75C47C",""
"Added","artifacts/CurrencyWarsSmartRaccoon-0.2.778-win-x64-portable-shutdownfix-20260802/data/4.4/phase2-icon-assets/standardized/investment_environment/investment_environment_073.png","3574","2026-07-28T11:21:46.0000000Z","F669A00446373731A759693CFA5B9AEFDCA261048C4C9747C912E122362634E6",""
"Added","artifacts/CurrencyWarsSmartRaccoon-0.2.778-win-x64-portable-shutdownfix-20260802/data/4.4/phase2-icon-assets/standardized/investment_environment/investment_environment_074.png","6325","2026-07-28T11:21:46.0000000Z","C66C0E106AB285C37C1160CF745E6B1196875CBC263FFB117643451B5E038F63",""
"Added","artifacts/CurrencyWarsSmartRaccoon-0.2.778-win-x64-portable-shutdownfix-20260802/data/4.4/phase2-icon-assets/standardized/investment_environment/investment_environment_075.png","4136","2026-07-28T11:21:46.0000000Z","2F8470C29B0A02C8E634022BE56890E7991C1D878D4EAFA28E45BAA55C5CD0C6",""
"Added","artifacts/CurrencyWarsSmartRaccoon-0.2.778-win-x64-portable-shutdownfix-20260802/data/4.4/phase2-icon-assets/standardized/investment_environment/investment_environment_076.png","5023","2026-07-28T11:21:46.0000000Z","FD5D75D70CA1F857862D07B69CC089A6A11654E9AC83DC40595179FC7B299C4D",""
"Added","artifacts/CurrencyWarsSmartRaccoon-0.2.778-win-x64-portable-shutdownfix-20260802/data/4.4/phase2-icon-assets/standardized/investment_environment/investment_environment_077.png","4062","2026-07-28T11:21:46.0000000Z","B74A9DFEADCC78C1EA210392C318957CBC873D1E46D50927BEC4D773A7AA98AB",""
"Added","artifacts/CurrencyWarsSmartRaccoon-0.2.778-win-x64-portable-shutdownfix-20260802/data/4.4/phase2-icon-assets/standardized/investment_environment/investment_environment_078.png","5015","2026-07-28T11:21:46.0000000Z","0E5DCC4853AADD6CBAE6B4DBBDF10C79E397D1632B77F7CF8FDBAC3E21CA02B9",""
"Added","artifacts/CurrencyWarsSmartRaccoon-0.2.778-win-x64-portable-shutdownfix-20260802/data/4.4/phase2-icon-assets/standardized/investment_environment/investment_environment_079.png","2338","2026-07-28T11:21:46.0000000Z","DA8C1F95265439F4DD9B96BEE33511D61DF5D56A5A1EF2C01047EAF959CB4A92",""
"Added","artifacts/CurrencyWarsSmartRaccoon-0.2.778-win-x64-portable-shutdownfix-20260802/data/4.4/phase2-icon-assets/standardized/investment_environment/investment_environment_080.png","4648","2026-07-28T11:21:46.0000000Z","CE8F7136474BF134AC6F7DCB9BD3710D7B45A48750FFC472340FC23A32041129",""
"Added","artifacts/CurrencyWarsSmartRaccoon-0.2.778-win-x64-portable-shutdownfix-20260802/data/4.4/phase2-icon-assets/standardized/investment_environment/investment_environment_081.png","5594","2026-07-28T11:21:46.0000000Z","F4CF7F91609FC01C42B9108613C3FB9D76ACA7A4FAC4D857B0AF6386B57F89F7",""
"Added","artifacts/CurrencyWarsSmartRaccoon-0.2.778-win-x64-portable-shutdownfix-20260802/data/4.4/phase2-icon-assets/standardized/investment_environment/investment_environment_082.png","4442","2026-07-28T11:21:46.0000000Z","B3F9319A5B4A1DC1D77AE1774FF9928CF191DEAE50BB2D44D18F5EB69D2D4310",""
"Added","artifacts/CurrencyWarsSmartRaccoon-0.2.778-win-x64-portable-shutdownfix-20260802/data/4.4/phase2-icon-assets/standardized/investment_environment/investment_environment_083.png","2634","2026-07-28T11:21:46.0000000Z","0DC0ADDF7EFEF7164668BA40CA52FFA412A06459A555A4A47C9C1A8A392DE205",""
"Added","artifacts/CurrencyWarsSmartRaccoon-0.2.778-win-x64-portable-shutdownfix-20260802/data/4.4/phase2-icon-assets/standardized/investment_strategy/investment_strategy_001.png","40514","2026-07-28T11:21:46.0000000Z","894587E534B142093693A80039D1C119DF4C28A93BABF35F3A0206A2B6B467C6",""
"Added","artifacts/CurrencyWarsSmartRaccoon-0.2.778-win-x64-portable-shutdownfix-20260802/data/4.4/phase2-icon-assets/standardized/investment_strategy/investment_strategy_002.png","40514","2026-07-28T11:21:46.0000000Z","894587E534B142093693A80039D1C119DF4C28A93BABF35F3A0206A2B6B467C6",""
"Added","artifacts/CurrencyWarsSmartRaccoon-0.2.778-win-x64-portable-shutdownfix-20260802/data/4.4/phase2-icon-assets/standardized/investment_strategy/investment_strategy_003.png","39309","2026-07-28T11:21:46.0000000Z","95BBEA6C497F7BE13165D0DEF76A4AB7C7828B503B126993D709A440B71C3F43",""
"Added","artifacts/CurrencyWarsSmartRaccoon-0.2.778-win-x64-portable-shutdownfix-20260802/data/4.4/phase2-icon-assets/standardized/investment_strategy/investment_strategy_004.png","34247","2026-07-28T11:21:46.0000000Z","0912FCA14070D17822390650B192FF2D628E0C432743BF15C514081D7BC5CFDD",""
"Added","artifacts/CurrencyWarsSmartRaccoon-0.2.778-win-x64-portable-shutdownfix-20260802/data/4.4/phase2-icon-assets/standardized/investment_strategy/investment_strategy_005.png","32444","2026-07-28T11:21:46.0000000Z","898BF5998B1020D0EE7F174476FEB8C108C001DC34A8CD6984494EDEA060D347",""
"Added","artifacts/CurrencyWarsSmartRaccoon-0.2.778-win-x64-portable-shutdownfix-20260802/data/4.4/phase2-icon-assets/standardized/investment_strategy/investment_strategy_006.png","32965","2026-07-28T11:21:46.0000000Z","09BE58AB14089B7C7E3955AD535A3437FF93CEDB52F204ADF3CB6F416BF8EB1C",""
"Added","artifacts/CurrencyWarsSmartRaccoon-0.2.778-win-x64-portable-shutdownfix-20260802/data/4.4/phase2-icon-assets/standardized/investment_strategy/investment_strategy_007.png","38523","2026-07-28T11:21:46.0000000Z","345786BA59331ABBA9C3F2144CCCDB82470126C80D39BD3D45A607BCD014FF81",""
"Added","artifacts/CurrencyWarsSmartRaccoon-0.2.778-win-x64-portable-shutdownfix-20260802/data/4.4/phase2-icon-assets/standardized/investment_strategy/investment_strategy_008.png","39074","2026-07-28T11:21:46.0000000Z","EC582D11DFC1048479CC35D1CD36C8D1164CE7BD34D1F7838DFD9153DDB99A09",""
"Added","artifacts/CurrencyWarsSmartRaccoon-0.2.778-win-x64-portable-shutdownfix-20260802/data/4.4/phase2-icon-assets/standardized/investment_strategy/investment_strategy_009.png","39849","2026-07-28T11:21:46.0000000Z","16CA7D6A38C52D005CF54BA88BC9AA1B5E9D602253A41766F45AFA1789A8584B",""
"Added","artifacts/CurrencyWarsSmartRaccoon-0.2.778-win-x64-portable-shutdownfix-20260802/data/4.4/phase2-icon-assets/standardized/investment_strategy/investment_strategy_010.png","34539","2026-07-28T11:21:46.0000000Z","9CCFE56794F7A2A1B7E063E791337EE4A29EBFE5349C7D2EC78F47C830EE6F33",""
"Added","artifacts/CurrencyWarsSmartRaccoon-0.2.778-win-x64-portable-shutdownfix-20260802/data/4.4/phase2-icon-assets/standardized/investment_strategy/investment_strategy_011.png","34539","2026-07-28T11:21:46.0000000Z","9CCFE56794F7A2A1B7E063E791337EE4A29EBFE5349C7D2EC78F47C830EE6F33",""
"Added","artifacts/CurrencyWarsSmartRaccoon-0.2.778-win-x64-portable-shutdownfix-20260802/data/4.4/phase2-icon-assets/standardized/investment_strategy/investment_strategy_012.png","37967","2026-07-28T11:21:46.0000000Z","4962262A179BD63A192516B85A2076002249F323DA44F574F65B565DDD7F4BBB",""
"Added","artifacts/CurrencyWarsSmartRaccoon-0.2.778-win-x64-portable-shutdownfix-20260802/data/4.4/phase2-icon-assets/standardized/investment_strategy/investment_strategy_013.png","37417","2026-07-28T11:21:46.0000000Z","F9110907CDACE5F31B199961E3531FE2AA34AD462DE964B94F789EBAEBB2DFCA",""
"Added","artifacts/CurrencyWarsSmartRaccoon-0.2.778-win-x64-portable-shutdownfix-20260802/data/4.4/phase2-icon-assets/standardized/investment_strategy/investment_strategy_014.png","41530","2026-07-28T11:21:46.0000000Z","DD5B2C094EC060AF3A8F5E64C43C20F7C57A49FD080D84396EAFF11151057DAF",""
"Added","artifacts/CurrencyWarsSmartRaccoon-0.2.778-win-x64-portable-shutdownfix-20260802/data/4.4/phase2-icon-assets/standardized/investment_strategy/investment_strategy_015.png","37519","2026-07-28T11:21:46.0000000Z","645AAF731B6FF735820D8C89A72E565BCAD55524AA909FCA48DF3E3C664FA35C",""
"Added","artifacts/CurrencyWarsSmartRaccoon-0.2.778-win-x64-portable-shutdownfix-20260802/data/4.4/phase2-icon-assets/standardized/investment_strategy/investment_strategy_016.png","36984","2026-07-28T11:21:46.0000000Z","66E392B02F5F14B9DB1F499048F343DD927DFF5718775307066EBEB415223DB5",""
"Added","artifacts/CurrencyWarsSmartRaccoon-0.2.778-win-x64-portable-shutdownfix-20260802/data/4.4/phase2-icon-assets/standardized/investment_strategy/investment_strategy_017.png","37409","2026-07-28T11:21:46.0000000Z","65E7AF179F9C470101CBD17723E27EC715BA9448C566BE8FD118AD10D9C94FE6",""
"Added","artifacts/CurrencyWarsSmartRaccoon-0.2.778-win-x64-portable-shutdownfix-20260802/data/4.4/phase2-icon-assets/standardized/investment_strategy/investment_strategy_018.png","37548","2026-07-28T11:21:46.0000000Z","B737E5F1F3BCB88CA5CF0513E386BF6ED74B372B0C0EA3F75CCB60A7B7859233",""
"Added","artifacts/CurrencyWarsSmartRaccoon-0.2.778-win-x64-portable-shutdownfix-20260802/data/4.4/phase2-icon-assets/standardized/investment_strategy/investment_strategy_019.png","39728","2026-07-28T11:21:48.0000000Z","5CA6946D36451B29FF09B7843FED31302E0D28C8298EA27A5DF1F2400644351B",""
"Added","artifacts/CurrencyWarsSmartRaccoon-0.2.778-win-x64-portable-shutdownfix-20260802/data/4.4/phase2-icon-assets/standardized/investment_strategy/investment_strategy_020.png","39728","2026-07-28T11:21:48.0000000Z","5CA6946D36451B29FF09B7843FED31302E0D28C8298EA27A5DF1F2400644351B",""
"Added","artifacts/CurrencyWarsSmartRaccoon-0.2.778-win-x64-portable-shutdownfix-20260802/data/4.4/phase2-icon-assets/standardized/investment_strategy/investment_strategy_021.png","38507","2026-07-28T11:21:48.0000000Z","5F4585ACAABA284EA353ADBD00B77DEC1EC5F318699E01568D24A2B5F83D01B1",""
"Added","artifacts/CurrencyWarsSmartRaccoon-0.2.778-win-x64-portable-shutdownfix-20260802/data/4.4/phase2-icon-assets/standardized/investment_strategy/investment_strategy_022.png","38285","2026-07-28T11:21:48.0000000Z","0DDD5D0BF80A76506E3750EBFC163BEA7ED09190CFB78208F87BA1F7F3391BCC",""
"Added","artifacts/CurrencyWarsSmartRaccoon-0.2.778-win-x64-portable-shutdownfix-20260802/data/4.4/phase2-icon-assets/standardized/investment_strategy/investment_strategy_023.png","34158","2026-07-28T11:21:48.0000000Z","3A13660BA30A4CCFAE89FA0B9830DB9ADB1794B7C863848839290FD898ADC74F",""
"Added","artifacts/CurrencyWarsSmartRaccoon-0.2.778-win-x64-portable-shutdownfix-20260802/data/4.4/phase2-icon-assets/standardized/investment_strategy/investment_strategy_024.png","34296","2026-07-28T11:21:48.0000000Z","C5C7A45EDA93E070FE837B0A0FB1C8CB80FCE167EF274604F8EB81B9D7D865C8",""
"Added","artifacts/CurrencyWarsSmartRaccoon-0.2.778-win-x64-portable-shutdownfix-20260802/data/4.4/phase2-icon-assets/standardized/investment_strategy/investment_strategy_025.png","36819","2026-07-28T11:21:48.0000000Z","F6EF8443D58B9311D79725185DC49FE42EA7D9BA0329B1D633B4727A6F4CC17B",""
"Added","artifacts/CurrencyWarsSmartRaccoon-0.2.778-win-x64-portable-shutdownfix-20260802/data/4.4/phase2-icon-assets/standardized/investment_strategy/investment_strategy_026.png","36464","2026-07-28T11:21:48.0000000Z","B1C6A8D729D52E96BC823BCB72D2CD4FF0EC6BCB5F402FE1BAA4FFF22F601C6A",""
"Added","artifacts/CurrencyWarsSmartRaccoon-0.2.778-win-x64-portable-shutdownfix-20260802/data/4.4/phase2-icon-assets/standardized/investment_strategy/investment_strategy_027.png","41898","2026-07-28T11:21:48.0000000Z","B8E5E9C5E78B74CB880817E0DBC476F29C4AD02B37AFED794CF7A2E81C74CD85",""
"Added","artifacts/CurrencyWarsSmartRaccoon-0.2.778-win-x64-portable-shutdownfix-20260802/data/4.4/phase2-icon-assets/standardized/investment_strategy/investment_strategy_028.png","36383","2026-07-28T11:21:48.0000000Z","976F913FB5DD760E9C865AF17735B11915502F2E66CC2E267E9A2305ECAABF96",""
"Added","artifacts/CurrencyWarsSmartRaccoon-0.2.778-win-x64-portable-shutdownfix-20260802/data/4.4/phase2-icon-assets/standardized/investment_strategy/investment_strategy_029.png","34826","2026-07-28T11:21:48.0000000Z","16A9C58E51F6BDD97F8EE2D73EFF6993F971B16DF855B8540D2473E7DCD59632",""
"Added","artifacts/CurrencyWarsSmartRaccoon-0.2.778-win-x64-portable-shutdownfix-20260802/data/4.4/phase2-icon-assets/standardized/investment_strategy/investment_strategy_030.png","34826","2026-07-28T11:21:48.0000000Z","16A9C58E51F6BDD97F8EE2D73EFF6993F971B16DF855B8540D2473E7DCD59632",""
"Added","artifacts/CurrencyWarsSmartRaccoon-0.2.778-win-x64-portable-shutdownfix-20260802/data/4.4/phase2-icon-assets/standardized/investment_strategy/investment_strategy_031.png","38408","2026-07-28T11:21:48.0000000Z","4888AB2952B8785DAA8228ED3312ABD1FF14FCBCAB0E20C3A1B93F8332951E48",""
"Added","artifacts/CurrencyWarsSmartRaccoon-0.2.778-win-x64-portable-shutdownfix-20260802/data/4.4/phase2-icon-assets/standardized/investment_strategy/investment_strategy_032.png","37852","2026-07-28T11:21:48.0000000Z","699BAB6A9F016C378CB5FE4E072A6F47CFDB77D51B2132B27433C235A085EC3B",""
"Added","artifacts/CurrencyWarsSmartRaccoon-0.2.778-win-x64-portable-shutdownfix-20260802/data/4.4/phase2-icon-assets/standardized/investment_strategy/investment_strategy_033.png","37852","2026-07-28T11:21:48.0000000Z","699BAB6A9F016C378CB5FE4E072A6F47CFDB77D51B2132B27433C235A085EC3B",""
"Added","artifacts/CurrencyWarsSmartRaccoon-0.2.778-win-x64-portable-shutdownfix-20260802/data/4.4/phase2-icon-assets/standardized/investment_strategy/investment_strategy_034.png","35646","2026-07-28T11:21:48.0000000Z","1A67726B6FF23D66D20304B63065F07E00F2C287F7F3874F199AD4442708F149",""
"Added","artifacts/CurrencyWarsSmartRaccoon-0.2.778-win-x64-portable-shutdownfix-20260802/data/4.4/phase2-icon-assets/standardized/investment_strategy/investment_strategy_035.png","40781","2026-07-28T11:21:48.0000000Z","C0001F0D9C7564230799A5F3B4C39381306A468DC129769F4968B77DC4E4D890",""
"Added","artifacts/CurrencyWarsSmartRaccoon-0.2.778-win-x64-portable-shutdownfix-20260802/data/4.4/phase2-icon-assets/standardized/investment_strategy/investment_strategy_036.png","36897","2026-07-28T11:21:48.0000000Z","82DE2381F6237FFC37CE8E8D9014F66A4D18B3F00327F69B863EFB742BF0592A",""
"Added","artifacts/CurrencyWarsSmartRaccoon-0.2.778-win-x64-portable-shutdownfix-20260802/data/4.4/phase2-icon-assets/standardized/investment_strategy/investment_strategy_037.png","38647","2026-07-28T11:21:48.0000000Z","C34E0D8F87D50AFC3949B5DD9BDEC2A18406D7DB1E1BE620253EBC374BE3ABEF",""
"Added","artifacts/CurrencyWarsSmartRaccoon-0.2.778-win-x64-portable-shutdownfix-20260802/data/4.4/phase2-icon-assets/standardized/investment_strategy/investment_strategy_038.png","32390","2026-07-28T11:21:48.0000000Z","EA006B28BE9F52D4474AC3FEE0C7592D0AAB4CD27112DD091E4751A1DA3FA9E0",""
"Added","artifacts/CurrencyWarsSmartRaccoon-0.2.778-win-x64-portable-shutdownfix-20260802/data/4.4/phase2-icon-assets/standardized/investment_strategy/investment_strategy_039.png","31635","2026-07-28T11:21:48.0000000Z","D2D9C321365E111F4442E318712F501E61D08904AE2009270935E9B2D02E602D",""
"Added","artifacts/CurrencyWarsSmartRaccoon-0.2.778-win-x64-portable-shutdownfix-20260802/data/4.4/phase2-icon-assets/standardized/investment_strategy/investment_strategy_040.png","39993","2026-07-28T11:21:48.0000000Z","192BB32E3B11C8A3D27D90E6933AE9A0DF5D693050BADAF40EF11074C3B80957",""
"Added","artifacts/CurrencyWarsSmartRaccoon-0.2.778-win-x64-portable-shutdownfix-20260802/data/4.4/phase2-icon-assets/standardized/investment_strategy/investment_strategy_041.png","43864","2026-07-28T11:21:48.0000000Z","571CD02FD8CABAFCE3A5DF0CFBE88F6D8AF6A9C424DE567FA40BFA68483E8E40",""
"Added","artifacts/CurrencyWarsSmartRaccoon-0.2.778-win-x64-portable-shutdownfix-20260802/data/4.4/phase2-icon-assets/standardized/investment_strategy/investment_strategy_042.png","41838","2026-07-28T11:21:48.0000000Z","C2E7F554AD10EC8B344A20754FAB28CDDD194862EEDAD53C95A9F60A28D35353",""
"Added","artifacts/CurrencyWarsSmartRaccoon-0.2.778-win-x64-portable-shutdownfix-20260802/data/4.4/phase2-icon-assets/standardized/investment_strategy/investment_strategy_043.png","44355","2026-07-28T11:21:48.0000000Z","914746491257CD65DA13F73E9844A49D483CD7E5B5EE5D0141C9AFEA525A90F5",""
"Added","artifacts/CurrencyWarsSmartRaccoon-0.2.778-win-x64-portable-shutdownfix-20260802/data/4.4/phase2-icon-assets/standardized/investment_strategy/investment_strategy_044.png","46571","2026-07-28T11:21:48.0000000Z","DC8D65AAAA1DF0485453DC81D5A0440106ECC8C584E24C6BB7D574CF63034DD1",""
"Added","artifacts/CurrencyWarsSmartRaccoon-0.2.778-win-x64-portable-shutdownfix-20260802/data/4.4/phase2-icon-assets/standardized/investment_strategy/investment_strategy_045.png","46571","2026-07-28T11:21:48.0000000Z","DC8D65AAAA1DF0485453DC81D5A0440106ECC8C584E24C6BB7D574CF63034DD1",""
"Added","artifacts/CurrencyWarsSmartRaccoon-0.2.778-win-x64-portable-shutdownfix-20260802/data/4.4/phase2-icon-assets/standardized/investment_strategy/investment_strategy_046.png","46498","2026-07-28T11:21:48.0000000Z","EB2E44C78B672B65C3A4BADC0264D448F4F6FACC4C0697128EE55D334470D980",""
"Added","artifacts/CurrencyWarsSmartRaccoon-0.2.778-win-x64-portable-shutdownfix-20260802/data/4.4/phase2-icon-assets/standardized/investment_strategy/investment_strategy_047.png","43323","2026-07-28T11:21:48.0000000Z","89B11F01B5CBB7943F8266B46F1D0E71B393EDB986C16E142D500202EF7AA277",""
"Added","artifacts/CurrencyWarsSmartRaccoon-0.2.778-win-x64-portable-shutdownfix-20260802/data/4.4/phase2-icon-assets/standardized/investment_strategy/investment_strategy_048.png","46727","2026-07-28T11:21:48.0000000Z","5DD3F9972B03F345E4E44D61E410463A2BFAA7B40661E212A74BDACEEA3BA42F",""
"Added","artifacts/CurrencyWarsSmartRaccoon-0.2.778-win-x64-portable-shutdownfix-20260802/data/4.4/phase2-icon-assets/standardized/investment_strategy/investment_strategy_049.png","47102","2026-07-28T11:21:48.0000000Z","BEEC1FA83B0FEC77ACE9872E059802C1D976889C5F14C2AC7042214CE93ACBFD",""
"Added","artifacts/CurrencyWarsSmartRaccoon-0.2.778-win-x64-portable-shutdownfix-20260802/data/4.4/phase2-icon-assets/standardized/investment_strategy/investment_strategy_050.png","48180","2026-07-28T11:21:48.0000000Z","5B10AF5CF6B98982EB694B90D14D9EA5DF32581CD1070F99FA941C239D792A64",""
"Added","artifacts/CurrencyWarsSmartRaccoon-0.2.778-win-x64-portable-shutdownfix-20260802/data/4.4/phase2-icon-assets/standardized/investment_strategy/investment_strategy_051.png","42482","2026-07-28T11:21:48.0000000Z","5B9F6AA3E75B0519F1E6AB8374631A3496A8AD2ED00D869C8C0F1EBD2B472DDF",""
"Added","artifacts/CurrencyWarsSmartRaccoon-0.2.778-win-x64-portable-shutdownfix-20260802/data/4.4/phase2-icon-assets/standardized/investment_strategy/investment_strategy_052.png","45876","2026-07-28T11:21:48.0000000Z","32D85ADE6909CA885F0BE8F4860387B01A9E103654893DAE75E4F07227216C6F",""
"Added","artifacts/CurrencyWarsSmartRaccoon-0.2.778-win-x64-portable-shutdownfix-20260802/data/4.4/phase2-icon-assets/standardized/investment_strategy/investment_strategy_053.png","45788","2026-07-28T11:21:48.0000000Z","EC7457A16411875F22302E9F3C9FDCED63339FDDD399509FEF03B9709610FC95",""
"Added","artifacts/CurrencyWarsSmartRaccoon-0.2.778-win-x64-portable-shutdownfix-20260802/data/4.4/phase2-icon-assets/standardized/investment_strategy/investment_strategy_054.png","42578","2026-07-28T11:21:48.0000000Z","4049EE2262D1BC9AD8CF689165B2796467B02C3E067B7E33F46B049B6C8F8163",""
"Added","artifacts/CurrencyWarsSmartRaccoon-0.2.778-win-x64-portable-shutdownfix-20260802/data/4.4/phase2-icon-assets/standardized/investment_strategy/investment_strategy_055.png","40729","2026-07-28T11:21:48.0000000Z","36BC3A779FE1F11E49B2FD4997BBCF63840CCE398F05D07A53EABAA634E1AD66",""
"Added","artifacts/CurrencyWarsSmartRaccoon-0.2.778-win-x64-portable-shutdownfix-20260802/data/4.4/phase2-icon-assets/standardized/investment_strategy/investment_strategy_056.png","41538","2026-07-28T11:21:48.0000000Z","E0F480C86797B926E77CF6E5B06F02FB66143449880A1F1E81D8EE30CCE676FB",""
"Added","artifacts/CurrencyWarsSmartRaccoon-0.2.778-win-x64-portable-shutdownfix-20260802/data/4.4/phase2-icon-assets/standardized/investment_strategy/investment_strategy_057.png","42340","2026-07-28T11:21:48.0000000Z","850922D7CCAD1620EF820453216AA27F238CF5E25F0832C36CE574F3CC08DCE5",""
"Added","artifacts/CurrencyWarsSmartRaccoon-0.2.778-win-x64-portable-shutdownfix-20260802/data/4.4/phase2-icon-assets/standardized/investment_strategy/investment_strategy_058.png","42340","2026-07-28T11:21:48.0000000Z","850922D7CCAD1620EF820453216AA27F238CF5E25F0832C36CE574F3CC08DCE5",""
"Added","artifacts/CurrencyWarsSmartRaccoon-0.2.778-win-x64-portable-shutdownfix-20260802/data/4.4/phase2-icon-assets/standardized/investment_strategy/investment_strategy_059.png","43903","2026-07-28T11:21:48.0000000Z","1141FF34C4835E96148DD3FF33499E3C2A370AB2567C67AB56E28CDFCEAD6243",""
"Added","artifacts/CurrencyWarsSmartRaccoon-0.2.778-win-x64-portable-shutdownfix-20260802/data/4.4/phase2-icon-assets/standardized/investment_strategy/investment_strategy_060.png","46954","2026-07-28T11:21:48.0000000Z","03F7568BCCABB23B4FFBE43E167A05F68EB8A9C6A2E58CB9658361493A85B51B",""
"Added","artifacts/CurrencyWarsSmartRaccoon-0.2.778-win-x64-portable-shutdownfix-20260802/data/4.4/phase2-icon-assets/standardized/investment_strategy/investment_strategy_061.png","47527","2026-07-28T11:21:48.0000000Z","8B987763B37BEF17A3BDE030FDCD8947BA4D16CBE4D391CEAB8DF4682385F424",""
"Added","artifacts/CurrencyWarsSmartRaccoon-0.2.778-win-x64-portable-shutdownfix-20260802/data/4.4/phase2-icon-assets/standardized/investment_strategy/investment_strategy_062.png","46570","2026-07-28T11:21:48.0000000Z","F2F4BF300D887A7DC7BF883CE29DEA40F6B3A39848CA9FEC73DAC1FEAAC75123",""
"Added","artifacts/CurrencyWarsSmartRaccoon-0.2.778-win-x64-portable-shutdownfix-20260802/data/4.4/phase2-icon-assets/standardized/investment_strategy/investment_strategy_063.png","46438","2026-07-28T11:21:48.0000000Z","A43613531578D01089069AE9D2C725AF2924FE8C79DB88DEED97EAC59AA86CA6",""
"Added","artifacts/CurrencyWarsSmartRaccoon-0.2.778-win-x64-portable-shutdownfix-20260802/data/4.4/phase2-icon-assets/standardized/investment_strategy/investment_strategy_064.png","47747","2026-07-28T11:21:48.0000000Z","5D887B72F94D17699A06C983EEF5FCA8D414348B154FA77FB0814DF41E4B7C1A",""
"Added","artifacts/CurrencyWarsSmartRaccoon-0.2.778-win-x64-portable-shutdownfix-20260802/data/4.4/phase2-icon-assets/standardized/investment_strategy/investment_strategy_065.png","46913","2026-07-28T11:21:48.0000000Z","7014BDE7A7D3EACD2CE5C94CACB741E012996C565D12B4540BEBED9CF3EB8B0C",""
"Added","artifacts/CurrencyWarsSmartRaccoon-0.2.778-win-x64-portable-shutdownfix-20260802/data/4.4/phase2-icon-assets/standardized/investment_strategy/investment_strategy_066.png","46234","2026-07-28T11:21:48.0000000Z","C92178760742375490C3B1B0B6AB65EF0D19F0AD34C86FBBFFF62DAE660EF6FF",""
"Added","artifacts/CurrencyWarsSmartRaccoon-0.2.778-win-x64-portable-shutdownfix-20260802/data/4.4/phase2-icon-assets/standardized/investment_strategy/investment_strategy_067.png","46932","2026-07-28T11:21:48.0000000Z","25A5C62B62A995F7AB3C86DFE63AA5CD5F112335096FD4ABA52F38032AD86810",""
"Added","artifacts/CurrencyWarsSmartRaccoon-0.2.778-win-x64-portable-shutdownfix-20260802/data/4.4/phase2-icon-assets/standardized/investment_strategy/investment_strategy_068.png","45183","2026-07-28T11:21:48.0000000Z","7B933573DE31BE26C437CAE1ECECB93F7AF84EFE4096E855F5170F8E4FBBC97B",""
"Added","artifacts/CurrencyWarsSmartRaccoon-0.2.778-win-x64-portable-shutdownfix-20260802/data/4.4/phase2-icon-assets/standardized/investment_strategy/investment_strategy_069.png","45876","2026-07-28T11:21:48.0000000Z","5F27D00BD62FC86FD5B9385BBD8CA7809AA3D391D561F123B498FF1F4D7D66F1",""
"Added","artifacts/CurrencyWarsSmartRaccoon-0.2.778-win-x64-portable-shutdownfix-20260802/data/4.4/phase2-icon-assets/standardized/investment_strategy/investment_strategy_070.png","45745","2026-07-28T11:21:48.0000000Z","AA653EBC07E10BE653415E0277B10C399525AFAB2172756F24FBECE43903AF22",""
"Added","artifacts/CurrencyWarsSmartRaccoon-0.2.778-win-x64-portable-shutdownfix-20260802/data/4.4/phase2-icon-assets/standardized/investment_strategy/investment_strategy_071.png","46263","2026-07-28T11:21:48.0000000Z","C79FF3C2FA26F6048913E6416D2DF773E4707BF9B7ECE9CB7F333428A93E96D1",""
"Added","artifacts/CurrencyWarsSmartRaccoon-0.2.778-win-x64-portable-shutdownfix-20260802/data/4.4/phase2-icon-assets/standardized/investment_strategy/investment_strategy_072.png","43951","2026-07-28T11:21:48.0000000Z","19CE5B861CCF39A11D04DFA205E10A4EEA815FBB40A931EB781BC872B5E640BA",""
"Added","artifacts/CurrencyWarsSmartRaccoon-0.2.778-win-x64-portable-shutdownfix-20260802/data/4.4/phase2-icon-assets/standardized/investment_strategy/investment_strategy_073.png","43003","2026-07-28T11:21:48.0000000Z","4876C2FA4347EEEAC31DA271F48AA22F5AFFDCD697FCE053FD19D10789C3F64A",""
"Added","artifacts/CurrencyWarsSmartRaccoon-0.2.778-win-x64-portable-shutdownfix-20260802/data/4.4/phase2-icon-assets/standardized/investment_strategy/investment_strategy_074.png","45594","2026-07-28T11:21:48.0000000Z","EC1B2CDD8C165D0E723633CEB52255748A1A69EA2F0A1C8092389F4CD2110C97",""
"Added","artifacts/CurrencyWarsSmartRaccoon-0.2.778-win-x64-portable-shutdownfix-20260802/data/4.4/phase2-icon-assets/standardized/investment_strategy/investment_strategy_075.png","46955","2026-07-28T11:21:48.0000000Z","8F3748CC4056F04DD9FA9BF405EC45A609EB161C35E2EBA7F85BDA012BA9B4E7",""
"Added","artifacts/CurrencyWarsSmartRaccoon-0.2.778-win-x64-portable-shutdownfix-20260802/data/4.4/phase2-icon-assets/standardized/investment_strategy/investment_strategy_076.png","45365","2026-07-28T11:21:48.0000000Z","07501B6B01B70F0088B3E7FB5B7E76C20B0C2DCFDB05F7E044654C9213D139E3",""
"Added","artifacts/CurrencyWarsSmartRaccoon-0.2.778-win-x64-portable-shutdownfix-20260802/data/4.4/phase2-icon-assets/standardized/investment_strategy/investment_strategy_077.png","45685","2026-07-28T11:21:48.0000000Z","7C6B54C3B432FA5DE0DE00AF7A7EB0CAD2085AD82B94708895F875C2BFF31077",""
"Added","artifacts/CurrencyWarsSmartRaccoon-0.2.778-win-x64-portable-shutdownfix-20260802/data/4.4/phase2-icon-assets/standardized/investment_strategy/investment_strategy_078.png","44540","2026-07-28T11:21:48.0000000Z","704D71CA3138DB486B43CFDE8FD0A2685082C0715DADE58F8CE78E0D5C46B054",""
"Added","artifacts/CurrencyWarsSmartRaccoon-0.2.778-win-x64-portable-shutdownfix-20260802/data/4.4/phase2-icon-assets/standardized/investment_strategy/investment_strategy_079.png","46572","2026-07-28T11:21:48.0000000Z","1885B250C7A3100883EB2C47DF1146A61EDA70AAA968E3755558529CCC3EA0D0",""
"Added","artifacts/CurrencyWarsSmartRaccoon-0.2.778-win-x64-portable-shutdownfix-20260802/data/4.4/phase2-icon-assets/standardized/investment_strategy/investment_strategy_080.png","44570","2026-07-28T11:21:48.0000000Z","3286DB3877831142B7CDCD997FA90FB64A013E08EFB990D3DF9F5204B2940058",""
"Added","artifacts/CurrencyWarsSmartRaccoon-0.2.778-win-x64-portable-shutdownfix-20260802/data/4.4/phase2-icon-assets/standardized/investment_strategy/investment_strategy_081.png","45224","2026-07-28T11:21:48.0000000Z","1BCDB00F801170CC5D719A47662069565EA0F3B4A1C556DB3D832E4D094A32E8",""
"Added","artifacts/CurrencyWarsSmartRaccoon-0.2.778-win-x64-portable-shutdownfix-20260802/data/4.4/phase2-icon-assets/standardized/investment_strategy/investment_strategy_082.png","44991","2026-07-28T11:21:48.0000000Z","E69E54145072EC1063383D71384A85539554E81525BA591244DCA983A4FFD787",""
"Added","artifacts/CurrencyWarsSmartRaccoon-0.2.778-win-x64-portable-shutdownfix-20260802/data/4.4/phase2-icon-assets/standardized/investment_strategy/investment_strategy_083.png","50352","2026-07-28T11:21:48.0000000Z","3628313F02EF6A87A6AB681121526E1BD77DB0C98F6F3A3BC46E89147D4B0950",""
"Added","artifacts/CurrencyWarsSmartRaccoon-0.2.778-win-x64-portable-shutdownfix-20260802/data/4.4/phase2-icon-assets/standardized/investment_strategy/investment_strategy_084.png","44092","2026-07-28T11:21:48.0000000Z","880E7B1CCE679D1C731334DFA44E667F44C953B24EEAA14AC706CFB84C13D5FC",""
"Added","artifacts/CurrencyWarsSmartRaccoon-0.2.778-win-x64-portable-shutdownfix-20260802/data/4.4/phase2-icon-assets/standardized/investment_strategy/investment_strategy_085.png","42592","2026-07-28T11:21:48.0000000Z","D3937CE830DECFD057DBFED85C08BFCE89A8D54906BE22D53A5906616FAF7A80",""
"Added","artifacts/CurrencyWarsSmartRaccoon-0.2.778-win-x64-portable-shutdownfix-20260802/data/4.4/phase2-icon-assets/standardized/investment_strategy/investment_strategy_086.png","43048","2026-07-28T11:21:48.0000000Z","F52B277B50B20133428AC1AA2D68067196CF368B3B5C20B35CC7E7490BB04832",""
"Added","artifacts/CurrencyWarsSmartRaccoon-0.2.778-win-x64-portable-shutdownfix-20260802/data/4.4/phase2-icon-assets/standardized/investment_strategy/investment_strategy_087.png","45901","2026-07-28T11:21:48.0000000Z","6AF2C080553EF119380A6B636CB7F16C7C05A4235920044A5967C6F9E08CF77E",""
"Added","artifacts/CurrencyWarsSmartRaccoon-0.2.778-win-x64-portable-shutdownfix-20260802/data/4.4/phase2-icon-assets/standardized/investment_strategy/investment_strategy_088.png","48510","2026-07-28T11:21:48.0000000Z","6061D96E5EE8AA12A424B3A3F50EE747C7C507CFF1B963465E454683711AFEE7",""
"Added","artifacts/CurrencyWarsSmartRaccoon-0.2.778-win-x64-portable-shutdownfix-20260802/data/4.4/phase2-icon-assets/standardized/investment_strategy/investment_strategy_089.png","43548","2026-07-28T11:21:48.0000000Z","74B0DE48383FCA44160AE561F8E6386B891EF33AC8F83225F95873EAC6BD3261",""
"Added","artifacts/CurrencyWarsSmartRaccoon-0.2.778-win-x64-portable-shutdownfix-20260802/data/4.4/phase2-icon-assets/standardized/investment_strategy/investment_strategy_090.png","45915","2026-07-28T11:21:48.0000000Z","DEAE8FA3C4C7A702C870CAE69723DD2B9381E9AB8C0180E1CEF8EF5D1A0E2F16",""
"Added","artifacts/CurrencyWarsSmartRaccoon-0.2.778-win-x64-portable-shutdownfix-20260802/data/4.4/phase2-icon-assets/standardized/investment_strategy/investment_strategy_091.png","45105","2026-07-28T11:21:48.0000000Z","6BF5692286E91040633FD2C0803FEF0F316C0E402E7705A1389D43D4BD7C5FA3",""
"Added","artifacts/CurrencyWarsSmartRaccoon-0.2.778-win-x64-portable-shutdownfix-20260802/data/4.4/phase2-icon-assets/standardized/investment_strategy/investment_strategy_092.png","47297","2026-07-28T11:21:48.0000000Z","44C64EB7CFB6F5FC73A53974E7E0C10795CA3931208B95F08CA88C07CF1A9AF0",""
"Added","artifacts/CurrencyWarsSmartRaccoon-0.2.778-win-x64-portable-shutdownfix-20260802/data/4.4/phase2-icon-assets/standardized/investment_strategy/investment_strategy_093.png","44243","2026-07-28T11:21:48.0000000Z","4A7C776A41EC668447725EA44590A15FABF312BB3B6303798F8FEACA76C72491",""
"Added","artifacts/CurrencyWarsSmartRaccoon-0.2.778-win-x64-portable-shutdownfix-20260802/data/4.4/phase2-icon-assets/standardized/investment_strategy/investment_strategy_094.png","44243","2026-07-28T11:21:48.0000000Z","4A7C776A41EC668447725EA44590A15FABF312BB3B6303798F8FEACA76C72491",""
"Added","artifacts/CurrencyWarsSmartRaccoon-0.2.778-win-x64-portable-shutdownfix-20260802/data/4.4/phase2-icon-assets/standardized/investment_strategy/investment_strategy_095.png","47001","2026-07-28T11:21:48.0000000Z","0CFD5AA7CC1F59045FCE57BEA591DA48FB2D65E1474331DC3ED095A2973473FC",""
"Added","artifacts/CurrencyWarsSmartRaccoon-0.2.778-win-x64-portable-shutdownfix-20260802/data/4.4/phase2-icon-assets/standardized/investment_strategy/investment_strategy_096.png","44809","2026-07-28T11:21:48.0000000Z","08766FB8275CF106BD03EC06667CA2B51C570579BFD1141C21712EA8DD6D1B4A",""
"Added","artifacts/CurrencyWarsSmartRaccoon-0.2.778-win-x64-portable-shutdownfix-20260802/data/4.4/phase2-icon-assets/standardized/investment_strategy/investment_strategy_097.png","44734","2026-07-28T11:21:48.0000000Z","322C4323FC22690FE144D839253F4854CA4419A802623E568B1F2449A323A98E",""
"Added","artifacts/CurrencyWarsSmartRaccoon-0.2.778-win-x64-portable-shutdownfix-20260802/data/4.4/phase2-icon-assets/standardized/investment_strategy/investment_strategy_098.png","39812","2026-07-28T11:21:48.0000000Z","A32D7B1DA2C42037B97EBA950443F145D7618F31AA256659A8183454A220F435",""
"Added","artifacts/CurrencyWarsSmartRaccoon-0.2.778-win-x64-portable-shutdownfix-20260802/data/4.4/phase2-icon-assets/standardized/investment_strategy/investment_strategy_099.png","43175","2026-07-28T11:21:48.0000000Z","53A75B4587747FCAB89DF92294CE5E05953FB400E7233344082B49B3A52CBB04",""
"Added","artifacts/CurrencyWarsSmartRaccoon-0.2.778-win-x64-portable-shutdownfix-20260802/data/4.4/phase2-icon-assets/standardized/investment_strategy/investment_strategy_100.png","47431","2026-07-28T11:21:48.0000000Z","786F2F83950360AD65B3D79A337B3FDFA787CDD00B0F228015E0C535E029092C",""
"Added","artifacts/CurrencyWarsSmartRaccoon-0.2.778-win-x64-portable-shutdownfix-20260802/data/4.4/phase2-icon-assets/standardized/investment_strategy/investment_strategy_101.png","47842","2026-07-28T11:21:48.0000000Z","4E4C5F597DFDDB47F8A2B03D395D12553E266DC7CAA9C61163E4A138DD064AAC",""
"Added","artifacts/CurrencyWarsSmartRaccoon-0.2.778-win-x64-portable-shutdownfix-20260802/data/4.4/phase2-icon-assets/standardized/investment_strategy/investment_strategy_102.png","47011","2026-07-28T11:21:48.0000000Z","4D36884570348B1530A6E03F8767A4E2F560799DCD0A77BD58A7C58CD36E94E7",""
"Added","artifacts/CurrencyWarsSmartRaccoon-0.2.778-win-x64-portable-shutdownfix-20260802/data/4.4/phase2-icon-assets/standardized/investment_strategy/investment_strategy_103.png","46941","2026-07-28T11:21:48.0000000Z","38975B1A5CFD0C6858200C6CF975AA1E957687CAC7068BF611BB1FE16255F39B",""
"Added","artifacts/CurrencyWarsSmartRaccoon-0.2.778-win-x64-portable-shutdownfix-20260802/data/4.4/phase2-icon-assets/standardized/investment_strategy/investment_strategy_104.png","48154","2026-07-28T11:21:48.0000000Z","4316654255048CDD464876180429AAAC051D4C34B6BFA1A15DC07428C2ABCEE8",""
"Added","artifacts/CurrencyWarsSmartRaccoon-0.2.778-win-x64-portable-shutdownfix-20260802/data/4.4/phase2-icon-assets/standardized/investment_strategy/investment_strategy_105.png","47432","2026-07-28T11:21:48.0000000Z","75952464F11624134D330AA02D50D3E90DBF75A6183FC2642FF23E3C2D28648F",""
"Added","artifacts/CurrencyWarsSmartRaccoon-0.2.778-win-x64-portable-shutdownfix-20260802/data/4.4/phase2-icon-assets/standardized/investment_strategy/investment_strategy_106.png","46776","2026-07-28T11:21:48.0000000Z","053B1918825CAC58137994F7ACA46ABEC00EDD74505543B9A447A366EBEECDBF",""
"Added","artifacts/CurrencyWarsSmartRaccoon-0.2.778-win-x64-portable-shutdownfix-20260802/data/4.4/phase2-icon-assets/standardized/investment_strategy/investment_strategy_107.png","47225","2026-07-28T11:21:48.0000000Z","4F10CB5DCC9D684BE63B8211C10C0C8518F7462471745B1B9FE54D3FFA175032",""
"Added","artifacts/CurrencyWarsSmartRaccoon-0.2.778-win-x64-portable-shutdownfix-20260802/data/4.4/phase2-icon-assets/standardized/investment_strategy/investment_strategy_108.png","45630","2026-07-28T11:21:48.0000000Z","B4AF3C86CE040CD324F248EB0803B98E81A7E37D2F6DD6E7D5823727675D08F0",""
"Added","artifacts/CurrencyWarsSmartRaccoon-0.2.778-win-x64-portable-shutdownfix-20260802/data/4.4/phase2-icon-assets/standardized/investment_strategy/investment_strategy_109.png","46347","2026-07-28T11:21:48.0000000Z","28BB1F47F0996A4071D4B095328677789D1CBADD73F85361086B785584226D5E",""
"Added","artifacts/CurrencyWarsSmartRaccoon-0.2.778-win-x64-portable-shutdownfix-20260802/data/4.4/phase2-icon-assets/standardized/investment_strategy/investment_strategy_110.png","46297","2026-07-28T11:21:48.0000000Z","A0E28D3CB59C67C4AFE946B299415605436E6CC355D120056E6EA877477ABC93",""
"Added","artifacts/CurrencyWarsSmartRaccoon-0.2.778-win-x64-portable-shutdownfix-20260802/data/4.4/phase2-icon-assets/standardized/investment_strategy/investment_strategy_111.png","46794","2026-07-28T11:21:48.0000000Z","748FAC58BD01341408350AD3620F5469A36C0826D6F69C2CD1CD56BD20A494A2",""
"Added","artifacts/CurrencyWarsSmartRaccoon-0.2.778-win-x64-portable-shutdownfix-20260802/data/4.4/phase2-icon-assets/standardized/investment_strategy/investment_strategy_112.png","44666","2026-07-28T11:21:48.0000000Z","FD0747E39B0A9E4CCF9FBF557CF9758330501318677849FFA62BB08525986F8D",""
"Added","artifacts/CurrencyWarsSmartRaccoon-0.2.778-win-x64-portable-shutdownfix-20260802/data/4.4/phase2-icon-assets/standardized/investment_strategy/investment_strategy_113.png","43771","2026-07-28T11:21:48.0000000Z","B74B429F911095383C3AA393CC7126805C0A6A6F6ECA69424E8734758E4D73F0",""
"Added","artifacts/CurrencyWarsSmartRaccoon-0.2.778-win-x64-portable-shutdownfix-20260802/data/4.4/phase2-icon-assets/standardized/investment_strategy/investment_strategy_114.png","46169","2026-07-28T11:21:48.0000000Z","DE9DA16AB1C0C05567036A139F1F94FFA78D79E74DA142214752672E1ACC5E62",""
"Added","artifacts/CurrencyWarsSmartRaccoon-0.2.778-win-x64-portable-shutdownfix-20260802/data/4.4/phase2-icon-assets/standardized/investment_strategy/investment_strategy_115.png","47405","2026-07-28T11:21:48.0000000Z","ABA4172CA4FF0EC8E725C7FEEAF46B10BDDAEFFC85C4C2A2E34A5BAF4C7484D6",""
"Added","artifacts/CurrencyWarsSmartRaccoon-0.2.778-win-x64-portable-shutdownfix-20260802/data/4.4/phase2-icon-assets/standardized/investment_strategy/investment_strategy_116.png","46008","2026-07-28T11:21:48.0000000Z","2A1B69C041CA35DA8EEDA8FBD3A100A881C3300776999DA76A26F1CC07ED6293",""
"Added","artifacts/CurrencyWarsSmartRaccoon-0.2.778-win-x64-portable-shutdownfix-20260802/data/4.4/phase2-icon-assets/standardized/investment_strategy/investment_strategy_117.png","46357","2026-07-28T11:21:48.0000000Z","9A6BF4097E4BAECC338973472D4B88B29BB33CB2234E2979367667E0567B7E2B",""
"Added","artifacts/CurrencyWarsSmartRaccoon-0.2.778-win-x64-portable-shutdownfix-20260802/data/4.4/phase2-icon-assets/standardized/investment_strategy/investment_strategy_118.png","45197","2026-07-28T11:21:48.0000000Z","0E19F31ED2B9F0417D5A54604D6114977AA7B7EE96B60C3DFB4F1CDBD8CB755E",""
"Added","artifacts/CurrencyWarsSmartRaccoon-0.2.778-win-x64-portable-shutdownfix-20260802/data/4.4/phase2-icon-assets/standardized/investment_strategy/investment_strategy_119.png","47270","2026-07-28T11:21:48.0000000Z","AC4BAA467492B1C9296478AD8445AEA1F77B788E1564306396A3CF061DE052E1",""
"Added","artifacts/CurrencyWarsSmartRaccoon-0.2.778-win-x64-portable-shutdownfix-20260802/data/4.4/phase2-icon-assets/standardized/investment_strategy/investment_strategy_120.png","48489","2026-07-28T11:21:48.0000000Z","2FBE145921AA41E58AE31FE1B179836BF1E38A2FC7D6A3BFA50CA0F3F2D21AF2",""
"Added","artifacts/CurrencyWarsSmartRaccoon-0.2.778-win-x64-portable-shutdownfix-20260802/data/4.4/phase2-icon-assets/standardized/investment_strategy/investment_strategy_121.png","45541","2026-07-28T11:21:48.0000000Z","FC9A5DD2300EDEBEA01C1F39652D3FAFDE4BC0612BF7717B8E7DCA50DB642317",""
"Added","artifacts/CurrencyWarsSmartRaccoon-0.2.778-win-x64-portable-shutdownfix-20260802/data/4.4/phase2-icon-assets/standardized/investment_strategy/investment_strategy_122.png","46463","2026-07-28T11:21:48.0000000Z","5A9C010E6B1AAB7A173B11BAB87FE9FA590E432B7A693C466278796BC8834EFA",""
"Added","artifacts/CurrencyWarsSmartRaccoon-0.2.778-win-x64-portable-shutdownfix-20260802/data/4.4/phase2-icon-assets/standardized/investment_strategy/investment_strategy_123.png","48144","2026-07-28T11:21:48.0000000Z","F5467B306FE8D23BC60424050FD4818F3807174BC2EC3639045101E1F8C9A538",""
"Added","artifacts/CurrencyWarsSmartRaccoon-0.2.778-win-x64-portable-shutdownfix-20260802/data/4.4/phase2-icon-assets/standardized/investment_strategy/investment_strategy_124.png","46966","2026-07-28T11:21:48.0000000Z","A77A711C914980A38DD1C01E6DB24C913B7CE60D83A521CE7F263B26648688A5",""
"Added","artifacts/CurrencyWarsSmartRaccoon-0.2.778-win-x64-portable-shutdownfix-20260802/data/4.4/phase2-icon-assets/standardized/investment_strategy/investment_strategy_125.png","43260","2026-07-28T11:21:48.0000000Z","C71E1B682B5B1C06C7927714D8298E63F1D5439F3067416BFB001853C9E0DD71",""
"Added","artifacts/CurrencyWarsSmartRaccoon-0.2.778-win-x64-portable-shutdownfix-20260802/data/4.4/phase2-icon-assets/standardized/investment_strategy/investment_strategy_126.png","49318","2026-07-28T11:21:48.0000000Z","73DF573BA7997321C4A4E8798412F1E425618171AF93669E8D1E1780A51B8C90",""
"Added","artifacts/CurrencyWarsSmartRaccoon-0.2.778-win-x64-portable-shutdownfix-20260802/data/4.4/phase2-icon-assets/standardized/investment_strategy/investment_strategy_127.png","44497","2026-07-28T11:21:48.0000000Z","9814BEE015EFBF1BA74055243AB020ADE71652F39FBDEF2AD614C2F8A34CB283",""
"Added","artifacts/CurrencyWarsSmartRaccoon-0.2.778-win-x64-portable-shutdownfix-20260802/data/4.4/phase2-icon-assets/standardized/investment_strategy/investment_strategy_128.png","46190","2026-07-28T11:21:48.0000000Z","782F0B332BD2A6DF2AFDEE42FB3E56F17AF170F0E515C4A76C452CD46DCFF1B3",""
"Added","artifacts/CurrencyWarsSmartRaccoon-0.2.778-win-x64-portable-shutdownfix-20260802/data/4.4/phase2-icon-assets/standardized/investment_strategy/investment_strategy_129.png","46763","2026-07-28T11:21:48.0000000Z","73E94E8AC23DEF05A397DE1D1DDE8C9F85179AC6F96E10F4729031BA191F9090",""
"Added","artifacts/CurrencyWarsSmartRaccoon-0.2.778-win-x64-portable-shutdownfix-20260802/data/4.4/phase2-icon-assets/standardized/investment_strategy/investment_strategy_130.png","42448","2026-07-28T11:21:48.0000000Z","6BEDBA7EA0882F0356FE4090CFEBDDBD11FE6AA46D6F85134810AC4CD560AF29",""
"Added","artifacts/CurrencyWarsSmartRaccoon-0.2.778-win-x64-portable-shutdownfix-20260802/data/4.4/phase2-icon-assets/standardized/investment_strategy/investment_strategy_131.png","35866","2026-07-28T11:21:48.0000000Z","7DC1E519A510DFFDA45DEDA3B47AF4FB6CB78354342FFB7440961207BD9AF830",""
"Added","artifacts/CurrencyWarsSmartRaccoon-0.2.778-win-x64-portable-shutdownfix-20260802/data/4.4/phase2-icon-assets/standardized/investment_strategy/investment_strategy_132.png","39630","2026-07-28T11:21:48.0000000Z","872EA6ED84EC2D80669300D309788F983C499EBF77D4330B62EAF70DCDA20F63",""
"Added","artifacts/CurrencyWarsSmartRaccoon-0.2.778-win-x64-portable-shutdownfix-20260802/data/4.4/phase2-icon-assets/standardized/investment_strategy/investment_strategy_133.png","38562","2026-07-28T11:21:48.0000000Z","F294F5B0727E0C6AD93EC5C86F51492AD6A18A787514150688DDA9957591C027",""
"Added","artifacts/CurrencyWarsSmartRaccoon-0.2.778-win-x64-portable-shutdownfix-20260802/data/4.4/phase2-icon-assets/standardized/investment_strategy/investment_strategy_134.png","40457","2026-07-28T11:21:48.0000000Z","005BFECE04305197322B098269E7E1764DE213270E2F419FBD261747DD6DE07C",""
"Added","artifacts/CurrencyWarsSmartRaccoon-0.2.778-win-x64-portable-shutdownfix-20260802/data/4.4/phase2-icon-assets/standardized/investment_strategy/investment_strategy_135.png","37973","2026-07-28T11:21:48.0000000Z","55D1DAC1EA01CBA7C77FF4193214EA6414B5816156A05C771D7C070B8375B0C0",""
"Added","artifacts/CurrencyWarsSmartRaccoon-0.2.778-win-x64-portable-shutdownfix-20260802/data/4.4/phase2-icon-assets/standardized/investment_strategy/investment_strategy_136.png","38523","2026-07-28T11:21:48.0000000Z","345786BA59331ABBA9C3F2144CCCDB82470126C80D39BD3D45A607BCD014FF81",""
"Added","artifacts/CurrencyWarsSmartRaccoon-0.2.778-win-x64-portable-shutdownfix-20260802/data/4.4/phase2-icon-assets/standardized/investment_strategy/investment_strategy_137.png","32681","2026-07-28T11:21:48.0000000Z","DAB816698668664D1B0D129C3E84CC3734CCCE8C25F8254955AA4961C50379EA",""
"Added","artifacts/CurrencyWarsSmartRaccoon-0.2.778-win-x64-portable-shutdownfix-20260802/data/4.4/phase2-icon-assets/standardized/investment_strategy/investment_strategy_138.png","32681","2026-07-28T11:21:48.0000000Z","DAB816698668664D1B0D129C3E84CC3734CCCE8C25F8254955AA4961C50379EA",""
"Added","artifacts/CurrencyWarsSmartRaccoon-0.2.778-win-x64-portable-shutdownfix-20260802/data/4.4/phase2-icon-assets/standardized/investment_strategy/investment_strategy_139.png","32072","2026-07-28T11:21:48.0000000Z","9A3D31DE1E868129ECA0C5950CCBA9509C8ECAD6F543837FFDAFA4E43B6D40A1",""
"Added","artifacts/CurrencyWarsSmartRaccoon-0.2.778-win-x64-portable-shutdownfix-20260802/data/4.4/phase2-icon-assets/standardized/investment_strategy/investment_strategy_140.png","38938","2026-07-28T11:21:48.0000000Z","C447C0A794ED3D219121C66B145C4026D6D911B2EEDEF7EB44D67DCF4CCA99F5",""
"Added","artifacts/CurrencyWarsSmartRaccoon-0.2.778-win-x64-portable-shutdownfix-20260802/data/4.4/phase2-icon-assets/standardized/investment_strategy/investment_strategy_141.png","38938","2026-07-28T11:21:48.0000000Z","C447C0A794ED3D219121C66B145C4026D6D911B2EEDEF7EB44D67DCF4CCA99F5",""
"Added","artifacts/CurrencyWarsSmartRaccoon-0.2.778-win-x64-portable-shutdownfix-20260802/data/4.4/phase2-icon-assets/standardized/investment_strategy/investment_strategy_142.png","37916","2026-07-28T11:21:48.0000000Z","136DD4E738BB2BD63CF22A7AACED3F8B1DBC2BCF4D0742CB4073648AF7C7C03D",""
"Added","artifacts/CurrencyWarsSmartRaccoon-0.2.778-win-x64-portable-shutdownfix-20260802/data/4.4/phase2-icon-assets/standardized/investment_strategy/investment_strategy_143.png","37830","2026-07-28T11:21:48.0000000Z","A7C5E81D481161075503C6567E6C58F40AE5392C583917951FD959070921F8EE",""
"Added","artifacts/CurrencyWarsSmartRaccoon-0.2.778-win-x64-portable-shutdownfix-20260802/data/4.4/phase2-icon-assets/standardized/investment_strategy/investment_strategy_144.png","36335","2026-07-28T11:21:48.0000000Z","747EA42C32B6887D9278B58364E550F323BEA82099F6B4D60FDFB948982463A3",""
"Added","artifacts/CurrencyWarsSmartRaccoon-0.2.778-win-x64-portable-shutdownfix-20260802/data/4.4/phase2-icon-assets/standardized/investment_strategy/investment_strategy_145.png","35736","2026-07-28T11:21:48.0000000Z","611C2A62BD2384E647BFA3AB550A7218F016C6F1A861BF2C854F20A39C84E9E7",""
"Added","artifacts/CurrencyWarsSmartRaccoon-0.2.778-win-x64-portable-shutdownfix-20260802/data/4.4/phase2-icon-assets/standardized/investment_strategy/investment_strategy_146.png","40456","2026-07-28T11:21:48.0000000Z","979E6B127892BE82775EC40C8FD5D461DCD9FA253B0565CBAEA52E32903C2746",""
"Added","artifacts/CurrencyWarsSmartRaccoon-0.2.778-win-x64-portable-shutdownfix-20260802/data/4.4/phase2-icon-assets/standardized/investment_strategy/investment_strategy_147.png","37975","2026-07-28T11:21:48.0000000Z","EDE86DBE8D55EEE1C9E95D4F26C0A9C1EF8A37B17904B699D390457BFB5C8DA6",""
"Added","artifacts/CurrencyWarsSmartRaccoon-0.2.778-win-x64-portable-shutdownfix-20260802/data/4.4/phase2-icon-assets/standardized/investment_strategy/investment_strategy_148.png","37567","2026-07-28T11:21:48.0000000Z","C2FB9197DAB3538B37CA812C7A70D606EC28FB506CF0E1B419BB2AC7607D9CE0",""
"Added","artifacts/CurrencyWarsSmartRaccoon-0.2.778-win-x64-portable-shutdownfix-20260802/data/4.4/phase2-icon-assets/standardized/investment_strategy/investment_strategy_149.png","35729","2026-07-28T11:21:48.0000000Z","A1291080A9E99EC81A1104726E1AD10A431BDA846F8861AF991891DE0126700E",""
"Added","artifacts/CurrencyWarsSmartRaccoon-0.2.778-win-x64-portable-shutdownfix-20260802/data/4.4/phase2-icon-assets/standardized/investment_strategy/investment_strategy_150.png","34895","2026-07-28T11:21:48.0000000Z","E373050DDB139C5D8A51FDAA3132552DAFD2BD629FB0E572DA7EB9AADEE2137E",""
"Added","artifacts/CurrencyWarsSmartRaccoon-0.2.778-win-x64-portable-shutdownfix-20260802/data/4.4/phase2-icon-assets/standardized/investment_strategy/investment_strategy_151.png","36674","2026-07-28T11:21:48.0000000Z","8EB5968C47972B1C8D178ECE8EF3245415DF2FF9F94DAB2FF97F5D7B9CA1AD45",""
"Added","artifacts/CurrencyWarsSmartRaccoon-0.2.778-win-x64-portable-shutdownfix-20260802/data/4.4/phase2-icon-assets/standardized/investment_strategy/investment_strategy_152.png","35017","2026-07-28T11:21:48.0000000Z","E3334A427E2A9B39A0473AF30C0C5822DC8E0BE4C8412FC11D0F4E9599536D12",""
"Added","artifacts/CurrencyWarsSmartRaccoon-0.2.778-win-x64-portable-shutdownfix-20260802/data/4.4/phase2-icon-assets/standardized/investment_strategy/investment_strategy_153.png","39380","2026-07-28T11:21:48.0000000Z","2A1C8F642B4714FF8A46EFBE827481E31AABAF3CDCE6115CC02C1D0BF195285C",""
"Added","artifacts/CurrencyWarsSmartRaccoon-0.2.778-win-x64-portable-shutdownfix-20260802/data/4.4/phase2-icon-assets/standardized/investment_strategy/investment_strategy_154.png","45607","2026-07-28T11:21:48.0000000Z","92880CF8BC4C8E1AE680C730A85E3F94DEBA9AD3D71D21F0E7C3B27E34ED500F",""
"Added","artifacts/CurrencyWarsSmartRaccoon-0.2.778-win-x64-portable-shutdownfix-20260802/data/4.4/phase2-icon-assets/standardized/investment_strategy/investment_strategy_155.png","47775","2026-07-28T11:21:48.0000000Z","63ECFC3F576AC58C4F57823A51DA2E017A663B42DDC6F2BEE64B62F93C4BC98B",""
"Added","artifacts/CurrencyWarsSmartRaccoon-0.2.778-win-x64-portable-shutdownfix-20260802/data/4.4/phase2-icon-assets/standardized/investment_strategy/investment_strategy_156.png","41731","2026-07-28T11:21:48.0000000Z","545BF8B907515F187BA6E111BAE0FE2434DBE3FF7485FF102534D046F692F973",""
"Added","artifacts/CurrencyWarsSmartRaccoon-0.2.778-win-x64-portable-shutdownfix-20260802/data/4.4/phase2-icon-assets/standardized/investment_strategy/investment_strategy_157.png","47147","2026-07-28T11:21:48.0000000Z","9B218111B4FA156ED29BDF3A6E1F68B2D76C6803E129F1FA3CDFC2F5F4D76CCD",""
"Added","artifacts/CurrencyWarsSmartRaccoon-0.2.778-win-x64-portable-shutdownfix-20260802/data/4.4/phase2-icon-assets/standardized/investment_strategy/investment_strategy_158.png","41164","2026-07-28T11:21:48.0000000Z","67F676AF3C8A5A7D56C5306E498E41F0E275268ED8119225BC629B10DA69F717",""
"Added","artifacts/CurrencyWarsSmartRaccoon-0.2.778-win-x64-portable-shutdownfix-20260802/data/4.4/phase2-icon-assets/standardized/investment_strategy/investment_strategy_159.png","46637","2026-07-28T11:21:48.0000000Z","A4085C59AD179718BE47BFA06054EC9AE6298FF69E003DEC41F049C52F082C72",""
"Added","artifacts/CurrencyWarsSmartRaccoon-0.2.778-win-x64-portable-shutdownfix-20260802/data/4.4/phase2-icon-assets/standardized/investment_strategy/investment_strategy_160.png","45173","2026-07-28T11:21:48.0000000Z","0166796771F79164AB528F6AD58D006B22893AE93A444D44C71D0D4F1EBFEE15",""
"Added","artifacts/CurrencyWarsSmartRaccoon-0.2.778-win-x64-portable-shutdownfix-20260802/data/4.4/phase2-icon-assets/standardized/investment_strategy/investment_strategy_161.png","44738","2026-07-28T11:21:48.0000000Z","1CF3AD737E3B315A693DF68A95D1F27AC93BF325ECDFB9373FA9B900D8B9B130",""
"Added","artifacts/CurrencyWarsSmartRaccoon-0.2.778-win-x64-portable-shutdownfix-20260802/data/4.4/phase2-icon-assets/standardized/investment_strategy/investment_strategy_162.png","42883","2026-07-28T11:21:48.0000000Z","F872E05C109BB8111D6455AC255E30471F9E37E9964B3C2177C0D88A5F17CB2B",""
"Added","artifacts/CurrencyWarsSmartRaccoon-0.2.778-win-x64-portable-shutdownfix-20260802/data/4.4/phase2-icon-assets/standardized/investment_strategy/investment_strategy_163.png","40121","2026-07-28T11:21:48.0000000Z","9F6240456D52DA614047EC8F572B7EE905D4B7845CB9D3D419D85C9B6E136846",""
"Added","artifacts/CurrencyWarsSmartRaccoon-0.2.778-win-x64-portable-shutdownfix-20260802/data/4.4/phase2-icon-assets/standardized/investment_strategy/investment_strategy_164.png","47046","2026-07-28T11:21:48.0000000Z","4FAD3B8B0240D4E03F5D214AEE84F16ED86EC5F98C3EB56D5C4454D390F5D610",""
"Added","artifacts/CurrencyWarsSmartRaccoon-0.2.778-win-x64-portable-shutdownfix-20260802/data/4.4/phase2-icon-assets/standardized/investment_strategy/investment_strategy_165.png","44565","2026-07-28T11:21:48.0000000Z","BE0DCC5CE35814C559D5D885F9E005F8EBBBDDEF7D260A6794D0D5B366807E9E",""
"Added","artifacts/CurrencyWarsSmartRaccoon-0.2.778-win-x64-portable-shutdownfix-20260802/data/4.4/phase2-icon-assets/standardized/investment_strategy/investment_strategy_166.png","45527","2026-07-28T11:21:48.0000000Z","9AF1AD844565CB2A395B650EE7C914C73B64A86A2B420B27A0A11F49D97944AD",""
"Added","artifacts/CurrencyWarsSmartRaccoon-0.2.778-win-x64-portable-shutdownfix-20260802/data/4.4/phase2-icon-assets/standardized/investment_strategy/investment_strategy_167.png","40175","2026-07-28T11:21:50.0000000Z","69F753C61F30541EAB0204A321CD142583A537F0CF54C0824DB7FD0933BE57FB",""
"Added","artifacts/CurrencyWarsSmartRaccoon-0.2.778-win-x64-portable-shutdownfix-20260802/data/4.4/phase2-icon-assets/standardized/investment_strategy/investment_strategy_168.png","42207","2026-07-28T11:21:50.0000000Z","4FD24250BDFEBB97FFC3E9259356CE9937A6EE3C3C754D167BF5647946671144",""
"Added","artifacts/CurrencyWarsSmartRaccoon-0.2.778-win-x64-portable-shutdownfix-20260802/data/4.4/phase2-icon-assets/standardized/investment_strategy/investment_strategy_169.png","43824","2026-07-28T11:21:50.0000000Z","908098545A852CFF926416C7C60C436BA8B79A8310E33C438EB1A8435FFA24E6",""
"Added","artifacts/CurrencyWarsSmartRaccoon-0.2.778-win-x64-portable-shutdownfix-20260802/data/4.4/phase2-icon-assets/standardized/investment_strategy/investment_strategy_170.png","43397","2026-07-28T11:21:50.0000000Z","68703607839D5D6647F7A7D2559EB01DC8A6401F416967D4A426597575A78CAC",""
"Added","artifacts/CurrencyWarsSmartRaccoon-0.2.778-win-x64-portable-shutdownfix-20260802/data/4.4/phase2-icon-assets/standardized/investment_strategy/investment_strategy_171.png","48617","2026-07-28T11:21:50.0000000Z","CD70B881717233D821F3583812D00907AA0AFEAEEAA0266F736D38BB5CFC2608",""
"Added","artifacts/CurrencyWarsSmartRaccoon-0.2.778-win-x64-portable-shutdownfix-20260802/data/4.4/phase2-icon-assets/standardized/investment_strategy/investment_strategy_172.png","48617","2026-07-28T11:21:50.0000000Z","CD70B881717233D821F3583812D00907AA0AFEAEEAA0266F736D38BB5CFC2608",""
"Added","artifacts/CurrencyWarsSmartRaccoon-0.2.778-win-x64-portable-shutdownfix-20260802/data/4.4/phase2-icon-assets/standardized/investment_strategy/investment_strategy_173.png","46544","2026-07-28T11:21:50.0000000Z","936B4906742E509E97E0E9BFAA3123052C2DB2AAECAAB21889A6FBBB14A767C3",""
"Added","artifacts/CurrencyWarsSmartRaccoon-0.2.778-win-x64-portable-shutdownfix-20260802/data/4.4/phase2-icon-assets/standardized/investment_strategy/investment_strategy_174.png","44795","2026-07-28T11:21:50.0000000Z","4B785DF0B0A503F6B6EE20C8FB242B3AA2E7912F18AB68034351A10A57992F07",""
"Added","artifacts/CurrencyWarsSmartRaccoon-0.2.778-win-x64-portable-shutdownfix-20260802/data/4.4/phase2-icon-assets/standardized/investment_strategy/investment_strategy_175.png","46153","2026-07-28T11:21:50.0000000Z","D18685FC9FE62A07AFD40F777181CB49E11A38E6A5B1A006413840EDF3216EC4",""
"Added","artifacts/CurrencyWarsSmartRaccoon-0.2.778-win-x64-portable-shutdownfix-20260802/data/4.4/phase2-icon-assets/standardized/investment_strategy/investment_strategy_176.png","47976","2026-07-28T11:21:50.0000000Z","6E1EBDD9A8D7C3DC8D3533D1AFE530B16E0A916229C535958064F2CDFE24C68C",""
"Added","artifacts/CurrencyWarsSmartRaccoon-0.2.778-win-x64-portable-shutdownfix-20260802/data/4.4/phase2-icon-assets/standardized/investment_strategy/investment_strategy_177.png","49362","2026-07-28T11:21:50.0000000Z","28F3662B278E092D2D7FF6A41EC847397D937488E6BC5C76898D70160B2E9342",""
"Added","artifacts/CurrencyWarsSmartRaccoon-0.2.778-win-x64-portable-shutdownfix-20260802/data/4.4/phase2-icon-assets/standardized/investment_strategy/investment_strategy_178.png","46643","2026-07-28T11:21:50.0000000Z","AD62AE31E927E507633184B56F49C883AE972AC4409151EE8A01E7514D5D8405",""
"Added","artifacts/CurrencyWarsSmartRaccoon-0.2.778-win-x64-portable-shutdownfix-20260802/data/4.4/phase2-icon-assets/standardized/investment_strategy/investment_strategy_179.png","46016","2026-07-28T11:21:50.0000000Z","DEC3AB6E47DB38B0DB6558F21122220C84BE94CA68CFB73FE1DD31BEBD52D66F",""
"Added","artifacts/CurrencyWarsSmartRaccoon-0.2.778-win-x64-portable-shutdownfix-20260802/data/4.4/phase2-icon-assets/standardized/investment_strategy/investment_strategy_180.png","44218","2026-07-28T11:21:50.0000000Z","6EC34A748604A1DC3C43F7B9B34A455C3B6DD19623AE52751821474CCCF52476",""
"Added","artifacts/CurrencyWarsSmartRaccoon-0.2.778-win-x64-portable-shutdownfix-20260802/data/4.4/phase2-icon-assets/standardized/investment_strategy/investment_strategy_181.png","45682","2026-07-28T11:21:50.0000000Z","84462AD90ACA01070A29A81EB99AD734D8D3EC1C00C1A1ED1998E080F508E0F1",""
"Added","artifacts/CurrencyWarsSmartRaccoon-0.2.778-win-x64-portable-shutdownfix-20260802/data/4.4/phase2-icon-assets/standardized/investment_strategy/investment_strategy_182.png","45276","2026-07-28T11:21:50.0000000Z","70F750FBFDFF8866C06D7606E3DE648CB345CA3E5A3DC45354D01E01D68E6A9A",""
"Added","artifacts/CurrencyWarsSmartRaccoon-0.2.778-win-x64-portable-shutdownfix-20260802/data/4.4/phase2-icon-assets/standardized/investment_strategy/investment_strategy_183.png","41455","2026-07-28T11:21:50.0000000Z","4B30494332B5AFB5137E81940DD595E298E52E1989E9C5144257AAEE127CF94B",""
"Added","artifacts/CurrencyWarsSmartRaccoon-0.2.778-win-x64-portable-shutdownfix-20260802/data/4.4/phase2-icon-assets/standardized/investment_strategy/investment_strategy_184.png","39849","2026-07-28T11:21:50.0000000Z","6CFD4564D81FD93ADEDEED9EE7C25906C9937DB2A78179C360764378BE4B0F3D",""
"Added","artifacts/CurrencyWarsSmartRaccoon-0.2.778-win-x64-portable-shutdownfix-20260802/data/4.4/phase2-icon-assets/standardized/investment_strategy/investment_strategy_185.png","45287","2026-07-28T11:21:50.0000000Z","3AC4D0561AA4C8400F26F3B472B639B6FA14C1ED3462DD6879ACB68F6E1B46A8",""
"Added","artifacts/CurrencyWarsSmartRaccoon-0.2.778-win-x64-portable-shutdownfix-20260802/data/4.4/phase2-icon-assets/standardized/investment_strategy/investment_strategy_186.png","41424","2026-07-28T11:21:50.0000000Z","E35F0B43BAF18EA53E604122F6B53FD8AC4927A410D2B23F13B8960E60DF5495",""
"Added","artifacts/CurrencyWarsSmartRaccoon-0.2.778-win-x64-portable-shutdownfix-20260802/data/4.4/phase2-icon-assets/standardized/investment_strategy/investment_strategy_187.png","43188","2026-07-28T11:21:50.0000000Z","7CF72FD3C48CF97D28C7C0FCC0DF22DB49F998F9ADCA2CA4FC17C3DEB2EF9C65",""
"Added","artifacts/CurrencyWarsSmartRaccoon-0.2.778-win-x64-portable-shutdownfix-20260802/data/4.4/phase2-icon-assets/standardized/investment_strategy/investment_strategy_188.png","44782","2026-07-28T11:21:50.0000000Z","A8FF6907DFD325C3126083B72A13A195CFBDAA055990646F8542F4FBF8B90376",""
"Added","artifacts/CurrencyWarsSmartRaccoon-0.2.778-win-x64-portable-shutdownfix-20260802/data/4.4/phase2-icon-assets/standardized/investment_strategy/investment_strategy_189.png","45428","2026-07-28T11:21:50.0000000Z","09EDF49671D8CAA854592C7E4D5AD6C96944C1CF2667153E9448842449900611",""
"Added","artifacts/CurrencyWarsSmartRaccoon-0.2.778-win-x64-portable-shutdownfix-20260802/data/4.4/phase2-icon-assets/standardized/investment_strategy/investment_strategy_190.png","41164","2026-07-28T11:21:50.0000000Z","67F676AF3C8A5A7D56C5306E498E41F0E275268ED8119225BC629B10DA69F717",""
"Added","artifacts/CurrencyWarsSmartRaccoon-0.2.778-win-x64-portable-shutdownfix-20260802/data/4.4/phase2-icon-assets/standardized/investment_strategy/investment_strategy_191.png","41164","2026-07-28T11:21:50.0000000Z","67F676AF3C8A5A7D56C5306E498E41F0E275268ED8119225BC629B10DA69F717",""
"Added","artifacts/CurrencyWarsSmartRaccoon-0.2.778-win-x64-portable-shutdownfix-20260802/data/4.4/phase2-icon-assets/standardized/investment_strategy/investment_strategy_192.png","44809","2026-07-28T11:21:50.0000000Z","08766FB8275CF106BD03EC06667CA2B51C570579BFD1141C21712EA8DD6D1B4A",""
"Added","artifacts/CurrencyWarsSmartRaccoon-0.2.778-win-x64-portable-shutdownfix-20260802/data/4.4/phase2-icon-assets/standardized/investment_strategy/investment_strategy_193.png","46473","2026-07-28T11:21:50.0000000Z","214FA60CD72800AC5CB89E4AE0C1585D61F6CE52399AD991C40D231D055DCD6A",""
"Added","artifacts/CurrencyWarsSmartRaccoon-0.2.778-win-x64-portable-shutdownfix-20260802/data/4.4/phase2-icon-assets/standardized/investment_strategy/investment_strategy_194.png","43930","2026-07-28T11:21:50.0000000Z","10298A3E0B46BB51DA79631D7AC67E350258FB68F5A29988B1D70E5088595A31",""
"Added","artifacts/CurrencyWarsSmartRaccoon-0.2.778-win-x64-portable-shutdownfix-20260802/data/4.4/phase2-icon-assets/standardized/investment_strategy/investment_strategy_195.png","44565","2026-07-28T11:21:50.0000000Z","4E41C7FD444C558C8ED5FB9AC28AB94DA89476E90A366976B01FB289F0BD48BE",""
"Added","artifacts/CurrencyWarsSmartRaccoon-0.2.778-win-x64-portable-shutdownfix-20260802/data/4.4/phase2-icon-assets/standardized/investment_strategy/investment_strategy_196.png","47122","2026-07-28T11:21:50.0000000Z","514ABFD05E5D0929BB875641F176407E1DDC245C1DFC63A8AA112C98F809E136",""
"Added","artifacts/CurrencyWarsSmartRaccoon-0.2.778-win-x64-portable-shutdownfix-20260802/data/4.4/phase2-icon-assets/standardized/investment_strategy/investment_strategy_197.png","47003","2026-07-28T11:21:50.0000000Z","38FECB9A6D4F7A1E2623328A8B4FEB2C0BE8B6DC6EE6EAEC231D45F043924488",""
"Added","artifacts/CurrencyWarsSmartRaccoon-0.2.778-win-x64-portable-shutdownfix-20260802/data/4.4/phase2-icon-assets/standardized/investment_strategy/investment_strategy_198.png","44177","2026-07-28T11:21:50.0000000Z","D104D3638E4925CF6BFCA78B4FF15E505AB04AEB985DBF3FE0BF55191851FA7C",""
"Added","artifacts/CurrencyWarsSmartRaccoon-0.2.778-win-x64-portable-shutdownfix-20260802/data/4.4/phase2-icon-assets/standardized/investment_strategy/investment_strategy_199.png","48977","2026-07-28T11:21:50.0000000Z","17EBD66EB8C83E276BE53221A5C115D00194979D77BCB17D54958C5503962D76",""
"Added","artifacts/CurrencyWarsSmartRaccoon-0.2.778-win-x64-portable-shutdownfix-20260802/data/4.4/phase2-icon-assets/standardized/investment_strategy/investment_strategy_200.png","46006","2026-07-28T11:21:50.0000000Z","AB8F879569C1DE886BE29235AF173DC28EBE1D83858069CAA3C40999318F6C72",""
"Added","artifacts/CurrencyWarsSmartRaccoon-0.2.778-win-x64-portable-shutdownfix-20260802/data/4.4/phase2-icon-assets/standardized/investment_strategy/investment_strategy_201.png","43899","2026-07-28T11:21:50.0000000Z","18D95DC5DF7AAB0D6F187CA59F1244D994F3B92CCC5EDF02A98F04EBDF8879E6",""
"Added","artifacts/CurrencyWarsSmartRaccoon-0.2.778-win-x64-portable-shutdownfix-20260802/data/4.4/phase2-icon-assets/standardized/investment_strategy/investment_strategy_202.png","44007","2026-07-28T11:21:50.0000000Z","EDDC22C6ECC6051FD1628E31713AD7B0A4EAEA142233E3F13EC9FA68ED547F9C",""
"Added","artifacts/CurrencyWarsSmartRaccoon-0.2.778-win-x64-portable-shutdownfix-20260802/data/4.4/phase2-icon-assets/standardized/investment_strategy/investment_strategy_203.png","43322","2026-07-28T11:21:50.0000000Z","FAA6FDF919C6551324A379472ABECB4E92E9DE18C05B3EFBAE316649251E0FC1",""
"Added","artifacts/CurrencyWarsSmartRaccoon-0.2.778-win-x64-portable-shutdownfix-20260802/data/4.4/phase2-icon-assets/standardized/investment_strategy/investment_strategy_204.png","42395","2026-07-28T11:21:50.0000000Z","4F24CB39232E9D4FABAE348B1FB2A151448A2FBA2A08315D8861EB4FB847DD06",""
"Added","artifacts/CurrencyWarsSmartRaccoon-0.2.778-win-x64-portable-shutdownfix-20260802/data/4.4/phase2-icon-assets/standardized/investment_strategy/investment_strategy_205.png","46578","2026-07-28T11:21:50.0000000Z","127B8AEE7608CC98BD3E86F3984C1B700D62E5F660CB4F4C69EA5B3B3F486087",""
"Added","artifacts/CurrencyWarsSmartRaccoon-0.2.778-win-x64-portable-shutdownfix-20260802/data/4.4/phase2-icon-assets/standardized/investment_strategy/investment_strategy_206.png","44503","2026-07-28T11:21:50.0000000Z","64BD175C52C384FDB7118C68F7A78DB5AFDE4AF08F854744403BBBD318D04528",""
"Added","artifacts/CurrencyWarsSmartRaccoon-0.2.778-win-x64-portable-shutdownfix-20260802/data/4.4/phase2-icon-assets/standardized/investment_strategy/investment_strategy_207.png","45454","2026-07-28T11:21:50.0000000Z","48031CFD19423D3F94012402355C8524613955B10F106D80088107E3551EBEC3",""
"Added","artifacts/CurrencyWarsSmartRaccoon-0.2.778-win-x64-portable-shutdownfix-20260802/data/4.4/phase2-icon-assets/standardized/investment_strategy/investment_strategy_208.png","48624","2026-07-28T11:21:50.0000000Z","B8582321A058EB3C74A0EE5EF067C75DF14A75693C8B3FD248F9568315FC543C",""
"Added","artifacts/CurrencyWarsSmartRaccoon-0.2.778-win-x64-portable-shutdownfix-20260802/data/4.4/phase2-icon-assets/standardized/investment_strategy/investment_strategy_209.png","42653","2026-07-28T11:21:50.0000000Z","BA58AD4A795CB067EF6C7A736CD652D5E423CAB2BF0B7A7A871BC08F3B0614D6",""
"Added","artifacts/CurrencyWarsSmartRaccoon-0.2.778-win-x64-portable-shutdownfix-20260802/data/4.4/phase2-icon-assets/standardized/investment_strategy/investment_strategy_210.png","42551","2026-07-28T11:21:50.0000000Z","BBB1107FC5A918C23849C04DF5D43991BB434EB5EAA0739DF30B98DD9641C810",""
"Added","artifacts/CurrencyWarsSmartRaccoon-0.2.778-win-x64-portable-shutdownfix-20260802/data/4.4/phase2-icon-assets/standardized/investment_strategy/investment_strategy_211.png","46523","2026-07-28T11:21:50.0000000Z","F19CDFD6ADB1B6B6FD84E162383302BC1CB91296A00ACCB8F7B1D63FA81A6626",""
"Added","artifacts/CurrencyWarsSmartRaccoon-0.2.778-win-x64-portable-shutdownfix-20260802/data/4.4/phase2-icon-assets/standardized/investment_strategy/investment_strategy_212.png","44519","2026-07-28T11:21:50.0000000Z","4D43AD4626E1FF63280CE0465AC491331DD86022F40DED77F306CF482CA0AEF7",""
"Added","artifacts/CurrencyWarsSmartRaccoon-0.2.778-win-x64-portable-shutdownfix-20260802/data/4.4/phase2-icon-assets/standardized/investment_strategy/investment_strategy_213.png","46098","2026-07-28T11:21:50.0000000Z","72CFFEF27DBB367052B691DC7628EF74E98C55E06C549644564E4F19FE7E5388",""
"Added","artifacts/CurrencyWarsSmartRaccoon-0.2.778-win-x64-portable-shutdownfix-20260802/data/4.4/phase2-icon-assets/standardized/investment_strategy/investment_strategy_214.png","48796","2026-07-28T11:21:50.0000000Z","487139E29E5FD223C151842651C9FB3CB18E9AEB42917650A695548317CF328B",""
"Added","artifacts/CurrencyWarsSmartRaccoon-0.2.778-win-x64-portable-shutdownfix-20260802/data/4.4/phase2-icon-assets/standardized/investment_strategy/investment_strategy_215.png","48484","2026-07-28T11:21:50.0000000Z","7EF8A1999E8FFD4CD82FE6BA50BCC7995474F84F626A83CB3A44D9BB65711543",""
"Added","artifacts/CurrencyWarsSmartRaccoon-0.2.778-win-x64-portable-shutdownfix-20260802/data/4.4/phase2-icon-assets/standardized/investment_strategy/investment_strategy_216.png","45977","2026-07-28T11:21:50.0000000Z","CE21CF4FB8B35FD7DE4CA276E5443A8891367B58AFD5A69E88263F4B9A6F0621",""
"Added","artifacts/CurrencyWarsSmartRaccoon-0.2.778-win-x64-portable-shutdownfix-20260802/data/4.4/phase2-icon-assets/standardized/investment_strategy/investment_strategy_217.png","46119","2026-07-28T11:21:50.0000000Z","5AA407A7EE25D9678E8B82653CB70BBC363CC2CE2C19C2CD0956D3BCB0043546",""
"Added","artifacts/CurrencyWarsSmartRaccoon-0.2.778-win-x64-portable-shutdownfix-20260802/data/4.4/phase2-icon-assets/standardized/investment_strategy/investment_strategy_218.png","47357","2026-07-28T11:21:50.0000000Z","7C442D6C31C9AD191FA04F6ECCE013951D90BE9CC05F46D0151AC43158281F2F",""
"Added","artifacts/CurrencyWarsSmartRaccoon-0.2.778-win-x64-portable-shutdownfix-20260802/data/4.4/phase2-icon-assets/standardized/investment_strategy/investment_strategy_219.png","47689","2026-07-28T11:21:50.0000000Z","3E6E9287AFE3C60EDD98D31896FDF0514B217FD2FBE63C8AD2CE350ED9A8BF1A",""
"Added","artifacts/CurrencyWarsSmartRaccoon-0.2.778-win-x64-portable-shutdownfix-20260802/data/4.4/phase2-icon-assets/standardized/investment_strategy/investment_strategy_220.png","48287","2026-07-28T11:21:50.0000000Z","94E58658C7B8AC2DDF77906664C3361CB93FCD3B39529071008E948E67DB9608",""
"Added","artifacts/CurrencyWarsSmartRaccoon-0.2.778-win-x64-portable-shutdownfix-20260802/data/4.4/phase2-icon-assets/standardized/investment_strategy/investment_strategy_221.png","47836","2026-07-28T11:21:50.0000000Z","5F6295D1E43C61F798A1DCDBFF1729C996BF5064C1995CB42F4900414F17646A",""
"Added","artifacts/CurrencyWarsSmartRaccoon-0.2.778-win-x64-portable-shutdownfix-20260802/data/4.4/phase2-icon-assets/standardized/investment_strategy/investment_strategy_222.png","46164","2026-07-28T11:21:50.0000000Z","4B54F63ADE65AE0495022AEFB32E92B07CBF7688F6DF44179F2DA5133171CDE9",""
"Added","artifacts/CurrencyWarsSmartRaccoon-0.2.778-win-x64-portable-shutdownfix-20260802/data/4.4/phase2-icon-assets/standardized/investment_strategy/investment_strategy_223.png","50894","2026-07-28T11:21:50.0000000Z","CD9907C0B815B15ED5E05B07B4E149D33EFD124150518202AA2E0B5D17A92C79",""
"Added","artifacts/CurrencyWarsSmartRaccoon-0.2.778-win-x64-portable-shutdownfix-20260802/data/4.4/phase2-icon-assets/standardized/investment_strategy/investment_strategy_224.png","43608","2026-07-28T11:21:50.0000000Z","939E377038E73CA24768459DB7381175678AD3198B9DCDDBE312443DBD95ED08",""
"Added","artifacts/CurrencyWarsSmartRaccoon-0.2.778-win-x64-portable-shutdownfix-20260802/data/4.4/phase2-icon-assets/standardized/investment_strategy/investment_strategy_225.png","44136","2026-07-28T11:21:50.0000000Z","AF762ED1D619FF19451E140109A283D10848DDB6132E547EB9E36E0DCA887F62",""
"Added","artifacts/CurrencyWarsSmartRaccoon-0.2.778-win-x64-portable-shutdownfix-20260802/data/4.4/phase2-icon-assets/standardized/investment_strategy/investment_strategy_226.png","43772","2026-07-28T11:21:50.0000000Z","8A6002781063669B18A07000F4BC054B3A8AD2866CFBB0037A3725CF532767E6",""
"Added","artifacts/CurrencyWarsSmartRaccoon-0.2.778-win-x64-portable-shutdownfix-20260802/data/4.4/phase2-icon-assets/standardized/investment_strategy/investment_strategy_227.png","44637","2026-07-28T11:21:50.0000000Z","6AC207DD516078FB9C58710CB8E50697388F3B2E033BBC3C1171501A5E51B3E1",""
"Added","artifacts/CurrencyWarsSmartRaccoon-0.2.778-win-x64-portable-shutdownfix-20260802/data/4.4/phase2-icon-assets/standardized/investment_strategy/investment_strategy_228.png","38482","2026-07-28T11:21:50.0000000Z","3D061B173F0412E540CDD3EFCA9232FAD5B84AAE8EA0999F643A753404BFE6BC",""
"Added","artifacts/CurrencyWarsSmartRaccoon-0.2.778-win-x64-portable-shutdownfix-20260802/data/4.4/phase2-icon-assets/standardized/investment_strategy/investment_strategy_229.png","48700","2026-07-28T11:21:50.0000000Z","AF894EA47CDF90F569B22D46DD4F0770B64DFBBFBE512D7E192156442792AB02",""
"Added","artifacts/CurrencyWarsSmartRaccoon-0.2.778-win-x64-portable-shutdownfix-20260802/data/4.4/phase2-icon-assets/standardized/investment_strategy/investment_strategy_230.png","43824","2026-07-28T11:21:50.0000000Z","908098545A852CFF926416C7C60C436BA8B79A8310E33C438EB1A8435FFA24E6",""
"Added","artifacts/CurrencyWarsSmartRaccoon-0.2.778-win-x64-portable-shutdownfix-20260802/data/4.4/phase2-icon-assets/standardized/investment_strategy/investment_strategy_231.png","43824","2026-07-28T11:21:50.0000000Z","908098545A852CFF926416C7C60C436BA8B79A8310E33C438EB1A8435FFA24E6",""
"Added","artifacts/CurrencyWarsSmartRaccoon-0.2.778-win-x64-portable-shutdownfix-20260802/data/4.4/phase2-icon-assets/standardized/investment_strategy/investment_strategy_232.png","41530","2026-07-28T11:21:50.0000000Z","DD5B2C094EC060AF3A8F5E64C43C20F7C57A49FD080D84396EAFF11151057DAF",""
"Added","artifacts/CurrencyWarsSmartRaccoon-0.2.778-win-x64-portable-shutdownfix-20260802/data/4.4/phase2-icon-assets/standardized/investment_strategy/investment_strategy_233.png","37519","2026-07-28T11:21:50.0000000Z","645AAF731B6FF735820D8C89A72E565BCAD55524AA909FCA48DF3E3C664FA35C",""
"Added","artifacts/CurrencyWarsSmartRaccoon-0.2.778-win-x64-portable-shutdownfix-20260802/data/4.4/phase2-icon-assets/standardized/investment_strategy/investment_strategy_234.png","44355","2026-07-28T11:21:50.0000000Z","914746491257CD65DA13F73E9844A49D483CD7E5B5EE5D0141C9AFEA525A90F5",""
"Added","artifacts/CurrencyWarsSmartRaccoon-0.2.778-win-x64-portable-shutdownfix-20260802/data/4.4/phase2-icon-assets/standardized/investment_strategy/investment_strategy_235.png","48180","2026-07-28T11:21:50.0000000Z","5B10AF5CF6B98982EB694B90D14D9EA5DF32581CD1070F99FA941C239D792A64",""
"Added","artifacts/CurrencyWarsSmartRaccoon-0.2.778-win-x64-portable-shutdownfix-20260802/data/4.4/phase2-icon-assets/standardized/investment_strategy/investment_strategy_236.png","40175","2026-07-28T11:21:50.0000000Z","69F753C61F30541EAB0204A321CD142583A537F0CF54C0824DB7FD0933BE57FB",""
"Added","artifacts/CurrencyWarsSmartRaccoon-0.2.778-win-x64-portable-shutdownfix-20260802/data/4.4/phase2-icon-assets/standardized/investment_strategy/investment_strategy_237.png","48375","2026-07-28T11:21:50.0000000Z","366EA5091FEFB359218E749A0E986172428EAE87FE1DA9278672331CBD021107",""
"Added","artifacts/CurrencyWarsSmartRaccoon-0.2.778-win-x64-portable-shutdownfix-20260802/data/4.4/phase2-icon-assets/standardized/investment_strategy/investment_strategy_238.png","43496","2026-07-28T11:21:50.0000000Z","3F95E85CB26B2EFDF558F372025D15BFEDD84B08C3131D850CF5F438B0A10C3F",""
"Added","artifacts/CurrencyWarsSmartRaccoon-0.2.778-win-x64-portable-shutdownfix-20260802/data/4.4/phase2-icon-assets/standardized/investment_strategy/investment_strategy_239.png","44355","2026-07-28T11:21:50.0000000Z","914746491257CD65DA13F73E9844A49D483CD7E5B5EE5D0141C9AFEA525A90F5",""
"Added","artifacts/CurrencyWarsSmartRaccoon-0.2.778-win-x64-portable-shutdownfix-20260802/data/4.4/phase2-icon-assets/standardized/investment_strategy/investment_strategy_240.png","48180","2026-07-28T11:21:50.0000000Z","5B10AF5CF6B98982EB694B90D14D9EA5DF32581CD1070F99FA941C239D792A64",""
"Added","artifacts/CurrencyWarsSmartRaccoon-0.2.778-win-x64-portable-shutdownfix-20260802/data/4.4/phase2-icon-assets/standardized/investment_strategy/investment_strategy_241.png","34139","2026-07-28T11:21:50.0000000Z","2E71782ED8ED0E3C9201CEC96C071FA12C845F2F05C1CAEAFA55FC9E9BE4471B",""
"Added","artifacts/CurrencyWarsSmartRaccoon-0.2.778-win-x64-portable-shutdownfix-20260802/data/4.4/phase2-icon-assets/standardized/investment_strategy/investment_strategy_242.png","48106","2026-07-28T11:21:50.0000000Z","9B6E641DC3FCB111BF6BD4D53C250027EDC314ED82348B1205AE8A5E8196FB45",""
"Added","artifacts/CurrencyWarsSmartRaccoon-0.2.778-win-x64-portable-shutdownfix-20260802/data/4.4/phase2-icon-assets/standardized/investment_strategy/investment_strategy_243.png","46709","2026-07-28T11:21:50.0000000Z","B4B92DB3F2D95359DB90F24EA62B1332633586DEA3CB10558073DFE6758DF5DB",""
"Added","artifacts/CurrencyWarsSmartRaccoon-0.2.778-win-x64-portable-shutdownfix-20260802/data/4.4/phase2-icon-assets/standardized/investment_strategy/investment_strategy_244.png","47101","2026-07-28T11:21:50.0000000Z","FA36E581BC9DF1D011A090EFAE3511C2F96314842D1ECA2737E8084E6171CE24",""
"Added","artifacts/CurrencyWarsSmartRaccoon-0.2.778-win-x64-portable-shutdownfix-20260802/data/4.4/phase2-icon-assets/standardized/investment_strategy/investment_strategy_245.png","46715","2026-07-28T11:21:50.0000000Z","681E6A70ED2617F6FD33FB01E7A9F3BD80D0871E70F1DF49675D1C819E1BC30B",""
"Added","artifacts/CurrencyWarsSmartRaccoon-0.2.778-win-x64-portable-shutdownfix-20260802/data/4.4/phase2-icon-assets/standardized/investment_strategy/investment_strategy_246.png","38989","2026-07-28T11:21:50.0000000Z","D8983272F08644EC3948DACE79A96ED6142FEDE8CAC1D921F874DDABD178ACFB",""
"Added","artifacts/CurrencyWarsSmartRaccoon-0.2.778-win-x64-portable-shutdownfix-20260802/data/4.4/phase2-icon-assets/standardized/investment_strategy/investment_strategy_247.png","46101","2026-07-28T11:21:50.0000000Z","BF6612ECC9B01783CE3A7906C76FE3408BE8E2CE818A594009E495438F010B11",""
"Added","artifacts/CurrencyWarsSmartRaccoon-0.2.778-win-x64-portable-shutdownfix-20260802/data/4.4/phase2-icon-assets/standardized/investment_strategy/investment_strategy_248.png","45498","2026-07-28T11:21:50.0000000Z","D0F409FD3DA10BD9D524EBD323DAF7F27A7A9C291D455E72466C98F7C55BDFA0",""
"Added","artifacts/CurrencyWarsSmartRaccoon-0.2.778-win-x64-portable-shutdownfix-20260802/data/4.4/phase2-icon-assets/standardized/investment_strategy/investment_strategy_249.png","47182","2026-07-28T11:21:50.0000000Z","25E732593D956289C80FE70169714AE262CD5C138EF61032FBDD0ED7EC58107E",""
"Added","artifacts/CurrencyWarsSmartRaccoon-0.2.778-win-x64-portable-shutdownfix-20260802/data/4.4/phase2-icon-assets/standardized/investment_strategy/investment_strategy_250.png","39462","2026-07-28T11:21:50.0000000Z","6AF732B80785BA0E6D9DCD71FB0341D489DEF0987F83ACB06230F5A59D2B5689",""
"Added","artifacts/CurrencyWarsSmartRaccoon-0.2.778-win-x64-portable-shutdownfix-20260802/data/4.4/phase2-icon-assets/standardized/investment_strategy/investment_strategy_251.png","39462","2026-07-28T11:21:50.0000000Z","6AF732B80785BA0E6D9DCD71FB0341D489DEF0987F83ACB06230F5A59D2B5689",""
"Added","artifacts/CurrencyWarsSmartRaccoon-0.2.778-win-x64-portable-shutdownfix-20260802/data/4.4/phase2-icon-assets/standardized/investment_strategy/investment_strategy_252.png","39462","2026-07-28T11:21:50.0000000Z","6AF732B80785BA0E6D9DCD71FB0341D489DEF0987F83ACB06230F5A59D2B5689",""
"Added","artifacts/CurrencyWarsSmartRaccoon-0.2.778-win-x64-portable-shutdownfix-20260802/data/4.4/phase2-icon-assets/standardized/investment_strategy/investment_strategy_253.png","43001","2026-07-28T11:21:50.0000000Z","275F1E95C23A2038691447985479397198973650C311E4E11FC1777A7422A1D1",""
"Added","artifacts/CurrencyWarsSmartRaccoon-0.2.778-win-x64-portable-shutdownfix-20260802/data/4.4/phase2-icon-assets/standardized/investment_strategy/investment_strategy_254.png","48112","2026-07-28T11:21:50.0000000Z","9B82DF752262A85FCB050269046785F2B38B89DD85B53854F68A48AE7BC11986",""
"Added","artifacts/CurrencyWarsSmartRaccoon-0.2.778-win-x64-portable-shutdownfix-20260802/data/4.4/phase2-icon-assets/standardized/investment_strategy/investment_strategy_255.png","47175","2026-07-28T11:21:50.0000000Z","2B5DB3DB59FD6639DC1F894DDAFE93BA124946160A59B5F1F3FE7F158F5ECC12",""
"Added","artifacts/CurrencyWarsSmartRaccoon-0.2.778-win-x64-portable-shutdownfix-20260802/data/4.4/phase2-icon-assets/standardized/investment_strategy/investment_strategy_256.png","46293","2026-07-28T11:21:50.0000000Z","7AB6300C5BDC1A749D557C2CE76D7D4BFC0E8FBA1C43E9D1D3D8B8AB6D3D78F4",""
"Added","artifacts/CurrencyWarsSmartRaccoon-0.2.778-win-x64-portable-shutdownfix-20260802/data/4.4/phase2-icon-assets/standardized/investment_strategy/investment_strategy_257.png","47855","2026-07-28T11:21:50.0000000Z","DD0CFDB489646FF3D16FD8243351C873E19C092C32C46BEBB458B9266DE7B853",""
"Added","artifacts/CurrencyWarsSmartRaccoon-0.2.778-win-x64-portable-shutdownfix-20260802/data/4.4/phase2-icon-assets/standardized/investment_strategy/investment_strategy_258.png","46045","2026-07-28T11:21:50.0000000Z","62C199035896EE37AB8D4F55DBAC5CE7C6908268DFCCC9AA50CFD63F72DD6589",""
"Added","artifacts/CurrencyWarsSmartRaccoon-0.2.778-win-x64-portable-shutdownfix-20260802/data/4.4/phase2-icon-assets/standardized/investment_strategy/investment_strategy_259.png","44121","2026-07-28T11:21:50.0000000Z","DA648BEE92200467164BFFBC4B4A83B48994C354A0295EE0322D9373091BE3DD",""
"Added","artifacts/CurrencyWarsSmartRaccoon-0.2.778-win-x64-portable-shutdownfix-20260802/data/4.4/phase2-icon-assets/standardized/investment_strategy/investment_strategy_260.png","46855","2026-07-28T11:21:50.0000000Z","673C5CF2753B19EE2B2B69FDBF8AFE008336EF2B4F8E45E0359A5CEED17F9D3F",""
"Added","artifacts/CurrencyWarsSmartRaccoon-0.2.778-win-x64-portable-shutdownfix-20260802/data/4.4/phase2-icon-assets/standardized/investment_strategy/investment_strategy_261.png","47239","2026-07-28T11:21:50.0000000Z","E14F5E2B54F1B28417A3C81019191CC20D8962432E3FB83A8D99CB081D87BD2B",""
"Added","artifacts/CurrencyWarsSmartRaccoon-0.2.778-win-x64-portable-shutdownfix-20260802/data/4.4/phase2-icon-assets/standardized/investment_strategy/investment_strategy_262.png","43677","2026-07-28T11:21:50.0000000Z","D03BA81AAF3E1EBE5D851DD81E7E261E333765FE0163FD501CA9B4BCB7863815",""
"Added","artifacts/CurrencyWarsSmartRaccoon-0.2.778-win-x64-portable-shutdownfix-20260802/data/4.4/phase2-icon-assets/standardized/investment_strategy/investment_strategy_263.png","42029","2026-07-28T11:21:50.0000000Z","C7244A4DB6C39B093C44ABC8C0276EB0821369C46EA0F156E4B5550F9297A222",""
"Added","artifacts/CurrencyWarsSmartRaccoon-0.2.778-win-x64-portable-shutdownfix-20260802/data/4.4/phase2-icon-assets/standardized/investment_strategy/investment_strategy_264.png","47374","2026-07-28T11:21:50.0000000Z","CBA472F759893AACDFFE89851F54CD6F795EE7E2029529AF0A3C2D435A854A64",""
"Added","artifacts/CurrencyWarsSmartRaccoon-0.2.778-win-x64-portable-shutdownfix-20260802/data/4.4/phase2-icon-assets/standardized/investment_strategy/investment_strategy_265.png","44448","2026-07-28T11:21:50.0000000Z","645A336DF3411EE5F24462ACE5835E9239D5E7FC57CCE03B3F5B1B86B54AA250",""
"Added","artifacts/CurrencyWarsSmartRaccoon-0.2.778-win-x64-portable-shutdownfix-20260802/data/4.4/phase2-icon-assets/standardized/investment_strategy/investment_strategy_266.png","46815","2026-07-28T11:21:50.0000000Z","C2A90FF149C8C9C54E1D8643E2515997CD4D384DA50FE0D9F9DC7CFBBE372F47",""
"Added","artifacts/CurrencyWarsSmartRaccoon-0.2.778-win-x64-portable-shutdownfix-20260802/data/4.4/phase2-icon-assets/standardized/investment_strategy/investment_strategy_267.png","47167","2026-07-28T11:21:50.0000000Z","42E29FEBBFDB46286641B0E1E3FAB64C892A297FAB948D0932791DE4D8A8DE05",""
"Added","artifacts/CurrencyWarsSmartRaccoon-0.2.778-win-x64-portable-shutdownfix-20260802/data/4.4/phase2-icon-assets/standardized/investment_strategy/investment_strategy_268.png","49004","2026-07-28T11:21:50.0000000Z","41476F91B1E1074FDF2999294AAA9E168F043199DC098A7A9AFA77FFE9289261",""
"Added","artifacts/CurrencyWarsSmartRaccoon-0.2.778-win-x64-portable-shutdownfix-20260802/data/4.4/phase2-icon-assets/standardized/investment_strategy/investment_strategy_269.png","49004","2026-07-28T11:21:50.0000000Z","41476F91B1E1074FDF2999294AAA9E168F043199DC098A7A9AFA77FFE9289261",""
"Added","artifacts/CurrencyWarsSmartRaccoon-0.2.778-win-x64-portable-shutdownfix-20260802/data/4.4/phase2-icon-assets/standardized/investment_strategy/investment_strategy_270.png","50319","2026-07-28T11:21:50.0000000Z","119BEC93B91142B5F43AE3FAD5ECEEE5E8A0EA3E9CDA3F2939B8B46C65AF4A4A",""
"Added","artifacts/CurrencyWarsSmartRaccoon-0.2.778-win-x64-portable-shutdownfix-20260802/data/4.4/phase2-icon-assets/standardized/investment_strategy/investment_strategy_271.png","42746","2026-07-28T11:21:50.0000000Z","D67F2E6217F3D48AA3EA6184C316E1D8FE0170180A23FD584984985380C6E1D1",""
"Added","artifacts/CurrencyWarsSmartRaccoon-0.2.778-win-x64-portable-shutdownfix-20260802/data/4.4/phase2-icon-assets/standardized/investment_strategy/investment_strategy_272.png","42746","2026-07-28T11:21:50.0000000Z","D67F2E6217F3D48AA3EA6184C316E1D8FE0170180A23FD584984985380C6E1D1",""
"Added","artifacts/CurrencyWarsSmartRaccoon-0.2.778-win-x64-portable-shutdownfix-20260802/data/4.4/phase2-icon-assets/standardized/investment_strategy/investment_strategy_273.png","50774","2026-07-28T11:21:50.0000000Z","8B7E7D683115AD37186B96F84BC459870634E112A7629961EE535FDFD1612EFA",""
"Added","artifacts/CurrencyWarsSmartRaccoon-0.2.778-win-x64-portable-shutdownfix-20260802/data/4.4/phase2-icon-assets/standardized/investment_strategy/investment_strategy_274.png","46037","2026-07-28T11:21:50.0000000Z","98D4E575E471A2D1EC78E31E21A8A0743C72A98AC60CED2B11BD6A8FE06ADDF7",""
"Added","artifacts/CurrencyWarsSmartRaccoon-0.2.778-win-x64-portable-shutdownfix-20260802/data/4.4/phase2-icon-assets/standardized/investment_strategy/investment_strategy_275.png","39483","2026-07-28T11:21:50.0000000Z","843AA43EAD5E55060D99D4BC3EA47D93DE12963C400048B39B0AB62C1B82EE9F",""
"Added","artifacts/CurrencyWarsSmartRaccoon-0.2.778-win-x64-portable-shutdownfix-20260802/data/4.4/phase2-icon-assets/standardized/investment_strategy/investment_strategy_276.png","40187","2026-07-28T11:21:50.0000000Z","8005F50323187633960C387838200DFC1B136E308F216E194AE618CFD684698E",""
"Added","artifacts/CurrencyWarsSmartRaccoon-0.2.778-win-x64-portable-shutdownfix-20260802/data/4.4/phase2-icon-assets/standardized/investment_strategy/investment_strategy_277.png","37485","2026-07-28T11:21:50.0000000Z","A74E2A5B4F3F62FDED2E4BC87E83FB1510175EF7BBA8E424DA52D9E764B015FF",""
"Added","artifacts/CurrencyWarsSmartRaccoon-0.2.778-win-x64-portable-shutdownfix-20260802/data/4.4/phase2-icon-assets/standardized/investment_strategy/investment_strategy_278.png","37838","2026-07-28T11:21:50.0000000Z","B2B833AA16DBEBB2B8230376B1273084496FAFD4884BF47FFA02DE342C50DBEF",""
"Added","artifacts/CurrencyWarsSmartRaccoon-0.2.778-win-x64-portable-shutdownfix-20260802/data/4.4/phase2-icon-assets/standardized/investment_strategy/investment_strategy_279.png","36277","2026-07-28T11:21:50.0000000Z","676326AA40732EF2289F79D64CDA46C1EC94DFA21EAFB17352B6E87B906E09C9",""
"Added","artifacts/CurrencyWarsSmartRaccoon-0.2.778-win-x64-portable-shutdownfix-20260802/data/4.4/phase2-icon-assets/standardized/investment_strategy/investment_strategy_280.png","47943","2026-07-28T11:21:50.0000000Z","B8BA90E57B636D9FD636EF8C6DAEAAAC54FA76AC6E21E83A0450CB2ACD6B5CA7",""
"Added","artifacts/CurrencyWarsSmartRaccoon-0.2.778-win-x64-portable-shutdownfix-20260802/data/4.4/phase2-icon-assets/standardized/investment_strategy/investment_strategy_281.png","44440","2026-07-28T11:21:50.0000000Z","9F407AD00CCC99C5005C2E5000F11584562817BC0FA4A530A88091C2526DB52B",""
"Added","artifacts/CurrencyWarsSmartRaccoon-0.2.778-win-x64-portable-shutdownfix-20260802/data/4.4/phase2-icon-assets/standardized/investment_strategy/investment_strategy_282.png","45957","2026-07-28T11:21:50.0000000Z","74CABB5997369D991BC9BE1AA802AE66959CA27CFC91E3804A6B2EC868629E97",""
"Added","artifacts/CurrencyWarsSmartRaccoon-0.2.778-win-x64-portable-shutdownfix-20260802/data/4.4/phase2-icon-assets/standardized/investment_strategy/investment_strategy_283.png","43279","2026-07-28T11:21:50.0000000Z","55D14B0D1E0BE94DFA9D4D39259FE8595B73DBA3B46C168394E0DF5E31173419",""
"Added","artifacts/CurrencyWarsSmartRaccoon-0.2.778-win-x64-portable-shutdownfix-20260802/data/4.4/phase2-icon-assets/standardized/investment_strategy/investment_strategy_284.png","47443","2026-07-28T11:21:50.0000000Z","A1447CDA6010F9764F96E1215718EB445E079F82EF92EA39CCC0823CDB97C238",""
"Added","artifacts/CurrencyWarsSmartRaccoon-0.2.778-win-x64-portable-shutdownfix-20260802/data/4.4/phase2-icon-assets/standardized/investment_strategy/investment_strategy_285.png","47284","2026-07-28T11:21:50.0000000Z","32985B3D7502BEE346978A1DD844ABC2ED33A97770E5E5A060F85BD4E04B5E0F",""
"Added","artifacts/CurrencyWarsSmartRaccoon-0.2.778-win-x64-portable-shutdownfix-20260802/data/4.4/phase2-icon-assets/standardized/investment_strategy/investment_strategy_286.png","45042","2026-07-28T11:21:50.0000000Z","E6A9D067238C7CE19AB9588D0BE809ABCC06CDE8F790F82464D195788DBC35E7",""
"Added","artifacts/CurrencyWarsSmartRaccoon-0.2.778-win-x64-portable-shutdownfix-20260802/data/4.4/phase2-icon-assets/standardized/investment_strategy/investment_strategy_287.png","48742","2026-07-28T11:21:50.0000000Z","032B6DF284949389871D80D4F8CAE8A70A129DFF37CD73D73885B5B61CCB90F0",""
"Added","artifacts/CurrencyWarsSmartRaccoon-0.2.778-win-x64-portable-shutdownfix-20260802/data/4.4/phase2-icon-assets/standardized/investment_strategy/investment_strategy_288.png","45608","2026-07-28T11:21:50.0000000Z","028BCFFFDF5361B2A7B3207137D750E35DED5A2A9566DD4D5857AAC36C9D10E5",""
"Added","artifacts/CurrencyWarsSmartRaccoon-0.2.778-win-x64-portable-shutdownfix-20260802/data/4.4/phase2-icon-assets/standardized/investment_strategy/investment_strategy_289.png","51349","2026-07-28T11:21:50.0000000Z","5A89A62993C691A5B0DE1E2D59EA2A6C6D1DCEA61431D5E93EB876EECC46D12B",""
"Added","artifacts/CurrencyWarsSmartRaccoon-0.2.778-win-x64-portable-shutdownfix-20260802/data/4.4/phase2-icon-assets/standardized/investment_strategy/investment_strategy_290.png","48783","2026-07-28T11:21:50.0000000Z","7617B7EB02210DE5D1C6A13E12316FAA2CFE86290353A51D6F918C7390BB8F44",""
"Added","artifacts/CurrencyWarsSmartRaccoon-0.2.778-win-x64-portable-shutdownfix-20260802/data/4.4/phase2-icon-assets/standardized/investment_strategy/investment_strategy_291.png","38370","2026-07-28T11:21:50.0000000Z","C8533F55FC8187B0D369EC25F0EA389BE4BBABFABC435CA29820F6907DE7870F",""
"Added","artifacts/CurrencyWarsSmartRaccoon-0.2.778-win-x64-portable-shutdownfix-20260802/data/4.4/phase2-icon-assets/standardized/investment_strategy/investment_strategy_292.png","47323","2026-07-28T11:21:50.0000000Z","C58AF37B1A8D131E45CC6DE9180AA7572F37D06FEF2A2D8012021CC06CB3B035",""
"Added","artifacts/CurrencyWarsSmartRaccoon-0.2.778-win-x64-portable-shutdownfix-20260802/data/4.4/phase2-icon-assets/standardized/investment_strategy/investment_strategy_293.png","49022","2026-07-28T11:21:50.0000000Z","6BA505EE35AD74E5769E0967AEDB467907C97C020047C9B58D9C2409AF052FCC",""
"Added","artifacts/CurrencyWarsSmartRaccoon-0.2.778-win-x64-portable-shutdownfix-20260802/data/4.4/phase2-icon-assets/standardized/investment_strategy/investment_strategy_294.png","47053","2026-07-28T11:21:50.0000000Z","CDC404E228A4794E3313023AB41471B5F46ACBE2C024820187170608F6BEB50B",""
"Added","artifacts/CurrencyWarsSmartRaccoon-0.2.778-win-x64-portable-shutdownfix-20260802/data/4.4/phase2-icon-assets/standardized/investment_strategy/investment_strategy_295.png","43034","2026-07-28T11:21:50.0000000Z","F088B1CC935770D8374E9A30F8EDA7AA494820CE3613EB074D127A45DA86395A",""
"Added","artifacts/CurrencyWarsSmartRaccoon-0.2.778-win-x64-portable-shutdownfix-20260802/data/4.4/phase2-icon-assets/standardized/investment_strategy/investment_strategy_296.png","47271","2026-07-28T11:21:50.0000000Z","40ED8305B04D109FDF6D2C3C11B7D51A4A30F6B715757E0730F18152C116266F",""
"Added","artifacts/CurrencyWarsSmartRaccoon-0.2.778-win-x64-portable-shutdownfix-20260802/data/4.4/phase2-icon-assets/standardized/investment_strategy/investment_strategy_297.png","45570","2026-07-28T11:21:50.0000000Z","02D1D09B64D685BFAA9978A35A0FA6E1258D8712E678B3DF5F690AAC87B6956B",""
"Added","artifacts/CurrencyWarsSmartRaccoon-0.2.778-win-x64-portable-shutdownfix-20260802/data/4.4/phase2-icon-assets/standardized/investment_strategy/investment_strategy_298.png","46909","2026-07-28T11:21:50.0000000Z","A932A80EDBDDBFC7DE1003E3C6A4E048B72B8C92198F4A916C2C743AEFCAE77E",""
"Added","artifacts/CurrencyWarsSmartRaccoon-0.2.778-win-x64-portable-shutdownfix-20260802/data/4.4/phase2-icon-assets/standardized/investment_strategy/investment_strategy_299.png","41533","2026-07-28T11:21:50.0000000Z","F7BB999EB06B884B6C366DD3D1A405C57550B8AB24AF3046E3EA8C62358BA6C1",""
"Added","artifacts/CurrencyWarsSmartRaccoon-0.2.778-win-x64-portable-shutdownfix-20260802/data/4.4/phase2-icon-assets/standardized/investment_strategy/investment_strategy_300.png","46587","2026-07-28T11:21:50.0000000Z","E0382DC0D557CF33EFB27ED85FA5C54B18B8E6E0A16D8EAAA20F58851E759AEF",""
"Added","artifacts/CurrencyWarsSmartRaccoon-0.2.778-win-x64-portable-shutdownfix-20260802/data/4.4/phase2-icon-assets/standardized/investment_strategy/investment_strategy_301.png","47296","2026-07-28T11:21:50.0000000Z","7A108503E0770D722BDA45B51A1619F7DD0BA52FBCBEAC0048B4CD1979F38D28",""
"Added","artifacts/CurrencyWarsSmartRaccoon-0.2.778-win-x64-portable-shutdownfix-20260802/data/4.4/phase2-icon-assets/standardized/investment_strategy/investment_strategy_302.png","43641","2026-07-28T11:21:50.0000000Z","2E6408966F3D8632831BBA8AB1B05556F87AD84D9DD18D32B19C28ECDDD93615",""
"Added","artifacts/CurrencyWarsSmartRaccoon-0.2.778-win-x64-portable-shutdownfix-20260802/data/4.4/phase2-icon-assets/standardized/investment_strategy/investment_strategy_303.png","45768","2026-07-28T11:21:50.0000000Z","B9DAB4BE6D507C07F10F4A1B1E94680EA38A5D21227656E31DDEE072CDEC4CAB",""
"Added","artifacts/CurrencyWarsSmartRaccoon-0.2.778-win-x64-portable-shutdownfix-20260802/data/4.4/phase2-icon-assets/standardized/investment_strategy/investment_strategy_304.png","45059","2026-07-28T11:21:52.0000000Z","C74BD3ECB30EB4AE75F4E4F9A6A4F6606E177797C9C636088F73ACF09E1CCA9C",""
"Added","artifacts/CurrencyWarsSmartRaccoon-0.2.778-win-x64-portable-shutdownfix-20260802/data/4.4/phase2-icon-assets/standardized/investment_strategy/investment_strategy_305.png","44954","2026-07-28T11:21:52.0000000Z","15886BA7B9327C70612A6705ADD91DA6736BB6DD0D74EF143768F367DF1BA87B",""
"Added","artifacts/CurrencyWarsSmartRaccoon-0.2.778-win-x64-portable-shutdownfix-20260802/data/4.4/phase2-icon-assets/standardized/investment_strategy/investment_strategy_306.png","45658","2026-07-28T11:21:52.0000000Z","5F1925C2BCF2F98732095E29B50AB72577B4DDF8C3C30C0AB94292A2D6CA7B30",""
"Added","artifacts/CurrencyWarsSmartRaccoon-0.2.778-win-x64-portable-shutdownfix-20260802/data/4.4/phase2-icon-assets/standardized/investment_strategy/investment_strategy_307.png","44565","2026-07-28T11:21:52.0000000Z","6CE16D12DA29E8E7C4EC3B4AE33B023FE211E1426D8EE880ADB2F9A9B27A8463",""
"Added","artifacts/CurrencyWarsSmartRaccoon-0.2.778-win-x64-portable-shutdownfix-20260802/data/4.4/phase2-icon-assets/standardized/investment_strategy/investment_strategy_308.png","45279","2026-07-28T11:21:52.0000000Z","0B3149D5AC840B8067D53730478587E123535630B4D88FC6EF608AF90EA57E0D",""
"Added","artifacts/CurrencyWarsSmartRaccoon-0.2.778-win-x64-portable-shutdownfix-20260802/data/4.4/phase2-icon-assets/standardized/investment_strategy/investment_strategy_309.png","43503","2026-07-28T11:21:52.0000000Z","BB98C7A17007BD2E91D2CBE2C1072A8F77B8B0143070B32204726EC4C77802D4",""
"Added","artifacts/CurrencyWarsSmartRaccoon-0.2.778-win-x64-portable-shutdownfix-20260802/data/4.4/phase2-icon-assets/standardized/investment_strategy/investment_strategy_310.png","44773","2026-07-28T11:21:52.0000000Z","BD6925604C8AEDEDAFBBA647658F20F6487497D8599F049CB873D2FC1D296F78",""
"Added","artifacts/CurrencyWarsSmartRaccoon-0.2.778-win-x64-portable-shutdownfix-20260802/data/4.4/phase2-icon-assets/standardized/investment_strategy/investment_strategy_311.png","42253","2026-07-28T11:21:52.0000000Z","F1D71E61F1A878FEBDB7D853564F40019D301B4977FD98E60F704AA12BFB1432",""
"Added","artifacts/CurrencyWarsSmartRaccoon-0.2.778-win-x64-portable-shutdownfix-20260802/data/4.4/phase2-icon-assets/standardized/investment_strategy/investment_strategy_312.png","44204","2026-07-28T11:21:52.0000000Z","5318C3A90E7B0BF82A77BB73673DB80CCBED3591F0CEDE15DD8A1746EBA64331",""
"Added","artifacts/CurrencyWarsSmartRaccoon-0.2.778-win-x64-portable-shutdownfix-20260802/data/4.4/phase2-icon-assets/standardized/investment_strategy/investment_strategy_313.png","44475","2026-07-28T11:21:52.0000000Z","A4C35B2065CA0C56B5F4FD83290F8833FB84288938F61455B9A3AACE7053B1FF",""
"Added","artifacts/CurrencyWarsSmartRaccoon-0.2.778-win-x64-portable-shutdownfix-20260802/data/4.4/phase2-icon-assets/standardized/investment_strategy/investment_strategy_314.png","46541","2026-07-28T11:21:52.0000000Z","208D7042303A0C8DF50B87064AF6C83BBC79FD6162BFA59FF4C931E3F92E2CDD",""
"Added","artifacts/CurrencyWarsSmartRaccoon-0.2.778-win-x64-portable-shutdownfix-20260802/data/4.4/phase2-icon-assets/standardized/investment_strategy/investment_strategy_315.png","47654","2026-07-28T11:21:52.0000000Z","1B6B64B160758FA422B1C17D58D5336F33683EB919921C1619762F7A737D594B",""
"Added","artifacts/CurrencyWarsSmartRaccoon-0.2.778-win-x64-portable-shutdownfix-20260802/data/4.4/phase2-icon-assets/standardized/investment_strategy/investment_strategy_316.png","40083","2026-07-28T11:21:52.0000000Z","1CB1B6189452D1CBE4C1369532D381080BBEB2CBE15C301AC15BD3F06DB6873D",""
"Added","artifacts/CurrencyWarsSmartRaccoon-0.2.778-win-x64-portable-shutdownfix-20260802/data/4.4/phase2-icon-assets/standardized/investment_strategy/investment_strategy_317.png","47703","2026-07-28T11:21:52.0000000Z","50CBFB34E0257EB711C38C3BB6C4FA92D7C5D07FAE979A83C0E2A09A5EC4CAC3",""
"Added","artifacts/CurrencyWarsSmartRaccoon-0.2.778-win-x64-portable-shutdownfix-20260802/data/4.4/phase2-icon-assets/standardized/investment_strategy/investment_strategy_318.png","45815","2026-07-28T11:21:52.0000000Z","C4EE3D700DF00EA18FB2C16806C24E9B78548AE78AEB2DF213D3CB43D3B4BCCB",""
"Added","artifacts/CurrencyWarsSmartRaccoon-0.2.778-win-x64-portable-shutdownfix-20260802/data/4.4/phase2-icon-assets/standardized/investment_strategy/investment_strategy_319.png","50169","2026-07-28T11:21:52.0000000Z","2264D254F8AF0F229102CEAB42DFD41EC3EA3CF3B52D4DF59A5701A0069710B4",""
"Added","artifacts/CurrencyWarsSmartRaccoon-0.2.778-win-x64-portable-shutdownfix-20260802/data/4.4/phase2-icon-assets/standardized/investment_strategy/investment_strategy_320.png","44207","2026-07-28T11:21:52.0000000Z","A276A5273047991AB1AB0418A2B93352780F2A18B2E7EE0D9AC7BC6F3BC6127A",""
"Added","artifacts/CurrencyWarsSmartRaccoon-0.2.778-win-x64-portable-shutdownfix-20260802/data/4.4/phase2-icon-assets/standardized/investment_strategy/investment_strategy_321.png","46419","2026-07-28T11:21:52.0000000Z","7ED5AACD41D39EFC1499F48A8D50E32F563B5E2158FBAA658450C5C95AD3EAEC",""
"Added","artifacts/CurrencyWarsSmartRaccoon-0.2.778-win-x64-portable-shutdownfix-20260802/data/4.4/phase2-icon-assets/standardized/investment_strategy/investment_strategy_322.png","46364","2026-07-28T11:21:52.0000000Z","8C9B9F8B8A0BE74D437C2D3F8E74D3D1374DB7BCA45114C51AE261D786918373",""
"Added","artifacts/CurrencyWarsSmartRaccoon-0.2.778-win-x64-portable-shutdownfix-20260802/data/4.4/phase2-icon-assets/standardized/investment_strategy/investment_strategy_323.png","45121","2026-07-28T11:21:52.0000000Z","7D3D68711BBA8EF4003CA5CCE8E6467A8529D907CC21FC8D8E9FCC176F119FC3",""
"Added","artifacts/CurrencyWarsSmartRaccoon-0.2.778-win-x64-portable-shutdownfix-20260802/data/4.4/phase2-icon-assets/standardized/investment_strategy/investment_strategy_324.png","52734","2026-07-28T11:21:52.0000000Z","51EF314F933907E0D9136697382B5811FA8F86E795EE5E3191C70C8CC94C52D8",""
"Added","artifacts/CurrencyWarsSmartRaccoon-0.2.778-win-x64-portable-shutdownfix-20260802/data/4.4/phase2-icon-assets/standardized/investment_strategy/investment_strategy_325.png","48906","2026-07-28T11:21:52.0000000Z","D78C9A05423CC5D796405CEF3F5E2F6289AAA0900A649C4615885BD15C55BF30",""
"Added","artifacts/CurrencyWarsSmartRaccoon-0.2.778-win-x64-portable-shutdownfix-20260802/data/4.4/phase2-icon-assets/standardized/investment_strategy/investment_strategy_326.png","48664","2026-07-28T11:21:52.0000000Z","97D78D190290D5DAA8F667358CE1F01C4765CC19E9B4B021774DB2033608E031",""
"Added","artifacts/CurrencyWarsSmartRaccoon-0.2.778-win-x64-portable-shutdownfix-20260802/data/4.4/phase2-icon-assets/standardized/investment_strategy/investment_strategy_327.png","49048","2026-07-28T11:21:52.0000000Z","8E1FEF70E57C9861138BE6FA59ADD5872FF3216F650FAEA21EED9B6ED94BE233",""
"Added","artifacts/CurrencyWarsSmartRaccoon-0.2.778-win-x64-portable-shutdownfix-20260802/data/4.4/phase2-icon-assets/standardized/investment_strategy/investment_strategy_328.png","48809","2026-07-28T11:21:52.0000000Z","EB175C2D013A672B653B132167DCFFA2D42D03C9D6A5125B0BB3DEB1F5EA8948",""
"Added","artifacts/CurrencyWarsSmartRaccoon-0.2.778-win-x64-portable-shutdownfix-20260802/data/4.4/phase2-icon-assets/standardized/investment_strategy/investment_strategy_329.png","50289","2026-07-28T11:21:52.0000000Z","DB399BF6D251256A066DF4DE8EA57E27BF29800A69ECC5D5482A7D9AF7828FB0",""
"Added","artifacts/CurrencyWarsSmartRaccoon-0.2.778-win-x64-portable-shutdownfix-20260802/data/4.4/phase2-icon-assets/standardized/investment_strategy/investment_strategy_330.png","47004","2026-07-28T11:21:52.0000000Z","A8F9C6C0DC9A474D51382D9F369016321C9A5B6AD4058CBCA9C14CC4B4D7C2BE",""
"Added","artifacts/CurrencyWarsSmartRaccoon-0.2.778-win-x64-portable-shutdownfix-20260802/data/4.4/phase2-icon-assets/standardized/investment_strategy/investment_strategy_331.png","42944","2026-07-28T11:21:52.0000000Z","8FD539374C0BE45674A85BC0D82FEF6A941969B3F72751E0B1553A60B4D04968",""
"Added","artifacts/CurrencyWarsSmartRaccoon-0.2.778-win-x64-portable-shutdownfix-20260802/data/4.4/phase2-icon-assets/standardized/investment_strategy/investment_strategy_332.png","43060","2026-07-28T11:21:52.0000000Z","B41027E3E9F9D18F6D571DA8AAFCB83240B025014BFD7E212BD28F1B13D0694F",""
"Added","artifacts/CurrencyWarsSmartRaccoon-0.2.778-win-x64-portable-shutdownfix-20260802/data/4.4/phase2-icon-assets/standardized/investment_strategy/investment_strategy_333.png","48975","2026-07-28T11:21:52.0000000Z","D80064878F4545555C6E1DADEEA0D64AEB8C68ED983A8F201BEDF5AA0500A547",""
"Added","artifacts/CurrencyWarsSmartRaccoon-0.2.778-win-x64-portable-shutdownfix-20260802/data/4.4/phase2-icon-assets/standardized/investment_strategy/investment_strategy_334.png","51554","2026-07-28T11:21:52.0000000Z","2BE0A45A39761220E33E53FDD0638DF13D889E90890CD957253C3D485007B4A4",""
"Added","artifacts/CurrencyWarsSmartRaccoon-0.2.778-win-x64-portable-shutdownfix-20260802/data/4.4/phase2-icon-assets/standardized/official_composition_layer/layer_environment_background.png","18576","2026-07-28T11:21:52.0000000Z","EA7E952AB629CD83F3C62D0E195FCB07D6CB3A8A71AE1EA4934992F5D2BF0684",""
"Added","artifacts/CurrencyWarsSmartRaccoon-0.2.778-win-x64-portable-shutdownfix-20260802/data/4.4/phase2-icon-assets/standardized/official_composition_layer/layer_strategy_background_gold.png","38395","2026-07-28T11:21:52.0000000Z","1E66C5674504821846A0B5B8D67A905703C6B026A8BDC8EAEC0FFA18A51A3CDC",""
"Added","artifacts/CurrencyWarsSmartRaccoon-0.2.778-win-x64-portable-shutdownfix-20260802/data/4.4/phase2-icon-assets/standardized/official_composition_layer/layer_strategy_background_prismatic.png","40916","2026-07-28T11:21:52.0000000Z","79557A2E02CB53848374DC9B57E25C4E7390AD97915524E2DE26A693F4154D3C",""
"Added","artifacts/CurrencyWarsSmartRaccoon-0.2.778-win-x64-portable-shutdownfix-20260802/data/4.4/phase2-icon-assets/standardized/official_composition_layer/layer_strategy_background_silver.png","30532","2026-07-28T11:21:52.0000000Z","E0C0FA01544C54810735A037156DF72C23D8C23F8E7D20881469F247FE31BF93",""
"Added","artifacts/CurrencyWarsSmartRaccoon-0.2.778-win-x64-portable-shutdownfix-20260802/data/4.4/phase2-icon-assets/standardized/official_composition_layer/layer_strategy_prismatic_base.png","9417","2026-07-28T11:21:52.0000000Z","75A8CF320F1B8718B23CBF3988BE05F16FDD678DE34F03311A455ADBA902CAC6",""
"Added","artifacts/CurrencyWarsSmartRaccoon-0.2.778-win-x64-portable-shutdownfix-20260802/data/4.4/phase2-icon-assets/standardized/special_item/special_item_001.png","80156","2026-07-28T11:21:52.0000000Z","EC07BC4712BAF11D7B64BE426C0B3BDDDE551E14B4C6462DB12396CC13C3151D",""
"Added","artifacts/CurrencyWarsSmartRaccoon-0.2.778-win-x64-portable-shutdownfix-20260802/data/4.4/phase2-icon-assets/standardized/special_item/special_item_002.png","23101","2026-07-28T11:21:52.0000000Z","D543FA99049BD7AB16D8C591E4AB5307D2068B047CD4854CA947A257138D7C63",""
"Added","artifacts/CurrencyWarsSmartRaccoon-0.2.778-win-x64-portable-shutdownfix-20260802/data/4.4/phase2-icon-assets/standardized/special_item/special_item_003.png","27254","2026-07-28T11:21:52.0000000Z","724872A45EA8774F80403668871E93B2CA726A76DB3C7654685586825EFEFC34",""
"Added","artifacts/CurrencyWarsSmartRaccoon-0.2.778-win-x64-portable-shutdownfix-20260802/data/4.4/phase2-icon-assets/standardized/special_item/special_item_004.png","59775","2026-07-28T11:21:52.0000000Z","90865F2A5A332B1B03DDBAC715C879D8975471E961FD09DF1E70E43764886657",""
"Added","artifacts/CurrencyWarsSmartRaccoon-0.2.778-win-x64-portable-shutdownfix-20260802/data/4.4/phase2-icon-assets/standardized/special_item/special_item_005.png","71581","2026-07-28T11:21:52.0000000Z","674793A0D5A98C9C56E736A83E25B58F12AAC0D3F059BACD89021946C4909E1B",""
"Added","artifacts/CurrencyWarsSmartRaccoon-0.2.778-win-x64-portable-shutdownfix-20260802/data/4.4/phase2-icon-assets/standardized/special_item/special_item_006.png","65456","2026-07-28T11:21:52.0000000Z","B701B76BEF0D5A2894884E6DFAA3E7AE2DD278EDCCF47A39AD6945251E25BB4D",""
"Added","artifacts/CurrencyWarsSmartRaccoon-0.2.778-win-x64-portable-shutdownfix-20260802/data/4.4/phase2-icon-assets/standardized/special_item/special_item_007.png","24872","2026-07-28T11:21:52.0000000Z","073AF9CEE0AE75A4C08015192A3FD6324B6FABAC5DEB587D5056F3C2662F4DEA",""
"Added","artifacts/CurrencyWarsSmartRaccoon-0.2.778-win-x64-portable-shutdownfix-20260802/data/4.4/phase2-icon-assets/standardized/special_item/special_item_008.png","30041","2026-07-28T11:21:52.0000000Z","4E912BD7D450BC4A5D18DCE28BEC93D666DD6526867D05EF453F5B1509F9899D",""
"Added","artifacts/CurrencyWarsSmartRaccoon-0.2.778-win-x64-portable-shutdownfix-20260802/data/4.4/phase2-icon-assets/standardized/special_item/special_item_009.png","77825","2026-07-28T11:21:52.0000000Z","77E23C059D75F6B6D37D98CBF89B183D4C0F790F2A62543E20FBF1B23B72CB6A",""
"Added","artifacts/CurrencyWarsSmartRaccoon-0.2.778-win-x64-portable-shutdownfix-20260802/data/4.4/phase2-icon-assets/standardized/special_item/special_item_010.png","32854","2026-07-28T11:21:52.0000000Z","22A6991E2071E3DE5A56D1F1740C6B261BD1DE8133E62F4506C413E34DF29944",""
"Added","artifacts/CurrencyWarsSmartRaccoon-0.2.778-win-x64-portable-shutdownfix-20260802/data/4.4/phase2-icon-assets/standardized/special_item/special_item_011.png","30379","2026-07-28T11:21:52.0000000Z","29E4BDD60DE0C6F82A3723354F76D4DAABAB2E7AC884DC71FBD313D2387A7334",""
"Added","artifacts/CurrencyWarsSmartRaccoon-0.2.778-win-x64-portable-shutdownfix-20260802/data/4.4/phase2-icon-assets/standardized/special_item/special_item_012.png","32023","2026-07-28T11:21:52.0000000Z","05F803AA6F20C372317AC07EA9957FA86BE3D46A843A937202A00FD750D88CBC",""
"Added","artifacts/CurrencyWarsSmartRaccoon-0.2.778-win-x64-portable-shutdownfix-20260802/data/4.4/phase2-icon-assets/standardized/special_item/special_item_013.png","25481","2026-07-28T11:21:52.0000000Z","06F19E70CF441F47BA30FA0817098696C226E00E90A2E60D16BD7D7FB9B4EAF8",""
"Added","artifacts/CurrencyWarsSmartRaccoon-0.2.778-win-x64-portable-shutdownfix-20260802/data/4.4/phase2-icon-assets/standardized/special_item/special_item_014.png","25481","2026-07-28T11:21:52.0000000Z","06F19E70CF441F47BA30FA0817098696C226E00E90A2E60D16BD7D7FB9B4EAF8",""
"Added","artifacts/CurrencyWarsSmartRaccoon-0.2.778-win-x64-portable-shutdownfix-20260802/data/4.4/phase2-icon-assets/standardized/special_item/special_item_015.png","27076","2026-07-28T11:21:52.0000000Z","748BA47230B90C88F47EA7D4BFB378C5A0864C1C72BFEDEADF12B9D813440DA0",""
"Added","artifacts/CurrencyWarsSmartRaccoon-0.2.778-win-x64-portable-shutdownfix-20260802/data/4.4/phase2-icon-assets/standardized/special_item/special_item_016.png","27059","2026-07-28T11:21:52.0000000Z","410122C222A6406503423690E667E0E670164935FD92DF2B5F54466948AB8AB6",""
"Added","artifacts/CurrencyWarsSmartRaccoon-0.2.778-win-x64-portable-shutdownfix-20260802/data/4.4/phase2-icon-assets/standardized/special_item/special_item_017.png","24660","2026-07-28T11:21:52.0000000Z","D183DAECDBFD8E3572D00B59EFD0BB404CB0BF8496DF403F06EEDCBA1DFA1FA2",""
"Added","artifacts/CurrencyWarsSmartRaccoon-0.2.778-win-x64-portable-shutdownfix-20260802/data/4.4/phase2-icon-assets/standardized/special_item/special_item_018.png","26603","2026-07-28T11:21:52.0000000Z","E70C5376FFDC141577CE1A760F05E7AC2271A57EEE13BDC1E12C2F9C86A6E221",""
"Added","artifacts/CurrencyWarsSmartRaccoon-0.2.778-win-x64-portable-shutdownfix-20260802/data/4.4/phase2-icon-assets/standardized/special_item/special_item_019.png","30617","2026-07-28T11:21:52.0000000Z","53A12241C8C678F3048191A5106B9B55EC27E6DDD0B1485BEAEFD7477FC10FEB",""
"Added","artifacts/CurrencyWarsSmartRaccoon-0.2.778-win-x64-portable-shutdownfix-20260802/data/4.4/phase2-icon-assets/standardized/special_item/special_item_020.png","76530","2026-07-28T11:21:52.0000000Z","EC2FFF47C61717AF5454BE069DE5A5F016C978F92B307AEC148E7DB9610CC575",""
"Added","artifacts/CurrencyWarsSmartRaccoon-0.2.778-win-x64-portable-shutdownfix-20260802/data/4.4/phase2-icon-assets/standardized/special_item/special_item_021.png","76292","2026-07-28T11:21:52.0000000Z","51F31BCD1E1CC33374050B0D67A77BD3B9273AA12A6208DBEF9442ADEAC11A1D",""
"Added","artifacts/CurrencyWarsSmartRaccoon-0.2.778-win-x64-portable-shutdownfix-20260802/data/4.4/phase2-icon-assets/standardized/special_item/special_item_022.png","70912","2026-07-28T11:21:52.0000000Z","45366451F080D31A371F170D127704DA3BE6468BCCA8912BA1CA8F2748738219",""
"Added","artifacts/CurrencyWarsSmartRaccoon-0.2.778-win-x64-portable-shutdownfix-20260802/data/4.4/phase2-icon-templates/README.md","912","2026-07-28T12:22:04.0000000Z","68492175F63248801EC4E2BD1D5BB62B3BC05CFE88CEB186C2BD8A93E59321F1",""
"Added","artifacts/CurrencyWarsSmartRaccoon-0.2.778-win-x64-portable-shutdownfix-20260802/data/advisor/1.0.0/4.4/guides/taptap-himeko-train-shield.json","6191","2026-07-28T02:32:20.0000000Z","88485627170A63403AE5DA7CC419B9F41F5B7909BDF68C1F50F575967BE9CA00",""
"Added","artifacts/CurrencyWarsSmartRaccoon-0.2.778-win-x64-portable-shutdownfix-20260802/data/ocr/rapidocr/LICENSE-RapidOCR-Apache-2.0.txt","11616","2026-07-30T04:40:34.0000000Z","CFCBC50043A828CFF3AB35E5CFE54CD3D8A41BF398F8EA1A14706EF5E51C820F",""
"Added","artifacts/CurrencyWarsSmartRaccoon-0.2.778-win-x64-portable-shutdownfix-20260802/data/ocr/rapidocr/model-source.json","830","2026-07-30T05:26:44.0000000Z","544FAED458057AF9CB2578B1F5AEEF674C4E8181338310EC26A51AD91377C2C1",""
"Added","artifacts/CurrencyWarsSmartRaccoon-0.2.778-win-x64-portable-shutdownfix-20260802/data/ocr/rapidocr/PP-OCRv6_rec_small.onnx","21234383","2026-07-21T02:55:16.0000000Z","6F327246B50388F3C176AE304BD95767EA6DC0C9AE92153EF8CBE210B3C14884",""
"Added","artifacts/CurrencyWarsSmartRaccoon-0.2.778-win-x64-portable-shutdownfix-20260802/data/raw/4.4/equipment/890ae486642e979b/assets/currency_wars_equipment_icons/currency_wars_equipment_001.png","27950","2026-07-25T13:12:04.0000000Z","501478D2B05CFDB8B55FF859D64F074347885803BB1A6D62CF79A2463E536DD0",""
"Added","artifacts/CurrencyWarsSmartRaccoon-0.2.778-win-x64-portable-shutdownfix-20260802/data/raw/4.4/equipment/890ae486642e979b/assets/currency_wars_equipment_icons/currency_wars_equipment_002.png","33508","2026-07-25T13:12:04.0000000Z","9C8BAFB41CC081B61811196AD180DCE749B04C54725FDE5D09A3AB0766741780",""
"Added","artifacts/CurrencyWarsSmartRaccoon-0.2.778-win-x64-portable-shutdownfix-20260802/data/raw/4.4/equipment/890ae486642e979b/assets/currency_wars_equipment_icons/currency_wars_equipment_003.png","33508","2026-07-25T13:12:04.0000000Z","9C8BAFB41CC081B61811196AD180DCE749B04C54725FDE5D09A3AB0766741780",""
"Added","artifacts/CurrencyWarsSmartRaccoon-0.2.778-win-x64-portable-shutdownfix-20260802/data/raw/4.4/equipment/890ae486642e979b/assets/currency_wars_equipment_icons/currency_wars_equipment_004.png","32624","2026-07-25T13:12:04.0000000Z","CC6F1DC7A6BCA0646026AF6139C43C658E6182FBD686040F58DCD24DE89D2963",""
"Added","artifacts/CurrencyWarsSmartRaccoon-0.2.778-win-x64-portable-shutdownfix-20260802/data/raw/4.4/equipment/890ae486642e979b/assets/currency_wars_equipment_icons/currency_wars_equipment_005.png","26921","2026-07-25T13:12:04.0000000Z","01B3A550D1AB3F78D27BA856E15C50A3C05C399F9A281AE4AD7352DCED994F0F",""
"Added","artifacts/CurrencyWarsSmartRaccoon-0.2.778-win-x64-portable-shutdownfix-20260802/data/raw/4.4/equipment/890ae486642e979b/assets/currency_wars_equipment_icons/currency_wars_equipment_006.png","31431","2026-07-25T13:12:04.0000000Z","8ACF2CD30D8767F494C80A77D6B34DF19BDE721EDDCBDDDFCF4002161122E1CA",""
"Added","artifacts/CurrencyWarsSmartRaccoon-0.2.778-win-x64-portable-shutdownfix-20260802/data/raw/4.4/equipment/890ae486642e979b/assets/currency_wars_equipment_icons/currency_wars_equipment_007.png","32624","2026-07-25T13:12:06.0000000Z","CC6F1DC7A6BCA0646026AF6139C43C658E6182FBD686040F58DCD24DE89D2963",""
"Added","artifacts/CurrencyWarsSmartRaccoon-0.2.778-win-x64-portable-shutdownfix-20260802/data/raw/4.4/equipment/890ae486642e979b/assets/currency_wars_equipment_icons/currency_wars_equipment_008.png","26921","2026-07-25T13:12:06.0000000Z","01B3A550D1AB3F78D27BA856E15C50A3C05C399F9A281AE4AD7352DCED994F0F",""
"Added","artifacts/CurrencyWarsSmartRaccoon-0.2.778-win-x64-portable-shutdownfix-20260802/data/raw/4.4/equipment/890ae486642e979b/assets/currency_wars_equipment_icons/currency_wars_equipment_009.png","31431","2026-07-25T13:12:06.0000000Z","8ACF2CD30D8767F494C80A77D6B34DF19BDE721EDDCBDDDFCF4002161122E1CA",""
"Added","artifacts/CurrencyWarsSmartRaccoon-0.2.778-win-x64-portable-shutdownfix-20260802/data/raw/4.4/equipment/890ae486642e979b/assets/currency_wars_equipment_icons/currency_wars_equipment_010.png","30646","2026-07-25T13:12:06.0000000Z","F3BED270B62A20EE5B4FD20767F8490872A12D701BDBD3F86783FBDF0128FB20",""
"Added","artifacts/CurrencyWarsSmartRaccoon-0.2.778-win-x64-portable-shutdownfix-20260802/data/raw/4.4/equipment/890ae486642e979b/assets/currency_wars_equipment_icons/currency_wars_equipment_011.png","29153","2026-07-25T13:12:06.0000000Z","B76CF23E2E2A70F706B61150374FEC2A60F2282F18256467D1D8D90591B0A531",""
"Added","artifacts/CurrencyWarsSmartRaccoon-0.2.778-win-x64-portable-shutdownfix-20260802/data/raw/4.4/equipment/890ae486642e979b/assets/currency_wars_equipment_icons/currency_wars_equipment_012.png","32913","2026-07-25T13:12:06.0000000Z","492D69C4B540DC8354045387B84D3A94FF655C20F3ACD373BE398708BD4D85D9",""
"Added","artifacts/CurrencyWarsSmartRaccoon-0.2.778-win-x64-portable-shutdownfix-20260802/data/raw/4.4/equipment/890ae486642e979b/assets/currency_wars_equipment_icons/currency_wars_equipment_013.png","33508","2026-07-25T13:12:06.0000000Z","9C8BAFB41CC081B61811196AD180DCE749B04C54725FDE5D09A3AB0766741780",""
"Added","artifacts/CurrencyWarsSmartRaccoon-0.2.778-win-x64-portable-shutdownfix-20260802/data/raw/4.4/equipment/890ae486642e979b/assets/currency_wars_equipment_icons/currency_wars_equipment_014.png","32624","2026-07-25T13:12:06.0000000Z","CC6F1DC7A6BCA0646026AF6139C43C658E6182FBD686040F58DCD24DE89D2963",""
"Added","artifacts/CurrencyWarsSmartRaccoon-0.2.778-win-x64-portable-shutdownfix-20260802/data/raw/4.4/equipment/890ae486642e979b/assets/currency_wars_equipment_icons/currency_wars_equipment_015.png","26921","2026-07-25T13:12:06.0000000Z","01B3A550D1AB3F78D27BA856E15C50A3C05C399F9A281AE4AD7352DCED994F0F",""
"Added","artifacts/CurrencyWarsSmartRaccoon-0.2.778-win-x64-portable-shutdownfix-20260802/data/raw/4.4/equipment/890ae486642e979b/assets/currency_wars_equipment_icons/currency_wars_equipment_016.png","31431","2026-07-25T13:12:06.0000000Z","8ACF2CD30D8767F494C80A77D6B34DF19BDE721EDDCBDDDFCF4002161122E1CA",""
"Added","artifacts/CurrencyWarsSmartRaccoon-0.2.778-win-x64-portable-shutdownfix-20260802/data/raw/4.4/equipment/890ae486642e979b/assets/currency_wars_equipment_icons/currency_wars_equipment_017.png","30646","2026-07-25T13:12:06.0000000Z","F3BED270B62A20EE5B4FD20767F8490872A12D701BDBD3F86783FBDF0128FB20",""
"Added","artifacts/CurrencyWarsSmartRaccoon-0.2.778-win-x64-portable-shutdownfix-20260802/data/raw/4.4/equipment/890ae486642e979b/assets/currency_wars_equipment_icons/currency_wars_equipment_020.png","30646","2026-07-25T13:12:08.0000000Z","F3BED270B62A20EE5B4FD20767F8490872A12D701BDBD3F86783FBDF0128FB20",""
"Added","artifacts/CurrencyWarsSmartRaccoon-0.2.778-win-x64-portable-shutdownfix-20260802/data/raw/4.4/equipment/890ae486642e979b/assets/currency_wars_equipment_icons/currency_wars_equipment_021.png","33358","2026-07-25T13:12:08.0000000Z","5790F420123A8C5C13F73666891D70BC7384C7061D990ECBC7071D6EBB073F12",""
"Added","artifacts/CurrencyWarsSmartRaccoon-0.2.778-win-x64-portable-shutdownfix-20260802/data/raw/4.4/equipment/890ae486642e979b/assets/currency_wars_equipment_icons/currency_wars_equipment_022.png","26569","2026-07-25T13:12:08.0000000Z","F0441E17CE30349F9454DC72C5730E631A70843499C9B1692D410783A8B914EA",""
"Added","artifacts/CurrencyWarsSmartRaccoon-0.2.778-win-x64-portable-shutdownfix-20260802/data/raw/4.4/equipment/890ae486642e979b/assets/currency_wars_equipment_icons/currency_wars_equipment_023.png","26569","2026-07-25T13:12:08.0000000Z","F0441E17CE30349F9454DC72C5730E631A70843499C9B1692D410783A8B914EA",""
"Added","artifacts/CurrencyWarsSmartRaccoon-0.2.778-win-x64-portable-shutdownfix-20260802/data/raw/4.4/equipment/890ae486642e979b/assets/currency_wars_equipment_icons/currency_wars_equipment_024.png","22471","2026-07-25T13:12:08.0000000Z","A1CB19AC93CDCDEFE2CF4D4F98E32770F1B60E047B33A25E9E2DAEE54912419C",""
"Added","artifacts/CurrencyWarsSmartRaccoon-0.2.778-win-x64-portable-shutdownfix-20260802/data/raw/4.4/equipment/890ae486642e979b/assets/currency_wars_equipment_icons/currency_wars_equipment_025.png","22471","2026-07-25T13:12:08.0000000Z","A1CB19AC93CDCDEFE2CF4D4F98E32770F1B60E047B33A25E9E2DAEE54912419C",""
"Added","artifacts/CurrencyWarsSmartRaccoon-0.2.778-win-x64-portable-shutdownfix-20260802/data/raw/4.4/equipment/890ae486642e979b/assets/currency_wars_equipment_icons/currency_wars_equipment_026.png","22471","2026-07-25T13:12:08.0000000Z","A1CB19AC93CDCDEFE2CF4D4F98E32770F1B60E047B33A25E9E2DAEE54912419C",""
"Added","artifacts/CurrencyWarsSmartRaccoon-0.2.778-win-x64-portable-shutdownfix-20260802/data/raw/4.4/equipment/890ae486642e979b/assets/currency_wars_equipment_icons/currency_wars_equipment_027.png","31237","2026-07-25T13:12:08.0000000Z","9EF6D5AF3970DD9023021AC532D72A3A1A3C57B97507A99B432677BE3635B4AF",""
"Added","artifacts/CurrencyWarsSmartRaccoon-0.2.778-win-x64-portable-shutdownfix-20260802/data/raw/4.4/equipment/890ae486642e979b/assets/currency_wars_equipment_icons/currency_wars_equipment_028.png","31237","2026-07-25T13:12:08.0000000Z","9EF6D5AF3970DD9023021AC532D72A3A1A3C57B97507A99B432677BE3635B4AF",""
"Added","artifacts/CurrencyWarsSmartRaccoon-0.2.778-win-x64-portable-shutdownfix-20260802/data/raw/4.4/equipment/890ae486642e979b/assets/currency_wars_equipment_icons/currency_wars_equipment_029.png","31237","2026-07-25T13:12:08.0000000Z","9EF6D5AF3970DD9023021AC532D72A3A1A3C57B97507A99B432677BE3635B4AF",""
"Added","artifacts/CurrencyWarsSmartRaccoon-0.2.778-win-x64-portable-shutdownfix-20260802/data/raw/4.4/equipment/890ae486642e979b/assets/currency_wars_equipment_icons/currency_wars_equipment_030.png","28923","2026-07-25T13:12:08.0000000Z","5E7CFA755E8919353448B176967365876C4748DCA06FD6C1E0AE66E899032788",""
"Added","artifacts/CurrencyWarsSmartRaccoon-0.2.778-win-x64-portable-shutdownfix-20260802/data/raw/4.4/equipment/890ae486642e979b/assets/currency_wars_equipment_icons/currency_wars_equipment_031.png","28923","2026-07-25T13:12:10.0000000Z","5E7CFA755E8919353448B176967365876C4748DCA06FD6C1E0AE66E899032788",""
"Added","artifacts/CurrencyWarsSmartRaccoon-0.2.778-win-x64-portable-shutdownfix-20260802/data/raw/4.4/equipment/890ae486642e979b/assets/currency_wars_equipment_icons/currency_wars_equipment_032.png","30570","2026-07-25T13:12:10.0000000Z","41BF730530558F7FFE3C31ADC6C4AECA06AB97BC495B8E372D7482642FBB4C53",""
"Added","artifacts/CurrencyWarsSmartRaccoon-0.2.778-win-x64-portable-shutdownfix-20260802/data/raw/4.4/equipment/890ae486642e979b/assets/currency_wars_equipment_icons/currency_wars_equipment_033.png","30570","2026-07-25T13:12:10.0000000Z","41BF730530558F7FFE3C31ADC6C4AECA06AB97BC495B8E372D7482642FBB4C53",""
"Added","artifacts/CurrencyWarsSmartRaccoon-0.2.778-win-x64-portable-shutdownfix-20260802/data/raw/4.4/equipment/890ae486642e979b/assets/currency_wars_equipment_icons/currency_wars_equipment_034.png","30116","2026-07-25T13:12:10.0000000Z","0DFF01418203EF0B8953F58EA464DAA675E1F7DCF15D3E8F7A1862DEA70D1D07",""
"Added","artifacts/CurrencyWarsSmartRaccoon-0.2.778-win-x64-portable-shutdownfix-20260802/data/raw/4.4/equipment/890ae486642e979b/assets/currency_wars_equipment_icons/currency_wars_equipment_035.png","30116","2026-07-25T13:12:10.0000000Z","0DFF01418203EF0B8953F58EA464DAA675E1F7DCF15D3E8F7A1862DEA70D1D07",""
"Added","artifacts/CurrencyWarsSmartRaccoon-0.2.778-win-x64-portable-shutdownfix-20260802/data/raw/4.4/equipment/890ae486642e979b/assets/currency_wars_equipment_icons/currency_wars_equipment_036.png","31045","2026-07-25T13:12:10.0000000Z","7F1683113B9E41CDA1A63B4E538B1281CD1DA09CE3952C5693E0EBBA607626EE",""
"Added","artifacts/CurrencyWarsSmartRaccoon-0.2.778-win-x64-portable-shutdownfix-20260802/data/raw/4.4/equipment/890ae486642e979b/assets/currency_wars_equipment_icons/currency_wars_equipment_037.png","32843","2026-07-25T13:12:10.0000000Z","5BAC56504B1DB84AE69062E3ECD70D19A3B66D62BAE4054DE1F2E407624032FD",""
"Added","artifacts/CurrencyWarsSmartRaccoon-0.2.778-win-x64-portable-shutdownfix-20260802/data/raw/4.4/equipment/890ae486642e979b/assets/currency_wars_equipment_icons/currency_wars_equipment_038.png","25685","2026-07-25T13:12:10.0000000Z","DCFF06368995FD6CA429B87F3885C8D6DB241FBCD9492DDB245E9BA6B828E98F",""
"Added","artifacts/CurrencyWarsSmartRaccoon-0.2.778-win-x64-portable-shutdownfix-20260802/data/raw/4.4/equipment/890ae486642e979b/assets/currency_wars_equipment_icons/currency_wars_equipment_039.png","29806","2026-07-25T13:12:10.0000000Z","B8999031CAC93715AF548D29AEAE29006FD0CCB2D993F830593DC9D2F3099E49",""
"Added","artifacts/CurrencyWarsSmartRaccoon-0.2.778-win-x64-portable-shutdownfix-20260802/data/raw/4.4/equipment/890ae486642e979b/assets/currency_wars_equipment_icons/currency_wars_equipment_040.png","13641","2026-07-25T13:12:10.0000000Z","3BF2828AF7D7DDB7FC4DD7EC056806D1E4C0B52088BE0C8ED5F43047B70DE715",""
"Added","artifacts/CurrencyWarsSmartRaccoon-0.2.778-win-x64-portable-shutdownfix-20260802/data/raw/4.4/equipment/890ae486642e979b/assets/currency_wars_equipment_icons/currency_wars_equipment_041.png","14421","2026-07-25T13:12:10.0000000Z","9F391D51343B6FBDEB159B5832D4013412170DF6DD49F2D4F407E54E9F7F0013",""
"Added","artifacts/CurrencyWarsSmartRaccoon-0.2.778-win-x64-portable-shutdownfix-20260802/data/raw/4.4/equipment/890ae486642e979b/assets/currency_wars_equipment_icons/currency_wars_equipment_042.png","16206","2026-07-25T13:12:10.0000000Z","7FE80889EFEA95EEA2445FAADC74748AA5C236BAD00ED96E1111D6B91B03EB09",""
"Added","artifacts/CurrencyWarsSmartRaccoon-0.2.778-win-x64-portable-shutdownfix-20260802/data/raw/4.4/equipment/890ae486642e979b/assets/currency_wars_equipment_icons/currency_wars_equipment_043.png","13879","2026-07-25T13:12:12.0000000Z","0F48B0A0F9FB6045A0C9F0955416A0016E9484E2EF46F3E1F61D84B604019BF7",""
"Added","artifacts/CurrencyWarsSmartRaccoon-0.2.778-win-x64-portable-shutdownfix-20260802/data/raw/4.4/equipment/890ae486642e979b/assets/currency_wars_equipment_icons/currency_wars_equipment_044.png","11910","2026-07-25T13:12:12.0000000Z","A9E3C2BE6EAEF07306123FD11A9C326D182A8D7DDEBCEA7B06489B2783C18DE4",""
"Added","artifacts/CurrencyWarsSmartRaccoon-0.2.778-win-x64-portable-shutdownfix-20260802/data/raw/4.4/equipment/890ae486642e979b/assets/currency_wars_equipment_icons/currency_wars_equipment_045.png","19244","2026-07-25T13:12:12.0000000Z","08498D5F24560DE057CF968027C9DCCF579E81BCF04CD8EFB03806BDA74E0A62",""
"Added","artifacts/CurrencyWarsSmartRaccoon-0.2.778-win-x64-portable-shutdownfix-20260802/data/raw/4.4/equipment/890ae486642e979b/assets/currency_wars_equipment_icons/currency_wars_equipment_046.png","18603","2026-07-25T13:12:12.0000000Z","35E375357EDAF3CDBE3FD7D57989BF4302350FF428CE1D2160A2C555A94D67B1",""
"Added","artifacts/CurrencyWarsSmartRaccoon-0.2.778-win-x64-portable-shutdownfix-20260802/data/raw/4.4/equipment/890ae486642e979b/assets/currency_wars_equipment_icons/currency_wars_equipment_047.png","14406","2026-07-25T13:12:12.0000000Z","C261F505B9F0B395CF89838F153C4F073DECDB3EC3076A78F9FB12DEF099D56F",""
"Added","artifacts/CurrencyWarsSmartRaccoon-0.2.778-win-x64-portable-shutdownfix-20260802/data/raw/4.4/equipment/890ae486642e979b/assets/currency_wars_equipment_icons/currency_wars_equipment_048.png","35177","2026-07-25T13:12:12.0000000Z","0111479A0CCB4585CCB931ACBAAB0E9771877936A5CE7AE10850242A446E0CB9",""
"Added","artifacts/CurrencyWarsSmartRaccoon-0.2.778-win-x64-portable-shutdownfix-20260802/data/raw/4.4/equipment/890ae486642e979b/assets/currency_wars_equipment_icons/currency_wars_equipment_049.png","31189","2026-07-25T13:12:12.0000000Z","56BEA7098D3578A24612068268E277F53E143B1AA23AC0D32DF8AFADCA76C09E",""
"Added","artifacts/CurrencyWarsSmartRaccoon-0.2.778-win-x64-portable-shutdownfix-20260802/data/raw/4.4/equipment/890ae486642e979b/assets/currency_wars_equipment_icons/currency_wars_equipment_050.png","23578","2026-07-25T13:12:12.0000000Z","4C7F19FA94A7B2845A067E086A52874E66CD3F35FFB3533A14B142DD475FB782",""
"Added","artifacts/CurrencyWarsSmartRaccoon-0.2.778-win-x64-portable-shutdownfix-20260802/data/raw/4.4/equipment/890ae486642e979b/assets/currency_wars_equipment_icons/currency_wars_equipment_051.png","31526","2026-07-25T13:12:12.0000000Z","E6A8ADCD7331B1036186A76B3190CD5746B58D89E84E5A6AA07A25860B760EB2",""
"Added","artifacts/CurrencyWarsSmartRaccoon-0.2.778-win-x64-portable-shutdownfix-20260802/data/raw/4.4/equipment/890ae486642e979b/assets/currency_wars_equipment_icons/currency_wars_equipment_052.png","32541","2026-07-25T13:12:12.0000000Z","8558D839F989CFECE0189CE7007C88F6DEB48C685F9CFB48FA717F2E85273CC9",""
"Added","artifacts/CurrencyWarsSmartRaccoon-0.2.778-win-x64-portable-shutdownfix-20260802/data/raw/4.4/equipment/890ae486642e979b/assets/currency_wars_equipment_icons/currency_wars_equipment_053.png","29689","2026-07-25T13:12:12.0000000Z","359B80002377CF9ECEC3020DB298D7DD3210DD5A6041DA94304099DA2F042D58",""
"Added","artifacts/CurrencyWarsSmartRaccoon-0.2.778-win-x64-portable-shutdownfix-20260802/data/raw/4.4/equipment/890ae486642e979b/assets/currency_wars_equipment_icons/currency_wars_equipment_054.png","32182","2026-07-25T13:12:12.0000000Z","D56460779D29BC6F8E2169276F523F28C6E341CE95AA0905C903BD5E8CF415F5",""
"Added","artifacts/CurrencyWarsSmartRaccoon-0.2.778-win-x64-portable-shutdownfix-20260802/data/raw/4.4/equipment/890ae486642e979b/assets/currency_wars_equipment_icons/currency_wars_equipment_055.png","27496","2026-07-25T13:12:12.0000000Z","4ED72AE50D0FE4BADC8ED4AA14681EDE39657BBC080E4BC89BC2D18D90F145A3",""
"Added","artifacts/CurrencyWarsSmartRaccoon-0.2.778-win-x64-portable-shutdownfix-20260802/data/raw/4.4/equipment/890ae486642e979b/assets/currency_wars_equipment_icons/currency_wars_equipment_056.png","36000","2026-07-25T13:12:14.0000000Z","99B3ABC3F7A8173DB5ACCAD10CBC62CF4DCE5EA3FEC2ED23E2D5F8F57C3EC898",""
"Added","artifacts/CurrencyWarsSmartRaccoon-0.2.778-win-x64-portable-shutdownfix-20260802/data/raw/4.4/equipment/890ae486642e979b/assets/currency_wars_equipment_icons/currency_wars_equipment_057.png","29210","2026-07-25T13:12:14.0000000Z","FE7118A0D80B31261CC4D653850BC491820B4C1BE3BA1DEDF59A73CDF8EB8618",""
"Added","artifacts/CurrencyWarsSmartRaccoon-0.2.778-win-x64-portable-shutdownfix-20260802/data/raw/4.4/equipment/890ae486642e979b/assets/currency_wars_equipment_icons/currency_wars_equipment_058.png","32644","2026-07-25T13:12:14.0000000Z","CEB9C15BD35A9524343FEC674B485FC4C2695D6BC659A7A2EC311D65E9C4E78E",""
"Added","artifacts/CurrencyWarsSmartRaccoon-0.2.778-win-x64-portable-shutdownfix-20260802/data/raw/4.4/equipment/890ae486642e979b/assets/currency_wars_equipment_icons/currency_wars_equipment_059.png","31931","2026-07-25T13:12:14.0000000Z","141D508A6FDEF1B32355695AAE4CE660CE2AB31DDD97F7A353192992FC7B6C83",""
"Added","artifacts/CurrencyWarsSmartRaccoon-0.2.778-win-x64-portable-shutdownfix-20260802/data/raw/4.4/equipment/890ae486642e979b/assets/currency_wars_equipment_icons/currency_wars_equipment_060.png","31190","2026-07-25T13:12:14.0000000Z","B0ADF69DDDD5D0A23FDD0FEA212C0B83A830ED01A268FBDDDCC3F9825BFBC7A5",""
"Added","artifacts/CurrencyWarsSmartRaccoon-0.2.778-win-x64-portable-shutdownfix-20260802/data/raw/4.4/equipment/890ae486642e979b/assets/currency_wars_equipment_icons/currency_wars_equipment_061.png","29300","2026-07-25T13:12:14.0000000Z","F521D20BC46C8E46893FA4EBED01E15FDC6732E627607EAAF062680CAD852B7B",""
"Added","artifacts/CurrencyWarsSmartRaccoon-0.2.778-win-x64-portable-shutdownfix-20260802/data/raw/4.4/equipment/890ae486642e979b/assets/currency_wars_equipment_icons/currency_wars_equipment_062.png","31263","2026-07-25T13:12:14.0000000Z","4C8EAE7C74F190FA5C1FD125F6EDCF48BF821F2363F91E4AB6774E0FBB20B8B7",""
"Added","artifacts/CurrencyWarsSmartRaccoon-0.2.778-win-x64-portable-shutdownfix-20260802/data/raw/4.4/equipment/890ae486642e979b/assets/currency_wars_equipment_icons/currency_wars_equipment_063.png","34524","2026-07-25T13:12:14.0000000Z","93348C2A315F9C98E8161BDA98ADD1B8F30CA312FD1CA69D1B26D466F4DFCC06",""
"Added","artifacts/CurrencyWarsSmartRaccoon-0.2.778-win-x64-portable-shutdownfix-20260802/data/raw/4.4/equipment/890ae486642e979b/assets/currency_wars_equipment_icons/currency_wars_equipment_064.png","32428","2026-07-25T13:12:14.0000000Z","20F77F28E219C512CC588F109F488B5EA091DA115A8A98AD2968ABFC39B6EA7E",""
"Added","artifacts/CurrencyWarsSmartRaccoon-0.2.778-win-x64-portable-shutdownfix-20260802/data/raw/4.4/equipment/890ae486642e979b/assets/currency_wars_equipment_icons/currency_wars_equipment_065.png","29579","2026-07-25T13:12:14.0000000Z","563ED7F4A54407F1B8EE88E837789E264CB59F4CB17DE0460115D5F747796D4B",""
"Added","artifacts/CurrencyWarsSmartRaccoon-0.2.778-win-x64-portable-shutdownfix-20260802/data/raw/4.4/equipment/890ae486642e979b/assets/currency_wars_equipment_icons/currency_wars_equipment_066.png","26355","2026-07-25T13:12:14.0000000Z","3F53C178DAA9CE82877B9E7BF4D39F0DCAC781E269E892B800F0551C68D6F548",""
"Added","artifacts/CurrencyWarsSmartRaccoon-0.2.778-win-x64-portable-shutdownfix-20260802/data/raw/4.4/equipment/890ae486642e979b/assets/currency_wars_equipment_icons/currency_wars_equipment_067.png","32281","2026-07-25T13:12:14.0000000Z","111A5D051A9C8CEEA2486D22098C6F919130418E525D151F6098CE9FA1625389",""
"Added","artifacts/CurrencyWarsSmartRaccoon-0.2.778-win-x64-portable-shutdownfix-20260802/data/raw/4.4/equipment/890ae486642e979b/assets/currency_wars_equipment_icons/currency_wars_equipment_068.png","25438","2026-07-25T13:12:16.0000000Z","4204A0B84679223ECF29A6CA036E6AA95957CF6CD33512C64E55E6AE576DBB2E",""
"Added","artifacts/CurrencyWarsSmartRaccoon-0.2.778-win-x64-portable-shutdownfix-20260802/data/raw/4.4/equipment/890ae486642e979b/assets/currency_wars_equipment_icons/currency_wars_equipment_069.png","33094","2026-07-25T13:12:16.0000000Z","F61A5944C98C2E3D9DB314585345C0E673DF145DE7CE9BA27CEA447C8D9D2220",""
"Added","artifacts/CurrencyWarsSmartRaccoon-0.2.778-win-x64-portable-shutdownfix-20260802/data/raw/4.4/equipment/890ae486642e979b/assets/currency_wars_equipment_icons/currency_wars_equipment_070.png","29134","2026-07-25T13:12:16.0000000Z","88A4334EC2C83711532325576281581F338B1B709B968407B0C90458CF2B63B8",""
"Added","artifacts/CurrencyWarsSmartRaccoon-0.2.778-win-x64-portable-shutdownfix-20260802/data/raw/4.4/equipment/890ae486642e979b/assets/currency_wars_equipment_icons/currency_wars_equipment_071.png","32555","2026-07-25T13:12:16.0000000Z","4A5F98D5703C2F8EC46DD348A41161178EF6976EA790711CC3BEF4331708EC47",""
"Added","artifacts/CurrencyWarsSmartRaccoon-0.2.778-win-x64-portable-shutdownfix-20260802/data/raw/4.4/equipment/890ae486642e979b/assets/currency_wars_equipment_icons/currency_wars_equipment_072.png","29438","2026-07-25T13:12:16.0000000Z","0E381740B644F074D8D57A640343A5197BBA7C3469149F96C7D6BAE8EA2D124B",""
"Added","artifacts/CurrencyWarsSmartRaccoon-0.2.778-win-x64-portable-shutdownfix-20260802/data/raw/4.4/equipment/890ae486642e979b/assets/currency_wars_equipment_icons/currency_wars_equipment_073.png","31837","2026-07-25T13:12:16.0000000Z","BC53B2F878F643CE96519B04075F5E3D9301249E8C703DBEAFC2C83098710FEA",""
"Added","artifacts/CurrencyWarsSmartRaccoon-0.2.778-win-x64-portable-shutdownfix-20260802/data/raw/4.4/equipment/890ae486642e979b/assets/currency_wars_equipment_icons/currency_wars_equipment_074.png","30024","2026-07-25T13:12:16.0000000Z","B7715DDB5C9DEA4D24897D8F80A1C790C272CE6CBFA1AB336A6078C379B610D2",""
"Added","artifacts/CurrencyWarsSmartRaccoon-0.2.778-win-x64-portable-shutdownfix-20260802/data/raw/4.4/equipment/890ae486642e979b/assets/currency_wars_equipment_icons/currency_wars_equipment_075.png","25775","2026-07-25T13:12:16.0000000Z","A7992E1A9BC95462F233D13AD4619571C80B69E62DDCA7F14275F4ABD006EA90",""
"Added","artifacts/CurrencyWarsSmartRaccoon-0.2.778-win-x64-portable-shutdownfix-20260802/data/raw/4.4/equipment/890ae486642e979b/assets/currency_wars_equipment_icons/currency_wars_equipment_076.png","34365","2026-07-25T13:12:16.0000000Z","4F0536A5DF57DBB1FD94FA4688A2DA232F7E20347F9810AD0D3633404917EAAC",""
"Added","artifacts/CurrencyWarsSmartRaccoon-0.2.778-win-x64-portable-shutdownfix-20260802/data/raw/4.4/equipment/890ae486642e979b/assets/currency_wars_equipment_icons/currency_wars_equipment_077.png","34741","2026-07-25T13:12:16.0000000Z","33121AB041DF3A0573FB638F4687C2DABD116E0BA6F4AE08D6A0839D25AFFE9C",""
"Added","artifacts/CurrencyWarsSmartRaccoon-0.2.778-win-x64-portable-shutdownfix-20260802/data/raw/4.4/equipment/890ae486642e979b/assets/currency_wars_equipment_icons/currency_wars_equipment_078.png","32726","2026-07-25T13:12:16.0000000Z","5468037F10A03DB79DB0FF7FD5C64DE648CC4A5E9459279826D25A2E9D083302",""
"Added","artifacts/CurrencyWarsSmartRaccoon-0.2.778-win-x64-portable-shutdownfix-20260802/data/raw/4.4/equipment/890ae486642e979b/assets/currency_wars_equipment_icons/currency_wars_equipment_079.png","26340","2026-07-25T13:12:18.0000000Z","057093A212C7DC7196A410CD1FAE91FEC7BD4E34113EA1FFE0FD38573350DC11",""
"Added","artifacts/CurrencyWarsSmartRaccoon-0.2.778-win-x64-portable-shutdownfix-20260802/data/raw/4.4/equipment/890ae486642e979b/assets/currency_wars_equipment_icons/currency_wars_equipment_080.png","33526","2026-07-25T13:12:18.0000000Z","EF05EF9C99143308D34121776F49B584F899A13AFFF12BC3D8AE58C6ACAC8898",""
"Added","artifacts/CurrencyWarsSmartRaccoon-0.2.778-win-x64-portable-shutdownfix-20260802/data/raw/4.4/equipment/890ae486642e979b/assets/currency_wars_equipment_icons/currency_wars_equipment_081.png","31824","2026-07-25T13:12:18.0000000Z","014EF547BCA716049301E771BB5F9FF025777D31210818901237269F6872A98B",""
"Added","artifacts/CurrencyWarsSmartRaccoon-0.2.778-win-x64-portable-shutdownfix-20260802/data/raw/4.4/equipment/890ae486642e979b/assets/currency_wars_equipment_icons/currency_wars_equipment_082.png","24563","2026-07-25T13:12:18.0000000Z","41503631A9126CB5EFF4A7386E577541E7A29C980222264E131FEBF96517B31B",""
"Added","artifacts/CurrencyWarsSmartRaccoon-0.2.778-win-x64-portable-shutdownfix-20260802/data/raw/4.4/equipment/890ae486642e979b/assets/currency_wars_equipment_icons/currency_wars_equipment_083.png","30328","2026-07-25T13:12:18.0000000Z","68BB0C44F85D14E6D41ADA9323292B90C02ACD6FF956315E456B912F73C8BF4E",""
"Added","artifacts/CurrencyWarsSmartRaccoon-0.2.778-win-x64-portable-shutdownfix-20260802/data/raw/4.4/equipment/890ae486642e979b/assets/currency_wars_equipment_icons/currency_wars_equipment_084.png","25537","2026-07-25T13:12:18.0000000Z","89A8842BEF4CD82A65C23CCC24C11539B90BD4C9F3245E3D46D5238E1C1F7999",""
"Added","artifacts/CurrencyWarsSmartRaccoon-0.2.778-win-x64-portable-shutdownfix-20260802/data/raw/4.4/equipment/890ae486642e979b/assets/currency_wars_equipment_icons/currency_wars_equipment_085.png","23266","2026-07-25T13:12:18.0000000Z","7D996184F8090BD7A0BB79699810F2A9E1CDEBD52FDE7ED2CF34EC7E8E6D143C",""
"Added","artifacts/CurrencyWarsSmartRaccoon-0.2.778-win-x64-portable-shutdownfix-20260802/data/raw/4.4/equipment/890ae486642e979b/assets/currency_wars_equipment_icons/currency_wars_equipment_086.png","25733","2026-07-25T13:12:18.0000000Z","1E13D90DC6590245DF3AA2DF61285035F1A37D311DBA5770E7588E4D5E9543CB",""
"Added","artifacts/CurrencyWarsSmartRaccoon-0.2.778-win-x64-portable-shutdownfix-20260802/data/raw/4.4/equipment/890ae486642e979b/assets/currency_wars_equipment_icons/currency_wars_equipment_087.png","35177","2026-07-25T13:12:18.0000000Z","0111479A0CCB4585CCB931ACBAAB0E9771877936A5CE7AE10850242A446E0CB9",""
"Added","artifacts/CurrencyWarsSmartRaccoon-0.2.778-win-x64-portable-shutdownfix-20260802/data/raw/4.4/equipment/890ae486642e979b/assets/currency_wars_equipment_icons/currency_wars_equipment_088.png","31189","2026-07-25T13:12:18.0000000Z","56BEA7098D3578A24612068268E277F53E143B1AA23AC0D32DF8AFADCA76C09E",""
"Added","artifacts/CurrencyWarsSmartRaccoon-0.2.778-win-x64-portable-shutdownfix-20260802/data/raw/4.4/equipment/890ae486642e979b/assets/currency_wars_equipment_icons/currency_wars_equipment_089.png","23578","2026-07-25T13:12:18.0000000Z","4C7F19FA94A7B2845A067E086A52874E66CD3F35FFB3533A14B142DD475FB782",""
"Added","artifacts/CurrencyWarsSmartRaccoon-0.2.778-win-x64-portable-shutdownfix-20260802/data/raw/4.4/equipment/890ae486642e979b/assets/currency_wars_equipment_icons/currency_wars_equipment_090.png","31526","2026-07-25T13:12:18.0000000Z","E6A8ADCD7331B1036186A76B3190CD5746B58D89E84E5A6AA07A25860B760EB2",""
"Added","artifacts/CurrencyWarsSmartRaccoon-0.2.778-win-x64-portable-shutdownfix-20260802/data/raw/4.4/equipment/890ae486642e979b/assets/currency_wars_equipment_icons/currency_wars_equipment_091.png","32541","2026-07-25T13:12:18.0000000Z","8558D839F989CFECE0189CE7007C88F6DEB48C685F9CFB48FA717F2E85273CC9",""
"Added","artifacts/CurrencyWarsSmartRaccoon-0.2.778-win-x64-portable-shutdownfix-20260802/data/raw/4.4/equipment/890ae486642e979b/assets/currency_wars_equipment_icons/currency_wars_equipment_092.png","29689","2026-07-25T13:12:20.0000000Z","359B80002377CF9ECEC3020DB298D7DD3210DD5A6041DA94304099DA2F042D58",""
"Added","artifacts/CurrencyWarsSmartRaccoon-0.2.778-win-x64-portable-shutdownfix-20260802/data/raw/4.4/equipment/890ae486642e979b/assets/currency_wars_equipment_icons/currency_wars_equipment_093.png","32182","2026-07-25T13:12:20.0000000Z","D56460779D29BC6F8E2169276F523F28C6E341CE95AA0905C903BD5E8CF415F5",""
"Added","artifacts/CurrencyWarsSmartRaccoon-0.2.778-win-x64-portable-shutdownfix-20260802/data/raw/4.4/equipment/890ae486642e979b/assets/currency_wars_equipment_icons/currency_wars_equipment_094.png","27496","2026-07-25T13:12:20.0000000Z","4ED72AE50D0FE4BADC8ED4AA14681EDE39657BBC080E4BC89BC2D18D90F145A3",""
"Added","artifacts/CurrencyWarsSmartRaccoon-0.2.778-win-x64-portable-shutdownfix-20260802/data/raw/4.4/equipment/890ae486642e979b/assets/currency_wars_equipment_icons/currency_wars_equipment_095.png","36000","2026-07-25T13:12:20.0000000Z","99B3ABC3F7A8173DB5ACCAD10CBC62CF4DCE5EA3FEC2ED23E2D5F8F57C3EC898",""
"Added","artifacts/CurrencyWarsSmartRaccoon-0.2.778-win-x64-portable-shutdownfix-20260802/data/raw/4.4/equipment/890ae486642e979b/assets/currency_wars_equipment_icons/currency_wars_equipment_096.png","29210","2026-07-25T13:12:20.0000000Z","FE7118A0D80B31261CC4D653850BC491820B4C1BE3BA1DEDF59A73CDF8EB8618",""
"Added","artifacts/CurrencyWarsSmartRaccoon-0.2.778-win-x64-portable-shutdownfix-20260802/data/raw/4.4/equipment/890ae486642e979b/assets/currency_wars_equipment_icons/currency_wars_equipment_097.png","32644","2026-07-25T13:12:20.0000000Z","CEB9C15BD35A9524343FEC674B485FC4C2695D6BC659A7A2EC311D65E9C4E78E",""
"Added","artifacts/CurrencyWarsSmartRaccoon-0.2.778-win-x64-portable-shutdownfix-20260802/data/raw/4.4/equipment/890ae486642e979b/assets/currency_wars_equipment_icons/currency_wars_equipment_098.png","31931","2026-07-25T13:12:20.0000000Z","141D508A6FDEF1B32355695AAE4CE660CE2AB31DDD97F7A353192992FC7B6C83",""
"Added","artifacts/CurrencyWarsSmartRaccoon-0.2.778-win-x64-portable-shutdownfix-20260802/data/raw/4.4/equipment/890ae486642e979b/assets/currency_wars_equipment_icons/currency_wars_equipment_099.png","31190","2026-07-25T13:12:20.0000000Z","B0ADF69DDDD5D0A23FDD0FEA212C0B83A830ED01A268FBDDDCC3F9825BFBC7A5",""
"Added","artifacts/CurrencyWarsSmartRaccoon-0.2.778-win-x64-portable-shutdownfix-20260802/data/raw/4.4/equipment/890ae486642e979b/assets/currency_wars_equipment_icons/currency_wars_equipment_100.png","29300","2026-07-25T13:12:20.0000000Z","F521D20BC46C8E46893FA4EBED01E15FDC6732E627607EAAF062680CAD852B7B",""
"Added","artifacts/CurrencyWarsSmartRaccoon-0.2.778-win-x64-portable-shutdownfix-20260802/data/raw/4.4/equipment/890ae486642e979b/assets/currency_wars_equipment_icons/currency_wars_equipment_101.png","31263","2026-07-25T13:12:22.0000000Z","4C8EAE7C74F190FA5C1FD125F6EDCF48BF821F2363F91E4AB6774E0FBB20B8B7",""
"Added","artifacts/CurrencyWarsSmartRaccoon-0.2.778-win-x64-portable-shutdownfix-20260802/data/raw/4.4/equipment/890ae486642e979b/assets/currency_wars_equipment_icons/currency_wars_equipment_102.png","34524","2026-07-25T13:12:22.0000000Z","93348C2A315F9C98E8161BDA98ADD1B8F30CA312FD1CA69D1B26D466F4DFCC06",""
"Added","artifacts/CurrencyWarsSmartRaccoon-0.2.778-win-x64-portable-shutdownfix-20260802/data/raw/4.4/equipment/890ae486642e979b/assets/currency_wars_equipment_icons/currency_wars_equipment_103.png","32428","2026-07-25T13:12:22.0000000Z","20F77F28E219C512CC588F109F488B5EA091DA115A8A98AD2968ABFC39B6EA7E",""
"Added","artifacts/CurrencyWarsSmartRaccoon-0.2.778-win-x64-portable-shutdownfix-20260802/data/raw/4.4/equipment/890ae486642e979b/assets/currency_wars_equipment_icons/currency_wars_equipment_104.png","29579","2026-07-25T13:12:22.0000000Z","563ED7F4A54407F1B8EE88E837789E264CB59F4CB17DE0460115D5F747796D4B",""
"Added","artifacts/CurrencyWarsSmartRaccoon-0.2.778-win-x64-portable-shutdownfix-20260802/data/raw/4.4/equipment/890ae486642e979b/assets/currency_wars_equipment_icons/currency_wars_equipment_105.png","26355","2026-07-25T13:12:22.0000000Z","3F53C178DAA9CE82877B9E7BF4D39F0DCAC781E269E892B800F0551C68D6F548",""
"Added","artifacts/CurrencyWarsSmartRaccoon-0.2.778-win-x64-portable-shutdownfix-20260802/data/raw/4.4/equipment/890ae486642e979b/assets/currency_wars_equipment_icons/currency_wars_equipment_106.png","32281","2026-07-25T13:12:22.0000000Z","111A5D051A9C8CEEA2486D22098C6F919130418E525D151F6098CE9FA1625389",""
"Added","artifacts/CurrencyWarsSmartRaccoon-0.2.778-win-x64-portable-shutdownfix-20260802/data/raw/4.4/equipment/890ae486642e979b/assets/currency_wars_equipment_icons/currency_wars_equipment_107.png","25438","2026-07-25T13:12:22.0000000Z","4204A0B84679223ECF29A6CA036E6AA95957CF6CD33512C64E55E6AE576DBB2E",""
"Added","artifacts/CurrencyWarsSmartRaccoon-0.2.778-win-x64-portable-shutdownfix-20260802/data/raw/4.4/equipment/890ae486642e979b/assets/currency_wars_equipment_icons/currency_wars_equipment_108.png","33094","2026-07-25T13:12:22.0000000Z","F61A5944C98C2E3D9DB314585345C0E673DF145DE7CE9BA27CEA447C8D9D2220",""
"Added","artifacts/CurrencyWarsSmartRaccoon-0.2.778-win-x64-portable-shutdownfix-20260802/data/raw/4.4/equipment/890ae486642e979b/assets/currency_wars_equipment_icons/currency_wars_equipment_109.png","29134","2026-07-25T13:12:22.0000000Z","88A4334EC2C83711532325576281581F338B1B709B968407B0C90458CF2B63B8",""
"Added","artifacts/CurrencyWarsSmartRaccoon-0.2.778-win-x64-portable-shutdownfix-20260802/data/raw/4.4/equipment/890ae486642e979b/assets/currency_wars_equipment_icons/currency_wars_equipment_110.png","32555","2026-07-25T13:12:22.0000000Z","4A5F98D5703C2F8EC46DD348A41161178EF6976EA790711CC3BEF4331708EC47",""
"Added","artifacts/CurrencyWarsSmartRaccoon-0.2.778-win-x64-portable-shutdownfix-20260802/data/raw/4.4/equipment/890ae486642e979b/assets/currency_wars_equipment_icons/currency_wars_equipment_111.png","29438","2026-07-25T13:12:22.0000000Z","0E381740B644F074D8D57A640343A5197BBA7C3469149F96C7D6BAE8EA2D124B",""
"Added","artifacts/CurrencyWarsSmartRaccoon-0.2.778-win-x64-portable-shutdownfix-20260802/data/raw/4.4/equipment/890ae486642e979b/assets/currency_wars_equipment_icons/currency_wars_equipment_112.png","31837","2026-07-25T13:12:22.0000000Z","BC53B2F878F643CE96519B04075F5E3D9301249E8C703DBEAFC2C83098710FEA",""
"Added","artifacts/CurrencyWarsSmartRaccoon-0.2.778-win-x64-portable-shutdownfix-20260802/data/raw/4.4/equipment/890ae486642e979b/assets/currency_wars_equipment_icons/currency_wars_equipment_113.png","30024","2026-07-25T13:12:24.0000000Z","B7715DDB5C9DEA4D24897D8F80A1C790C272CE6CBFA1AB336A6078C379B610D2",""
"Added","artifacts/CurrencyWarsSmartRaccoon-0.2.778-win-x64-portable-shutdownfix-20260802/data/raw/4.4/equipment/890ae486642e979b/assets/currency_wars_equipment_icons/currency_wars_equipment_114.png","25775","2026-07-25T13:12:24.0000000Z","A7992E1A9BC95462F233D13AD4619571C80B69E62DDCA7F14275F4ABD006EA90",""
"Added","artifacts/CurrencyWarsSmartRaccoon-0.2.778-win-x64-portable-shutdownfix-20260802/data/raw/4.4/equipment/890ae486642e979b/assets/currency_wars_equipment_icons/currency_wars_equipment_115.png","34365","2026-07-25T13:12:24.0000000Z","4F0536A5DF57DBB1FD94FA4688A2DA232F7E20347F9810AD0D3633404917EAAC",""
"Added","artifacts/CurrencyWarsSmartRaccoon-0.2.778-win-x64-portable-shutdownfix-20260802/data/raw/4.4/equipment/890ae486642e979b/assets/currency_wars_equipment_icons/currency_wars_equipment_116.png","34741","2026-07-25T13:12:24.0000000Z","33121AB041DF3A0573FB638F4687C2DABD116E0BA6F4AE08D6A0839D25AFFE9C",""
"Added","artifacts/CurrencyWarsSmartRaccoon-0.2.778-win-x64-portable-shutdownfix-20260802/data/raw/4.4/equipment/890ae486642e979b/assets/currency_wars_equipment_icons/currency_wars_equipment_117.png","32726","2026-07-25T13:12:24.0000000Z","5468037F10A03DB79DB0FF7FD5C64DE648CC4A5E9459279826D25A2E9D083302",""
"Added","artifacts/CurrencyWarsSmartRaccoon-0.2.778-win-x64-portable-shutdownfix-20260802/data/raw/4.4/equipment/890ae486642e979b/assets/currency_wars_equipment_icons/currency_wars_equipment_118.png","26340","2026-07-25T13:12:24.0000000Z","057093A212C7DC7196A410CD1FAE91FEC7BD4E34113EA1FFE0FD38573350DC11",""
"Added","artifacts/CurrencyWarsSmartRaccoon-0.2.778-win-x64-portable-shutdownfix-20260802/data/raw/4.4/equipment/890ae486642e979b/assets/currency_wars_equipment_icons/currency_wars_equipment_119.png","33526","2026-07-25T13:12:24.0000000Z","EF05EF9C99143308D34121776F49B584F899A13AFFF12BC3D8AE58C6ACAC8898",""
"Added","artifacts/CurrencyWarsSmartRaccoon-0.2.778-win-x64-portable-shutdownfix-20260802/data/raw/4.4/equipment/890ae486642e979b/assets/currency_wars_equipment_icons/currency_wars_equipment_120.png","31824","2026-07-25T13:12:24.0000000Z","014EF547BCA716049301E771BB5F9FF025777D31210818901237269F6872A98B",""
"Added","artifacts/CurrencyWarsSmartRaccoon-0.2.778-win-x64-portable-shutdownfix-20260802/data/raw/4.4/equipment/890ae486642e979b/assets/currency_wars_equipment_icons/currency_wars_equipment_121.png","24563","2026-07-25T13:12:24.0000000Z","41503631A9126CB5EFF4A7386E577541E7A29C980222264E131FEBF96517B31B",""
"Added","artifacts/CurrencyWarsSmartRaccoon-0.2.778-win-x64-portable-shutdownfix-20260802/data/raw/4.4/equipment/890ae486642e979b/assets/currency_wars_equipment_icons/currency_wars_equipment_122.png","30328","2026-07-25T13:12:24.0000000Z","68BB0C44F85D14E6D41ADA9323292B90C02ACD6FF956315E456B912F73C8BF4E",""
"Added","artifacts/CurrencyWarsSmartRaccoon-0.2.778-win-x64-portable-shutdownfix-20260802/data/raw/4.4/equipment/890ae486642e979b/assets/currency_wars_equipment_icons/currency_wars_equipment_123.png","27148","2026-07-25T13:12:24.0000000Z","38A5E8C5F8A6501E4F39D29F089F8285F6C436DA2E3565EFB22EBB032FC10EAD",""
"Added","artifacts/CurrencyWarsSmartRaccoon-0.2.778-win-x64-portable-shutdownfix-20260802/data/raw/4.4/equipment/890ae486642e979b/assets/currency_wars_equipment_icons/currency_wars_equipment_124.png","25846","2026-07-25T13:12:26.0000000Z","2869B5B66D622304F025A8128BEEA24990F68ECE240482A1765A59A6301E70B3",""
"Added","artifacts/CurrencyWarsSmartRaccoon-0.2.778-win-x64-portable-shutdownfix-20260802/data/raw/4.4/equipment/890ae486642e979b/assets/currency_wars_equipment_icons/currency_wars_equipment_125.png","25909","2026-07-25T13:12:26.0000000Z","AA71050E1B417B0FD8E55512FBBC3A97D5CF5C0B53D8B92FFCA2F775C3A8E688",""
"Added","artifacts/CurrencyWarsSmartRaccoon-0.2.778-win-x64-portable-shutdownfix-20260802/data/raw/4.4/equipment/890ae486642e979b/assets/currency_wars_equipment_icons/currency_wars_equipment_126.png","26082","2026-07-25T13:12:26.0000000Z","C16BCFCF474563DC9990B04FE05763AFF710C3D8FAED01B11ADC4DDF9D2410BC",""
"Added","artifacts/CurrencyWarsSmartRaccoon-0.2.778-win-x64-portable-shutdownfix-20260802/data/raw/4.4/equipment/890ae486642e979b/assets/currency_wars_equipment_icons/currency_wars_equipment_127.png","26680","2026-07-25T13:12:26.0000000Z","DCCF11FDB09F71F7F570F079CFD58863FD7757DAD39BDBA3FF03EEE4349C0C56",""
"Added","artifacts/CurrencyWarsSmartRaccoon-0.2.778-win-x64-portable-shutdownfix-20260802/data/raw/4.4/equipment/890ae486642e979b/assets/currency_wars_equipment_icons/currency_wars_equipment_128.png","26614","2026-07-25T13:12:26.0000000Z","9F2A9834BCD8371C975A437B2B5CF1152563AAD16093868017F4F7F19489E37C",""
"Added","artifacts/CurrencyWarsSmartRaccoon-0.2.778-win-x64-portable-shutdownfix-20260802/data/raw/4.4/equipment/890ae486642e979b/assets/currency_wars_equipment_icons/currency_wars_equipment_129.png","27034","2026-07-25T13:12:26.0000000Z","710A48B9C446D50C60FC386E373A1C3CF25FDF4EE5E547C2F4FB31369D7B81D3",""
"Added","artifacts/CurrencyWarsSmartRaccoon-0.2.778-win-x64-portable-shutdownfix-20260802/data/raw/4.4/equipment/890ae486642e979b/assets/currency_wars_equipment_icons/currency_wars_equipment_130.png","25578","2026-07-25T13:12:26.0000000Z","81B1786CFD6E9B9E549D6A6B7323DC02E6D40A3B3CA7A85315D3FAAEB5E029B7",""
"Added","artifacts/CurrencyWarsSmartRaccoon-0.2.778-win-x64-portable-shutdownfix-20260802/data/raw/4.4/equipment/890ae486642e979b/assets/currency_wars_equipment_icons/currency_wars_equipment_131.png","25394","2026-07-25T13:12:26.0000000Z","7DAE9E939AC94F2C746ECA6DE9BD3728FBE82FF62EB553D39216AF4088141975",""
"Added","artifacts/CurrencyWarsSmartRaccoon-0.2.778-win-x64-portable-shutdownfix-20260802/data/raw/4.4/equipment/890ae486642e979b/assets/currency_wars_equipment_icons/currency_wars_equipment_132.png","27178","2026-07-25T13:12:26.0000000Z","585A2587813F1F4BFD773E2130ED0CA0B8DE2F02290F404AD95BBBE11E929B10",""
"Added","artifacts/CurrencyWarsSmartRaccoon-0.2.778-win-x64-portable-shutdownfix-20260802/data/raw/4.4/equipment/890ae486642e979b/assets/currency_wars_equipment_icons/currency_wars_equipment_133.png","25113","2026-07-25T13:12:26.0000000Z","870F1BE4B0C3E3E61E4E5B81F1664A50B5A6198641651097EA723BFA39E74415",""
"Added","artifacts/CurrencyWarsSmartRaccoon-0.2.778-win-x64-portable-shutdownfix-20260802/data/raw/4.4/equipment/890ae486642e979b/assets/currency_wars_equipment_icons/currency_wars_equipment_134.png","26933","2026-07-25T13:12:28.0000000Z","8AF9217D459CEB46087DD63761C0FD1BB201B2EFB4F7C258C58AB2A8A1FC5428",""
"Added","artifacts/CurrencyWarsSmartRaccoon-0.2.778-win-x64-portable-shutdownfix-20260802/data/raw/4.4/equipment/890ae486642e979b/assets/currency_wars_equipment_icons/currency_wars_equipment_135.png","24888","2026-07-25T13:12:28.0000000Z","BC44EEE255BB1D4F622FFB9BBE1DA30F5B6B594DDF60C3A72E885736878C24D8",""
"Added","artifacts/CurrencyWarsSmartRaccoon-0.2.778-win-x64-portable-shutdownfix-20260802/data/raw/4.4/equipment/890ae486642e979b/assets/currency_wars_equipment_icons/currency_wars_equipment_136.png","27559","2026-07-25T13:12:28.0000000Z","725F266EA49995EE8F41806EC5CF20B7C3A0BC0CA8CD50D083022D166B3AA3CC",""
"Added","artifacts/CurrencyWarsSmartRaccoon-0.2.778-win-x64-portable-shutdownfix-20260802/data/raw/4.4/equipment/890ae486642e979b/assets/currency_wars_equipment_icons/currency_wars_equipment_137.png","24766","2026-07-25T13:12:28.0000000Z","9BBEB50DAF0A95E2CE786C53F82303D2D40AD7BC3EEFD9653F701867F922AACF",""
"Added","artifacts/CurrencyWarsSmartRaccoon-0.2.778-win-x64-portable-shutdownfix-20260802/data/raw/4.4/equipment/890ae486642e979b/assets/currency_wars_equipment_icons/currency_wars_equipment_138.png","26359","2026-07-25T13:12:28.0000000Z","8003530A04476B75315BDA28E9874C06A97FAEF18906C0FE57E11954930445F5",""
"Added","artifacts/CurrencyWarsSmartRaccoon-0.2.778-win-x64-portable-shutdownfix-20260802/data/raw/4.4/equipment/890ae486642e979b/assets/currency_wars_equipment_icons/currency_wars_equipment_139.png","26370","2026-07-25T13:12:28.0000000Z","97668B0024B2FE93B402593EDC60FE012573248CCD6C6D0197ABBD00317C7647",""
"Added","artifacts/CurrencyWarsSmartRaccoon-0.2.778-win-x64-portable-shutdownfix-20260802/data/raw/4.4/equipment/890ae486642e979b/assets/currency_wars_equipment_icons/currency_wars_equipment_140.png","25558","2026-07-25T13:12:28.0000000Z","6BF18D593F86E4963B0AC3862024E6A45424DB064E41A5FE8DC55CB91F7DEC5F",""
"Added","artifacts/CurrencyWarsSmartRaccoon-0.2.778-win-x64-portable-shutdownfix-20260802/data/raw/4.4/equipment/890ae486642e979b/assets/currency_wars_equipment_icons/currency_wars_equipment_141.png","25965","2026-07-25T13:12:28.0000000Z","665CBD400C31A3FC7C53968301BBEE428275924775D69D0848D631924C94C4CD",""
"Added","artifacts/CurrencyWarsSmartRaccoon-0.2.778-win-x64-portable-shutdownfix-20260802/data/raw/4.4/equipment/890ae486642e979b/assets/currency_wars_equipment_icons/currency_wars_equipment_142.png","25361","2026-07-25T13:12:28.0000000Z","CEA8385B73E582E4C3CE4889FDC34EE4BDEF30E897E43D077FC9F751015B2CA2",""
"Added","artifacts/CurrencyWarsSmartRaccoon-0.2.778-win-x64-portable-shutdownfix-20260802/data/raw/4.4/equipment/890ae486642e979b/assets/currency_wars_equipment_icons/currency_wars_equipment_143.png","31526","2026-07-25T13:12:28.0000000Z","E6A8ADCD7331B1036186A76B3190CD5746B58D89E84E5A6AA07A25860B760EB2",""
"Added","artifacts/CurrencyWarsSmartRaccoon-0.2.778-win-x64-portable-shutdownfix-20260802/data/raw/4.4/equipment/890ae486642e979b/assets/currency_wars_equipment_icons/currency_wars_equipment_144.png","31190","2026-07-25T13:12:28.0000000Z","B0ADF69DDDD5D0A23FDD0FEA212C0B83A830ED01A268FBDDDCC3F9825BFBC7A5",""
"Added","artifacts/CurrencyWarsSmartRaccoon-0.2.778-win-x64-portable-shutdownfix-20260802/data/raw/4.4/equipment/890ae486642e979b/assets/currency_wars_equipment_icons/currency_wars_equipment_145.png","34524","2026-07-25T13:12:28.0000000Z","93348C2A315F9C98E8161BDA98ADD1B8F30CA312FD1CA69D1B26D466F4DFCC06",""
"Added","artifacts/CurrencyWarsSmartRaccoon-0.2.778-win-x64-portable-shutdownfix-20260802/data/raw/4.4/equipment/890ae486642e979b/assets/currency_wars_equipment_icons/currency_wars_equipment_146.png","31526","2026-07-25T13:12:30.0000000Z","E6A8ADCD7331B1036186A76B3190CD5746B58D89E84E5A6AA07A25860B760EB2",""
"Added","artifacts/CurrencyWarsSmartRaccoon-0.2.778-win-x64-portable-shutdownfix-20260802/data/raw/4.4/equipment/890ae486642e979b/assets/currency_wars_equipment_icons/currency_wars_equipment_147.png","31190","2026-07-25T13:12:30.0000000Z","B0ADF69DDDD5D0A23FDD0FEA212C0B83A830ED01A268FBDDDCC3F9825BFBC7A5",""
"Added","artifacts/CurrencyWarsSmartRaccoon-0.2.778-win-x64-portable-shutdownfix-20260802/data/raw/4.4/equipment/890ae486642e979b/assets/currency_wars_equipment_icons/currency_wars_equipment_148.png","34524","2026-07-25T13:12:30.0000000Z","93348C2A315F9C98E8161BDA98ADD1B8F30CA312FD1CA69D1B26D466F4DFCC06",""
"Added","artifacts/CurrencyWarsSmartRaccoon-0.2.778-win-x64-portable-shutdownfix-20260802/data/raw/4.4/equipment/890ae486642e979b/assets/currency_wars_equipment_icons/currency_wars_equipment_149.png","31684","2026-07-25T13:12:30.0000000Z","52909DE2E822053C674356B2F226E42EC3431C9352FACFABEE595F226B0FB0D2",""
"Added","artifacts/CurrencyWarsSmartRaccoon-0.2.778-win-x64-portable-shutdownfix-20260802/data/raw/4.4/equipment/890ae486642e979b/assets/currency_wars_equipment_icons/currency_wars_equipment_150.png","21516","2026-07-25T13:12:30.0000000Z","47AB81A776419EBFBF96B932D1478C479722741510867F78D6185AF939C1D524",""
"Added","artifacts/CurrencyWarsSmartRaccoon-0.2.778-win-x64-portable-shutdownfix-20260802/data/raw/4.4/equipment/890ae486642e979b/assets/currency_wars_equipment_icons/currency_wars_equipment_151.png","29452","2026-07-25T13:12:30.0000000Z","16A3B61D5EA6814E5356616D975DC92138DD7CAA538D2C7D8107615ACF9666B7",""
"Added","artifacts/CurrencyWarsSmartRaccoon-0.2.778-win-x64-portable-shutdownfix-20260802/data/raw/4.4/equipment/890ae486642e979b/assets/currency_wars_equipment_icons/currency_wars_equipment_152.png","25723","2026-07-25T13:12:30.0000000Z","A26C1FAD95D900395C1970AF71CB8E27EF8CB33E813612F8B95688E1597ADCC8",""
"Added","artifacts/CurrencyWarsSmartRaccoon-0.2.778-win-x64-portable-shutdownfix-20260802/data/raw/4.4/equipment/890ae486642e979b/assets/currency_wars_equipment_icons/currency_wars_equipment_153.png","23025","2026-07-25T13:12:30.0000000Z","9844590643C43AC6F7FAFC0D4C46F0139FA14587939C1B4A1179756FB930D083",""
"Added","artifacts/CurrencyWarsSmartRaccoon-0.2.778-win-x64-portable-shutdownfix-20260802/data/raw/4.4/equipment/890ae486642e979b/assets/currency_wars_equipment_icons/currency_wars_equipment_154.png","30878","2026-07-25T13:12:30.0000000Z","4EF96AFDD43945D75018892980415B2C408C8C6E6CB8146B47590A7024835655",""
"Added","artifacts/CurrencyWarsSmartRaccoon-0.2.778-win-x64-portable-shutdownfix-20260802/data/raw/4.4/equipment/890ae486642e979b/assets/currency_wars_equipment_icons/currency_wars_equipment_155.png","28657","2026-07-25T13:12:30.0000000Z","EEF0A6E2130743FF0573605B704486F6302E6CD69CE21A34696B29501EE3DA40",""
"Added","artifacts/CurrencyWarsSmartRaccoon-0.2.778-win-x64-portable-shutdownfix-20260802/data/raw/4.4/equipment/890ae486642e979b/assets/currency_wars_equipment_icons/currency_wars_equipment_156.png","66998","2026-07-25T13:12:32.0000000Z","711860952E82F3E60ADE4DC4C1BAB8CA671AD4E6BF29B651240A81EE20041448",""
"Added","artifacts/CurrencyWarsSmartRaccoon-0.2.778-win-x64-portable-shutdownfix-20260802/data/raw/4.4/equipment/890ae486642e979b/assets/currency_wars_equipment_icons/currency_wars_equipment_157.png","64322","2026-07-25T13:12:32.0000000Z","A71AAABF88D868E61717A8A8A855A11E9EC2A93CBB19B197F3CD5A113DB39D7D",""
"Added","artifacts/CurrencyWarsSmartRaccoon-0.2.778-win-x64-portable-shutdownfix-20260802/data/raw/4.4/equipment/890ae486642e979b/assets/currency_wars_equipment_icons/currency_wars_equipment_158.png","73683","2026-07-25T13:12:32.0000000Z","9BA802BAA6DDBAC5A2350D9193E4CA9E989C507BD87610612A1A506E7E1BF1CB",""
"Added","artifacts/CurrencyWarsSmartRaccoon-0.2.778-win-x64-portable-shutdownfix-20260802/data/raw/4.4/equipment/890ae486642e979b/assets/currency_wars_equipment_icons/currency_wars_equipment_159.png","79028","2026-07-25T13:19:02.0000000Z","A53C1EC7A89554E14C61BA004AA0B670BC79F14111E74FF11A37CF8CE3396359",""
"Added","artifacts/CurrencyWarsSmartRaccoon-0.2.778-win-x64-portable-shutdownfix-20260802/data/raw/4.4/equipment/890ae486642e979b/icon-manifest.json","76221","2026-07-26T00:04:08.0000000Z","BD7F6426E4A091627117EC0B8483F1834804A3103837F22110F39A7EC45A3DA7",""
"Added","artifacts/CurrencyWarsSmartRaccoon-0.2.778-win-x64-portable-shutdownfix-20260802/data/raw/4.4/equipment/890ae486642e979b/package.json","651","2026-07-26T01:32:38.0000000Z","3B30F759E2C7A349357D91B76C77073A2D3812B9A5D00CE4E660184DD8AE9D22",""
"Added","artifacts/CurrencyWarsSmartRaccoon-0.2.778-win-x64-portable-shutdownfix-20260802/data/raw/4.4/equipment/890ae486642e979b/records.json","307346","2026-07-26T00:08:48.0000000Z","06E2A3D821429CCC2B305310B9F6F3F657B6FEA3600B4C11A741A7D3CF60DDD3",""
"Added","artifacts/CurrencyWarsSmartRaccoon-0.2.778-win-x64-portable-shutdownfix-20260802/data/runtime/1.0.0/4.4/equipment/assets/currency_wars_equipment_icons/currency_wars_equipment_001.png","27950","2026-07-25T13:12:04.0000000Z","501478D2B05CFDB8B55FF859D64F074347885803BB1A6D62CF79A2463E536DD0",""
"Added","artifacts/CurrencyWarsSmartRaccoon-0.2.778-win-x64-portable-shutdownfix-20260802/data/runtime/1.0.0/4.4/equipment/assets/currency_wars_equipment_icons/currency_wars_equipment_002.png","33508","2026-07-25T13:12:04.0000000Z","9C8BAFB41CC081B61811196AD180DCE749B04C54725FDE5D09A3AB0766741780",""
"Added","artifacts/CurrencyWarsSmartRaccoon-0.2.778-win-x64-portable-shutdownfix-20260802/data/runtime/1.0.0/4.4/equipment/assets/currency_wars_equipment_icons/currency_wars_equipment_003.png","33508","2026-07-25T13:12:04.0000000Z","9C8BAFB41CC081B61811196AD180DCE749B04C54725FDE5D09A3AB0766741780",""
"Added","artifacts/CurrencyWarsSmartRaccoon-0.2.778-win-x64-portable-shutdownfix-20260802/data/runtime/1.0.0/4.4/equipment/assets/currency_wars_equipment_icons/currency_wars_equipment_004.png","32624","2026-07-25T13:12:04.0000000Z","CC6F1DC7A6BCA0646026AF6139C43C658E6182FBD686040F58DCD24DE89D2963",""
"Added","artifacts/CurrencyWarsSmartRaccoon-0.2.778-win-x64-portable-shutdownfix-20260802/data/runtime/1.0.0/4.4/equipment/assets/currency_wars_equipment_icons/currency_wars_equipment_005.png","26921","2026-07-25T13:12:04.0000000Z","01B3A550D1AB3F78D27BA856E15C50A3C05C399F9A281AE4AD7352DCED994F0F",""
"Added","artifacts/CurrencyWarsSmartRaccoon-0.2.778-win-x64-portable-shutdownfix-20260802/data/runtime/1.0.0/4.4/equipment/assets/currency_wars_equipment_icons/currency_wars_equipment_006.png","31431","2026-07-25T13:12:04.0000000Z","8ACF2CD30D8767F494C80A77D6B34DF19BDE721EDDCBDDDFCF4002161122E1CA",""
"Added","artifacts/CurrencyWarsSmartRaccoon-0.2.778-win-x64-portable-shutdownfix-20260802/data/runtime/1.0.0/4.4/equipment/assets/currency_wars_equipment_icons/currency_wars_equipment_007.png","32624","2026-07-25T13:12:06.0000000Z","CC6F1DC7A6BCA0646026AF6139C43C658E6182FBD686040F58DCD24DE89D2963",""
"Added","artifacts/CurrencyWarsSmartRaccoon-0.2.778-win-x64-portable-shutdownfix-20260802/data/runtime/1.0.0/4.4/equipment/assets/currency_wars_equipment_icons/currency_wars_equipment_008.png","26921","2026-07-25T13:12:06.0000000Z","01B3A550D1AB3F78D27BA856E15C50A3C05C399F9A281AE4AD7352DCED994F0F",""
"Added","artifacts/CurrencyWarsSmartRaccoon-0.2.778-win-x64-portable-shutdownfix-20260802/data/runtime/1.0.0/4.4/equipment/assets/currency_wars_equipment_icons/currency_wars_equipment_009.png","31431","2026-07-25T13:12:06.0000000Z","8ACF2CD30D8767F494C80A77D6B34DF19BDE721EDDCBDDDFCF4002161122E1CA",""
"Added","artifacts/CurrencyWarsSmartRaccoon-0.2.778-win-x64-portable-shutdownfix-20260802/data/runtime/1.0.0/4.4/equipment/assets/currency_wars_equipment_icons/currency_wars_equipment_010.png","30646","2026-07-25T13:12:06.0000000Z","F3BED270B62A20EE5B4FD20767F8490872A12D701BDBD3F86783FBDF0128FB20",""
"Added","artifacts/CurrencyWarsSmartRaccoon-0.2.778-win-x64-portable-shutdownfix-20260802/data/runtime/1.0.0/4.4/equipment/assets/currency_wars_equipment_icons/currency_wars_equipment_011.png","29153","2026-07-25T13:12:06.0000000Z","B76CF23E2E2A70F706B61150374FEC2A60F2282F18256467D1D8D90591B0A531",""
"Added","artifacts/CurrencyWarsSmartRaccoon-0.2.778-win-x64-portable-shutdownfix-20260802/data/runtime/1.0.0/4.4/equipment/assets/currency_wars_equipment_icons/currency_wars_equipment_012.png","32913","2026-07-25T13:12:06.0000000Z","492D69C4B540DC8354045387B84D3A94FF655C20F3ACD373BE398708BD4D85D9",""
"Added","artifacts/CurrencyWarsSmartRaccoon-0.2.778-win-x64-portable-shutdownfix-20260802/data/runtime/1.0.0/4.4/equipment/assets/currency_wars_equipment_icons/currency_wars_equipment_013.png","33508","2026-07-25T13:12:06.0000000Z","9C8BAFB41CC081B61811196AD180DCE749B04C54725FDE5D09A3AB0766741780",""
"Added","artifacts/CurrencyWarsSmartRaccoon-0.2.778-win-x64-portable-shutdownfix-20260802/data/runtime/1.0.0/4.4/equipment/assets/currency_wars_equipment_icons/currency_wars_equipment_014.png","32624","2026-07-25T13:12:06.0000000Z","CC6F1DC7A6BCA0646026AF6139C43C658E6182FBD686040F58DCD24DE89D2963",""
"Added","artifacts/CurrencyWarsSmartRaccoon-0.2.778-win-x64-portable-shutdownfix-20260802/data/runtime/1.0.0/4.4/equipment/assets/currency_wars_equipment_icons/currency_wars_equipment_015.png","26921","2026-07-25T13:12:06.0000000Z","01B3A550D1AB3F78D27BA856E15C50A3C05C399F9A281AE4AD7352DCED994F0F",""
"Added","artifacts/CurrencyWarsSmartRaccoon-0.2.778-win-x64-portable-shutdownfix-20260802/data/runtime/1.0.0/4.4/equipment/assets/currency_wars_equipment_icons/currency_wars_equipment_016.png","31431","2026-07-25T13:12:06.0000000Z","8ACF2CD30D8767F494C80A77D6B34DF19BDE721EDDCBDDDFCF4002161122E1CA",""
"Added","artifacts/CurrencyWarsSmartRaccoon-0.2.778-win-x64-portable-shutdownfix-20260802/data/runtime/1.0.0/4.4/equipment/assets/currency_wars_equipment_icons/currency_wars_equipment_017.png","30646","2026-07-25T13:12:06.0000000Z","F3BED270B62A20EE5B4FD20767F8490872A12D701BDBD3F86783FBDF0128FB20",""
"Added","artifacts/CurrencyWarsSmartRaccoon-0.2.778-win-x64-portable-shutdownfix-20260802/data/runtime/1.0.0/4.4/equipment/assets/currency_wars_equipment_icons/currency_wars_equipment_020.png","30646","2026-07-25T13:12:08.0000000Z","F3BED270B62A20EE5B4FD20767F8490872A12D701BDBD3F86783FBDF0128FB20",""
"Added","artifacts/CurrencyWarsSmartRaccoon-0.2.778-win-x64-portable-shutdownfix-20260802/data/runtime/1.0.0/4.4/equipment/assets/currency_wars_equipment_icons/currency_wars_equipment_021.png","33358","2026-07-25T13:12:08.0000000Z","5790F420123A8C5C13F73666891D70BC7384C7061D990ECBC7071D6EBB073F12",""
"Added","artifacts/CurrencyWarsSmartRaccoon-0.2.778-win-x64-portable-shutdownfix-20260802/data/runtime/1.0.0/4.4/equipment/assets/currency_wars_equipment_icons/currency_wars_equipment_022.png","26569","2026-07-25T13:12:08.0000000Z","F0441E17CE30349F9454DC72C5730E631A70843499C9B1692D410783A8B914EA",""
"Added","artifacts/CurrencyWarsSmartRaccoon-0.2.778-win-x64-portable-shutdownfix-20260802/data/runtime/1.0.0/4.4/equipment/assets/currency_wars_equipment_icons/currency_wars_equipment_023.png","26569","2026-07-25T13:12:08.0000000Z","F0441E17CE30349F9454DC72C5730E631A70843499C9B1692D410783A8B914EA",""
"Added","artifacts/CurrencyWarsSmartRaccoon-0.2.778-win-x64-portable-shutdownfix-20260802/data/runtime/1.0.0/4.4/equipment/assets/currency_wars_equipment_icons/currency_wars_equipment_024.png","22471","2026-07-25T13:12:08.0000000Z","A1CB19AC93CDCDEFE2CF4D4F98E32770F1B60E047B33A25E9E2DAEE54912419C",""
"Added","artifacts/CurrencyWarsSmartRaccoon-0.2.778-win-x64-portable-shutdownfix-20260802/data/runtime/1.0.0/4.4/equipment/assets/currency_wars_equipment_icons/currency_wars_equipment_025.png","22471","2026-07-25T13:12:08.0000000Z","A1CB19AC93CDCDEFE2CF4D4F98E32770F1B60E047B33A25E9E2DAEE54912419C",""
"Added","artifacts/CurrencyWarsSmartRaccoon-0.2.778-win-x64-portable-shutdownfix-20260802/data/runtime/1.0.0/4.4/equipment/assets/currency_wars_equipment_icons/currency_wars_equipment_026.png","22471","2026-07-25T13:12:08.0000000Z","A1CB19AC93CDCDEFE2CF4D4F98E32770F1B60E047B33A25E9E2DAEE54912419C",""
"Added","artifacts/CurrencyWarsSmartRaccoon-0.2.778-win-x64-portable-shutdownfix-20260802/data/runtime/1.0.0/4.4/equipment/assets/currency_wars_equipment_icons/currency_wars_equipment_027.png","31237","2026-07-25T13:12:08.0000000Z","9EF6D5AF3970DD9023021AC532D72A3A1A3C57B97507A99B432677BE3635B4AF",""
"Added","artifacts/CurrencyWarsSmartRaccoon-0.2.778-win-x64-portable-shutdownfix-20260802/data/runtime/1.0.0/4.4/equipment/assets/currency_wars_equipment_icons/currency_wars_equipment_028.png","31237","2026-07-25T13:12:08.0000000Z","9EF6D5AF3970DD9023021AC532D72A3A1A3C57B97507A99B432677BE3635B4AF",""
"Added","artifacts/CurrencyWarsSmartRaccoon-0.2.778-win-x64-portable-shutdownfix-20260802/data/runtime/1.0.0/4.4/equipment/assets/currency_wars_equipment_icons/currency_wars_equipment_029.png","31237","2026-07-25T13:12:08.0000000Z","9EF6D5AF3970DD9023021AC532D72A3A1A3C57B97507A99B432677BE3635B4AF",""
"Added","artifacts/CurrencyWarsSmartRaccoon-0.2.778-win-x64-portable-shutdownfix-20260802/data/runtime/1.0.0/4.4/equipment/assets/currency_wars_equipment_icons/currency_wars_equipment_030.png","28923","2026-07-25T13:12:08.0000000Z","5E7CFA755E8919353448B176967365876C4748DCA06FD6C1E0AE66E899032788",""
"Added","artifacts/CurrencyWarsSmartRaccoon-0.2.778-win-x64-portable-shutdownfix-20260802/data/runtime/1.0.0/4.4/equipment/assets/currency_wars_equipment_icons/currency_wars_equipment_031.png","28923","2026-07-25T13:12:10.0000000Z","5E7CFA755E8919353448B176967365876C4748DCA06FD6C1E0AE66E899032788",""
"Added","artifacts/CurrencyWarsSmartRaccoon-0.2.778-win-x64-portable-shutdownfix-20260802/data/runtime/1.0.0/4.4/equipment/assets/currency_wars_equipment_icons/currency_wars_equipment_032.png","30570","2026-07-25T13:12:10.0000000Z","41BF730530558F7FFE3C31ADC6C4AECA06AB97BC495B8E372D7482642FBB4C53",""
"Added","artifacts/CurrencyWarsSmartRaccoon-0.2.778-win-x64-portable-shutdownfix-20260802/data/runtime/1.0.0/4.4/equipment/assets/currency_wars_equipment_icons/currency_wars_equipment_033.png","30570","2026-07-25T13:12:10.0000000Z","41BF730530558F7FFE3C31ADC6C4AECA06AB97BC495B8E372D7482642FBB4C53",""
"Added","artifacts/CurrencyWarsSmartRaccoon-0.2.778-win-x64-portable-shutdownfix-20260802/data/runtime/1.0.0/4.4/equipment/assets/currency_wars_equipment_icons/currency_wars_equipment_034.png","30116","2026-07-25T13:12:10.0000000Z","0DFF01418203EF0B8953F58EA464DAA675E1F7DCF15D3E8F7A1862DEA70D1D07",""
"Added","artifacts/CurrencyWarsSmartRaccoon-0.2.778-win-x64-portable-shutdownfix-20260802/data/runtime/1.0.0/4.4/equipment/assets/currency_wars_equipment_icons/currency_wars_equipment_035.png","30116","2026-07-25T13:12:10.0000000Z","0DFF01418203EF0B8953F58EA464DAA675E1F7DCF15D3E8F7A1862DEA70D1D07",""
"Added","artifacts/CurrencyWarsSmartRaccoon-0.2.778-win-x64-portable-shutdownfix-20260802/data/runtime/1.0.0/4.4/equipment/assets/currency_wars_equipment_icons/currency_wars_equipment_036.png","31045","2026-07-25T13:12:10.0000000Z","7F1683113B9E41CDA1A63B4E538B1281CD1DA09CE3952C5693E0EBBA607626EE",""
"Added","artifacts/CurrencyWarsSmartRaccoon-0.2.778-win-x64-portable-shutdownfix-20260802/data/runtime/1.0.0/4.4/equipment/assets/currency_wars_equipment_icons/currency_wars_equipment_037.png","32843","2026-07-25T13:12:10.0000000Z","5BAC56504B1DB84AE69062E3ECD70D19A3B66D62BAE4054DE1F2E407624032FD",""
"Added","artifacts/CurrencyWarsSmartRaccoon-0.2.778-win-x64-portable-shutdownfix-20260802/data/runtime/1.0.0/4.4/equipment/assets/currency_wars_equipment_icons/currency_wars_equipment_038.png","25685","2026-07-25T13:12:10.0000000Z","DCFF06368995FD6CA429B87F3885C8D6DB241FBCD9492DDB245E9BA6B828E98F",""
"Added","artifacts/CurrencyWarsSmartRaccoon-0.2.778-win-x64-portable-shutdownfix-20260802/data/runtime/1.0.0/4.4/equipment/assets/currency_wars_equipment_icons/currency_wars_equipment_039.png","29806","2026-07-25T13:12:10.0000000Z","B8999031CAC93715AF548D29AEAE29006FD0CCB2D993F830593DC9D2F3099E49",""
"Added","artifacts/CurrencyWarsSmartRaccoon-0.2.778-win-x64-portable-shutdownfix-20260802/data/runtime/1.0.0/4.4/equipment/assets/currency_wars_equipment_icons/currency_wars_equipment_040.png","13641","2026-07-25T13:12:10.0000000Z","3BF2828AF7D7DDB7FC4DD7EC056806D1E4C0B52088BE0C8ED5F43047B70DE715",""
"Added","artifacts/CurrencyWarsSmartRaccoon-0.2.778-win-x64-portable-shutdownfix-20260802/data/runtime/1.0.0/4.4/equipment/assets/currency_wars_equipment_icons/currency_wars_equipment_041.png","14421","2026-07-25T13:12:10.0000000Z","9F391D51343B6FBDEB159B5832D4013412170DF6DD49F2D4F407E54E9F7F0013",""
"Added","artifacts/CurrencyWarsSmartRaccoon-0.2.778-win-x64-portable-shutdownfix-20260802/data/runtime/1.0.0/4.4/equipment/assets/currency_wars_equipment_icons/currency_wars_equipment_042.png","16206","2026-07-25T13:12:10.0000000Z","7FE80889EFEA95EEA2445FAADC74748AA5C236BAD00ED96E1111D6B91B03EB09",""
"Added","artifacts/CurrencyWarsSmartRaccoon-0.2.778-win-x64-portable-shutdownfix-20260802/data/runtime/1.0.0/4.4/equipment/assets/currency_wars_equipment_icons/currency_wars_equipment_043.png","13879","2026-07-25T13:12:12.0000000Z","0F48B0A0F9FB6045A0C9F0955416A0016E9484E2EF46F3E1F61D84B604019BF7",""
"Added","artifacts/CurrencyWarsSmartRaccoon-0.2.778-win-x64-portable-shutdownfix-20260802/data/runtime/1.0.0/4.4/equipment/assets/currency_wars_equipment_icons/currency_wars_equipment_044.png","11910","2026-07-25T13:12:12.0000000Z","A9E3C2BE6EAEF07306123FD11A9C326D182A8D7DDEBCEA7B06489B2783C18DE4",""
"Added","artifacts/CurrencyWarsSmartRaccoon-0.2.778-win-x64-portable-shutdownfix-20260802/data/runtime/1.0.0/4.4/equipment/assets/currency_wars_equipment_icons/currency_wars_equipment_045.png","19244","2026-07-25T13:12:12.0000000Z","08498D5F24560DE057CF968027C9DCCF579E81BCF04CD8EFB03806BDA74E0A62",""
"Added","artifacts/CurrencyWarsSmartRaccoon-0.2.778-win-x64-portable-shutdownfix-20260802/data/runtime/1.0.0/4.4/equipment/assets/currency_wars_equipment_icons/currency_wars_equipment_046.png","18603","2026-07-25T13:12:12.0000000Z","35E375357EDAF3CDBE3FD7D57989BF4302350FF428CE1D2160A2C555A94D67B1",""
"Added","artifacts/CurrencyWarsSmartRaccoon-0.2.778-win-x64-portable-shutdownfix-20260802/data/runtime/1.0.0/4.4/equipment/assets/currency_wars_equipment_icons/currency_wars_equipment_047.png","14406","2026-07-25T13:12:12.0000000Z","C261F505B9F0B395CF89838F153C4F073DECDB3EC3076A78F9FB12DEF099D56F",""
"Added","artifacts/CurrencyWarsSmartRaccoon-0.2.778-win-x64-portable-shutdownfix-20260802/data/runtime/1.0.0/4.4/equipment/assets/currency_wars_equipment_icons/currency_wars_equipment_048.png","35177","2026-07-25T13:12:12.0000000Z","0111479A0CCB4585CCB931ACBAAB0E9771877936A5CE7AE10850242A446E0CB9",""
"Added","artifacts/CurrencyWarsSmartRaccoon-0.2.778-win-x64-portable-shutdownfix-20260802/data/runtime/1.0.0/4.4/equipment/assets/currency_wars_equipment_icons/currency_wars_equipment_049.png","31189","2026-07-25T13:12:12.0000000Z","56BEA7098D3578A24612068268E277F53E143B1AA23AC0D32DF8AFADCA76C09E",""
"Added","artifacts/CurrencyWarsSmartRaccoon-0.2.778-win-x64-portable-shutdownfix-20260802/data/runtime/1.0.0/4.4/equipment/assets/currency_wars_equipment_icons/currency_wars_equipment_050.png","23578","2026-07-25T13:12:12.0000000Z","4C7F19FA94A7B2845A067E086A52874E66CD3F35FFB3533A14B142DD475FB782",""
"Added","artifacts/CurrencyWarsSmartRaccoon-0.2.778-win-x64-portable-shutdownfix-20260802/data/runtime/1.0.0/4.4/equipment/assets/currency_wars_equipment_icons/currency_wars_equipment_051.png","31526","2026-07-25T13:12:12.0000000Z","E6A8ADCD7331B1036186A76B3190CD5746B58D89E84E5A6AA07A25860B760EB2",""
"Added","artifacts/CurrencyWarsSmartRaccoon-0.2.778-win-x64-portable-shutdownfix-20260802/data/runtime/1.0.0/4.4/equipment/assets/currency_wars_equipment_icons/currency_wars_equipment_052.png","32541","2026-07-25T13:12:12.0000000Z","8558D839F989CFECE0189CE7007C88F6DEB48C685F9CFB48FA717F2E85273CC9",""
"Added","artifacts/CurrencyWarsSmartRaccoon-0.2.778-win-x64-portable-shutdownfix-20260802/data/runtime/1.0.0/4.4/equipment/assets/currency_wars_equipment_icons/currency_wars_equipment_053.png","29689","2026-07-25T13:12:12.0000000Z","359B80002377CF9ECEC3020DB298D7DD3210DD5A6041DA94304099DA2F042D58",""
"Added","artifacts/CurrencyWarsSmartRaccoon-0.2.778-win-x64-portable-shutdownfix-20260802/data/runtime/1.0.0/4.4/equipment/assets/currency_wars_equipment_icons/currency_wars_equipment_054.png","32182","2026-07-25T13:12:12.0000000Z","D56460779D29BC6F8E2169276F523F28C6E341CE95AA0905C903BD5E8CF415F5",""
"Added","artifacts/CurrencyWarsSmartRaccoon-0.2.778-win-x64-portable-shutdownfix-20260802/data/runtime/1.0.0/4.4/equipment/assets/currency_wars_equipment_icons/currency_wars_equipment_055.png","27496","2026-07-25T13:12:12.0000000Z","4ED72AE50D0FE4BADC8ED4AA14681EDE39657BBC080E4BC89BC2D18D90F145A3",""
"Added","artifacts/CurrencyWarsSmartRaccoon-0.2.778-win-x64-portable-shutdownfix-20260802/data/runtime/1.0.0/4.4/equipment/assets/currency_wars_equipment_icons/currency_wars_equipment_056.png","36000","2026-07-25T13:12:14.0000000Z","99B3ABC3F7A8173DB5ACCAD10CBC62CF4DCE5EA3FEC2ED23E2D5F8F57C3EC898",""
"Added","artifacts/CurrencyWarsSmartRaccoon-0.2.778-win-x64-portable-shutdownfix-20260802/data/runtime/1.0.0/4.4/equipment/assets/currency_wars_equipment_icons/currency_wars_equipment_057.png","29210","2026-07-25T13:12:14.0000000Z","FE7118A0D80B31261CC4D653850BC491820B4C1BE3BA1DEDF59A73CDF8EB8618",""
"Added","artifacts/CurrencyWarsSmartRaccoon-0.2.778-win-x64-portable-shutdownfix-20260802/data/runtime/1.0.0/4.4/equipment/assets/currency_wars_equipment_icons/currency_wars_equipment_058.png","32644","2026-07-25T13:12:14.0000000Z","CEB9C15BD35A9524343FEC674B485FC4C2695D6BC659A7A2EC311D65E9C4E78E",""
"Added","artifacts/CurrencyWarsSmartRaccoon-0.2.778-win-x64-portable-shutdownfix-20260802/data/runtime/1.0.0/4.4/equipment/assets/currency_wars_equipment_icons/currency_wars_equipment_059.png","31931","2026-07-25T13:12:14.0000000Z","141D508A6FDEF1B32355695AAE4CE660CE2AB31DDD97F7A353192992FC7B6C83",""
"Added","artifacts/CurrencyWarsSmartRaccoon-0.2.778-win-x64-portable-shutdownfix-20260802/data/runtime/1.0.0/4.4/equipment/assets/currency_wars_equipment_icons/currency_wars_equipment_060.png","31190","2026-07-25T13:12:14.0000000Z","B0ADF69DDDD5D0A23FDD0FEA212C0B83A830ED01A268FBDDDCC3F9825BFBC7A5",""
"Added","artifacts/CurrencyWarsSmartRaccoon-0.2.778-win-x64-portable-shutdownfix-20260802/data/runtime/1.0.0/4.4/equipment/assets/currency_wars_equipment_icons/currency_wars_equipment_061.png","29300","2026-07-25T13:12:14.0000000Z","F521D20BC46C8E46893FA4EBED01E15FDC6732E627607EAAF062680CAD852B7B",""
"Added","artifacts/CurrencyWarsSmartRaccoon-0.2.778-win-x64-portable-shutdownfix-20260802/data/runtime/1.0.0/4.4/equipment/assets/currency_wars_equipment_icons/currency_wars_equipment_062.png","31263","2026-07-25T13:12:14.0000000Z","4C8EAE7C74F190FA5C1FD125F6EDCF48BF821F2363F91E4AB6774E0FBB20B8B7",""
"Added","artifacts/CurrencyWarsSmartRaccoon-0.2.778-win-x64-portable-shutdownfix-20260802/data/runtime/1.0.0/4.4/equipment/assets/currency_wars_equipment_icons/currency_wars_equipment_063.png","34524","2026-07-25T13:12:14.0000000Z","93348C2A315F9C98E8161BDA98ADD1B8F30CA312FD1CA69D1B26D466F4DFCC06",""
"Added","artifacts/CurrencyWarsSmartRaccoon-0.2.778-win-x64-portable-shutdownfix-20260802/data/runtime/1.0.0/4.4/equipment/assets/currency_wars_equipment_icons/currency_wars_equipment_064.png","32428","2026-07-25T13:12:14.0000000Z","20F77F28E219C512CC588F109F488B5EA091DA115A8A98AD2968ABFC39B6EA7E",""
"Added","artifacts/CurrencyWarsSmartRaccoon-0.2.778-win-x64-portable-shutdownfix-20260802/data/runtime/1.0.0/4.4/equipment/assets/currency_wars_equipment_icons/currency_wars_equipment_065.png","29579","2026-07-25T13:12:14.0000000Z","563ED7F4A54407F1B8EE88E837789E264CB59F4CB17DE0460115D5F747796D4B",""
"Added","artifacts/CurrencyWarsSmartRaccoon-0.2.778-win-x64-portable-shutdownfix-20260802/data/runtime/1.0.0/4.4/equipment/assets/currency_wars_equipment_icons/currency_wars_equipment_066.png","26355","2026-07-25T13:12:14.0000000Z","3F53C178DAA9CE82877B9E7BF4D39F0DCAC781E269E892B800F0551C68D6F548",""
"Added","artifacts/CurrencyWarsSmartRaccoon-0.2.778-win-x64-portable-shutdownfix-20260802/data/runtime/1.0.0/4.4/equipment/assets/currency_wars_equipment_icons/currency_wars_equipment_067.png","32281","2026-07-25T13:12:14.0000000Z","111A5D051A9C8CEEA2486D22098C6F919130418E525D151F6098CE9FA1625389",""
"Added","artifacts/CurrencyWarsSmartRaccoon-0.2.778-win-x64-portable-shutdownfix-20260802/data/runtime/1.0.0/4.4/equipment/assets/currency_wars_equipment_icons/currency_wars_equipment_068.png","25438","2026-07-25T13:12:16.0000000Z","4204A0B84679223ECF29A6CA036E6AA95957CF6CD33512C64E55E6AE576DBB2E",""
"Added","artifacts/CurrencyWarsSmartRaccoon-0.2.778-win-x64-portable-shutdownfix-20260802/data/runtime/1.0.0/4.4/equipment/assets/currency_wars_equipment_icons/currency_wars_equipment_069.png","33094","2026-07-25T13:12:16.0000000Z","F61A5944C98C2E3D9DB314585345C0E673DF145DE7CE9BA27CEA447C8D9D2220",""
"Added","artifacts/CurrencyWarsSmartRaccoon-0.2.778-win-x64-portable-shutdownfix-20260802/data/runtime/1.0.0/4.4/equipment/assets/currency_wars_equipment_icons/currency_wars_equipment_070.png","29134","2026-07-25T13:12:16.0000000Z","88A4334EC2C83711532325576281581F338B1B709B968407B0C90458CF2B63B8",""
"Added","artifacts/CurrencyWarsSmartRaccoon-0.2.778-win-x64-portable-shutdownfix-20260802/data/runtime/1.0.0/4.4/equipment/assets/currency_wars_equipment_icons/currency_wars_equipment_071.png","32555","2026-07-25T13:12:16.0000000Z","4A5F98D5703C2F8EC46DD348A41161178EF6976EA790711CC3BEF4331708EC47",""
"Added","artifacts/CurrencyWarsSmartRaccoon-0.2.778-win-x64-portable-shutdownfix-20260802/data/runtime/1.0.0/4.4/equipment/assets/currency_wars_equipment_icons/currency_wars_equipment_072.png","29438","2026-07-25T13:12:16.0000000Z","0E381740B644F074D8D57A640343A5197BBA7C3469149F96C7D6BAE8EA2D124B",""
"Added","artifacts/CurrencyWarsSmartRaccoon-0.2.778-win-x64-portable-shutdownfix-20260802/data/runtime/1.0.0/4.4/equipment/assets/currency_wars_equipment_icons/currency_wars_equipment_073.png","31837","2026-07-25T13:12:16.0000000Z","BC53B2F878F643CE96519B04075F5E3D9301249E8C703DBEAFC2C83098710FEA",""
"Added","artifacts/CurrencyWarsSmartRaccoon-0.2.778-win-x64-portable-shutdownfix-20260802/data/runtime/1.0.0/4.4/equipment/assets/currency_wars_equipment_icons/currency_wars_equipment_074.png","30024","2026-07-25T13:12:16.0000000Z","B7715DDB5C9DEA4D24897D8F80A1C790C272CE6CBFA1AB336A6078C379B610D2",""
"Added","artifacts/CurrencyWarsSmartRaccoon-0.2.778-win-x64-portable-shutdownfix-20260802/data/runtime/1.0.0/4.4/equipment/assets/currency_wars_equipment_icons/currency_wars_equipment_075.png","25775","2026-07-25T13:12:16.0000000Z","A7992E1A9BC95462F233D13AD4619571C80B69E62DDCA7F14275F4ABD006EA90",""
"Added","artifacts/CurrencyWarsSmartRaccoon-0.2.778-win-x64-portable-shutdownfix-20260802/data/runtime/1.0.0/4.4/equipment/assets/currency_wars_equipment_icons/currency_wars_equipment_076.png","34365","2026-07-25T13:12:16.0000000Z","4F0536A5DF57DBB1FD94FA4688A2DA232F7E20347F9810AD0D3633404917EAAC",""
"Added","artifacts/CurrencyWarsSmartRaccoon-0.2.778-win-x64-portable-shutdownfix-20260802/data/runtime/1.0.0/4.4/equipment/assets/currency_wars_equipment_icons/currency_wars_equipment_077.png","34741","2026-07-25T13:12:16.0000000Z","33121AB041DF3A0573FB638F4687C2DABD116E0BA6F4AE08D6A0839D25AFFE9C",""
"Added","artifacts/CurrencyWarsSmartRaccoon-0.2.778-win-x64-portable-shutdownfix-20260802/data/runtime/1.0.0/4.4/equipment/assets/currency_wars_equipment_icons/currency_wars_equipment_078.png","32726","2026-07-25T13:12:16.0000000Z","5468037F10A03DB79DB0FF7FD5C64DE648CC4A5E9459279826D25A2E9D083302",""
"Added","artifacts/CurrencyWarsSmartRaccoon-0.2.778-win-x64-portable-shutdownfix-20260802/data/runtime/1.0.0/4.4/equipment/assets/currency_wars_equipment_icons/currency_wars_equipment_079.png","26340","2026-07-25T13:12:18.0000000Z","057093A212C7DC7196A410CD1FAE91FEC7BD4E34113EA1FFE0FD38573350DC11",""
"Added","artifacts/CurrencyWarsSmartRaccoon-0.2.778-win-x64-portable-shutdownfix-20260802/data/runtime/1.0.0/4.4/equipment/assets/currency_wars_equipment_icons/currency_wars_equipment_080.png","33526","2026-07-25T13:12:18.0000000Z","EF05EF9C99143308D34121776F49B584F899A13AFFF12BC3D8AE58C6ACAC8898",""
"Added","artifacts/CurrencyWarsSmartRaccoon-0.2.778-win-x64-portable-shutdownfix-20260802/data/runtime/1.0.0/4.4/equipment/assets/currency_wars_equipment_icons/currency_wars_equipment_081.png","31824","2026-07-25T13:12:18.0000000Z","014EF547BCA716049301E771BB5F9FF025777D31210818901237269F6872A98B",""
"Added","artifacts/CurrencyWarsSmartRaccoon-0.2.778-win-x64-portable-shutdownfix-20260802/data/runtime/1.0.0/4.4/equipment/assets/currency_wars_equipment_icons/currency_wars_equipment_082.png","24563","2026-07-25T13:12:18.0000000Z","41503631A9126CB5EFF4A7386E577541E7A29C980222264E131FEBF96517B31B",""
"Added","artifacts/CurrencyWarsSmartRaccoon-0.2.778-win-x64-portable-shutdownfix-20260802/data/runtime/1.0.0/4.4/equipment/assets/currency_wars_equipment_icons/currency_wars_equipment_083.png","30328","2026-07-25T13:12:18.0000000Z","68BB0C44F85D14E6D41ADA9323292B90C02ACD6FF956315E456B912F73C8BF4E",""
"Added","artifacts/CurrencyWarsSmartRaccoon-0.2.778-win-x64-portable-shutdownfix-20260802/data/runtime/1.0.0/4.4/equipment/assets/currency_wars_equipment_icons/currency_wars_equipment_084.png","25537","2026-07-25T13:12:18.0000000Z","89A8842BEF4CD82A65C23CCC24C11539B90BD4C9F3245E3D46D5238E1C1F7999",""
"Added","artifacts/CurrencyWarsSmartRaccoon-0.2.778-win-x64-portable-shutdownfix-20260802/data/runtime/1.0.0/4.4/equipment/assets/currency_wars_equipment_icons/currency_wars_equipment_085.png","23266","2026-07-25T13:12:18.0000000Z","7D996184F8090BD7A0BB79699810F2A9E1CDEBD52FDE7ED2CF34EC7E8E6D143C",""
"Added","artifacts/CurrencyWarsSmartRaccoon-0.2.778-win-x64-portable-shutdownfix-20260802/data/runtime/1.0.0/4.4/equipment/assets/currency_wars_equipment_icons/currency_wars_equipment_086.png","25733","2026-07-25T13:12:18.0000000Z","1E13D90DC6590245DF3AA2DF61285035F1A37D311DBA5770E7588E4D5E9543CB",""
"Added","artifacts/CurrencyWarsSmartRaccoon-0.2.778-win-x64-portable-shutdownfix-20260802/data/runtime/1.0.0/4.4/equipment/assets/currency_wars_equipment_icons/currency_wars_equipment_087.png","35177","2026-07-25T13:12:18.0000000Z","0111479A0CCB4585CCB931ACBAAB0E9771877936A5CE7AE10850242A446E0CB9",""
"Added","artifacts/CurrencyWarsSmartRaccoon-0.2.778-win-x64-portable-shutdownfix-20260802/data/runtime/1.0.0/4.4/equipment/assets/currency_wars_equipment_icons/currency_wars_equipment_088.png","31189","2026-07-25T13:12:18.0000000Z","56BEA7098D3578A24612068268E277F53E143B1AA23AC0D32DF8AFADCA76C09E",""
"Added","artifacts/CurrencyWarsSmartRaccoon-0.2.778-win-x64-portable-shutdownfix-20260802/data/runtime/1.0.0/4.4/equipment/assets/currency_wars_equipment_icons/currency_wars_equipment_089.png","23578","2026-07-25T13:12:18.0000000Z","4C7F19FA94A7B2845A067E086A52874E66CD3F35FFB3533A14B142DD475FB782",""
"Added","artifacts/CurrencyWarsSmartRaccoon-0.2.778-win-x64-portable-shutdownfix-20260802/data/runtime/1.0.0/4.4/equipment/assets/currency_wars_equipment_icons/currency_wars_equipment_090.png","31526","2026-07-25T13:12:18.0000000Z","E6A8ADCD7331B1036186A76B3190CD5746B58D89E84E5A6AA07A25860B760EB2",""
"Added","artifacts/CurrencyWarsSmartRaccoon-0.2.778-win-x64-portable-shutdownfix-20260802/data/runtime/1.0.0/4.4/equipment/assets/currency_wars_equipment_icons/currency_wars_equipment_091.png","32541","2026-07-25T13:12:18.0000000Z","8558D839F989CFECE0189CE7007C88F6DEB48C685F9CFB48FA717F2E85273CC9",""
"Added","artifacts/CurrencyWarsSmartRaccoon-0.2.778-win-x64-portable-shutdownfix-20260802/data/runtime/1.0.0/4.4/equipment/assets/currency_wars_equipment_icons/currency_wars_equipment_092.png","29689","2026-07-25T13:12:20.0000000Z","359B80002377CF9ECEC3020DB298D7DD3210DD5A6041DA94304099DA2F042D58",""
"Added","artifacts/CurrencyWarsSmartRaccoon-0.2.778-win-x64-portable-shutdownfix-20260802/data/runtime/1.0.0/4.4/equipment/assets/currency_wars_equipment_icons/currency_wars_equipment_093.png","32182","2026-07-25T13:12:20.0000000Z","D56460779D29BC6F8E2169276F523F28C6E341CE95AA0905C903BD5E8CF415F5",""
"Added","artifacts/CurrencyWarsSmartRaccoon-0.2.778-win-x64-portable-shutdownfix-20260802/data/runtime/1.0.0/4.4/equipment/assets/currency_wars_equipment_icons/currency_wars_equipment_094.png","27496","2026-07-25T13:12:20.0000000Z","4ED72AE50D0FE4BADC8ED4AA14681EDE39657BBC080E4BC89BC2D18D90F145A3",""
"Added","artifacts/CurrencyWarsSmartRaccoon-0.2.778-win-x64-portable-shutdownfix-20260802/data/runtime/1.0.0/4.4/equipment/assets/currency_wars_equipment_icons/currency_wars_equipment_095.png","36000","2026-07-25T13:12:20.0000000Z","99B3ABC3F7A8173DB5ACCAD10CBC62CF4DCE5EA3FEC2ED23E2D5F8F57C3EC898",""
"Added","artifacts/CurrencyWarsSmartRaccoon-0.2.778-win-x64-portable-shutdownfix-20260802/data/runtime/1.0.0/4.4/equipment/assets/currency_wars_equipment_icons/currency_wars_equipment_096.png","29210","2026-07-25T13:12:20.0000000Z","FE7118A0D80B31261CC4D653850BC491820B4C1BE3BA1DEDF59A73CDF8EB8618",""
"Added","artifacts/CurrencyWarsSmartRaccoon-0.2.778-win-x64-portable-shutdownfix-20260802/data/runtime/1.0.0/4.4/equipment/assets/currency_wars_equipment_icons/currency_wars_equipment_097.png","32644","2026-07-25T13:12:20.0000000Z","CEB9C15BD35A9524343FEC674B485FC4C2695D6BC659A7A2EC311D65E9C4E78E",""
"Added","artifacts/CurrencyWarsSmartRaccoon-0.2.778-win-x64-portable-shutdownfix-20260802/data/runtime/1.0.0/4.4/equipment/assets/currency_wars_equipment_icons/currency_wars_equipment_098.png","31931","2026-07-25T13:12:20.0000000Z","141D508A6FDEF1B32355695AAE4CE660CE2AB31DDD97F7A353192992FC7B6C83",""
"Added","artifacts/CurrencyWarsSmartRaccoon-0.2.778-win-x64-portable-shutdownfix-20260802/data/runtime/1.0.0/4.4/equipment/assets/currency_wars_equipment_icons/currency_wars_equipment_099.png","31190","2026-07-25T13:12:20.0000000Z","B0ADF69DDDD5D0A23FDD0FEA212C0B83A830ED01A268FBDDDCC3F9825BFBC7A5",""
"Added","artifacts/CurrencyWarsSmartRaccoon-0.2.778-win-x64-portable-shutdownfix-20260802/data/runtime/1.0.0/4.4/equipment/assets/currency_wars_equipment_icons/currency_wars_equipment_100.png","29300","2026-07-25T13:12:20.0000000Z","F521D20BC46C8E46893FA4EBED01E15FDC6732E627607EAAF062680CAD852B7B",""
"Added","artifacts/CurrencyWarsSmartRaccoon-0.2.778-win-x64-portable-shutdownfix-20260802/data/runtime/1.0.0/4.4/equipment/assets/currency_wars_equipment_icons/currency_wars_equipment_101.png","31263","2026-07-25T13:12:22.0000000Z","4C8EAE7C74F190FA5C1FD125F6EDCF48BF821F2363F91E4AB6774E0FBB20B8B7",""
"Added","artifacts/CurrencyWarsSmartRaccoon-0.2.778-win-x64-portable-shutdownfix-20260802/data/runtime/1.0.0/4.4/equipment/assets/currency_wars_equipment_icons/currency_wars_equipment_102.png","34524","2026-07-25T13:12:22.0000000Z","93348C2A315F9C98E8161BDA98ADD1B8F30CA312FD1CA69D1B26D466F4DFCC06",""
"Added","artifacts/CurrencyWarsSmartRaccoon-0.2.778-win-x64-portable-shutdownfix-20260802/data/runtime/1.0.0/4.4/equipment/assets/currency_wars_equipment_icons/currency_wars_equipment_103.png","32428","2026-07-25T13:12:22.0000000Z","20F77F28E219C512CC588F109F488B5EA091DA115A8A98AD2968ABFC39B6EA7E",""
"Added","artifacts/CurrencyWarsSmartRaccoon-0.2.778-win-x64-portable-shutdownfix-20260802/data/runtime/1.0.0/4.4/equipment/assets/currency_wars_equipment_icons/currency_wars_equipment_104.png","29579","2026-07-25T13:12:22.0000000Z","563ED7F4A54407F1B8EE88E837789E264CB59F4CB17DE0460115D5F747796D4B",""
"Added","artifacts/CurrencyWarsSmartRaccoon-0.2.778-win-x64-portable-shutdownfix-20260802/data/runtime/1.0.0/4.4/equipment/assets/currency_wars_equipment_icons/currency_wars_equipment_105.png","26355","2026-07-25T13:12:22.0000000Z","3F53C178DAA9CE82877B9E7BF4D39F0DCAC781E269E892B800F0551C68D6F548",""
"Added","artifacts/CurrencyWarsSmartRaccoon-0.2.778-win-x64-portable-shutdownfix-20260802/data/runtime/1.0.0/4.4/equipment/assets/currency_wars_equipment_icons/currency_wars_equipment_106.png","32281","2026-07-25T13:12:22.0000000Z","111A5D051A9C8CEEA2486D22098C6F919130418E525D151F6098CE9FA1625389",""
"Added","artifacts/CurrencyWarsSmartRaccoon-0.2.778-win-x64-portable-shutdownfix-20260802/data/runtime/1.0.0/4.4/equipment/assets/currency_wars_equipment_icons/currency_wars_equipment_107.png","25438","2026-07-25T13:12:22.0000000Z","4204A0B84679223ECF29A6CA036E6AA95957CF6CD33512C64E55E6AE576DBB2E",""
"Added","artifacts/CurrencyWarsSmartRaccoon-0.2.778-win-x64-portable-shutdownfix-20260802/data/runtime/1.0.0/4.4/equipment/assets/currency_wars_equipment_icons/currency_wars_equipment_108.png","33094","2026-07-25T13:12:22.0000000Z","F61A5944C98C2E3D9DB314585345C0E673DF145DE7CE9BA27CEA447C8D9D2220",""
"Added","artifacts/CurrencyWarsSmartRaccoon-0.2.778-win-x64-portable-shutdownfix-20260802/data/runtime/1.0.0/4.4/equipment/assets/currency_wars_equipment_icons/currency_wars_equipment_109.png","29134","2026-07-25T13:12:22.0000000Z","88A4334EC2C83711532325576281581F338B1B709B968407B0C90458CF2B63B8",""
"Added","artifacts/CurrencyWarsSmartRaccoon-0.2.778-win-x64-portable-shutdownfix-20260802/data/runtime/1.0.0/4.4/equipment/assets/currency_wars_equipment_icons/currency_wars_equipment_110.png","32555","2026-07-25T13:12:22.0000000Z","4A5F98D5703C2F8EC46DD348A41161178EF6976EA790711CC3BEF4331708EC47",""
"Added","artifacts/CurrencyWarsSmartRaccoon-0.2.778-win-x64-portable-shutdownfix-20260802/data/runtime/1.0.0/4.4/equipment/assets/currency_wars_equipment_icons/currency_wars_equipment_111.png","29438","2026-07-25T13:12:22.0000000Z","0E381740B644F074D8D57A640343A5197BBA7C3469149F96C7D6BAE8EA2D124B",""
"Added","artifacts/CurrencyWarsSmartRaccoon-0.2.778-win-x64-portable-shutdownfix-20260802/data/runtime/1.0.0/4.4/equipment/assets/currency_wars_equipment_icons/currency_wars_equipment_112.png","31837","2026-07-25T13:12:22.0000000Z","BC53B2F878F643CE96519B04075F5E3D9301249E8C703DBEAFC2C83098710FEA",""
"Added","artifacts/CurrencyWarsSmartRaccoon-0.2.778-win-x64-portable-shutdownfix-20260802/data/runtime/1.0.0/4.4/equipment/assets/currency_wars_equipment_icons/currency_wars_equipment_113.png","30024","2026-07-25T13:12:24.0000000Z","B7715DDB5C9DEA4D24897D8F80A1C790C272CE6CBFA1AB336A6078C379B610D2",""
"Added","artifacts/CurrencyWarsSmartRaccoon-0.2.778-win-x64-portable-shutdownfix-20260802/data/runtime/1.0.0/4.4/equipment/assets/currency_wars_equipment_icons/currency_wars_equipment_114.png","25775","2026-07-25T13:12:24.0000000Z","A7992E1A9BC95462F233D13AD4619571C80B69E62DDCA7F14275F4ABD006EA90",""
"Added","artifacts/CurrencyWarsSmartRaccoon-0.2.778-win-x64-portable-shutdownfix-20260802/data/runtime/1.0.0/4.4/equipment/assets/currency_wars_equipment_icons/currency_wars_equipment_115.png","34365","2026-07-25T13:12:24.0000000Z","4F0536A5DF57DBB1FD94FA4688A2DA232F7E20347F9810AD0D3633404917EAAC",""
"Added","artifacts/CurrencyWarsSmartRaccoon-0.2.778-win-x64-portable-shutdownfix-20260802/data/runtime/1.0.0/4.4/equipment/assets/currency_wars_equipment_icons/currency_wars_equipment_116.png","34741","2026-07-25T13:12:24.0000000Z","33121AB041DF3A0573FB638F4687C2DABD116E0BA6F4AE08D6A0839D25AFFE9C",""
"Added","artifacts/CurrencyWarsSmartRaccoon-0.2.778-win-x64-portable-shutdownfix-20260802/data/runtime/1.0.0/4.4/equipment/assets/currency_wars_equipment_icons/currency_wars_equipment_117.png","32726","2026-07-25T13:12:24.0000000Z","5468037F10A03DB79DB0FF7FD5C64DE648CC4A5E9459279826D25A2E9D083302",""
"Added","artifacts/CurrencyWarsSmartRaccoon-0.2.778-win-x64-portable-shutdownfix-20260802/data/runtime/1.0.0/4.4/equipment/assets/currency_wars_equipment_icons/currency_wars_equipment_118.png","26340","2026-07-25T13:12:24.0000000Z","057093A212C7DC7196A410CD1FAE91FEC7BD4E34113EA1FFE0FD38573350DC11",""
"Added","artifacts/CurrencyWarsSmartRaccoon-0.2.778-win-x64-portable-shutdownfix-20260802/data/runtime/1.0.0/4.4/equipment/assets/currency_wars_equipment_icons/currency_wars_equipment_119.png","33526","2026-07-25T13:12:24.0000000Z","EF05EF9C99143308D34121776F49B584F899A13AFFF12BC3D8AE58C6ACAC8898",""
"Added","artifacts/CurrencyWarsSmartRaccoon-0.2.778-win-x64-portable-shutdownfix-20260802/data/runtime/1.0.0/4.4/equipment/assets/currency_wars_equipment_icons/currency_wars_equipment_120.png","31824","2026-07-25T13:12:24.0000000Z","014EF547BCA716049301E771BB5F9FF025777D31210818901237269F6872A98B",""
"Added","artifacts/CurrencyWarsSmartRaccoon-0.2.778-win-x64-portable-shutdownfix-20260802/data/runtime/1.0.0/4.4/equipment/assets/currency_wars_equipment_icons/currency_wars_equipment_121.png","24563","2026-07-25T13:12:24.0000000Z","41503631A9126CB5EFF4A7386E577541E7A29C980222264E131FEBF96517B31B",""
"Added","artifacts/CurrencyWarsSmartRaccoon-0.2.778-win-x64-portable-shutdownfix-20260802/data/runtime/1.0.0/4.4/equipment/assets/currency_wars_equipment_icons/currency_wars_equipment_122.png","30328","2026-07-25T13:12:24.0000000Z","68BB0C44F85D14E6D41ADA9323292B90C02ACD6FF956315E456B912F73C8BF4E",""
"Added","artifacts/CurrencyWarsSmartRaccoon-0.2.778-win-x64-portable-shutdownfix-20260802/data/runtime/1.0.0/4.4/equipment/assets/currency_wars_equipment_icons/currency_wars_equipment_123.png","27148","2026-07-25T13:12:24.0000000Z","38A5E8C5F8A6501E4F39D29F089F8285F6C436DA2E3565EFB22EBB032FC10EAD",""
"Added","artifacts/CurrencyWarsSmartRaccoon-0.2.778-win-x64-portable-shutdownfix-20260802/data/runtime/1.0.0/4.4/equipment/assets/currency_wars_equipment_icons/currency_wars_equipment_124.png","25846","2026-07-25T13:12:26.0000000Z","2869B5B66D622304F025A8128BEEA24990F68ECE240482A1765A59A6301E70B3",""
"Added","artifacts/CurrencyWarsSmartRaccoon-0.2.778-win-x64-portable-shutdownfix-20260802/data/runtime/1.0.0/4.4/equipment/assets/currency_wars_equipment_icons/currency_wars_equipment_125.png","25909","2026-07-25T13:12:26.0000000Z","AA71050E1B417B0FD8E55512FBBC3A97D5CF5C0B53D8B92FFCA2F775C3A8E688",""
"Added","artifacts/CurrencyWarsSmartRaccoon-0.2.778-win-x64-portable-shutdownfix-20260802/data/runtime/1.0.0/4.4/equipment/assets/currency_wars_equipment_icons/currency_wars_equipment_126.png","26082","2026-07-25T13:12:26.0000000Z","C16BCFCF474563DC9990B04FE05763AFF710C3D8FAED01B11ADC4DDF9D2410BC",""
"Added","artifacts/CurrencyWarsSmartRaccoon-0.2.778-win-x64-portable-shutdownfix-20260802/data/runtime/1.0.0/4.4/equipment/assets/currency_wars_equipment_icons/currency_wars_equipment_127.png","26680","2026-07-25T13:12:26.0000000Z","DCCF11FDB09F71F7F570F079CFD58863FD7757DAD39BDBA3FF03EEE4349C0C56",""
"Added","artifacts/CurrencyWarsSmartRaccoon-0.2.778-win-x64-portable-shutdownfix-20260802/data/runtime/1.0.0/4.4/equipment/assets/currency_wars_equipment_icons/currency_wars_equipment_128.png","26614","2026-07-25T13:12:26.0000000Z","9F2A9834BCD8371C975A437B2B5CF1152563AAD16093868017F4F7F19489E37C",""
"Added","artifacts/CurrencyWarsSmartRaccoon-0.2.778-win-x64-portable-shutdownfix-20260802/data/runtime/1.0.0/4.4/equipment/assets/currency_wars_equipment_icons/currency_wars_equipment_129.png","27034","2026-07-25T13:12:26.0000000Z","710A48B9C446D50C60FC386E373A1C3CF25FDF4EE5E547C2F4FB31369D7B81D3",""
"Added","artifacts/CurrencyWarsSmartRaccoon-0.2.778-win-x64-portable-shutdownfix-20260802/data/runtime/1.0.0/4.4/equipment/assets/currency_wars_equipment_icons/currency_wars_equipment_130.png","25578","2026-07-25T13:12:26.0000000Z","81B1786CFD6E9B9E549D6A6B7323DC02E6D40A3B3CA7A85315D3FAAEB5E029B7",""
"Added","artifacts/CurrencyWarsSmartRaccoon-0.2.778-win-x64-portable-shutdownfix-20260802/data/runtime/1.0.0/4.4/equipment/assets/currency_wars_equipment_icons/currency_wars_equipment_131.png","25394","2026-07-25T13:12:26.0000000Z","7DAE9E939AC94F2C746ECA6DE9BD3728FBE82FF62EB553D39216AF4088141975",""
"Added","artifacts/CurrencyWarsSmartRaccoon-0.2.778-win-x64-portable-shutdownfix-20260802/data/runtime/1.0.0/4.4/equipment/assets/currency_wars_equipment_icons/currency_wars_equipment_132.png","27178","2026-07-25T13:12:26.0000000Z","585A2587813F1F4BFD773E2130ED0CA0B8DE2F02290F404AD95BBBE11E929B10",""
"Added","artifacts/CurrencyWarsSmartRaccoon-0.2.778-win-x64-portable-shutdownfix-20260802/data/runtime/1.0.0/4.4/equipment/assets/currency_wars_equipment_icons/currency_wars_equipment_133.png","25113","2026-07-25T13:12:26.0000000Z","870F1BE4B0C3E3E61E4E5B81F1664A50B5A6198641651097EA723BFA39E74415",""
"Added","artifacts/CurrencyWarsSmartRaccoon-0.2.778-win-x64-portable-shutdownfix-20260802/data/runtime/1.0.0/4.4/equipment/assets/currency_wars_equipment_icons/currency_wars_equipment_134.png","26933","2026-07-25T13:12:28.0000000Z","8AF9217D459CEB46087DD63761C0FD1BB201B2EFB4F7C258C58AB2A8A1FC5428",""
"Added","artifacts/CurrencyWarsSmartRaccoon-0.2.778-win-x64-portable-shutdownfix-20260802/data/runtime/1.0.0/4.4/equipment/assets/currency_wars_equipment_icons/currency_wars_equipment_135.png","24888","2026-07-25T13:12:28.0000000Z","BC44EEE255BB1D4F622FFB9BBE1DA30F5B6B594DDF60C3A72E885736878C24D8",""
"Added","artifacts/CurrencyWarsSmartRaccoon-0.2.778-win-x64-portable-shutdownfix-20260802/data/runtime/1.0.0/4.4/equipment/assets/currency_wars_equipment_icons/currency_wars_equipment_136.png","27559","2026-07-25T13:12:28.0000000Z","725F266EA49995EE8F41806EC5CF20B7C3A0BC0CA8CD50D083022D166B3AA3CC",""
"Added","artifacts/CurrencyWarsSmartRaccoon-0.2.778-win-x64-portable-shutdownfix-20260802/data/runtime/1.0.0/4.4/equipment/assets/currency_wars_equipment_icons/currency_wars_equipment_137.png","24766","2026-07-25T13:12:28.0000000Z","9BBEB50DAF0A95E2CE786C53F82303D2D40AD7BC3EEFD9653F701867F922AACF",""
"Added","artifacts/CurrencyWarsSmartRaccoon-0.2.778-win-x64-portable-shutdownfix-20260802/data/runtime/1.0.0/4.4/equipment/assets/currency_wars_equipment_icons/currency_wars_equipment_138.png","26359","2026-07-25T13:12:28.0000000Z","8003530A04476B75315BDA28E9874C06A97FAEF18906C0FE57E11954930445F5",""
"Added","artifacts/CurrencyWarsSmartRaccoon-0.2.778-win-x64-portable-shutdownfix-20260802/data/runtime/1.0.0/4.4/equipment/assets/currency_wars_equipment_icons/currency_wars_equipment_139.png","26370","2026-07-25T13:12:28.0000000Z","97668B0024B2FE93B402593EDC60FE012573248CCD6C6D0197ABBD00317C7647",""
"Added","artifacts/CurrencyWarsSmartRaccoon-0.2.778-win-x64-portable-shutdownfix-20260802/data/runtime/1.0.0/4.4/equipment/assets/currency_wars_equipment_icons/currency_wars_equipment_140.png","25558","2026-07-25T13:12:28.0000000Z","6BF18D593F86E4963B0AC3862024E6A45424DB064E41A5FE8DC55CB91F7DEC5F",""
"Added","artifacts/CurrencyWarsSmartRaccoon-0.2.778-win-x64-portable-shutdownfix-20260802/data/runtime/1.0.0/4.4/equipment/assets/currency_wars_equipment_icons/currency_wars_equipment_141.png","25965","2026-07-25T13:12:28.0000000Z","665CBD400C31A3FC7C53968301BBEE428275924775D69D0848D631924C94C4CD",""
"Added","artifacts/CurrencyWarsSmartRaccoon-0.2.778-win-x64-portable-shutdownfix-20260802/data/runtime/1.0.0/4.4/equipment/assets/currency_wars_equipment_icons/currency_wars_equipment_142.png","25361","2026-07-25T13:12:28.0000000Z","CEA8385B73E582E4C3CE4889FDC34EE4BDEF30E897E43D077FC9F751015B2CA2",""
"Added","artifacts/CurrencyWarsSmartRaccoon-0.2.778-win-x64-portable-shutdownfix-20260802/data/runtime/1.0.0/4.4/equipment/assets/currency_wars_equipment_icons/currency_wars_equipment_143.png","31526","2026-07-25T13:12:28.0000000Z","E6A8ADCD7331B1036186A76B3190CD5746B58D89E84E5A6AA07A25860B760EB2",""
"Added","artifacts/CurrencyWarsSmartRaccoon-0.2.778-win-x64-portable-shutdownfix-20260802/data/runtime/1.0.0/4.4/equipment/assets/currency_wars_equipment_icons/currency_wars_equipment_144.png","31190","2026-07-25T13:12:28.0000000Z","B0ADF69DDDD5D0A23FDD0FEA212C0B83A830ED01A268FBDDDCC3F9825BFBC7A5",""
"Added","artifacts/CurrencyWarsSmartRaccoon-0.2.778-win-x64-portable-shutdownfix-20260802/data/runtime/1.0.0/4.4/equipment/assets/currency_wars_equipment_icons/currency_wars_equipment_145.png","34524","2026-07-25T13:12:28.0000000Z","93348C2A315F9C98E8161BDA98ADD1B8F30CA312FD1CA69D1B26D466F4DFCC06",""
"Added","artifacts/CurrencyWarsSmartRaccoon-0.2.778-win-x64-portable-shutdownfix-20260802/data/runtime/1.0.0/4.4/equipment/assets/currency_wars_equipment_icons/currency_wars_equipment_146.png","31526","2026-07-25T13:12:30.0000000Z","E6A8ADCD7331B1036186A76B3190CD5746B58D89E84E5A6AA07A25860B760EB2",""
"Added","artifacts/CurrencyWarsSmartRaccoon-0.2.778-win-x64-portable-shutdownfix-20260802/data/runtime/1.0.0/4.4/equipment/assets/currency_wars_equipment_icons/currency_wars_equipment_147.png","31190","2026-07-25T13:12:30.0000000Z","B0ADF69DDDD5D0A23FDD0FEA212C0B83A830ED01A268FBDDDCC3F9825BFBC7A5",""
"Added","artifacts/CurrencyWarsSmartRaccoon-0.2.778-win-x64-portable-shutdownfix-20260802/data/runtime/1.0.0/4.4/equipment/assets/currency_wars_equipment_icons/currency_wars_equipment_148.png","34524","2026-07-25T13:12:30.0000000Z","93348C2A315F9C98E8161BDA98ADD1B8F30CA312FD1CA69D1B26D466F4DFCC06",""
"Added","artifacts/CurrencyWarsSmartRaccoon-0.2.778-win-x64-portable-shutdownfix-20260802/data/runtime/1.0.0/4.4/equipment/assets/currency_wars_equipment_icons/currency_wars_equipment_149.png","31684","2026-07-25T13:12:30.0000000Z","52909DE2E822053C674356B2F226E42EC3431C9352FACFABEE595F226B0FB0D2",""
"Added","artifacts/CurrencyWarsSmartRaccoon-0.2.778-win-x64-portable-shutdownfix-20260802/data/runtime/1.0.0/4.4/equipment/assets/currency_wars_equipment_icons/currency_wars_equipment_150.png","21516","2026-07-25T13:12:30.0000000Z","47AB81A776419EBFBF96B932D1478C479722741510867F78D6185AF939C1D524",""
"Added","artifacts/CurrencyWarsSmartRaccoon-0.2.778-win-x64-portable-shutdownfix-20260802/data/runtime/1.0.0/4.4/equipment/assets/currency_wars_equipment_icons/currency_wars_equipment_151.png","29452","2026-07-25T13:12:30.0000000Z","16A3B61D5EA6814E5356616D975DC92138DD7CAA538D2C7D8107615ACF9666B7",""
"Added","artifacts/CurrencyWarsSmartRaccoon-0.2.778-win-x64-portable-shutdownfix-20260802/data/runtime/1.0.0/4.4/equipment/assets/currency_wars_equipment_icons/currency_wars_equipment_152.png","25723","2026-07-25T13:12:30.0000000Z","A26C1FAD95D900395C1970AF71CB8E27EF8CB33E813612F8B95688E1597ADCC8",""
"Added","artifacts/CurrencyWarsSmartRaccoon-0.2.778-win-x64-portable-shutdownfix-20260802/data/runtime/1.0.0/4.4/equipment/assets/currency_wars_equipment_icons/currency_wars_equipment_153.png","23025","2026-07-25T13:12:30.0000000Z","9844590643C43AC6F7FAFC0D4C46F0139FA14587939C1B4A1179756FB930D083",""
"Added","artifacts/CurrencyWarsSmartRaccoon-0.2.778-win-x64-portable-shutdownfix-20260802/data/runtime/1.0.0/4.4/equipment/assets/currency_wars_equipment_icons/currency_wars_equipment_154.png","30878","2026-07-25T13:12:30.0000000Z","4EF96AFDD43945D75018892980415B2C408C8C6E6CB8146B47590A7024835655",""
"Added","artifacts/CurrencyWarsSmartRaccoon-0.2.778-win-x64-portable-shutdownfix-20260802/data/runtime/1.0.0/4.4/equipment/assets/currency_wars_equipment_icons/currency_wars_equipment_155.png","28657","2026-07-25T13:12:30.0000000Z","EEF0A6E2130743FF0573605B704486F6302E6CD69CE21A34696B29501EE3DA40",""
"Added","artifacts/CurrencyWarsSmartRaccoon-0.2.778-win-x64-portable-shutdownfix-20260802/data/runtime/1.0.0/4.4/equipment/assets/currency_wars_equipment_icons/currency_wars_equipment_156.png","66998","2026-07-25T13:12:32.0000000Z","711860952E82F3E60ADE4DC4C1BAB8CA671AD4E6BF29B651240A81EE20041448",""
"Added","artifacts/CurrencyWarsSmartRaccoon-0.2.778-win-x64-portable-shutdownfix-20260802/data/runtime/1.0.0/4.4/equipment/assets/currency_wars_equipment_icons/currency_wars_equipment_157.png","64322","2026-07-25T13:12:32.0000000Z","A71AAABF88D868E61717A8A8A855A11E9EC2A93CBB19B197F3CD5A113DB39D7D",""
"Added","artifacts/CurrencyWarsSmartRaccoon-0.2.778-win-x64-portable-shutdownfix-20260802/data/runtime/1.0.0/4.4/equipment/assets/currency_wars_equipment_icons/currency_wars_equipment_158.png","73683","2026-07-25T13:12:32.0000000Z","9BA802BAA6DDBAC5A2350D9193E4CA9E989C507BD87610612A1A506E7E1BF1CB",""
"Added","artifacts/CurrencyWarsSmartRaccoon-0.2.778-win-x64-portable-shutdownfix-20260802/data/runtime/1.0.0/4.4/equipment/assets/currency_wars_equipment_icons/currency_wars_equipment_159.png","79028","2026-07-25T13:19:02.0000000Z","A53C1EC7A89554E14C61BA004AA0B670BC79F14111E74FF11A37CF8CE3396359",""
"Added","artifacts/CurrencyWarsSmartRaccoon-0.2.778-win-x64-portable-shutdownfix-20260802/data/runtime/1.0.0/4.4/equipment/equipment.json","641230","2026-07-26T01:40:18.0000000Z","4B525D125B38B86EF68852C3D06BB23A28A7190A3389D9821AB814F7CBCB3554",""
"Added","artifacts/CurrencyWarsSmartRaccoon-0.2.778-win-x64-portable-shutdownfix-20260802/data/runtime/1.0.0/4.4/equipment/manifest.json","370","2026-07-26T01:40:18.0000000Z","643023CD40A00DAD5B8828A38B83F839C197CC62DD095210A643E81F18868299",""
"Added","artifacts/CurrencyWarsSmartRaccoon-0.2.778-win-x64-portable-shutdownfix-20260802/data/vision-assets/4.4/sources.json","1889","2026-07-28T12:22:04.0000000Z","AB49C5D4404C0E19D528B4784D3DEE3BAC80D82A2E48AA66C65F741D946CE1AC",""
"Added","artifacts/CurrencyWarsSmartRaccoon-0.2.778-win-x64-portable-shutdownfix-20260802/de/Microsoft.VisualBasic.Forms.resources.dll","25384","2026-06-25T16:58:26.0000000Z","6D02F5D5028C8A7BDE757B1B99ECA7022D138DA5163F8D28B6ADCBC381F26029",""
"Added","artifacts/CurrencyWarsSmartRaccoon-0.2.778-win-x64-portable-shutdownfix-20260802/de/PresentationCore.resources.dll","114000","2026-06-25T18:17:40.0000000Z","AE5A3B582CBE4FFDE642E749C21F3809223FEDDCCFDE2A875926A428B333C8D7",""
"Added","artifacts/CurrencyWarsSmartRaccoon-0.2.778-win-x64-portable-shutdownfix-20260802/de/PresentationFramework.resources.dll","213328","2026-06-25T18:18:08.0000000Z","D3293CB78C42A284EA8A00897E1559E0D70CAB7623978F41CCC8CC615F81EC34",""
"Added","artifacts/CurrencyWarsSmartRaccoon-0.2.778-win-x64-portable-shutdownfix-20260802/de/PresentationUI.resources.dll","46888","2026-06-25T18:18:30.0000000Z","2641C3968049FE5F6454A68827BC75C53AE1A98F8596F0414EA62036AB5554B0",""
"Added","artifacts/CurrencyWarsSmartRaccoon-0.2.778-win-x64-portable-shutdownfix-20260802/de/ReachFramework.resources.dll","39208","2026-06-25T18:17:56.0000000Z","64B67F71778C572539ADA447D704A66A7F7E91D24566733DDF6271A0C3F0AEAE",""
"Added","artifacts/CurrencyWarsSmartRaccoon-0.2.778-win-x64-portable-shutdownfix-20260802/de/System.Windows.Controls.Ribbon.resources.dll","18216","2026-06-25T18:18:52.0000000Z","1BD650690ABFAB4F2B8C6F4078F01DC77AD9A01150FB884D6DF283A450EF6DD4",""
"Added","artifacts/CurrencyWarsSmartRaccoon-0.2.778-win-x64-portable-shutdownfix-20260802/de/System.Windows.Forms.Design.resources.dll","149288","2026-06-25T16:58:32.0000000Z","2988E5B8B6F81CED3FAEA6BC91439A5E201D34279581FEAC8C5C1F644AE3009F",""
"Added","artifacts/CurrencyWarsSmartRaccoon-0.2.778-win-x64-portable-shutdownfix-20260802/de/System.Windows.Forms.Primitives.resources.dll","15656","2026-06-25T16:57:46.0000000Z","C2FF31EF912E0B57E6080923A5DCFBF5F1D9652F8427A1C2B96DE241293F52C3",""
"Added","artifacts/CurrencyWarsSmartRaccoon-0.2.778-win-x64-portable-shutdownfix-20260802/de/System.Windows.Forms.resources.dll","373544","2026-06-25T16:58:22.0000000Z","64BCF99505C5C6C4D80EF78E1C1B27A506170111AF827B082BBDDCE98BE92C28",""
"Added","artifacts/CurrencyWarsSmartRaccoon-0.2.778-win-x64-portable-shutdownfix-20260802/de/System.Windows.Input.Manipulations.resources.dll","16168","2026-06-25T18:17:02.0000000Z","147809705AAE2C5787245DBE4277E2AE89BC8E05859446B2B5B078CFD32DAA29",""
"Added","artifacts/CurrencyWarsSmartRaccoon-0.2.778-win-x64-portable-shutdownfix-20260802/de/System.Xaml.resources.dll","68392","2026-06-25T18:17:06.0000000Z","13FCB4E2CB927EAD8696472DBDB852BD5FB8DE1AD26CE1DA609D1B12260FEA04",""
"Added","artifacts/CurrencyWarsSmartRaccoon-0.2.778-win-x64-portable-shutdownfix-20260802/de/UIAutomationClient.resources.dll","19792","2026-06-25T18:17:48.0000000Z","AE2E9D1195277B9DDD450DE5916B0E120806BD007446C00E4A8006192EB042AD",""
"Added","artifacts/CurrencyWarsSmartRaccoon-0.2.778-win-x64-portable-shutdownfix-20260802/de/UIAutomationClientSideProviders.resources.dll","20816","2026-06-25T18:17:50.0000000Z","57CB14A1814254640EB3C40B184E0EBB92612AE20FA8C9341B648554D976ED1E",""
"Added","artifacts/CurrencyWarsSmartRaccoon-0.2.778-win-x64-portable-shutdownfix-20260802/de/UIAutomationProvider.resources.dll","15144","2026-06-25T18:17:32.0000000Z","70815B7F791002228F6CF67E5412F55E92700DC7FF8B8795E497649D0A8FFF14",""
"Added","artifacts/CurrencyWarsSmartRaccoon-0.2.778-win-x64-portable-shutdownfix-20260802/de/UIAutomationTypes.resources.dll","18216","2026-06-25T18:17:24.0000000Z","6DEC53E0E9DBFE0184989D957A9B4BF5244EE569A717653A3B4B39431BA3ED82",""
"Added","artifacts/CurrencyWarsSmartRaccoon-0.2.778-win-x64-portable-shutdownfix-20260802/de/WindowsBase.resources.dll","90920","2026-06-25T18:17:20.0000000Z","A4A88A28678A45F7ECF7BBCEACA4BD40C3470E54E7E5E4CC18A9F1FDE033F316",""
"Added","artifacts/CurrencyWarsSmartRaccoon-0.2.778-win-x64-portable-shutdownfix-20260802/de/WindowsFormsIntegration.resources.dll","15656","2026-06-25T18:18:10.0000000Z","113C1BF080D20774B2D310AA9E907D2D170035029BE16B1F56186809D7BC65D0",""
"Added","artifacts/CurrencyWarsSmartRaccoon-0.2.778-win-x64-portable-shutdownfix-20260802/DirectWriteForwarder.dll","517928","2026-06-25T20:06:38.0000000Z","2F430CF6C5692A957C77AAD64EC1980DDB4FC4D8A47FA103081DE5B8D5D91350",""
"Added","artifacts/CurrencyWarsSmartRaccoon-0.2.778-win-x64-portable-shutdownfix-20260802/es/Microsoft.VisualBasic.Forms.resources.dll","25384","2026-06-25T16:58:26.0000000Z","1E5FEE48466059F36CF835C3B3AF6DFEDE117676114D7BF8A8330E92844C3CD4",""
"Added","artifacts/CurrencyWarsSmartRaccoon-0.2.778-win-x64-portable-shutdownfix-20260802/es/PresentationCore.resources.dll","109864","2026-06-25T18:17:40.0000000Z","8B01D542B9AB8AEAE84CF5165394B8223879C48ABA9386B77656EB3AF876B344",""
"Added","artifacts/CurrencyWarsSmartRaccoon-0.2.778-win-x64-portable-shutdownfix-20260802/es/PresentationFramework.resources.dll","203088","2026-06-25T18:18:08.0000000Z","967F6AE7835DF271229E3A42E06E9D2A042A99C29546294C7A7BA5166898319B",""
"Added","artifacts/CurrencyWarsSmartRaccoon-0.2.778-win-x64-portable-shutdownfix-20260802/es/PresentationUI.resources.dll","45352","2026-06-25T18:18:30.0000000Z","3D00BD76FB777D65069194AD0B010A0931C0755270EDE67159678B724C336D23",""
"Added","artifacts/CurrencyWarsSmartRaccoon-0.2.778-win-x64-portable-shutdownfix-20260802/es/ReachFramework.resources.dll","39208","2026-06-25T18:17:56.0000000Z","B7CA98CCE353BBCBB735590A3AD2FF08E920321EA077CC4C4105359359AFDA29",""
"Added","artifacts/CurrencyWarsSmartRaccoon-0.2.778-win-x64-portable-shutdownfix-20260802/es/System.Windows.Controls.Ribbon.resources.dll","18216","2026-06-25T18:18:52.0000000Z","C02CBB6FB8F33A26F6CF94421D208F2373606894E0D7FE836A630B822A37C20A",""
"Added","artifacts/CurrencyWarsSmartRaccoon-0.2.778-win-x64-portable-shutdownfix-20260802/es/System.Windows.Forms.Design.resources.dll","149288","2026-06-25T16:58:32.0000000Z","0233C101561BA9CF4BAC14E9E7C00C94491E4F6E9DC20EB1993D3BF939BAEF39",""
"Added","artifacts/CurrencyWarsSmartRaccoon-0.2.778-win-x64-portable-shutdownfix-20260802/es/System.Windows.Forms.Primitives.resources.dll","15656","2026-06-25T16:57:46.0000000Z","B7316AADBA971128C9A4A1961127FEC24F99FBF47A209E463A7BB8252D246235",""
"Added","artifacts/CurrencyWarsSmartRaccoon-0.2.778-win-x64-portable-shutdownfix-20260802/es/System.Windows.Forms.resources.dll","365864","2026-06-25T16:58:22.0000000Z","2CFFE817031A6DD1CC2DCA21AD06A90F6213C19F13C99753FD928AF6E2469080",""
"Added","artifacts/CurrencyWarsSmartRaccoon-0.2.778-win-x64-portable-shutdownfix-20260802/es/System.Windows.Input.Manipulations.resources.dll","16168","2026-06-25T18:17:02.0000000Z","266245102D5432198DB6A1F59FF9992E67A62507EAFFEF99E74BC0995018D573",""
"Added","artifacts/CurrencyWarsSmartRaccoon-0.2.778-win-x64-portable-shutdownfix-20260802/es/System.Xaml.resources.dll","65832","2026-06-25T18:17:06.0000000Z","F49E3E1C40A3826FBD0E16EA18402216CA999B543446003E704D32C1FEDEBBB4",""
"Added","artifacts/CurrencyWarsSmartRaccoon-0.2.778-win-x64-portable-shutdownfix-20260802/es/UIAutomationClient.resources.dll","19752","2026-06-25T18:17:48.0000000Z","ECB3394F968963936E8EB2F069D30247933A0E30062FC5E46ACF01E1CE86B776",""
"Added","artifacts/CurrencyWarsSmartRaccoon-0.2.778-win-x64-portable-shutdownfix-20260802/es/UIAutomationClientSideProviders.resources.dll","20776","2026-06-25T18:17:50.0000000Z","10853B3D932F0CC26861C48CA1BCC33D282708C564D57051521B347FA4918B8C",""
"Added","artifacts/CurrencyWarsSmartRaccoon-0.2.778-win-x64-portable-shutdownfix-20260802/es/UIAutomationProvider.resources.dll","15144","2026-06-25T18:17:32.0000000Z","8C4688FEA54E477BF152BA8977B38BB78C31B951C1A2FDA891FB7080CD35DEBD",""
"Added","artifacts/CurrencyWarsSmartRaccoon-0.2.778-win-x64-portable-shutdownfix-20260802/es/UIAutomationTypes.resources.dll","18216","2026-06-25T18:17:24.0000000Z","45E80E6F42D4B11B04E5833B811C10BD87C412B60DD02A739F73C0F1E4768BFE",""
"Added","artifacts/CurrencyWarsSmartRaccoon-0.2.778-win-x64-portable-shutdownfix-20260802/es/WindowsBase.resources.dll","89384","2026-06-25T18:17:20.0000000Z","00451A09638200245361DDBBEA8256B673890EBE9DF9F90352D76948EACF8F4A",""
"Added","artifacts/CurrencyWarsSmartRaccoon-0.2.778-win-x64-portable-shutdownfix-20260802/es/WindowsFormsIntegration.resources.dll","15656","2026-06-25T18:18:10.0000000Z","D16303C4FA80EA4AB60A6607C2D267CF68C8E8A908543B2597240C5941B93AE3",""
"Added","artifacts/CurrencyWarsSmartRaccoon-0.2.778-win-x64-portable-shutdownfix-20260802/fr/Microsoft.VisualBasic.Forms.resources.dll","25384","2026-06-25T16:58:26.0000000Z","B0C2DE632F6CCC3E18ECD2CAF4558BDD0A0908D4050C2BB1C37B104957CF26FA",""
"Added","artifacts/CurrencyWarsSmartRaccoon-0.2.778-win-x64-portable-shutdownfix-20260802/fr/PresentationCore.resources.dll","112976","2026-06-25T18:17:42.0000000Z","14A6716BF1BCF696630C47F35065E77004D9DA6F9DA42FAED862C8E9B7C02249",""
"Added","artifacts/CurrencyWarsSmartRaccoon-0.2.778-win-x64-portable-shutdownfix-20260802/fr/PresentationFramework.resources.dll","206632","2026-06-25T18:18:08.0000000Z","CDF31DF150AB909CD3B2D15A89F96F2B93CB7ABA4451ACDBD0F07CF0D9BCD76B",""
"Added","artifacts/CurrencyWarsSmartRaccoon-0.2.778-win-x64-portable-shutdownfix-20260802/fr/PresentationUI.resources.dll","46416","2026-06-25T18:18:30.0000000Z","15DA5F61B8B1FC170E7B88A46AD9162E7A6D3E53F6A3870843104FF0DEDF2F44",""
"Added","artifacts/CurrencyWarsSmartRaccoon-0.2.778-win-x64-portable-shutdownfix-20260802/fr/ReachFramework.resources.dll","39720","2026-06-25T18:17:56.0000000Z","B38F6CD1AC923F4570778C228213DC9F1A7F94BCCA0FDE3AD892158B5A97BC2D",""
"Added","artifacts/CurrencyWarsSmartRaccoon-0.2.778-win-x64-portable-shutdownfix-20260802/fr/System.Windows.Controls.Ribbon.resources.dll","18256","2026-06-25T18:18:52.0000000Z","14631E424BE1965E075F27AB13E8C0584DD26097212633D5F183C584CA985E1C",""
"Added","artifacts/CurrencyWarsSmartRaccoon-0.2.778-win-x64-portable-shutdownfix-20260802/fr/System.Windows.Forms.Design.resources.dll","149800","2026-06-25T16:58:32.0000000Z","38352855BD387F0CEBB6902BC8F93C594CBB2823334AAE56040820B0CC2F87A2",""
"Added","artifacts/CurrencyWarsSmartRaccoon-0.2.778-win-x64-portable-shutdownfix-20260802/fr/System.Windows.Forms.Primitives.resources.dll","15696","2026-06-25T16:57:46.0000000Z","6EBAB77384D2693EB10A6EB7B65C0E7521AB510A783875FC505361CBEF7E5EA1",""
"Added","artifacts/CurrencyWarsSmartRaccoon-0.2.778-win-x64-portable-shutdownfix-20260802/fr/System.Windows.Forms.resources.dll","372520","2026-06-25T16:58:22.0000000Z","828C4B1B08E4B96C7125BA6EF7B72E3E6809CE4AE6A429AF627A1FB520B9D45D",""
"Added","artifacts/CurrencyWarsSmartRaccoon-0.2.778-win-x64-portable-shutdownfix-20260802/fr/System.Windows.Input.Manipulations.resources.dll","16168","2026-06-25T18:17:02.0000000Z","D8916A3322A22189C90AB749A805F8226AC7F0CE4ED13842FFA68D0EFAA6BE6A",""
"Added","artifacts/CurrencyWarsSmartRaccoon-0.2.778-win-x64-portable-shutdownfix-20260802/fr/System.Xaml.resources.dll","66856","2026-06-25T18:17:06.0000000Z","C8E6B4750F83833C2C540BF33DAF0B5138BB855EF067AC99AC5256D34495AD0C",""
"Added","artifacts/CurrencyWarsSmartRaccoon-0.2.778-win-x64-portable-shutdownfix-20260802/fr/UIAutomationClient.resources.dll","19752","2026-06-25T18:17:48.0000000Z","A80804E17AB016BCED3E6A721F7A31F13F2EE14EB954C3715CDB29E00AC10C01",""
"Added","artifacts/CurrencyWarsSmartRaccoon-0.2.778-win-x64-portable-shutdownfix-20260802/fr/UIAutomationClientSideProviders.resources.dll","20816","2026-06-25T18:17:50.0000000Z","958AE1445BCCE3B6F9BEDDFAD1C438F3D54CCA02993DFE88FC16BDA886D22B48",""
"Added","artifacts/CurrencyWarsSmartRaccoon-0.2.778-win-x64-portable-shutdownfix-20260802/fr/UIAutomationProvider.resources.dll","15184","2026-06-25T18:17:32.0000000Z","841340117E0DF7B4E6291C95723868E7AD064681163F1A66F8168EE9CA24AF47",""
"Added","artifacts/CurrencyWarsSmartRaccoon-0.2.778-win-x64-portable-shutdownfix-20260802/fr/UIAutomationTypes.resources.dll","18256","2026-06-25T18:17:24.0000000Z","CD7DC2825646749E513FA7FD9F4E4861B2B52F1C15DB6C2D8E20D53F64244709",""
"Added","artifacts/CurrencyWarsSmartRaccoon-0.2.778-win-x64-portable-shutdownfix-20260802/fr/WindowsBase.resources.dll","90408","2026-06-25T18:17:20.0000000Z","1E234848AE0C6058AEF5D4D52490BB33CA8D1DB974361C5E2C545C871858341D",""
"Added","artifacts/CurrencyWarsSmartRaccoon-0.2.778-win-x64-portable-shutdownfix-20260802/fr/WindowsFormsIntegration.resources.dll","15696","2026-06-25T18:18:10.0000000Z","5B143B15E59141FA78A1CC37DDF4CB688799568EA8A02257123C581D2DEF7BFC",""
"Added","artifacts/CurrencyWarsSmartRaccoon-0.2.778-win-x64-portable-shutdownfix-20260802/hostfxr.dll","366376","2026-06-24T10:23:18.0000000Z","0B644B231BF16B0AF57ABE66EEE54BBA22F42105F16B7FEF327773C432B35426",""
"Added","artifacts/CurrencyWarsSmartRaccoon-0.2.778-win-x64-portable-shutdownfix-20260802/hostpolicy.dll","406824","2026-06-24T10:23:20.0000000Z","93B021E41C227D08BE3FECDCDD958C71199BD05BB8383914806A9DC850D68BB3",""
"Added","artifacts/CurrencyWarsSmartRaccoon-0.2.778-win-x64-portable-shutdownfix-20260802/it/Microsoft.VisualBasic.Forms.resources.dll","25384","2026-06-25T16:58:26.0000000Z","17CB614409CB74EB19150F0BE27395DD732A759BC98737006DEC2F789F8623C0",""
"Added","artifacts/CurrencyWarsSmartRaccoon-0.2.778-win-x64-portable-shutdownfix-20260802/it/PresentationCore.resources.dll","111400","2026-06-25T18:17:42.0000000Z","B2C4D44AC834A79ED5CBEC4876E4B75704263A331314B44E81211744ACC12607",""
"Added","artifacts/CurrencyWarsSmartRaccoon-0.2.778-win-x64-portable-shutdownfix-20260802/it/PresentationFramework.resources.dll","205608","2026-06-25T18:18:08.0000000Z","9CCDF637500E479A9E78F85F9EBD0631A1E5887628719A19649C4FC706AC7D8A",""
"Added","artifacts/CurrencyWarsSmartRaccoon-0.2.778-win-x64-portable-shutdownfix-20260802/it/PresentationUI.resources.dll","45352","2026-06-25T18:18:30.0000000Z","127329F4251CCAB572A700F082472688BF19A2ABDA36EA858FF7BD301C5D59BE",""
"Added","artifacts/CurrencyWarsSmartRaccoon-0.2.778-win-x64-portable-shutdownfix-20260802/it/ReachFramework.resources.dll","39208","2026-06-25T18:17:56.0000000Z","986D8C51A082D506A90B85DB8082DDBD4E3D4C32A9C387AA8DA1DFFBB7F23EE7",""
"Added","artifacts/CurrencyWarsSmartRaccoon-0.2.778-win-x64-portable-shutdownfix-20260802/it/System.Windows.Controls.Ribbon.resources.dll","18256","2026-06-25T18:18:52.0000000Z","53D44F3B230CC8A76B954A92E7EE6B44278C93D0D28DFF3A084BDA5A42522E53",""
"Added","artifacts/CurrencyWarsSmartRaccoon-0.2.778-win-x64-portable-shutdownfix-20260802/it/System.Windows.Forms.Design.resources.dll","150312","2026-06-25T16:58:32.0000000Z","19D745C2D60C4A81A1BC6BD61AD1A99379AC0C60AAE2D817B45642F54476464A",""
"Added","artifacts/CurrencyWarsSmartRaccoon-0.2.778-win-x64-portable-shutdownfix-20260802/it/System.Windows.Forms.Primitives.resources.dll","15656","2026-06-25T16:57:46.0000000Z","4F8E94EB5062C7BCD6706840D60CE19FEDAE1570C5F5F32F1162F3B806E12288",""
"Added","artifacts/CurrencyWarsSmartRaccoon-0.2.778-win-x64-portable-shutdownfix-20260802/it/System.Windows.Forms.resources.dll","368424","2026-06-25T16:58:22.0000000Z","DDCF35689DB99F572B48FF7B5ECF81BF630F1EBC06BA517F34B4961B1BD46C7C",""
"Added","artifacts/CurrencyWarsSmartRaccoon-0.2.778-win-x64-portable-shutdownfix-20260802/it/System.Windows.Input.Manipulations.resources.dll","16208","2026-06-25T18:17:04.0000000Z","72DCE8CB962754900B534C4695E2DDBB6B18B9BE4A572871F285A453164C9E40",""
"Added","artifacts/CurrencyWarsSmartRaccoon-0.2.778-win-x64-portable-shutdownfix-20260802/it/System.Xaml.resources.dll","65832","2026-06-25T18:17:06.0000000Z","4D362BA38D942F4D3EC30438B0BB6E3BA02E0B89C0B2C00CFB5E6BA79BC6C5DF",""
"Added","artifacts/CurrencyWarsSmartRaccoon-0.2.778-win-x64-portable-shutdownfix-20260802/it/UIAutomationClient.resources.dll","19792","2026-06-25T18:17:48.0000000Z","17B54CF04AD9F7C6408B81F1E361D55E7D6392FE749C49EF4D3A513E9DB65C87",""
"Added","artifacts/CurrencyWarsSmartRaccoon-0.2.778-win-x64-portable-shutdownfix-20260802/it/UIAutomationClientSideProviders.resources.dll","20776","2026-06-25T18:17:50.0000000Z","FBB456DA89081C245BE3C2DA722C3CD809117D3508712120EAE7F34A20B6F0E7",""
"Added","artifacts/CurrencyWarsSmartRaccoon-0.2.778-win-x64-portable-shutdownfix-20260802/it/UIAutomationProvider.resources.dll","15144","2026-06-25T18:17:32.0000000Z","A6D643064CC7F1FF011339E45EF04776C8EEECDED247BAD968E5D321F35D09C6",""
"Added","artifacts/CurrencyWarsSmartRaccoon-0.2.778-win-x64-portable-shutdownfix-20260802/it/UIAutomationTypes.resources.dll","18256","2026-06-25T18:17:24.0000000Z","C36420E97850CAFB3157FE003302C8864E7D621E76431C37B5D499F484EDFB11",""
"Added","artifacts/CurrencyWarsSmartRaccoon-0.2.778-win-x64-portable-shutdownfix-20260802/it/WindowsBase.resources.dll","90960","2026-06-25T18:17:20.0000000Z","2423F4AF16398149ED34F5209438771FA0AD1331D8178C612BACCE8BCC00964F",""
"Added","artifacts/CurrencyWarsSmartRaccoon-0.2.778-win-x64-portable-shutdownfix-20260802/it/WindowsFormsIntegration.resources.dll","15656","2026-06-25T18:18:10.0000000Z","C89DF2E4409807BBAFB8E6CC6B0239DD7DDE3B627CA8FDBB42E52FCBA32A6FA4",""
"Added","artifacts/CurrencyWarsSmartRaccoon-0.2.778-win-x64-portable-shutdownfix-20260802/ja/Microsoft.VisualBasic.Forms.resources.dll","25896","2026-06-25T16:58:26.0000000Z","C93545039CDF47180E161889E116FDE4B068166BF178EAA43FEAF282D8339C45",""
"Added","artifacts/CurrencyWarsSmartRaccoon-0.2.778-win-x64-portable-shutdownfix-20260802/ja/PresentationCore.resources.dll","122192","2026-06-25T18:17:44.0000000Z","1DD3E9B01118349164F06024AC3973552448F69396B0443304BDC1E0E7A4B05C",""
"Added","artifacts/CurrencyWarsSmartRaccoon-0.2.778-win-x64-portable-shutdownfix-20260802/ja/PresentationFramework.resources.dll","226088","2026-06-25T18:18:08.0000000Z","94F9ED9FD409BB2AECE16B9EB453C5D433053E3302B10A9D199F4E9AC943A17C",""
"Added","artifacts/CurrencyWarsSmartRaccoon-0.2.778-win-x64-portable-shutdownfix-20260802/ja/PresentationUI.resources.dll","48976","2026-06-25T18:18:30.0000000Z","25131F8D429542BD762B7F9482144892982DCEEE2CB1D9B8D6133A107777B464",""
"Added","artifacts/CurrencyWarsSmartRaccoon-0.2.778-win-x64-portable-shutdownfix-20260802/ja/ReachFramework.resources.dll","41768","2026-06-25T18:17:56.0000000Z","359F9C0809F2765A53E3BD67B6798C45C4F0F1B4B1FA559FACC3B3EADD17F69E",""
"Added","artifacts/CurrencyWarsSmartRaccoon-0.2.778-win-x64-portable-shutdownfix-20260802/ja/System.Windows.Controls.Ribbon.resources.dll","18728","2026-06-25T18:18:52.0000000Z","D2B6E20FDC4827821AA32BD2086B9DB8ECC9E1C23CA00B9B7E468CF759ADE331",""
"Added","artifacts/CurrencyWarsSmartRaccoon-0.2.778-win-x64-portable-shutdownfix-20260802/ja/System.Windows.Forms.Design.resources.dll","155432","2026-06-25T16:58:32.0000000Z","919B44A34E2C07FD3F077344C0EA3893ACEC61E5BC108C8E13B6FE0FD7B2CE32",""
"Added","artifacts/CurrencyWarsSmartRaccoon-0.2.778-win-x64-portable-shutdownfix-20260802/ja/System.Windows.Forms.Primitives.resources.dll","16168","2026-06-25T16:57:46.0000000Z","B0A7F56C054F89FBAB19C3A0ECF93A2E5F4E2AAEAE6D9201DF2CBF399516CE83",""
"Added","artifacts/CurrencyWarsSmartRaccoon-0.2.778-win-x64-portable-shutdownfix-20260802/ja/System.Windows.Forms.resources.dll","408912","2026-06-25T16:58:22.0000000Z","53E0C1B52326905DE6441BD8773089ADF756053B753FF9623404AF654DCEB901",""
"Added","artifacts/CurrencyWarsSmartRaccoon-0.2.778-win-x64-portable-shutdownfix-20260802/ja/System.Windows.Input.Manipulations.resources.dll","16168","2026-06-25T18:17:04.0000000Z","A92C2D4D6B4665ED9394D7D38BAF40DD394477418E8DFD38C258B0F68C4756F4",""
"Added","artifacts/CurrencyWarsSmartRaccoon-0.2.778-win-x64-portable-shutdownfix-20260802/ja/System.Xaml.resources.dll","74024","2026-06-25T18:17:06.0000000Z","A7B6ACDC5EFB112FA659F89EA2A7AD5F218B8D54D5EA367F060C2990DF17AA5E",""
"Added","artifacts/CurrencyWarsSmartRaccoon-0.2.778-win-x64-portable-shutdownfix-20260802/ja/UIAutomationClient.resources.dll","20304","2026-06-25T18:17:50.0000000Z","317DC47CA6D3C895519A81D01462AC4547398994E72ABE40E4A3A0D23FA1797C",""
"Added","artifacts/CurrencyWarsSmartRaccoon-0.2.778-win-x64-portable-shutdownfix-20260802/ja/UIAutomationClientSideProviders.resources.dll","21288","2026-06-25T18:17:50.0000000Z","F2D21FC9179696BF4EB791DAA5EEAEF32D716FDDB91579CAB512662F438FAA2D",""
"Added","artifacts/CurrencyWarsSmartRaccoon-0.2.778-win-x64-portable-shutdownfix-20260802/ja/UIAutomationProvider.resources.dll","15144","2026-06-25T18:17:32.0000000Z","4E909912F03752C04A84D91B7CE01CF058FF6B570B7BF7F8B968B0135F43286A",""
"Added","artifacts/CurrencyWarsSmartRaccoon-0.2.778-win-x64-portable-shutdownfix-20260802/ja/UIAutomationTypes.resources.dll","18216","2026-06-25T18:17:24.0000000Z","27C004B75811B262B891D5DD44A00C4E74D1811E16859FDE360E783A42783564",""
"Added","artifacts/CurrencyWarsSmartRaccoon-0.2.778-win-x64-portable-shutdownfix-20260802/ja/WindowsBase.resources.dll","99112","2026-06-25T18:17:20.0000000Z","46598300F2BD96E74162B0B339606F0BB8DFB8DE0E053B9E72F39DC40826E448",""
"Added","artifacts/CurrencyWarsSmartRaccoon-0.2.778-win-x64-portable-shutdownfix-20260802/ja/WindowsFormsIntegration.resources.dll","16168","2026-06-25T18:18:10.0000000Z","44E302E41B65EBD24170B13AACA340197C0BD379DDD350B7984298D6D6C11DDB",""
"Added","artifacts/CurrencyWarsSmartRaccoon-0.2.778-win-x64-portable-shutdownfix-20260802/ko/Microsoft.VisualBasic.Forms.resources.dll","25424","2026-06-25T16:58:26.0000000Z","9FED208527D6303B551C143BD593F95994565C919A2BFFB32D4302D29DBB88F4",""
"Added","artifacts/CurrencyWarsSmartRaccoon-0.2.778-win-x64-portable-shutdownfix-20260802/ko/PresentationCore.resources.dll","113960","2026-06-25T18:17:44.0000000Z","160950128A991DCB170BFF5988F7B3E39F475974EF673650160CFEC8F2BE0E89",""
"Added","artifacts/CurrencyWarsSmartRaccoon-0.2.778-win-x64-portable-shutdownfix-20260802/ko/PresentationFramework.resources.dll","211240","2026-06-25T18:18:08.0000000Z","A98A0F3474E191F2849E8E7CAD441EB62E7084AED49FD1B0B11BBE3D095F772D",""
"Added","artifacts/CurrencyWarsSmartRaccoon-0.2.778-win-x64-portable-shutdownfix-20260802/ko/PresentationUI.resources.dll","45904","2026-06-25T18:18:30.0000000Z","61C7913EFE492850A87FE9529F2E926239C769D243AF84B9FB18FE2ACAFF0518",""
"Added","artifacts/CurrencyWarsSmartRaccoon-0.2.778-win-x64-portable-shutdownfix-20260802/ko/ReachFramework.resources.dll","40232","2026-06-25T18:17:56.0000000Z","17996148239FBFFB218B292E3A8E1BD8D43F9D5720ABB4FFE56B348D318C0B5B",""
"Added","artifacts/CurrencyWarsSmartRaccoon-0.2.778-win-x64-portable-shutdownfix-20260802/ko/System.Windows.Controls.Ribbon.resources.dll","18256","2026-06-25T18:18:52.0000000Z","156D06EB898565F0841C4A9DBFBE8C60286BECF0A60661C7093CA7D8F9704D94",""
"Added","artifacts/CurrencyWarsSmartRaccoon-0.2.778-win-x64-portable-shutdownfix-20260802/ko/System.Windows.Forms.Design.resources.dll","150824","2026-06-25T16:58:32.0000000Z","8C2B840838B0AB2685CDB2F8B7008611B927F74FF2304E82377262C88943BD13",""
"Added","artifacts/CurrencyWarsSmartRaccoon-0.2.778-win-x64-portable-shutdownfix-20260802/ko/System.Windows.Forms.Primitives.resources.dll","15656","2026-06-25T16:57:46.0000000Z","A59D7799573DBDD46B13C0597F7D23538590064DC2C32B28FB03D6D802C14FE1",""
"Added","artifacts/CurrencyWarsSmartRaccoon-0.2.778-win-x64-portable-shutdownfix-20260802/ko/System.Windows.Forms.resources.dll","370472","2026-06-25T16:58:22.0000000Z","84814BC49C66F3CDC29DF5FE8B687DC635B9938B0DC9D5602ACFDC0E46E6C321",""
"Added","artifacts/CurrencyWarsSmartRaccoon-0.2.778-win-x64-portable-shutdownfix-20260802/ko/System.Windows.Input.Manipulations.resources.dll","16168","2026-06-25T18:17:04.0000000Z","103E2C3B235660D157004622896714043C6020B565845420E1015D05D30FC737",""
"Added","artifacts/CurrencyWarsSmartRaccoon-0.2.778-win-x64-portable-shutdownfix-20260802/ko/System.Xaml.resources.dll","69416","2026-06-25T18:17:06.0000000Z","A063E4C1F4A26C0F43671DD94A54AB6136B96751C431B0627168F8F8451391EE",""
"Added","artifacts/CurrencyWarsSmartRaccoon-0.2.778-win-x64-portable-shutdownfix-20260802/ko/UIAutomationClient.resources.dll","19752","2026-06-25T18:17:50.0000000Z","7CD1D1B6960464FD23228999CC8591FED8AEFD59F97ADAC336F783B4F7D4749E",""
"Added","artifacts/CurrencyWarsSmartRaccoon-0.2.778-win-x64-portable-shutdownfix-20260802/ko/UIAutomationClientSideProviders.resources.dll","20776","2026-06-25T18:17:50.0000000Z","0F499FF370F48B5DE900C9A80ABDA644215B044C6BCC381B45EDFD1936B6401C",""
"Added","artifacts/CurrencyWarsSmartRaccoon-0.2.778-win-x64-portable-shutdownfix-20260802/ko/UIAutomationProvider.resources.dll","15184","2026-06-25T18:17:32.0000000Z","E28D62446B834BC614BCA72901D75B71B8CBB85AA39CCE1D2E5C2B0A2A56B117",""
"Added","artifacts/CurrencyWarsSmartRaccoon-0.2.778-win-x64-portable-shutdownfix-20260802/ko/UIAutomationTypes.resources.dll","18216","2026-06-25T18:17:24.0000000Z","B91CE94B0DB4B8CB250CCD97EB0B9F4F2CBE638C3934A1A2A88D6C2FA4FE9AD1",""
"Added","artifacts/CurrencyWarsSmartRaccoon-0.2.778-win-x64-portable-shutdownfix-20260802/ko/WindowsBase.resources.dll","91944","2026-06-25T18:17:20.0000000Z","DF990A1D8CB2FA26862ECD07A7440349AB5D953B60FF9C9B0D15EAB5682EC485",""
"Added","artifacts/CurrencyWarsSmartRaccoon-0.2.778-win-x64-portable-shutdownfix-20260802/ko/WindowsFormsIntegration.resources.dll","15656","2026-06-25T18:18:10.0000000Z","E6F38D317BB99E5DBA545AF91EC6AD9AF4D24087824D4B329C185108D9869CF7",""
"Added","artifacts/CurrencyWarsSmartRaccoon-0.2.778-win-x64-portable-shutdownfix-20260802/Microsoft.CSharp.dll","1005352","2026-06-24T10:33:30.0000000Z","8D5E9B7F08216957B0B590906EA52ADA2A8001FCE46CE02894DD6756B1499546",""
"Added","artifacts/CurrencyWarsSmartRaccoon-0.2.778-win-x64-portable-shutdownfix-20260802/Microsoft.DiaSymReader.Native.amd64.dll","2195504","2024-11-27T04:18:14.0000000Z","315A61C47C41B8D4C815F4274BB6584C1D24B4640C7EEDC354ED5B03A9A1361E",""
"Added","artifacts/CurrencyWarsSmartRaccoon-0.2.778-win-x64-portable-shutdownfix-20260802/Microsoft.Extensions.DependencyInjection.Abstractions.dll","63768","2024-09-16T23:09:34.0000000Z","67FA4325000DB017DC0C35829B416F024F042D24EFB868BCF17A895EE6500A93",""
"Added","artifacts/CurrencyWarsSmartRaccoon-0.2.778-win-x64-portable-shutdownfix-20260802/Microsoft.Extensions.DependencyInjection.dll","92952","2024-09-16T23:09:36.0000000Z","158761CE778E799949F3A3060C461B1055BB35F1F5A65EFF0E42397849F09ECD",""
"Added","artifacts/CurrencyWarsSmartRaccoon-0.2.778-win-x64-portable-shutdownfix-20260802/Microsoft.ML.OnnxRuntime.dll","235592","2026-03-17T01:22:56.0000000Z","5E83437CB5C97D17FC959F35982CE1F0E90281515DAFBACBC158B27BC2E972A3",""
"Added","artifacts/CurrencyWarsSmartRaccoon-0.2.778-win-x64-portable-shutdownfix-20260802/Microsoft.VisualBasic.Core.dll","1247016","2026-06-24T10:33:34.0000000Z","606C1CA3879814E86D7C5B462ABEADE820BA066755711DD58094DC4F651FD45D",""
"Added","artifacts/CurrencyWarsSmartRaccoon-0.2.778-win-x64-portable-shutdownfix-20260802/Microsoft.VisualBasic.dll","18728","2026-06-25T16:58:42.0000000Z","006F053AEE90BF52B5DFFED06C7FAD4F79B52FA3B1CDC593AFA4310F1C8FE8B5",""
"Added","artifacts/CurrencyWarsSmartRaccoon-0.2.778-win-x64-portable-shutdownfix-20260802/Microsoft.VisualBasic.Forms.dll","247632","2026-06-25T20:06:32.0000000Z","2D967504CCFBD043552EECCD36A84F18AAE3103C11324AEF0D28CC7552F9A613",""
"Added","artifacts/CurrencyWarsSmartRaccoon-0.2.778-win-x64-portable-shutdownfix-20260802/Microsoft.Win32.Primitives.dll","15184","2026-06-24T10:26:16.0000000Z","84A579655C26542FF81208E555362B988E69457121BA7CEDF49DDD85D933854F",""
"Added","artifacts/CurrencyWarsSmartRaccoon-0.2.778-win-x64-portable-shutdownfix-20260802/Microsoft.Win32.Registry.AccessControl.dll","34600","2026-06-25T20:06:28.0000000Z","DB7E5C06AC9397AEDC872AA485406BBA78B92EF0708DFAE0A3DBF3560F4DA5F8",""
"Added","artifacts/CurrencyWarsSmartRaccoon-0.2.778-win-x64-portable-shutdownfix-20260802/Microsoft.Win32.Registry.dll","120616","2026-06-24T10:33:36.0000000Z","0C6FB02FE3E2FDC9B9E4737586CAEA80331424CD2806459EA49DD78848647E95",""
"Added","artifacts/CurrencyWarsSmartRaccoon-0.2.778-win-x64-portable-shutdownfix-20260802/Microsoft.Win32.SystemEvents.dll","96040","2026-06-25T20:06:28.0000000Z","B198C6233A20F5F4FA8F6DED9D368B48F2471990265EF5D458174B31AAF618A4",""
"Added","artifacts/CurrencyWarsSmartRaccoon-0.2.778-win-x64-portable-shutdownfix-20260802/Microsoft.Windows.SDK.NET.dll","24877600","2024-11-11T17:23:04.0000000Z","0EC371D93798852E36461C8ADDDBEADCE0F963A04752F0B64E54FE19C1C834A7",""
"Added","artifacts/CurrencyWarsSmartRaccoon-0.2.778-win-x64-portable-shutdownfix-20260802/mscordaccore.dll","1348480","2026-06-24T10:15:40.0000000Z","1564212B9BB55E1DA04FB59C68854C889DECC263B1206CBB42A9CB398D7AF098",""
"Added","artifacts/CurrencyWarsSmartRaccoon-0.2.778-win-x64-portable-shutdownfix-20260802/mscordaccore_amd64_amd64_8.0.2926.32403.dll","1348480","2026-06-24T10:15:40.0000000Z","1564212B9BB55E1DA04FB59C68854C889DECC263B1206CBB42A9CB398D7AF098",""
"Added","artifacts/CurrencyWarsSmartRaccoon-0.2.778-win-x64-portable-shutdownfix-20260802/mscordbi.dll","1234312","2026-06-24T10:16:12.0000000Z","F67E2BEA0AF686DA56C70176D5646A257A5A1E0FB10772490BBEEDE8AAE8785B",""
"Added","artifacts/CurrencyWarsSmartRaccoon-0.2.778-win-x64-portable-shutdownfix-20260802/mscorlib.dll","59216","2026-06-24T10:28:16.0000000Z","7481B932184A77B4C570DCF16837847AB4EF13868A836AAC1CB226A66C7089B1",""
"Added","artifacts/CurrencyWarsSmartRaccoon-0.2.778-win-x64-portable-shutdownfix-20260802/mscorrc.dll","136488","2026-06-24T10:13:06.0000000Z","E3CA1C2BFA3E972625B826745387B550E3A8ED154C9B1CB51FCEB384523FDAE0",""
"Added","artifacts/CurrencyWarsSmartRaccoon-0.2.778-win-x64-portable-shutdownfix-20260802/msquic.dll","524320","2026-04-14T22:05:00.0000000Z","99DAF179EE2DFB5C36493543647B64FC58A24ABA0B16D5E9232B06003FBC9054",""
"Added","artifacts/CurrencyWarsSmartRaccoon-0.2.778-win-x64-portable-shutdownfix-20260802/netstandard.dll","100648","2026-06-24T10:28:16.0000000Z","4796B75AB9FE9A73BB1162D5ECBE75FB6D90B4AF972340EEFAEC7C71C66AD9FA",""
"Added","artifacts/CurrencyWarsSmartRaccoon-0.2.778-win-x64-portable-shutdownfix-20260802/onnxruntime.dll","17328152","2026-03-17T00:32:54.0000000Z","E7EEDEC6A6F26DC39DC948276A75EF6D2BEE3FFF944D874CEED0BBD3B97BFF40",""
"Added","artifacts/CurrencyWarsSmartRaccoon-0.2.778-win-x64-portable-shutdownfix-20260802/onnxruntime.lib","2834","2026-03-17T00:22:00.0000000Z","281D55C95107AD75AC060569C005031BAF1BB7FE1011BDC07A6BEF1DEE8792B5",""
"Added","artifacts/CurrencyWarsSmartRaccoon-0.2.778-win-x64-portable-shutdownfix-20260802/onnxruntime_providers_shared.dll","22040","2026-03-17T00:32:02.0000000Z","265C8DAF29637CB259CAC8BE9F08F2CD45F3883F0F0E4949CBFDDD5B4CBEC3B6",""
"Added","artifacts/CurrencyWarsSmartRaccoon-0.2.778-win-x64-portable-shutdownfix-20260802/opencv_videoio_ffmpeg4100_64.dll","26391552","2024-06-12T12:46:14.0000000Z","3DE83B84588B3EE8BACDBEA85A8F92D4855A32A1108183963315A7DB06AD5744",""
"Added","artifacts/CurrencyWarsSmartRaccoon-0.2.778-win-x64-portable-shutdownfix-20260802/OpenCvSharp.dll","954368","2024-06-16T10:33:26.0000000Z","619AECCA6EC414C5831560FB9B2A5F6274BE003EBED37603F0B51B5FCC6734F1",""
"Added","artifacts/CurrencyWarsSmartRaccoon-0.2.778-win-x64-portable-shutdownfix-20260802/OpenCvSharpExtern.dll","61734912","2024-06-16T10:30:48.0000000Z","2817D96183D22161D0D584B46DBEBD9806CDD62AB0D8C4148DBCF685404E6F23",""
"Added","artifacts/CurrencyWarsSmartRaccoon-0.2.778-win-x64-portable-shutdownfix-20260802/PenImc_cor3.dll","158032","2026-06-25T18:17:22.0000000Z","DE4B183B33866D0F62F3244189E8E7FED102790B2325ED2F2B34F33056BEE7AB",""
"Added","artifacts/CurrencyWarsSmartRaccoon-0.2.778-win-x64-portable-shutdownfix-20260802/pl/Microsoft.VisualBasic.Forms.resources.dll","25384","2026-06-25T16:58:26.0000000Z","65B97D0DFFA3196299493A260ED7B920ADF21079FB5FD8637D791BAAC3D886FF",""
"Added","artifacts/CurrencyWarsSmartRaccoon-0.2.778-win-x64-portable-shutdownfix-20260802/pl/PresentationCore.resources.dll","112936","2026-06-25T18:17:44.0000000Z","FA301215DD21D04FDD559CA5A1CBD2774AE949D1FB6678461747EDC20E7A9CFD",""
"Added","artifacts/CurrencyWarsSmartRaccoon-0.2.778-win-x64-portable-shutdownfix-20260802/pl/PresentationFramework.resources.dll","209232","2026-06-25T18:18:08.0000000Z","129D760089CFCFF73EE5D0214FF98717429594415AEF95F086C706EA53B67B52",""
"Added","artifacts/CurrencyWarsSmartRaccoon-0.2.778-win-x64-portable-shutdownfix-20260802/pl/PresentationUI.resources.dll","45904","2026-06-25T18:18:30.0000000Z","E393E3670F354929751708F449CB9BAE1C37AFFEECB91CF72EA723A6F4BA6696",""
"Added","artifacts/CurrencyWarsSmartRaccoon-0.2.778-win-x64-portable-shutdownfix-20260802/pl/ReachFramework.resources.dll","39760","2026-06-25T18:17:56.0000000Z","9E2C4D6E22727827E36576BF026E67502B813DBECC1E940CB07ECCDF70305C29",""
"Added","artifacts/CurrencyWarsSmartRaccoon-0.2.778-win-x64-portable-shutdownfix-20260802/pl/System.Windows.Controls.Ribbon.resources.dll","18216","2026-06-25T18:18:52.0000000Z","A23A15C0BC75136DF662B363BFA243B0078ECEEF863220F6E89098CF9F1AFA28",""
"Added","artifacts/CurrencyWarsSmartRaccoon-0.2.778-win-x64-portable-shutdownfix-20260802/pl/System.Windows.Forms.Design.resources.dll","148776","2026-06-25T16:58:32.0000000Z","D19BC9F50E679439EAFFD42F5AB2EF8D7459514F1A32BD5C6FCA4AC4C9925EF1",""
"Added","artifacts/CurrencyWarsSmartRaccoon-0.2.778-win-x64-portable-shutdownfix-20260802/pl/System.Windows.Forms.Primitives.resources.dll","15696","2026-06-25T16:57:46.0000000Z","2F57D0DEF76D2752CF52BE48F3556AB34063C2EC8D15C4B295A2BC0599602994",""
"Added","artifacts/CurrencyWarsSmartRaccoon-0.2.778-win-x64-portable-shutdownfix-20260802/pl/System.Windows.Forms.resources.dll","365864","2026-06-25T16:58:22.0000000Z","B9B6615DB9E51C544496B15B8799B12FB67BDED40E97F2D14C4885FF0B72A33B",""
"Added","artifacts/CurrencyWarsSmartRaccoon-0.2.778-win-x64-portable-shutdownfix-20260802/pl/System.Windows.Input.Manipulations.resources.dll","16208","2026-06-25T18:17:04.0000000Z","2875D727732DFE3AA693EBA825D9959527C3E27C8601277AF0E8DF14B8BF30E9",""
"Added","artifacts/CurrencyWarsSmartRaccoon-0.2.778-win-x64-portable-shutdownfix-20260802/pl/System.Xaml.resources.dll","69416","2026-06-25T18:17:06.0000000Z","4E5550C61B712B49CFD793A899D18853BF2078E0FE0FDB066CBD1202E7305DD7",""
"Added","artifacts/CurrencyWarsSmartRaccoon-0.2.778-win-x64-portable-shutdownfix-20260802/pl/UIAutomationClient.resources.dll","19752","2026-06-25T18:17:50.0000000Z","7C4AB84EA8634DD2B7B5C0AD98FB178E767A836705847E9FF94E6119BE9F55A9",""
"Added","artifacts/CurrencyWarsSmartRaccoon-0.2.778-win-x64-portable-shutdownfix-20260802/pl/UIAutomationClientSideProviders.resources.dll","20776","2026-06-25T18:17:50.0000000Z","A2618398E6FF62B76C009178AFBF32A0344B0F1057BB69702BE4A309D9D36560",""
"Added","artifacts/CurrencyWarsSmartRaccoon-0.2.778-win-x64-portable-shutdownfix-20260802/pl/UIAutomationProvider.resources.dll","15184","2026-06-25T18:17:32.0000000Z","0670E1FB0DBFFEBC5E3C162B57E487A4283F3E6A47588478C23ADBF5E206D7C0",""
"Added","artifacts/CurrencyWarsSmartRaccoon-0.2.778-win-x64-portable-shutdownfix-20260802/pl/UIAutomationTypes.resources.dll","18216","2026-06-25T18:17:24.0000000Z","0681FAB4D382BBB164309888EBF46B375595B51E1C1D0657FA93CE7A06E59822",""
"Added","artifacts/CurrencyWarsSmartRaccoon-0.2.778-win-x64-portable-shutdownfix-20260802/pl/WindowsBase.resources.dll","90448","2026-06-25T18:17:20.0000000Z","95DA8695C1F486E8EC2D9FE111310FCFBAE02AEFBDA6A2D98459335AD37D58FF",""
"Added","artifacts/CurrencyWarsSmartRaccoon-0.2.778-win-x64-portable-shutdownfix-20260802/pl/WindowsFormsIntegration.resources.dll","15696","2026-06-25T18:18:10.0000000Z","1F436891D823B3FA8E4B0E34D52322F62DBDF560EEADBA0C4B5B1C684E41EFDF",""
"Added","artifacts/CurrencyWarsSmartRaccoon-0.2.778-win-x64-portable-shutdownfix-20260802/PresentationCore.dll","8546088","2026-06-25T20:06:40.0000000Z","1DCFC06376E5C1E464935FB1AE4A27FFC173784FF9F0172CF25807E7A0F35798",""
"Added","artifacts/CurrencyWarsSmartRaccoon-0.2.778-win-x64-portable-shutdownfix-20260802/PresentationFramework.Aero.dll","444200","2026-06-25T20:06:42.0000000Z","7ECB22729CC77AE5860D2397D7E5EE1812FACC9281A57EBADA93C8D960F397AF",""
"Added","artifacts/CurrencyWarsSmartRaccoon-0.2.778-win-x64-portable-shutdownfix-20260802/PresentationFramework.Aero2.dll","448336","2026-06-25T20:06:42.0000000Z","9DBBF1D6488D15E7D197C624BAF55A90ECEB0FD86000408DDFA081CDB3093C7F",""
"Added","artifacts/CurrencyWarsSmartRaccoon-0.2.778-win-x64-portable-shutdownfix-20260802/PresentationFramework.AeroLite.dll","239400","2026-06-25T20:06:42.0000000Z","77AD0485CE2BEDBFE24462885FA9006393C9CF038548F8B5566DB738594146E8",""
"Added","artifacts/CurrencyWarsSmartRaccoon-0.2.778-win-x64-portable-shutdownfix-20260802/PresentationFramework.Classic.dll","272168","2026-06-25T20:06:42.0000000Z","2E138688EED9CE3DC87430D5C9547855058149E1782C059E5E2A1816648A53D4",""
"Added","artifacts/CurrencyWarsSmartRaccoon-0.2.778-win-x64-portable-shutdownfix-20260802/PresentationFramework.dll","16127824","2026-06-25T20:06:48.0000000Z","6249F64BA1F8C69964818340C2F032BE8368769064F20E23EE34790A17AE64D4",""
"Added","artifacts/CurrencyWarsSmartRaccoon-0.2.778-win-x64-portable-shutdownfix-20260802/PresentationFramework.Luna.dll","669480","2026-06-25T20:06:42.0000000Z","C2D0D41E19C5B501D22502440B8BA5313FD72BBF3E575477C326AE4F4E8FE74B",""
"Added","artifacts/CurrencyWarsSmartRaccoon-0.2.778-win-x64-portable-shutdownfix-20260802/PresentationFramework.Royale.dll","333648","2026-06-25T20:06:42.0000000Z","A79B07990F24C0A05282E88A9894FCE4EB701F0296F3440C3B4057FB8D440071",""
"Added","artifacts/CurrencyWarsSmartRaccoon-0.2.778-win-x64-portable-shutdownfix-20260802/PresentationFramework-SystemCore.dll","38736","2026-06-25T20:06:40.0000000Z","B652E945E469F9D3FE9994C52EC7CBC2B28D857787C2504D83FC83BA18D95427",""
"Added","artifacts/CurrencyWarsSmartRaccoon-0.2.778-win-x64-portable-shutdownfix-20260802/PresentationFramework-SystemData.dll","34600","2026-06-25T20:06:40.0000000Z","C05B78A7EBE99ACD72E63A17B373D6BEA075C6B7983A44D2983B37F40437B1AC",""
"Added","artifacts/CurrencyWarsSmartRaccoon-0.2.778-win-x64-portable-shutdownfix-20260802/PresentationFramework-SystemDrawing.dll","34600","2026-06-25T20:06:40.0000000Z","3924833D55AC952FE398A9BE02676DB4DE84AC9639413D0766DF3D92269B9BB2",""
"Added","artifacts/CurrencyWarsSmartRaccoon-0.2.778-win-x64-portable-shutdownfix-20260802/PresentationFramework-SystemXml.dll","34600","2026-06-25T20:06:40.0000000Z","2EF7237F624AB7E1BB60CF4399AA194E8C81A1D23394C9EE4540E933FBE5E522",""
"Added","artifacts/CurrencyWarsSmartRaccoon-0.2.778-win-x64-portable-shutdownfix-20260802/PresentationFramework-SystemXmlLinq.dll","30544","2026-06-25T20:06:42.0000000Z","77CEE9727487126597F0B0CA0001D8158E86ACE97202B92179806023F1EDFF93",""
"Added","artifacts/CurrencyWarsSmartRaccoon-0.2.778-win-x64-portable-shutdownfix-20260802/PresentationNative_cor3.dll","1235280","2026-06-10T06:13:08.0000000Z","3FB36EDAA2C4FE4AC8BE075A3A4E903DA159BBE38FB77E51C32B58E2ADECB2D6",""
"Added","artifacts/CurrencyWarsSmartRaccoon-0.2.778-win-x64-portable-shutdownfix-20260802/PresentationUI.dll","1287976","2026-06-25T20:06:48.0000000Z","0636B1BBC12D69CD0F0FC692EAEE6237B5447B30CBBAF641E1A9C4CBCD0BD000",""
"Added","artifacts/CurrencyWarsSmartRaccoon-0.2.778-win-x64-portable-shutdownfix-20260802/pt-BR/Microsoft.VisualBasic.Forms.resources.dll","25384","2026-06-25T16:58:26.0000000Z","1F8FF96A7136DDA2315D70403139B44F002E542978DA60AFF6D3795399E1735B",""
"Added","artifacts/CurrencyWarsSmartRaccoon-0.2.778-win-x64-portable-shutdownfix-20260802/pt-BR/PresentationCore.resources.dll","109352","2026-06-25T18:17:44.0000000Z","DAB80F21122637083B8698228CF76EC594C27B83AC4A36B605FE4DB1AD405FE4",""
"Added","artifacts/CurrencyWarsSmartRaccoon-0.2.778-win-x64-portable-shutdownfix-20260802/pt-BR/PresentationFramework.resources.dll","202576","2026-06-25T18:18:08.0000000Z","F9E0401F17F733CE4EACF6A975B26631B74406D60866710C38D8FA86D6C87F21",""
"Added","artifacts/CurrencyWarsSmartRaccoon-0.2.778-win-x64-portable-shutdownfix-20260802/pt-BR/PresentationUI.resources.dll","45352","2026-06-25T18:18:30.0000000Z","1332E0ADC8B33EC6946864820B4647AF8891E027704B9F717021032EB5B84874",""
"Added","artifacts/CurrencyWarsSmartRaccoon-0.2.778-win-x64-portable-shutdownfix-20260802/pt-BR/ReachFramework.resources.dll","38736","2026-06-25T18:17:56.0000000Z","ACD13E72942A24F769819692683FEE561F3E7A524721D55CC081BB0B81E9BC95",""
"Added","artifacts/CurrencyWarsSmartRaccoon-0.2.778-win-x64-portable-shutdownfix-20260802/pt-BR/System.Windows.Controls.Ribbon.resources.dll","18256","2026-06-25T18:18:52.0000000Z","9C66EB906E9B87504DF33C5EC925B6E7033CCDD59BF1D16268F71D6FA7C65199",""
"Added","artifacts/CurrencyWarsSmartRaccoon-0.2.778-win-x64-portable-shutdownfix-20260802/pt-BR/System.Windows.Forms.Design.resources.dll","148816","2026-06-25T16:58:32.0000000Z","F9A1CEA86A614C09CD603399D02CC7BD97924A97BEDA9BC307FCF68763534F58",""
"Added","artifacts/CurrencyWarsSmartRaccoon-0.2.778-win-x64-portable-shutdownfix-20260802/pt-BR/System.Windows.Forms.Primitives.resources.dll","15696","2026-06-25T16:57:46.0000000Z","497FF9E939A33EADFD260900457486C7993798E5DE8CBFD658C32CBEFF417DA1",""
"Added","artifacts/CurrencyWarsSmartRaccoon-0.2.778-win-x64-portable-shutdownfix-20260802/pt-BR/System.Windows.Forms.resources.dll","358696","2026-06-25T16:58:22.0000000Z","5EB7364453F2A85ED6E1789BAABD9EBFEAB45B1611B91E5B836AD3BA137D2B74",""
"Added","artifacts/CurrencyWarsSmartRaccoon-0.2.778-win-x64-portable-shutdownfix-20260802/pt-BR/System.Windows.Input.Manipulations.resources.dll","16168","2026-06-25T18:17:04.0000000Z","92446C2C181B9902F2585963204A95CE03AA5FBB05540ABB915A3891F3F2E874",""
"Added","artifacts/CurrencyWarsSmartRaccoon-0.2.778-win-x64-portable-shutdownfix-20260802/pt-BR/System.Xaml.resources.dll","65360","2026-06-25T18:17:06.0000000Z","E9A74DC37CC68C5E661195F9A114F987D33A2450FCFAED50D5E39E3B9A0F53D7",""
"Added","artifacts/CurrencyWarsSmartRaccoon-0.2.778-win-x64-portable-shutdownfix-20260802/pt-BR/UIAutomationClient.resources.dll","19752","2026-06-25T18:17:50.0000000Z","CC5202C2A6B74F2BB206E92D54B66E5C96F70A92BD42135FC32A061AE67DA92D",""
"Added","artifacts/CurrencyWarsSmartRaccoon-0.2.778-win-x64-portable-shutdownfix-20260802/pt-BR/UIAutomationClientSideProviders.resources.dll","20776","2026-06-25T18:17:50.0000000Z","8B967B95A6AB30B5A895A11FE98ED1342FA4583EBD7D053D11FBCA1867374F69",""
"Added","artifacts/CurrencyWarsSmartRaccoon-0.2.778-win-x64-portable-shutdownfix-20260802/pt-BR/UIAutomationProvider.resources.dll","15184","2026-06-25T18:17:32.0000000Z","F28F314E150028820F2E143D4518CAE9D8C81A180087894D3339179B68580024",""
"Added","artifacts/CurrencyWarsSmartRaccoon-0.2.778-win-x64-portable-shutdownfix-20260802/pt-BR/UIAutomationTypes.resources.dll","18216","2026-06-25T18:17:24.0000000Z","3E7BA065DC328CFBE9EF8ACB9681E631C1EE81BACB542887AC7DF84008DEB070",""
"Added","artifacts/CurrencyWarsSmartRaccoon-0.2.778-win-x64-portable-shutdownfix-20260802/pt-BR/WindowsBase.resources.dll","88872","2026-06-25T18:17:20.0000000Z","3918FC8FD841F5C737F3E2EA6B96698A82824E681FAFCBAE85B0C2F7A5935AE6",""
"Added","artifacts/CurrencyWarsSmartRaccoon-0.2.778-win-x64-portable-shutdownfix-20260802/pt-BR/WindowsFormsIntegration.resources.dll","15656","2026-06-25T18:18:10.0000000Z","EA25AEF7CCFF4700B9AE654C786EE97733B0559345939209EF2DDDA6C667FA69",""
"Added","artifacts/CurrencyWarsSmartRaccoon-0.2.778-win-x64-portable-shutdownfix-20260802/ReachFramework.dll","1603368","2026-06-25T20:06:50.0000000Z","EA73BF0D49E58B421FE176A50094FEBF3E343A6541955D82AFF777C3F31EFC90",""
"Added","artifacts/CurrencyWarsSmartRaccoon-0.2.778-win-x64-portable-shutdownfix-20260802/ru/Microsoft.VisualBasic.Forms.resources.dll","26448","2026-06-25T16:58:26.0000000Z","6FA86E04484614792F6761A18B0D439317DF117A1ABAFEA26824FDA8F5D4B051",""
"Added","artifacts/CurrencyWarsSmartRaccoon-0.2.778-win-x64-portable-shutdownfix-20260802/ru/PresentationCore.resources.dll","138024","2026-06-25T18:17:44.0000000Z","A3D9F5AC03BACC43C5107E4033FA3E9707A6DA80D705BC6829C40F88A5BFBF9E",""
"Added","artifacts/CurrencyWarsSmartRaccoon-0.2.778-win-x64-portable-shutdownfix-20260802/ru/PresentationFramework.resources.dll","257320","2026-06-25T18:18:08.0000000Z","1DF2A3B66A211B5B93C2C8CA857DF7B5B1C17F6B9FB4532A71978F4C6407D621",""
"Added","artifacts/CurrencyWarsSmartRaccoon-0.2.778-win-x64-portable-shutdownfix-20260802/ru/PresentationUI.resources.dll","54056","2026-06-25T18:18:30.0000000Z","A921E3FBA3B24588733ECFCE4CF5DFCF64CE929BFAF07C5C6CCDF67A9D3EF49D",""
"Added","artifacts/CurrencyWarsSmartRaccoon-0.2.778-win-x64-portable-shutdownfix-20260802/ru/ReachFramework.resources.dll","43856","2026-06-25T18:17:56.0000000Z","85BF1C951CA7E74667311276757FF487E08BBC99E2543F77A66A891CEA8DD7EA",""
"Added","artifacts/CurrencyWarsSmartRaccoon-0.2.778-win-x64-portable-shutdownfix-20260802/ru/System.Windows.Controls.Ribbon.resources.dll","19240","2026-06-25T18:18:52.0000000Z","E22E41A422CDCA8B6BE29233D9FA75FD13547EDE2C8FE488E6FF183ED1783533",""
"Added","artifacts/CurrencyWarsSmartRaccoon-0.2.778-win-x64-portable-shutdownfix-20260802/ru/System.Windows.Forms.Design.resources.dll","162600","2026-06-25T16:58:32.0000000Z","F1F599CF5C2D92CA6F7594927947744E5D93E2F462330331097AE38FE4B2E68D",""
"Added","artifacts/CurrencyWarsSmartRaccoon-0.2.778-win-x64-portable-shutdownfix-20260802/ru/System.Windows.Forms.Primitives.resources.dll","16168","2026-06-25T16:57:46.0000000Z","AF9AE5AB036E5F0D799492B043C1EDB46C3EC12D00AAB2C2E5816BD4E0B3C4E2",""
"Added","artifacts/CurrencyWarsSmartRaccoon-0.2.778-win-x64-portable-shutdownfix-20260802/ru/System.Windows.Forms.resources.dll","476496","2026-06-25T16:58:22.0000000Z","3AC11D5A99E99FCAA94C800AF326F7856FBECC8B1DF4249D11BA05A1F7332BB2",""
"Added","artifacts/CurrencyWarsSmartRaccoon-0.2.778-win-x64-portable-shutdownfix-20260802/ru/System.Windows.Input.Manipulations.resources.dll","16720","2026-06-25T18:17:04.0000000Z","B3C36962DFDEFAF166744135DAC0D725539F29B398E4C15101B8900B670F5107",""
"Added","artifacts/CurrencyWarsSmartRaccoon-0.2.778-win-x64-portable-shutdownfix-20260802/ru/System.Xaml.resources.dll","84264","2026-06-25T18:17:06.0000000Z","0F9A09D6A961DE94A3A0E3E63AED71A0E2195CC8B76962204FACF36E57081822",""
"Added","artifacts/CurrencyWarsSmartRaccoon-0.2.778-win-x64-portable-shutdownfix-20260802/ru/UIAutomationClient.resources.dll","21328","2026-06-25T18:17:50.0000000Z","1FBF112FC69CBE95A186757D9D76DA4FEFD8EC1978A1B1C3B99B4DAE2FF7B3D9",""
"Added","artifacts/CurrencyWarsSmartRaccoon-0.2.778-win-x64-portable-shutdownfix-20260802/ru/UIAutomationClientSideProviders.resources.dll","21800","2026-06-25T18:17:50.0000000Z","6F5DCB8E26403F7DC6A65370F4ABEB5316692D1D252030ADAB363ECA650A01ED",""
"Added","artifacts/CurrencyWarsSmartRaccoon-0.2.778-win-x64-portable-shutdownfix-20260802/ru/UIAutomationProvider.resources.dll","15184","2026-06-25T18:17:32.0000000Z","0732D648BBCB7F572CE00834AF1C242EE3A9463D82E5E036C3AA69702836B9A8",""
"Added","artifacts/CurrencyWarsSmartRaccoon-0.2.778-win-x64-portable-shutdownfix-20260802/ru/UIAutomationTypes.resources.dll","18728","2026-06-25T18:17:24.0000000Z","924DE4AFE3D58AF03AEF67AAB53C133FCAE89107A0C106B395D217DEA0C44FA4",""
"Added","artifacts/CurrencyWarsSmartRaccoon-0.2.778-win-x64-portable-shutdownfix-20260802/ru/WindowsBase.resources.dll","111440","2026-06-25T18:17:20.0000000Z","07C1FE54ED0BCB5CFAFBEA78309690496495528219EBB2C9AF63B5A21EE7529C",""
"Added","artifacts/CurrencyWarsSmartRaccoon-0.2.778-win-x64-portable-shutdownfix-20260802/ru/WindowsFormsIntegration.resources.dll","16168","2026-06-25T18:18:12.0000000Z","CE137300FF7FB664F58903185D330F90D5F609CF08069D9300228B16EB735A98",""
"Added","artifacts/CurrencyWarsSmartRaccoon-0.2.778-win-x64-portable-shutdownfix-20260802/schemas/advisor/1.0.0/guide-playbook.schema.json","4704","2026-07-28T02:32:20.0000000Z","887575A3473DAADB7CFF619B84B4DB3383613B4CBBAFAB67FA90FC5B63B4FD12",""
"Added","artifacts/CurrencyWarsSmartRaccoon-0.2.778-win-x64-portable-shutdownfix-20260802/System.AppContext.dll","15144","2026-06-24T10:27:24.0000000Z","E9DBD09FC195C609BC737A9562AD376BE587AA3558F1D84AEF9363DE4E200EDF",""
"Added","artifacts/CurrencyWarsSmartRaccoon-0.2.778-win-x64-portable-shutdownfix-20260802/System.Buffers.dll","15184","2026-06-24T10:27:36.0000000Z","8988E36C90D8174F8984822614AB074679BCBD14232E8B4D1EC218E65A89DF9A",""
"Added","artifacts/CurrencyWarsSmartRaccoon-0.2.778-win-x64-portable-shutdownfix-20260802/System.CodeDom.dll","489256","2026-06-25T20:06:30.0000000Z","E9BB41C2F8697941C190767580E3B2F6458A2F7B5EAA688C618633A7C27F8C04",""
"Added","artifacts/CurrencyWarsSmartRaccoon-0.2.778-win-x64-portable-shutdownfix-20260802/System.Collections.Concurrent.dll","276264","2026-06-24T10:33:40.0000000Z","E7118198A3A8B22CA39685A273D05DB7B4F6C73E35D8D4CE462F66173E61FA53",""
"Added","artifacts/CurrencyWarsSmartRaccoon-0.2.778-win-x64-portable-shutdownfix-20260802/System.Collections.dll","259880","2026-06-24T10:33:42.0000000Z","0937F7983C191DBB768C51BB9AE90621575C0A2CC3B185D85E31AC2F87001AF2",""
"Added","artifacts/CurrencyWarsSmartRaccoon-0.2.778-win-x64-portable-shutdownfix-20260802/System.Collections.Immutable.dll","837416","2026-06-24T10:33:46.0000000Z","BA92CFA66BC95E7127F0EC88F453708986A9589F1397167FE697649B08F91D50",""
"Added","artifacts/CurrencyWarsSmartRaccoon-0.2.778-win-x64-portable-shutdownfix-20260802/System.Collections.NonGeneric.dll","104272","2026-06-24T10:33:48.0000000Z","9D9F9E4FD5FF8F56A86D867A54927705FA77D6C3E0ED94C2A52112F3EC4193BC",""
"Added","artifacts/CurrencyWarsSmartRaccoon-0.2.778-win-x64-portable-shutdownfix-20260802/System.Collections.Specialized.dll","104232","2026-06-24T10:33:50.0000000Z","31E89CAF6D21A20ACC8EBBD390DD74D6C1340FAE3A4ABCF24BBF5DFEF714A67D",""
"Added","artifacts/CurrencyWarsSmartRaccoon-0.2.778-win-x64-portable-shutdownfix-20260802/System.ComponentModel.Annotations.dll","198480","2026-06-24T10:33:54.0000000Z","D29179FA1FB9E98B4005DC0C764572458DBA96736A9AF7C23F23F865254E7B37",""
"Added","artifacts/CurrencyWarsSmartRaccoon-0.2.778-win-x64-portable-shutdownfix-20260802/System.ComponentModel.DataAnnotations.dll","16720","2026-06-24T10:27:28.0000000Z","CB44A335CB27213D8670587F11EEF9BFDD4B46C541C1E07E66F9824F362E967A",""
"Added","artifacts/CurrencyWarsSmartRaccoon-0.2.778-win-x64-portable-shutdownfix-20260802/System.ComponentModel.dll","30544","2026-06-24T10:33:56.0000000Z","D0D5DF86A307DB3F7D0D59A39664C04F4FBB581103B6A89AA21395CD3F707AF8",""
"Added","artifacts/CurrencyWarsSmartRaccoon-0.2.778-win-x64-portable-shutdownfix-20260802/System.ComponentModel.EventBasedAsync.dll","46888","2026-06-24T10:33:58.0000000Z","F022E0B45685FAC64695EA127C51F380E1D81FE4F97306DE20883C1151FB6D76",""
"Added","artifacts/CurrencyWarsSmartRaccoon-0.2.778-win-x64-portable-shutdownfix-20260802/System.ComponentModel.Primitives.dll","79656","2026-06-24T10:34:02.0000000Z","7ACE9D079C895F11C8AFE54E420C8CA3A361E7FD7429B333A629094B08F73432",""
"Added","artifacts/CurrencyWarsSmartRaccoon-0.2.778-win-x64-portable-shutdownfix-20260802/System.ComponentModel.TypeConverter.dll","747304","2026-06-24T10:34:04.0000000Z","6FFA8C5934389AD34C0B840B87FEFD44FC7605B5215B3188010F2CBC71969F60",""
"Added","artifacts/CurrencyWarsSmartRaccoon-0.2.778-win-x64-portable-shutdownfix-20260802/System.Configuration.ConfigurationManager.dll","1075024","2026-06-25T20:06:30.0000000Z","A4D9749822977375FDA1C372B2C1748535A2EE20E65B7BB575686953F8738C6E",""
"Added","artifacts/CurrencyWarsSmartRaccoon-0.2.778-win-x64-portable-shutdownfix-20260802/System.Configuration.dll","19280","2026-06-24T10:27:56.0000000Z","FB31386DE6858A09ACE6176D31F1D560DE3178BFEE45F833A0EAEA15A29F83EF",""
"Added","artifacts/CurrencyWarsSmartRaccoon-0.2.778-win-x64-portable-shutdownfix-20260802/System.Console.dll","173904","2026-06-24T10:34:08.0000000Z","1C1FE3BC8D89607F8FB59B55FEFA2A842AE97DCF521EDE30FE76637E9FDAA86A",""
"Added","artifacts/CurrencyWarsSmartRaccoon-0.2.778-win-x64-portable-shutdownfix-20260802/System.Core.dll","23336","2026-06-24T10:28:12.0000000Z","3F0B5AE3D8B354090C97BEEE29A45699C1D0E4ED2BC1790B58C3C55C7D291D48",""
"Added","artifacts/CurrencyWarsSmartRaccoon-0.2.778-win-x64-portable-shutdownfix-20260802/System.Data.Common.dll","2860840","2026-06-24T10:34:12.0000000Z","2448428D9F907D31D49B68F7DE81833F507648A739686372B54FD98A1173374B",""
"Added","artifacts/CurrencyWarsSmartRaccoon-0.2.778-win-x64-portable-shutdownfix-20260802/System.Data.DataSetExtensions.dll","15656","2026-06-24T10:27:54.0000000Z","F62B99FC80328F3A8068E071CAA8EAAED1FF1E75B5007B8B616C9F8089315166",""
"Added","artifacts/CurrencyWarsSmartRaccoon-0.2.778-win-x64-portable-shutdownfix-20260802/System.Data.dll","24872","2026-06-24T10:28:12.0000000Z","121CBAAB3C34B43CDFED88AA507E1599D1973D99AB931E25C4C400DFA662BA07",""
"Added","artifacts/CurrencyWarsSmartRaccoon-0.2.778-win-x64-portable-shutdownfix-20260802/System.Design.dll","21840","2026-06-25T16:58:34.0000000Z","8815865EEA376B3557D26FB88435B65420855DE9F98CCCABECB62FAB04818C8A",""
"Added","artifacts/CurrencyWarsSmartRaccoon-0.2.778-win-x64-portable-shutdownfix-20260802/System.Diagnostics.Contracts.dll","16168","2026-06-24T10:26:24.0000000Z","14161BD641030F48B381A9B59B0508078ED542BED655490C22FDCE844B565773",""
"Added","artifacts/CurrencyWarsSmartRaccoon-0.2.778-win-x64-portable-shutdownfix-20260802/System.Diagnostics.Debug.dll","15696","2026-06-24T10:27:36.0000000Z","21094470A79E1A69683D3ABE055B8DFB19ED6B23292515E582A35409D957488B",""
"Added","artifacts/CurrencyWarsSmartRaccoon-0.2.778-win-x64-portable-shutdownfix-20260802/System.Diagnostics.DiagnosticSource.dll","415568","2026-06-24T10:34:14.0000000Z","E5486EFB2F403BDF64769111C38C1263F3AB07825BDA1583B75ACFE3097FF5C2",""
"Added","artifacts/CurrencyWarsSmartRaccoon-0.2.778-win-x64-portable-shutdownfix-20260802/System.Diagnostics.EventLog.dll","386896","2026-06-25T20:06:30.0000000Z","578ED07CF311CFAFC82C11D327239BE44693A32E46426118D9F74E6D0A5FD5A8",""
"Added","artifacts/CurrencyWarsSmartRaccoon-0.2.778-win-x64-portable-shutdownfix-20260802/System.Diagnostics.EventLog.Messages.dll","800592","2026-06-24T10:12:50.0000000Z","7F0D7531EE52348D8E23BDE35B8E3AB599A17F9D668B68CEE29FF4C67FE39BB6",""
"Added","artifacts/CurrencyWarsSmartRaccoon-0.2.778-win-x64-portable-shutdownfix-20260802/System.Diagnostics.FileVersionInfo.dll","46888","2026-06-24T10:34:18.0000000Z","4293745AB2CDC39991B2F7E287F02B33BF6CE93B7B591924D6788E43B26FE21D",""
"Added","artifacts/CurrencyWarsSmartRaccoon-0.2.778-win-x64-portable-shutdownfix-20260802/System.Diagnostics.PerformanceCounter.dll","288552","2026-06-25T20:06:30.0000000Z","2E81A3197EB79FC9AFADC9DEB23C505E58CA03D7D55F705738F064A3FD614163",""
"Added","artifacts/CurrencyWarsSmartRaccoon-0.2.778-win-x64-portable-shutdownfix-20260802/System.Diagnostics.Process.dll","337744","2026-06-24T10:34:20.0000000Z","5E7871E795A2C833FCE3B0D02373F672ECDAFDAAEBD1F459A7E714AC498AF428",""
"Added","artifacts/CurrencyWarsSmartRaccoon-0.2.778-win-x64-portable-shutdownfix-20260802/System.Diagnostics.StackTrace.dll","46888","2026-06-24T10:34:22.0000000Z","A035326A73E9D98862813D6BE278CAB8B43CA7D5CC22002014421D18B0860A41",""
"Added","artifacts/CurrencyWarsSmartRaccoon-0.2.778-win-x64-portable-shutdownfix-20260802/System.Diagnostics.TextWriterTraceListener.dll","67368","2026-06-24T10:34:26.0000000Z","B8573E87667127B4A9C2402FBCDCBDCE09061EEA67E91FD0EAD0DA564E1CD869",""
"Added","artifacts/CurrencyWarsSmartRaccoon-0.2.778-win-x64-portable-shutdownfix-20260802/System.Diagnostics.Tools.dll","15144","2026-06-24T10:27:24.0000000Z","B807123C4FE888C4AB8E87CEE20FA7E0B9EDAC7074721F9C10A6F056F030F7B8",""
"Added","artifacts/CurrencyWarsSmartRaccoon-0.2.778-win-x64-portable-shutdownfix-20260802/System.Diagnostics.TraceSource.dll","145192","2026-06-24T10:34:28.0000000Z","B1B02E2CB4CD17187C3825F28BEC194EA0EE031F87A5CD97656EFBA3AAD758B7",""
"Added","artifacts/CurrencyWarsSmartRaccoon-0.2.778-win-x64-portable-shutdownfix-20260802/System.Diagnostics.Tracing.dll","16168","2026-06-24T10:26:38.0000000Z","AE576E80BE706174FEF86074C7776FDF81DB3DB22EBBD680C91C2085A3DFFC81",""
"Added","artifacts/CurrencyWarsSmartRaccoon-0.2.778-win-x64-portable-shutdownfix-20260802/System.DirectoryServices.dll","1046312","2026-06-25T20:06:30.0000000Z","17E454A33C86B85C37C07B7F0EAB70FDE0EE93387F83DFB8495997D657408213",""
"Added","artifacts/CurrencyWarsSmartRaccoon-0.2.778-win-x64-portable-shutdownfix-20260802/System.dll","49960","2026-06-24T10:28:16.0000000Z","BF894ED5FA6610C1A24B09D0B89C8C8B76F0028D430ECE532AB2EDC748656507",""
"Added","artifacts/CurrencyWarsSmartRaccoon-0.2.778-win-x64-portable-shutdownfix-20260802/System.Drawing.Common.dll","1529640","2026-06-25T20:06:34.0000000Z","7D0A72700584D79D88B0D192E5EC16C7292CF6B829652743E65A55CAF5400A3E",""
"Added","artifacts/CurrencyWarsSmartRaccoon-0.2.778-win-x64-portable-shutdownfix-20260802/System.Drawing.Design.dll","15184","2026-06-25T16:58:34.0000000Z","69E295CFB023F65DABFCD25AEA5F8C27029023D83327FBB29CA8C341A0EB2993",""
"Added","artifacts/CurrencyWarsSmartRaccoon-0.2.778-win-x64-portable-shutdownfix-20260802/System.Drawing.dll","21288","2026-06-25T16:58:34.0000000Z","0C5F3F2263D9E8A46803CE77C2F2DE538A6B50B61BFCF4EA61BF5B70FC3748D5",""
"Added","artifacts/CurrencyWarsSmartRaccoon-0.2.778-win-x64-portable-shutdownfix-20260802/System.Drawing.Primitives.dll","132944","2026-06-24T10:34:30.0000000Z","F7F5AB9F1E8B2DC14E5BBDF1B606A91DD57B8882CD289A68E85EF6E69CCDACF7",""
"Added","artifacts/CurrencyWarsSmartRaccoon-0.2.778-win-x64-portable-shutdownfix-20260802/System.Dynamic.Runtime.dll","16168","2026-06-24T10:27:24.0000000Z","400F9D8A7529154A3B124956CFBDE91A4D0038097E7B9DE6B182AB13C3C025D8",""
"Added","artifacts/CurrencyWarsSmartRaccoon-0.2.778-win-x64-portable-shutdownfix-20260802/System.Formats.Asn1.dll","243536","2026-06-24T10:34:34.0000000Z","A3DC5F43CFBE78C740D14109B908850BF25042DA8E46266CEDDD319973FDA026",""
"Added","artifacts/CurrencyWarsSmartRaccoon-0.2.778-win-x64-portable-shutdownfix-20260802/System.Formats.Tar.dll","276264","2026-06-24T10:34:36.0000000Z","AF617E33E2E238109F7720DA30F33D4998ADDDDD82A1FEE4CC2D1A49E613E641",""
"Added","artifacts/CurrencyWarsSmartRaccoon-0.2.778-win-x64-portable-shutdownfix-20260802/System.Globalization.Calendars.dll","15656","2026-06-24T10:27:24.0000000Z","02B9ADFD559E805F0AF6B69E060617ADD087505AE39BE4110143588C2567DDD3",""
"Added","artifacts/CurrencyWarsSmartRaccoon-0.2.778-win-x64-portable-shutdownfix-20260802/System.Globalization.dll","15656","2026-06-24T10:27:24.0000000Z","3B13BD484E767DC2C6BBCA7357FF2B2875481E0995EB5C32D371595F31959333",""
"Added","artifacts/CurrencyWarsSmartRaccoon-0.2.778-win-x64-portable-shutdownfix-20260802/System.Globalization.Extensions.dll","15184","2026-06-24T10:27:30.0000000Z","A812F856169464818511D9AE6E8D5E29916403B7A109BD80BDFF8AAF5E691D99",""
"Added","artifacts/CurrencyWarsSmartRaccoon-0.2.778-win-x64-portable-shutdownfix-20260802/System.IO.Compression.Brotli.dll","83752","2026-06-24T10:34:40.0000000Z","679E4FFE79BC61AB1E16578CDF99B409DFF2B6EB8F02CCA5294464B3698AD32E",""
"Added","artifacts/CurrencyWarsSmartRaccoon-0.2.778-win-x64-portable-shutdownfix-20260802/System.IO.Compression.dll","264016","2026-06-24T10:34:42.0000000Z","18D502E14CD7AC03F7835E550DAE21C802FA5DB85E12F75EC55EC41A7A26242E",""
"Added","artifacts/CurrencyWarsSmartRaccoon-0.2.778-win-x64-portable-shutdownfix-20260802/System.IO.Compression.FileSystem.dll","15144","2026-06-24T10:27:36.0000000Z","F7B14EF65AB0E16814590662A9241670C42C45C7E68D56F24DF75D8D382D384E",""
"Added","artifacts/CurrencyWarsSmartRaccoon-0.2.778-win-x64-portable-shutdownfix-20260802/System.IO.Compression.Native.dll","828712","2026-06-24T10:23:54.0000000Z","68DD6E5FBB65AB70060E00F05DF7BE4E34A02C85ED7F851150B96F03172E6C18",""
"Added","artifacts/CurrencyWarsSmartRaccoon-0.2.778-win-x64-portable-shutdownfix-20260802/System.IO.Compression.ZipFile.dll","55080","2026-06-24T10:34:46.0000000Z","5E5635326F7284FF8867EA6463C4537565F44D8070433ED0CDD38ECA506C89F4",""
"Added","artifacts/CurrencyWarsSmartRaccoon-0.2.778-win-x64-portable-shutdownfix-20260802/System.IO.dll","15656","2026-06-24T10:27:24.0000000Z","B6AE0C761F5FA2F0E67B7AADD20379A643523BA69BE4F968E7AFF65D658213F9",""
"Added","artifacts/CurrencyWarsSmartRaccoon-0.2.778-win-x64-portable-shutdownfix-20260802/System.IO.FileSystem.AccessControl.dll","104272","2026-06-24T10:34:48.0000000Z","5AFA226142F78D2C129D80FDEACED781ADAA60EA045010FC1848628D0090C956",""
"Added","artifacts/CurrencyWarsSmartRaccoon-0.2.778-win-x64-portable-shutdownfix-20260802/System.IO.FileSystem.dll","15656","2026-06-24T10:27:24.0000000Z","BAC270FACF403C91E35D95BD01D2A57F774638ABE5862417711DAFCA84AF8AEB",""
"Added","artifacts/CurrencyWarsSmartRaccoon-0.2.778-win-x64-portable-shutdownfix-20260802/System.IO.FileSystem.DriveInfo.dll","55120","2026-06-24T10:34:50.0000000Z","F0266B4123AD8E3AE4B15D3B3B1CAFE978C7FF1E2A039BDBBBD854C095DC49A5",""
"Added","artifacts/CurrencyWarsSmartRaccoon-0.2.778-win-x64-portable-shutdownfix-20260802/System.IO.FileSystem.Primitives.dll","15144","2026-06-24T10:27:24.0000000Z","CF992E2777BBE9BE8243428326B41B55C9616F91EF5DA10E629194B0376E9FDC",""
"Added","artifacts/CurrencyWarsSmartRaccoon-0.2.778-win-x64-portable-shutdownfix-20260802/System.IO.FileSystem.Watcher.dll","87848","2026-06-24T10:34:54.0000000Z","E911BF0F0B0FC6E9BF646B3C7B8CE45F5179237EEE0E4BB6EF7E6C15F89EF2AF",""
"Added","artifacts/CurrencyWarsSmartRaccoon-0.2.778-win-x64-portable-shutdownfix-20260802/System.IO.IsolatedStorage.dll","91944","2026-06-24T10:34:56.0000000Z","6C448F12FFFC0A8B68A00BC06079215E838ABB29BADE8DB971B70126DE3135C0",""
"Added","artifacts/CurrencyWarsSmartRaccoon-0.2.778-win-x64-portable-shutdownfix-20260802/System.IO.MemoryMappedFiles.dll","83792","2026-06-24T10:35:00.0000000Z","B6D6B637564F5802A7BFE807F495BC12106A87715C01A17721F827647C8B078D",""
"Added","artifacts/CurrencyWarsSmartRaccoon-0.2.778-win-x64-portable-shutdownfix-20260802/System.IO.Packaging.dll","292648","2026-06-25T20:06:32.0000000Z","7810F7A228ADC09B24B0DF757B80A1E90658986633908F563487B4BB24CFD296",""
"Added","artifacts/CurrencyWarsSmartRaccoon-0.2.778-win-x64-portable-shutdownfix-20260802/System.IO.Pipes.AccessControl.dll","16208","2026-06-24T10:25:08.0000000Z","861C4F4BF89B4F80EAB58095C27CF4A16B36EE179EF8DFF395CB9D000EA0C7F8",""
"Added","artifacts/CurrencyWarsSmartRaccoon-0.2.778-win-x64-portable-shutdownfix-20260802/System.IO.Pipes.dll","165672","2026-06-24T10:35:02.0000000Z","9941714479BD7A77748DE99774EC1FB4F057815672F3FE90F99C5CC32FB60F15",""
"Added","artifacts/CurrencyWarsSmartRaccoon-0.2.778-win-x64-portable-shutdownfix-20260802/System.IO.UnmanagedMemoryStream.dll","15184","2026-06-24T10:28:12.0000000Z","98F98C5F00F9DEFDC4BAC577E925D6FCF7BDFEA6748A50CC92553EB6547DACBF",""
"Added","artifacts/CurrencyWarsSmartRaccoon-0.2.778-win-x64-portable-shutdownfix-20260802/System.Linq.dll","542504","2026-06-24T10:35:06.0000000Z","AD19451AA60C394640B7BF5950102F948C08B61B1D496E4F10D897449F4B18E4",""
"Added","artifacts/CurrencyWarsSmartRaccoon-0.2.778-win-x64-portable-shutdownfix-20260802/System.Linq.Expressions.dll","3675944","2026-06-24T10:35:10.0000000Z","42902CB85104534692AA6160A2D3C2FF4843640271FA7A6790A7FF74ED8EAFB4",""
"Added","artifacts/CurrencyWarsSmartRaccoon-0.2.778-win-x64-portable-shutdownfix-20260802/System.Linq.Parallel.dll","804648","2026-06-24T10:35:14.0000000Z","4205A64C5754C3CCDA5E093A41921FFFA89377EE7738DF16E55C0EBC241BE77F",""
"Added","artifacts/CurrencyWarsSmartRaccoon-0.2.778-win-x64-portable-shutdownfix-20260802/System.Linq.Queryable.dll","173904","2026-06-24T10:35:16.0000000Z","58A4AC5BE4188645AE530D41472C0C2214A783D79F60AE679B0CAB4C8E8863AF",""
"Added","artifacts/CurrencyWarsSmartRaccoon-0.2.778-win-x64-portable-shutdownfix-20260802/System.Memory.dll","157520","2026-06-24T10:35:18.0000000Z","FD29C91EC1AE5EC2D98AD77F2863DA6D583A3BE596A1813959D02877CDE057A0",""
"Added","artifacts/CurrencyWarsSmartRaccoon-0.2.778-win-x64-portable-shutdownfix-20260802/System.Net.dll","17232","2026-06-24T10:27:52.0000000Z","DD749BCD576B6FC7B27825B01699BC5CA852C600CEB3BB70B7FBEFA200630849",""
"Added","artifacts/CurrencyWarsSmartRaccoon-0.2.778-win-x64-portable-shutdownfix-20260802/System.Net.Http.dll","1734480","2026-06-24T10:35:22.0000000Z","9AE6470D6C15B56DED0B3C16C1990E140FF08FF534B12D2FF39125D66E8CBE43",""
"Added","artifacts/CurrencyWarsSmartRaccoon-0.2.778-win-x64-portable-shutdownfix-20260802/System.Net.Http.Json.dll","128848","2026-06-24T10:35:24.0000000Z","2593041CA3DE16FB5CA33EB07FB7C335FD28850FC41D1EED7A152E4814EBC3A8",""
"Added","artifacts/CurrencyWarsSmartRaccoon-0.2.778-win-x64-portable-shutdownfix-20260802/System.Net.HttpListener.dll","550736","2026-06-24T10:35:28.0000000Z","152D159A3D210D5BA1259DE081428B088211BE8EA15093E99A24D8B16E26E7BF",""
"Added","artifacts/CurrencyWarsSmartRaccoon-0.2.778-win-x64-portable-shutdownfix-20260802/System.Net.Mail.dll","431912","2026-06-24T10:35:30.0000000Z","84CFADB4546EC77917DFF2A5906B28B2F1AAC41CF01FF30BC6A2E7BF660981D1",""
"Added","artifacts/CurrencyWarsSmartRaccoon-0.2.778-win-x64-portable-shutdownfix-20260802/System.Net.NameResolution.dll","112424","2026-06-24T10:35:34.0000000Z","592E22636A2AA7B02850DF841E35267104081BA1D29B98EEF812BD89B7A8FE50",""
"Added","artifacts/CurrencyWarsSmartRaccoon-0.2.778-win-x64-portable-shutdownfix-20260802/System.Net.NetworkInformation.dll","157520","2026-06-24T10:35:36.0000000Z","BEB762C1AF65C4B320D763BF4DCAD11A0FAD1EC088F12FA93909E9470C835B97",""
"Added","artifacts/CurrencyWarsSmartRaccoon-0.2.778-win-x64-portable-shutdownfix-20260802/System.Net.Ping.dll","96040","2026-06-24T10:35:40.0000000Z","33F032E69C45C11500C9DB29A9947F5F5236D9705978C4D31F17EA50BC16DC06",""
"Added","artifacts/CurrencyWarsSmartRaccoon-0.2.778-win-x64-portable-shutdownfix-20260802/System.Net.Primitives.dll","231208","2026-06-24T10:35:42.0000000Z","C0F3F88D0C53BB6D89C172D019C6434FE48A814ACA061CF1AE0DDFBE7A98E793",""
"Added","artifacts/CurrencyWarsSmartRaccoon-0.2.778-win-x64-portable-shutdownfix-20260802/System.Net.Quic.dll","284496","2026-06-24T10:35:46.0000000Z","3DD91F9B77C938914059F95027086503241B99FA83C23A53E4F9D56184ECCF81",""
"Added","artifacts/CurrencyWarsSmartRaccoon-0.2.778-win-x64-portable-shutdownfix-20260802/System.Net.Requests.dll","345936","2026-06-24T10:35:48.0000000Z","35C16D93E024728E149015717008514AEB2FE4713D7EF304B5915CF834EE99FE",""
"Added","artifacts/CurrencyWarsSmartRaccoon-0.2.778-win-x64-portable-shutdownfix-20260802/System.Net.Security.dll","669480","2026-06-24T10:35:52.0000000Z","C7985BA5BB7D29A5C29EF25D57CEF0CF8084C57056437EAB81895AAA7199B113",""
"Added","artifacts/CurrencyWarsSmartRaccoon-0.2.778-win-x64-portable-shutdownfix-20260802/System.Net.ServicePoint.dll","46888","2026-06-24T10:35:54.0000000Z","15C1A8EC54D1842764EBCA3A6A39ADCE7D7F86F572BB1398279A1E9AD51FA5D4",""
"Added","artifacts/CurrencyWarsSmartRaccoon-0.2.778-win-x64-portable-shutdownfix-20260802/System.Net.Sockets.dll","546640","2026-06-24T10:35:56.0000000Z","DDBC00D0F56D79372F4AE506057A0B8DD526B6EF03785EB592DC929709AB40B2",""
"Added","artifacts/CurrencyWarsSmartRaccoon-0.2.778-win-x64-portable-shutdownfix-20260802/System.Net.WebClient.dll","169768","2026-06-24T10:36:00.0000000Z","AFC3A8D9FCCB72CCC85EEDFBBA579F63428A4E7ACF7C49A43114BC97346ACFCE",""
"Added","artifacts/CurrencyWarsSmartRaccoon-0.2.778-win-x64-portable-shutdownfix-20260802/System.Net.WebHeaderCollection.dll","67408","2026-06-24T10:36:02.0000000Z","BA6FFE6E59B62A9392E39F0D087D1596C0F0EAB269311CA97BF2E512CC2AA376",""
"Added","artifacts/CurrencyWarsSmartRaccoon-0.2.778-win-x64-portable-shutdownfix-20260802/System.Net.WebProxy.dll","42792","2026-06-24T10:36:06.0000000Z","221898E759D47300187D4B5027189CC54B54EBC1C31DFC5AB68758C94D3EE218",""
"Added","artifacts/CurrencyWarsSmartRaccoon-0.2.778-win-x64-portable-shutdownfix-20260802/System.Net.WebSockets.Client.dll","100136","2026-06-24T10:36:08.0000000Z","EF93170C5C100A595A10ADC7F6A80176513BFD3CDD01B719DFF656B78EA7FCE1",""
"Added","artifacts/CurrencyWarsSmartRaccoon-0.2.778-win-x64-portable-shutdownfix-20260802/System.Net.WebSockets.dll","190248","2026-06-24T10:36:12.0000000Z","BCDC5C85F2FEC3B71427A4B8AFE283866DD3B9DB408AEA53B1344D1E55ACAA4B",""
"Added","artifacts/CurrencyWarsSmartRaccoon-0.2.778-win-x64-portable-shutdownfix-20260802/System.Numerics.dll","15144","2026-06-24T10:27:28.0000000Z","7E331F919FFF63105608D3FCFDF827480C11F0676A7FFD5B5C9F575666608DCB",""
"Added","artifacts/CurrencyWarsSmartRaccoon-0.2.778-win-x64-portable-shutdownfix-20260802/System.Numerics.Tensors.dll","442680","2024-10-29T02:40:16.0000000Z","0E59EB423D5A7D82998A0537653565D05033B07C606D59ED0756C2FF028343DA",""
"Added","artifacts/CurrencyWarsSmartRaccoon-0.2.778-win-x64-portable-shutdownfix-20260802/System.Numerics.Vectors.dll","15656","2026-06-24T10:26:38.0000000Z","614D9F56192B0058038831D779268C9F9167AE87E444E7540D1B60B589BC975C",""
"Added","artifacts/CurrencyWarsSmartRaccoon-0.2.778-win-x64-portable-shutdownfix-20260802/System.ObjectModel.dll","79656","2026-06-24T10:36:14.0000000Z","E21FF10BDF7F9F1C035D9AB1BEBDE797611061BF50F9A4F42E8F370A3A8E859A",""
"Added","artifacts/CurrencyWarsSmartRaccoon-0.2.778-win-x64-portable-shutdownfix-20260802/System.Printing.dll","980776","2026-06-25T20:06:50.0000000Z","75AA439C57C7BBDE22A53F8FB3A72781B729C4D7DCE167C1FE0DCCC53E11E111",""
"Added","artifacts/CurrencyWarsSmartRaccoon-0.2.778-win-x64-portable-shutdownfix-20260802/System.Private.CoreLib.dll","13174568","2026-06-24T10:20:36.0000000Z","8C01F630BB23C2FB142E6559CDCDF147105625DEFB36107019D4AB50D8854CD3",""
"Added","artifacts/CurrencyWarsSmartRaccoon-0.2.778-win-x64-portable-shutdownfix-20260802/System.Private.DataContractSerialization.dll","2082600","2026-06-24T10:36:18.0000000Z","A0D1996D03C45670774129DD0E553998CF85D8225CDAE6F23BB9DF4A9C90C06B",""
"Added","artifacts/CurrencyWarsSmartRaccoon-0.2.778-win-x64-portable-shutdownfix-20260802/System.Private.Uri.dll","259880","2026-06-24T10:36:22.0000000Z","11A057D20D67F3944319094ECD1B08EBDC569FF01C0C66899D9F04E64FB02AA1",""
"Added","artifacts/CurrencyWarsSmartRaccoon-0.2.778-win-x64-portable-shutdownfix-20260802/System.Private.Xml.dll","7997224","2026-06-24T10:36:28.0000000Z","D85C7103BD4AE932D5BA07F53AC357BCE11D09FF72804B78CAF46F7657C7EDC8",""
"Added","artifacts/CurrencyWarsSmartRaccoon-0.2.778-win-x64-portable-shutdownfix-20260802/System.Private.Xml.Linq.dll","403240","2026-06-24T10:36:30.0000000Z","B0EFF460BD81142C848B58315F0E6843C36DBA5DC94F2DFA35C3B62592F6C2B3",""
"Added","artifacts/CurrencyWarsSmartRaccoon-0.2.778-win-x64-portable-shutdownfix-20260802/System.Reflection.DispatchProxy.dll","75560","2026-06-24T10:36:32.0000000Z","DDF07AE22EB6E9146245D38E5F8A3E1AFCF2D0FF125371610980B25AB95F8217",""
"Added","artifacts/CurrencyWarsSmartRaccoon-0.2.778-win-x64-portable-shutdownfix-20260802/System.Reflection.dll","16168","2026-06-24T10:27:26.0000000Z","C7AD4268E3ABE3FE36E0FCD6568ED7649DA17A0BF048200043B72C28613E84F4",""
"Added","artifacts/CurrencyWarsSmartRaccoon-0.2.778-win-x64-portable-shutdownfix-20260802/System.Reflection.Emit.dll","128808","2026-06-24T10:36:36.0000000Z","83F5886838A33D40812FE40ED07CECEBA37BA1B934837865F0E3AA00AA67696B",""
"Added","artifacts/CurrencyWarsSmartRaccoon-0.2.778-win-x64-portable-shutdownfix-20260802/System.Reflection.Emit.ILGeneration.dll","15656","2026-06-24T10:26:24.0000000Z","CDEF1923659DABE9D078F7B665EEC81504E417B0BE6666E321C80C4795417DC9",""
"Added","artifacts/CurrencyWarsSmartRaccoon-0.2.778-win-x64-portable-shutdownfix-20260802/System.Reflection.Emit.Lightweight.dll","15656","2026-06-24T10:26:38.0000000Z","85D48EA351D828C7E79C41C860B3ED5BCC71A20FAD5E9727A03920DFF9190F91",""
"Added","artifacts/CurrencyWarsSmartRaccoon-0.2.778-win-x64-portable-shutdownfix-20260802/System.Reflection.Extensions.dll","15184","2026-06-24T10:27:28.0000000Z","86C12E7CA53F8F979D59891FB0110A0D32DD4913A3530489FC83769046DC1D37",""
"Added","artifacts/CurrencyWarsSmartRaccoon-0.2.778-win-x64-portable-shutdownfix-20260802/System.Reflection.Metadata.dll","1115944","2026-06-24T10:36:40.0000000Z","7E45D32C6B8D8CAF3C782357C9D18FBBCB98ADC715007841ECE2360E985B6D67",""
"Added","artifacts/CurrencyWarsSmartRaccoon-0.2.778-win-x64-portable-shutdownfix-20260802/System.Reflection.Primitives.dll","15696","2026-06-24T10:27:14.0000000Z","644182D5E64989C15AB5E3B46C421832A6A4AE952EF9891AAD8529C4AD903113",""
"Added","artifacts/CurrencyWarsSmartRaccoon-0.2.778-win-x64-portable-shutdownfix-20260802/System.Reflection.TypeExtensions.dll","42792","2026-06-24T10:36:42.0000000Z","C74CDB60AC21BE408028403C76F3D4128A769EC3633ACE4D93135FD6E25CBC75",""
"Added","artifacts/CurrencyWarsSmartRaccoon-0.2.778-win-x64-portable-shutdownfix-20260802/System.Resources.Extensions.dll","137000","2026-06-25T20:06:32.0000000Z","2F1F7C0F4A94BE5015930A918148E89A40A83B83C10E2655254219F3A30BB99C",""
"Added","artifacts/CurrencyWarsSmartRaccoon-0.2.778-win-x64-portable-shutdownfix-20260802/System.Resources.Reader.dll","15184","2026-06-24T10:27:26.0000000Z","3570F33FCB1854195C8D2F8ADB4E84F56C0679BB28DFDBC3EF670CA52D153485",""
"Added","artifacts/CurrencyWarsSmartRaccoon-0.2.778-win-x64-portable-shutdownfix-20260802/System.Resources.ResourceManager.dll","15696","2026-06-24T10:27:26.0000000Z","55D88A44C2E8CC3834A6584B9EAF928551D01AFDA90E293079F9BD5D6FD4AC40",""
"Added","artifacts/CurrencyWarsSmartRaccoon-0.2.778-win-x64-portable-shutdownfix-20260802/System.Resources.Writer.dll","50984","2026-06-24T10:36:44.0000000Z","FDCDB598DAA31829DFAB9E5CDCA8B636DFF6560D490E4B852509149BFD760F54",""
"Added","artifacts/CurrencyWarsSmartRaccoon-0.2.778-win-x64-portable-shutdownfix-20260802/System.Runtime.CompilerServices.Unsafe.dll","15184","2026-06-24T10:27:24.0000000Z","D5CFB3B6D4D143C0E08930FFCC8313CAF73EB4E42AEE0385C7A87769C4662953",""
"Added","artifacts/CurrencyWarsSmartRaccoon-0.2.778-win-x64-portable-shutdownfix-20260802/System.Runtime.CompilerServices.VisualC.dll","30504","2026-06-24T10:36:48.0000000Z","01E20CB1E6A26CD2E77E55FF4D4FAD896F37A894AAB0F74158A53242DFE6378A",""
"Added","artifacts/CurrencyWarsSmartRaccoon-0.2.778-win-x64-portable-shutdownfix-20260802/System.Runtime.dll","43304","2026-06-24T10:27:16.0000000Z","F1B8629204B3363722BBD6219C4FD54096CF01D29DB861412C287227C130DECF",""
"Added","artifacts/CurrencyWarsSmartRaccoon-0.2.778-win-x64-portable-shutdownfix-20260802/System.Runtime.Extensions.dll","17744","2026-06-24T10:27:28.0000000Z","3D7B27EB28AC02CE977F24A12E2AE264CF2CE2E38870DB9BDEB0805C55EC8ED4",""
"Added","artifacts/CurrencyWarsSmartRaccoon-0.2.778-win-x64-portable-shutdownfix-20260802/System.Runtime.Handles.dll","15184","2026-06-24T10:27:34.0000000Z","CC5FA8E388FE9FCCCDD4E79993A1C692FB8E28C665B96123295387CD7808358C",""
"Added","artifacts/CurrencyWarsSmartRaccoon-0.2.778-win-x64-portable-shutdownfix-20260802/System.Runtime.InteropServices.dll","96080","2026-06-24T10:36:50.0000000Z","570A8140B838042A5D1135D5A20E39D18CCBFCE13395C73B0B5BEA935D311EA0",""
"Added","artifacts/CurrencyWarsSmartRaccoon-0.2.778-win-x64-portable-shutdownfix-20260802/System.Runtime.InteropServices.JavaScript.dll","50984","2026-06-24T10:36:54.0000000Z","788CF6A1B118E345A7CF97DBBAED533E16C2FF23B0BA8172EF92428AF64864CA",""
"Added","artifacts/CurrencyWarsSmartRaccoon-0.2.778-win-x64-portable-shutdownfix-20260802/System.Runtime.InteropServices.RuntimeInformation.dll","15144","2026-06-24T10:27:26.0000000Z","F791B30EACFECA79397D456E836414D35C911DB73471E3A2EB3885BF061D72DD",""
"Added","artifacts/CurrencyWarsSmartRaccoon-0.2.778-win-x64-portable-shutdownfix-20260802/System.Runtime.Intrinsics.dll","16680","2026-06-24T10:26:16.0000000Z","4F4D23294A6BA06BEFAD43E364F7884CEF6F66646F31A8B79FE6D8198D7DBBF7",""
"Added","artifacts/CurrencyWarsSmartRaccoon-0.2.778-win-x64-portable-shutdownfix-20260802/System.Runtime.Loader.dll","15656","2026-06-24T10:27:58.0000000Z","97F2C61FBA23D9834A3BA3996AF9EA12D04064A91CCDBE6A9741A5E877E2C343",""
"Added","artifacts/CurrencyWarsSmartRaccoon-0.2.778-win-x64-portable-shutdownfix-20260802/System.Runtime.Numerics.dll","329552","2026-06-24T10:36:56.0000000Z","CE08CC1A8418F38E360F17CDB48ABE1E5D5FF5D6AA67540F48EF0444B628C2A8",""
"Added","artifacts/CurrencyWarsSmartRaccoon-0.2.778-win-x64-portable-shutdownfix-20260802/System.Runtime.Serialization.dll","16680","2026-06-24T10:27:38.0000000Z","D23791C30865CBD04007C3BB133EB367BA64C80179CEBD1F042A9B484E8FDA59",""
"Added","artifacts/CurrencyWarsSmartRaccoon-0.2.778-win-x64-portable-shutdownfix-20260802/System.Runtime.Serialization.Formatters.dll","309072","2026-06-24T10:36:58.0000000Z","C44AB84A9CB3F3C1E1FB2437C028AD5CA4DA377F9EA65416FCED65EEBEE44895",""
"Added","artifacts/CurrencyWarsSmartRaccoon-0.2.778-win-x64-portable-shutdownfix-20260802/System.Runtime.Serialization.Json.dll","15656","2026-06-24T10:26:28.0000000Z","57E53DDA2023F1257446FD80BB8AAFACB47013451335066B1F73086C6ABF32B2",""
"Added","artifacts/CurrencyWarsSmartRaccoon-0.2.778-win-x64-portable-shutdownfix-20260802/System.Runtime.Serialization.Primitives.dll","38696","2026-06-24T10:37:02.0000000Z","83B155BE90EEC2FE971B7C3F0F19F84E4200F89CDAC07503ED70F39DA5C6C7AE",""
"Added","artifacts/CurrencyWarsSmartRaccoon-0.2.778-win-x64-portable-shutdownfix-20260802/System.Runtime.Serialization.Xml.dll","16680","2026-06-24T10:26:20.0000000Z","6D7703AE778FB1DC0D4259F98DB19DAF88FCB0E4DFE64A853A6A1020D0AC8B0F",""
"Added","artifacts/CurrencyWarsSmartRaccoon-0.2.778-win-x64-portable-shutdownfix-20260802/System.Security.AccessControl.dll","231208","2026-06-24T10:37:04.0000000Z","95A298915A09C46D0BA2691D4377082D37B55CAE40F892C32F45E583D90AF55B",""
"Added","artifacts/CurrencyWarsSmartRaccoon-0.2.778-win-x64-portable-shutdownfix-20260802/System.Security.Claims.dll","100136","2026-06-24T10:37:08.0000000Z","C243E259A9D41BDE55E01C1050C6E90A3C845B3FF18F64066F212EBB71BEF35E",""
"Added","artifacts/CurrencyWarsSmartRaccoon-0.2.778-win-x64-portable-shutdownfix-20260802/System.Security.Cryptography.Algorithms.dll","17192","2026-06-24T10:27:36.0000000Z","5185BB1FE16E8C7DAF5031F7CE8E2035D7619BF54932BCA7DDF9EDC8276484EB",""
"Added","artifacts/CurrencyWarsSmartRaccoon-0.2.778-win-x64-portable-shutdownfix-20260802/System.Security.Cryptography.Cng.dll","16168","2026-06-24T10:27:36.0000000Z","4578F1194FBBEA63F35A95721BC9DEA92C625A0A72FEFA8317936915FEAB58EB",""
"Added","artifacts/CurrencyWarsSmartRaccoon-0.2.778-win-x64-portable-shutdownfix-20260802/System.Security.Cryptography.Csp.dll","15656","2026-06-24T10:27:36.0000000Z","1AB0741607BEE02E5E6F45293AE66E39E3804F962CB37C38E6C38779D7F5BE6B",""
"Added","artifacts/CurrencyWarsSmartRaccoon-0.2.778-win-x64-portable-shutdownfix-20260802/System.Security.Cryptography.dll","2049832","2026-06-24T10:37:10.0000000Z","5D516C9DA108647FDF6F96B5926B59F497B4F0AE84A932512E1E4203C49AA5D2",""
"Added","artifacts/CurrencyWarsSmartRaccoon-0.2.778-win-x64-portable-shutdownfix-20260802/System.Security.Cryptography.Encoding.dll","15656","2026-06-24T10:27:38.0000000Z","EE9EA0A057BE774F8F7A1C4204806DB611550DCA930AF05187B9AA2AC3D40193",""
"Added","artifacts/CurrencyWarsSmartRaccoon-0.2.778-win-x64-portable-shutdownfix-20260802/System.Security.Cryptography.OpenSsl.dll","15144","2026-06-24T10:27:38.0000000Z","6A5D5FF38C0D28BEB9AF3C8DCD4B7B5C639203BF9D348ABD2872C540EB329E78",""
"Added","artifacts/CurrencyWarsSmartRaccoon-0.2.778-win-x64-portable-shutdownfix-20260802/System.Security.Cryptography.Pkcs.dll","759592","2026-06-25T20:06:32.0000000Z","8DA5FEF64435020F4C704615CBC806142638B72AD13ECE9E525805C3F16C4170",""
"Added","artifacts/CurrencyWarsSmartRaccoon-0.2.778-win-x64-portable-shutdownfix-20260802/System.Security.Cryptography.Primitives.dll","15656","2026-06-24T10:27:42.0000000Z","7111536CF9D42907EBD1DA6AC19026519161E95839A9679367E6367F1CD9E670",""
"Added","artifacts/CurrencyWarsSmartRaccoon-0.2.778-win-x64-portable-shutdownfix-20260802/System.Security.Cryptography.ProtectedData.dll","55080","2026-06-25T20:06:32.0000000Z","3467AF2E0773D2EC3874E5990A7C0EFDD0CA0274106B4DC5589EF15A22CB11DB",""
"Added","artifacts/CurrencyWarsSmartRaccoon-0.2.778-win-x64-portable-shutdownfix-20260802/System.Security.Cryptography.X509Certificates.dll","16680","2026-06-24T10:27:38.0000000Z","D050A7B12E98AFF8C3B1C1023A7C888EABC50E0FAB0B2D0C4B43300249ED7D25",""
"Added","artifacts/CurrencyWarsSmartRaccoon-0.2.778-win-x64-portable-shutdownfix-20260802/System.Security.Cryptography.Xml.dll","464680","2026-06-25T20:06:32.0000000Z","405C7E4439B4873B99AC207D26626EB87C0EA95BBC231058D1C04790594A9C48",""
"Added","artifacts/CurrencyWarsSmartRaccoon-0.2.778-win-x64-portable-shutdownfix-20260802/System.Security.dll","18216","2026-06-24T10:27:38.0000000Z","27AE1A3A3EC6ECA92DDF98CD5BDE8642EABA5F0789B49F4859D27BAD1FA22D91",""
"Added","artifacts/CurrencyWarsSmartRaccoon-0.2.778-win-x64-portable-shutdownfix-20260802/System.Security.Permissions.dll","186192","2026-06-25T20:06:32.0000000Z","4AE8012F4A7D579DC63C06DB601DE8312C563C4ACE35673E578BFF3B0CCF626F",""
"Added","artifacts/CurrencyWarsSmartRaccoon-0.2.778-win-x64-portable-shutdownfix-20260802/System.Security.Principal.dll","15144","2026-06-24T10:27:30.0000000Z","843C55B75B0622D63E3684AFB6116FFEC0BB20A9C54FD6BD9228A14CF9689AF2",""
"Added","artifacts/CurrencyWarsSmartRaccoon-0.2.778-win-x64-portable-shutdownfix-20260802/System.Security.Principal.Windows.dll","186152","2026-06-24T10:37:14.0000000Z","F5F284590E72E565A8DE13F7C31ABF57DEFCDB71F32DCBC94152F976115EFCCA",""
"Added","artifacts/CurrencyWarsSmartRaccoon-0.2.778-win-x64-portable-shutdownfix-20260802/System.Security.SecureString.dll","15144","2026-06-24T10:28:08.0000000Z","54AD93D060E5E84EBF5C0E1DC05A74CC1A84CDC9641AAE82E1D41B12912C66F1",""
"Added","artifacts/CurrencyWarsSmartRaccoon-0.2.778-win-x64-portable-shutdownfix-20260802/System.ServiceModel.Web.dll","16680","2026-06-24T10:27:34.0000000Z","18734AC420D610C30416F65F3ED7D01A53EB49FB60E88797CD102EFA65075891",""
"Added","artifacts/CurrencyWarsSmartRaccoon-0.2.778-win-x64-portable-shutdownfix-20260802/System.ServiceProcess.dll","15696","2026-06-24T10:27:40.0000000Z","C5CEB3452BE8C535F46D495191E7224BC11BD8ED61040F3BA2FB27C04B7F5150",""
"Added","artifacts/CurrencyWarsSmartRaccoon-0.2.778-win-x64-portable-shutdownfix-20260802/System.Text.Encoding.CodePages.dll","861992","2026-06-24T10:37:16.0000000Z","25A8C8A86F504FAD669412449FEE0D35C730725FE7E8B5F5A9005EDB2ACDAB2A",""
"Added","artifacts/CurrencyWarsSmartRaccoon-0.2.778-win-x64-portable-shutdownfix-20260802/System.Text.Encoding.dll","15696","2026-06-24T10:27:34.0000000Z","09BDA1F72189F6D1760D81E3BE26C14C22B77FEC5AEA3C5BEB7151B71FEF3E3E",""
"Added","artifacts/CurrencyWarsSmartRaccoon-0.2.778-win-x64-portable-shutdownfix-20260802/System.Text.Encoding.Extensions.dll","15656","2026-06-24T10:25:58.0000000Z","1776DEB74F88DE69D6B420FC16AA1D4F3AA72AD4B53261C0D4F301BF2F56F87C",""
"Added","artifacts/CurrencyWarsSmartRaccoon-0.2.778-win-x64-portable-shutdownfix-20260802/System.Text.Encodings.Web.dll","132904","2026-06-24T10:37:20.0000000Z","002A9E68F9CD05A0212524970D9CCA06306425805DB47462459ECD90E7EC3550",""
"Added","artifacts/CurrencyWarsSmartRaccoon-0.2.778-win-x64-portable-shutdownfix-20260802/System.Text.Json.dll","1500968","2026-06-24T10:37:22.0000000Z","7FD10C4D6112C43AE8B64D131180EED48938DF55FD517AD88CFDC86CAB37C645",""
"Added","artifacts/CurrencyWarsSmartRaccoon-0.2.778-win-x64-portable-shutdownfix-20260802/System.Text.RegularExpressions.dll","1021736","2026-06-24T10:37:26.0000000Z","39B972D97202524C7DCCD3AD38E37266FB4F16F993928E6B5791D8172781DCEA",""
"Added","artifacts/CurrencyWarsSmartRaccoon-0.2.778-win-x64-portable-shutdownfix-20260802/System.Threading.AccessControl.dll","83752","2026-06-25T20:06:32.0000000Z","BDD347534FE147848102E76A600E6A2A9BF2742A98E88E2D756DF66029DEECDA",""
"Added","artifacts/CurrencyWarsSmartRaccoon-0.2.778-win-x64-portable-shutdownfix-20260802/System.Threading.Channels.dll","132904","2026-06-24T10:37:28.0000000Z","4803ACD30220FD4792B27942BE159D468E20AFA6F96FBB7E4C99882C458C789D",""
"Added","artifacts/CurrencyWarsSmartRaccoon-0.2.778-win-x64-portable-shutdownfix-20260802/System.Threading.dll","83792","2026-06-24T10:37:32.0000000Z","BAAD7F0D2F3EF9A7B4ED7646093464EDDDBEE0937F33DE71BE139A01A86375AC",""
"Added","artifacts/CurrencyWarsSmartRaccoon-0.2.778-win-x64-portable-shutdownfix-20260802/System.Threading.Overlapped.dll","15696","2026-06-24T10:26:42.0000000Z","9F3F9A9B633C4781AC3FF206BF6E7008ED9A6D19626791473C45D5844ECB8422",""
"Added","artifacts/CurrencyWarsSmartRaccoon-0.2.778-win-x64-portable-shutdownfix-20260802/System.Threading.Tasks.Dataflow.dll","489256","2026-06-24T10:37:34.0000000Z","AFEB5E23C69430D58C9FD78E7D20981983005315AF4DFB3513A6472FA5FA0DB5",""
"Added","artifacts/CurrencyWarsSmartRaccoon-0.2.778-win-x64-portable-shutdownfix-20260802/System.Threading.Tasks.dll","16680","2026-06-24T10:27:26.0000000Z","42B824AA602E8FCB93EC17C57E4C4B9B4C2C7982301E45AB41A89792B7954003",""
"Added","artifacts/CurrencyWarsSmartRaccoon-0.2.778-win-x64-portable-shutdownfix-20260802/System.Threading.Tasks.Extensions.dll","15656","2026-06-24T10:27:30.0000000Z","8017247916F5167418423F3B80152097F9C059217C972C6D2F7046959B8A30EA",""
"Added","artifacts/CurrencyWarsSmartRaccoon-0.2.778-win-x64-portable-shutdownfix-20260802/System.Threading.Tasks.Parallel.dll","132904","2026-06-24T10:37:38.0000000Z","178509C7F18ECF1F6B6FA35090F62456A83DEBF7403899F2C69E92F830730B74",""
"Added","artifacts/CurrencyWarsSmartRaccoon-0.2.778-win-x64-portable-shutdownfix-20260802/System.Threading.Thread.dll","15656","2026-06-24T10:26:40.0000000Z","58CD39131EC8EE3711A4D1B7C01E0A73792D4C2965195E056F4B4AA5A2319582",""
"Added","artifacts/CurrencyWarsSmartRaccoon-0.2.778-win-x64-portable-shutdownfix-20260802/System.Threading.ThreadPool.dll","15696","2026-06-24T10:26:38.0000000Z","7C4F4DA70AA737D473B8DDEE9F5F062DBB71DEBB689D5F8F2FA2D7D5235D4E6B",""
"Added","artifacts/CurrencyWarsSmartRaccoon-0.2.778-win-x64-portable-shutdownfix-20260802/System.Threading.Timer.dll","15184","2026-06-24T10:27:28.0000000Z","725485EC61AED90FC92230958094D3E44AA35437D617C939E68B6552FB56A180",""
"Added","artifacts/CurrencyWarsSmartRaccoon-0.2.778-win-x64-portable-shutdownfix-20260802/System.Transactions.dll","16208","2026-06-24T10:27:58.0000000Z","1DF4A483A90F535A2377417AF9970F30E71EC05B6E6BB006BE2E5E9ADC1384F9",""
"Added","artifacts/CurrencyWarsSmartRaccoon-0.2.778-win-x64-portable-shutdownfix-20260802/System.Transactions.Local.dll","661328","2026-06-24T10:37:40.0000000Z","12DABF489A5BD4768656CEE0181A8B099164D5D03F8ACA402117DC56646B8812",""
"Added","artifacts/CurrencyWarsSmartRaccoon-0.2.778-win-x64-portable-shutdownfix-20260802/System.ValueTuple.dll","15184","2026-06-24T10:27:28.0000000Z","DAFF0D3611520941B1C25CD810698F19BB89BCC6E5008B927C9B9B2D2532BAB6",""
"Added","artifacts/CurrencyWarsSmartRaccoon-0.2.778-win-x64-portable-shutdownfix-20260802/System.Web.dll","15144","2026-06-24T10:27:30.0000000Z","9EECF238A75B7EE5EDAC99FFC76CDA81D099EFEE8B31F8737196673C0311346E",""
"Added","artifacts/CurrencyWarsSmartRaccoon-0.2.778-win-x64-portable-shutdownfix-20260802/System.Web.HttpUtility.dll","59176","2026-06-24T10:37:44.0000000Z","A204F075272C50BF815688CE0A20EA1F0E8BBC0C5D9EB04B8B8C55E08632ED9A",""
"Added","artifacts/CurrencyWarsSmartRaccoon-0.2.778-win-x64-portable-shutdownfix-20260802/System.Windows.Controls.Ribbon.dll","1451856","2026-06-25T20:06:50.0000000Z","74BDE25D2F25C6E552B43DE48BB0B7512C91EB829C1F3AB01C18CC3780935D8C",""
"Added","artifacts/CurrencyWarsSmartRaccoon-0.2.778-win-x64-portable-shutdownfix-20260802/System.Windows.dll","15696","2026-06-24T10:27:30.0000000Z","6957260F1BD7191D59CE74CEE8F5528111639E2E6DDD143409EB8E6CA0D06CC9",""
"Added","artifacts/CurrencyWarsSmartRaccoon-0.2.778-win-x64-portable-shutdownfix-20260802/System.Windows.Extensions.dll","116520","2026-06-25T20:06:32.0000000Z","91E8A2838EF87192F188F4E663F1FF2D1932683522AEBFA8CB36AF4C2EA3D7DC",""
"Added","artifacts/CurrencyWarsSmartRaccoon-0.2.778-win-x64-portable-shutdownfix-20260802/System.Windows.Forms.Design.dll","5564200","2026-06-25T20:06:34.0000000Z","1FD584B257AE0F0E6FC045D67AD3E6C9DBF896B813C79FA547759EAF103F3B70",""
"Added","artifacts/CurrencyWarsSmartRaccoon-0.2.778-win-x64-portable-shutdownfix-20260802/System.Windows.Forms.Design.Editors.dll","16168","2026-06-25T16:58:34.0000000Z","ACFB84978699A504ACC40BB6EC8164C3F8C30C2BAE38C547CB8D04133BA42D2F",""
"Added","artifacts/CurrencyWarsSmartRaccoon-0.2.778-win-x64-portable-shutdownfix-20260802/System.Windows.Forms.dll","13563688","2026-06-25T20:06:38.0000000Z","7FA81901E23E79BD66601E82E84D5B48920F0CF4A480610B96E0F7FB05FB52B5",""
"Added","artifacts/CurrencyWarsSmartRaccoon-0.2.778-win-x64-portable-shutdownfix-20260802/System.Windows.Forms.Primitives.dll","3012392","2026-06-25T20:06:36.0000000Z","1D18D1C91113AB6136E8960134FEBD0C4B8B3EA8A4E7E421A811578A2028651F",""
"Added","artifacts/CurrencyWarsSmartRaccoon-0.2.778-win-x64-portable-shutdownfix-20260802/System.Windows.Input.Manipulations.dll","137000","2026-06-25T20:06:50.0000000Z","8B3B11C37130A8F1EB02F7A988592604F29E8101F2B906F821BB74F71650DD82",""
"Added","artifacts/CurrencyWarsSmartRaccoon-0.2.778-win-x64-portable-shutdownfix-20260802/System.Windows.Presentation.dll","30504","2026-06-25T20:06:52.0000000Z","04F596B76FA98A3B2FAB2B1A8B3AB1176FED8D75F4609AE6A006B80269797E92",""
"Added","artifacts/CurrencyWarsSmartRaccoon-0.2.778-win-x64-portable-shutdownfix-20260802/System.Xaml.dll","1423184","2026-06-25T20:06:52.0000000Z","DDB468276FD2BC25651864FBB2595A59C35DCB2952204C81BE4995A09A027216",""
"Added","artifacts/CurrencyWarsSmartRaccoon-0.2.778-win-x64-portable-shutdownfix-20260802/System.Xml.dll","23376","2026-06-24T10:27:54.0000000Z","DB528966FBF3A5AA03B1EB1BAD88C1F779F6FC9654D3F7525F76BD7AAC57408A",""
"Added","artifacts/CurrencyWarsSmartRaccoon-0.2.778-win-x64-portable-shutdownfix-20260802/System.Xml.Linq.dll","15656","2026-06-24T10:27:54.0000000Z","59E11C949BC6D313D74C45EC3231196A0933634FA2682F05B69CDA451056EA54",""
"Added","artifacts/CurrencyWarsSmartRaccoon-0.2.778-win-x64-portable-shutdownfix-20260802/System.Xml.ReaderWriter.dll","21800","2026-06-24T10:27:10.0000000Z","EB78EECE0A65AF3EAFA359FE3A3EB0F79B82ABB34DF4E0E44156C227E0D6A319",""
"Added","artifacts/CurrencyWarsSmartRaccoon-0.2.778-win-x64-portable-shutdownfix-20260802/System.Xml.Serialization.dll","16208","2026-06-24T10:27:48.0000000Z","72E20D12930D0CEE30BD1F9A4B9E7FA63A6420634AE87E939567E473FBAA2359",""
"Added","artifacts/CurrencyWarsSmartRaccoon-0.2.778-win-x64-portable-shutdownfix-20260802/System.Xml.XDocument.dll","15656","2026-06-24T10:27:40.0000000Z","CF5EB606D17BE4FA508B0B7778AE6E88D888C59C265EF32DED20B30ABE8D06DD",""
"Added","artifacts/CurrencyWarsSmartRaccoon-0.2.778-win-x64-portable-shutdownfix-20260802/System.Xml.XmlDocument.dll","15656","2026-06-24T10:27:28.0000000Z","5A5FD7C7C57F134158F5F87F89834988775ECE43098D98B2AD5E6D73A712E00B",""
"Added","artifacts/CurrencyWarsSmartRaccoon-0.2.778-win-x64-portable-shutdownfix-20260802/System.Xml.XmlSerializer.dll","17704","2026-06-24T10:27:32.0000000Z","AE03705BA1F9A5E50703D1C044DC2E1743296E113EB41EEE53B1980DB2FC97C9",""
"Added","artifacts/CurrencyWarsSmartRaccoon-0.2.778-win-x64-portable-shutdownfix-20260802/System.Xml.XPath.dll","15656","2026-06-24T10:27:12.0000000Z","BAAEFB29BEF2C685D6C40B52811415C12A2AF69161B684E02C0131A429B25170",""
"Added","artifacts/CurrencyWarsSmartRaccoon-0.2.778-win-x64-portable-shutdownfix-20260802/System.Xml.XPath.XDocument.dll","30544","2026-06-24T10:37:46.0000000Z","6E76E812855FA6A0C145DB1406C487A75D45B71F8DEC15DD5616025F75201E23",""
"Added","artifacts/CurrencyWarsSmartRaccoon-0.2.778-win-x64-portable-shutdownfix-20260802/THIRD_PARTY_NOTICES.md","836","2026-07-30T05:26:44.0000000Z","87DCF2CF15B2813A253244E343B2281A64B03F730D22F6C23BAEE462522A7755",""
"Added","artifacts/CurrencyWarsSmartRaccoon-0.2.778-win-x64-portable-shutdownfix-20260802/tr/Microsoft.VisualBasic.Forms.resources.dll","24912","2026-06-25T16:58:26.0000000Z","97A17D3AE649D760D7B3E8EBC99A39516470475011C807326E36091FF9BA39D1",""
"Added","artifacts/CurrencyWarsSmartRaccoon-0.2.778-win-x64-portable-shutdownfix-20260802/tr/PresentationCore.resources.dll","107304","2026-06-25T18:17:44.0000000Z","366217DFFD68F56BE42EBA9E162F5E19311C0ADEF3AEF540141B4A59597A77D9",""
"Added","artifacts/CurrencyWarsSmartRaccoon-0.2.778-win-x64-portable-shutdownfix-20260802/tr/PresentationFramework.resources.dll","195880","2026-06-25T18:18:08.0000000Z","F876942659771248DC076EC6D44C836AAFC30E38B042B3867323B2D561F54BD0",""
"Added","artifacts/CurrencyWarsSmartRaccoon-0.2.778-win-x64-portable-shutdownfix-20260802/tr/PresentationUI.resources.dll","44328","2026-06-25T18:18:30.0000000Z","31BD87CC4487A041CDE332663718576A0BC407D613D60428ADB8FF7CCE33BDFD",""
"Added","artifacts/CurrencyWarsSmartRaccoon-0.2.778-win-x64-portable-shutdownfix-20260802/tr/ReachFramework.resources.dll","38184","2026-06-25T18:17:56.0000000Z","082476DEBA471EECF39B1E5E24530C99525022B267B242F45A7F00C3298F7D66",""
"Added","artifacts/CurrencyWarsSmartRaccoon-0.2.778-win-x64-portable-shutdownfix-20260802/tr/System.Windows.Controls.Ribbon.resources.dll","18216","2026-06-25T18:18:52.0000000Z","DA6B839CD4558A2CC70083D3B234981166F14D9963CB81BB918F4F68BA67C7E2",""
"Added","artifacts/CurrencyWarsSmartRaccoon-0.2.778-win-x64-portable-shutdownfix-20260802/tr/System.Windows.Forms.Design.resources.dll","148264","2026-06-25T16:58:32.0000000Z","82FBFE10070E629FEA98E9DA7C0120EA2636518E1F97935F778DA8B00B631BE3",""
"Added","artifacts/CurrencyWarsSmartRaccoon-0.2.778-win-x64-portable-shutdownfix-20260802/tr/System.Windows.Forms.Primitives.resources.dll","15696","2026-06-25T16:57:46.0000000Z","46CEB0DE131DC191EC3A94A5605D163B2106A87C20159BD7525FFB459663CD8E",""
"Added","artifacts/CurrencyWarsSmartRaccoon-0.2.778-win-x64-portable-shutdownfix-20260802/tr/System.Windows.Forms.resources.dll","361256","2026-06-25T16:58:22.0000000Z","06351FB1ECFF88A24AD2EBA49690F2F49352FB9C2FC449F741C39DF421715EC1",""
"Added","artifacts/CurrencyWarsSmartRaccoon-0.2.778-win-x64-portable-shutdownfix-20260802/tr/System.Windows.Input.Manipulations.resources.dll","16168","2026-06-25T18:17:04.0000000Z","1BF678C446F26FF933C2B393F6730E347A8C649B329DC9BE7398C7A366B184C0",""
"Added","artifacts/CurrencyWarsSmartRaccoon-0.2.778-win-x64-portable-shutdownfix-20260802/tr/System.Xaml.resources.dll","64848","2026-06-25T18:17:06.0000000Z","3CA6CC905B1496B804B027E3C67AE827F2B9D9FEA81B3AE9CAECADD199B18838",""
"Added","artifacts/CurrencyWarsSmartRaccoon-0.2.778-win-x64-portable-shutdownfix-20260802/tr/UIAutomationClient.resources.dll","19752","2026-06-25T18:17:50.0000000Z","5539FE4DF730D1C57780E5D7A20AEB6B408D7CD9EFF38309A938F40A08FB41D7",""
"Added","artifacts/CurrencyWarsSmartRaccoon-0.2.778-win-x64-portable-shutdownfix-20260802/tr/UIAutomationClientSideProviders.resources.dll","20776","2026-06-25T18:17:50.0000000Z","84F13AF225ACDEE75A74AA6FC0A1EE1789F40284786FB9D6EF9EFF8D15D48024",""
"Added","artifacts/CurrencyWarsSmartRaccoon-0.2.778-win-x64-portable-shutdownfix-20260802/tr/UIAutomationProvider.resources.dll","15144","2026-06-25T18:17:32.0000000Z","B40B39BFBEBB7EB1E7A052C217F4D8D4A3CD145ECE8F90A9B8D9E79CE3DAE410",""
"Added","artifacts/CurrencyWarsSmartRaccoon-0.2.778-win-x64-portable-shutdownfix-20260802/tr/UIAutomationTypes.resources.dll","18216","2026-06-25T18:17:24.0000000Z","B0F1E9D05FB40CAA4B46102C0174A3B110E87FA8C772FD5A53E8BA5D9ABE379E",""
"Added","artifacts/CurrencyWarsSmartRaccoon-0.2.778-win-x64-portable-shutdownfix-20260802/tr/WindowsBase.resources.dll","84776","2026-06-25T18:17:20.0000000Z","5BCD66AC2530B219924A47D7ECC4D2982E4549914D895441C805E8D2AEB19E97",""
"Added","artifacts/CurrencyWarsSmartRaccoon-0.2.778-win-x64-portable-shutdownfix-20260802/tr/WindowsFormsIntegration.resources.dll","15656","2026-06-25T18:18:12.0000000Z","510F2789AE1BA29187BFF97C4131D52B0C52EF35851B103E7C67A462B3601B7D",""
"Added","artifacts/CurrencyWarsSmartRaccoon-0.2.778-win-x64-portable-shutdownfix-20260802/UIAutomationClient.dll","415528","2026-06-25T20:06:52.0000000Z","3425EDBF50A26DFB6D7E03591439A1AA5B44A988F3A7A2B049B0F110D003E846",""
"Added","artifacts/CurrencyWarsSmartRaccoon-0.2.778-win-x64-portable-shutdownfix-20260802/UIAutomationClientSideProviders.dll","870184","2026-06-25T20:06:52.0000000Z","53B47FFF828F71E16CE1BDA4DC4BE0EF7E5BAAE0A9B2C44E3F97B8AACE0FC5AA",""
"Added","artifacts/CurrencyWarsSmartRaccoon-0.2.778-win-x64-portable-shutdownfix-20260802/UIAutomationProvider.dll","59176","2026-06-25T20:06:52.0000000Z","7C58044FC21D4677F51EC99E426E1CA6FC327F6E105F806BFDAD2D303CBDCE73",""
"Added","artifacts/CurrencyWarsSmartRaccoon-0.2.778-win-x64-portable-shutdownfix-20260802/UIAutomationTypes.dll","313168","2026-06-25T20:06:52.0000000Z","6617B7CE8E57C0BF4529490601D3E99AD8C91824E303F357E6B9148D04281C42",""
"Added","artifacts/CurrencyWarsSmartRaccoon-0.2.778-win-x64-portable-shutdownfix-20260802/vcruntime140_cor3.dll","124544","2026-05-13T20:21:50.0000000Z","D5E4D9A3E835FA679450145D6A7D94E36573A509317111904D9B3712C30D9066",""
"Added","artifacts/CurrencyWarsSmartRaccoon-0.2.778-win-x64-portable-shutdownfix-20260802/WindowsBase.dll","2254632","2026-06-25T20:06:54.0000000Z","1FC324D4D92CEEDF364AC0506C2506C41A87A6578826E714394596529BD23321",""
"Added","artifacts/CurrencyWarsSmartRaccoon-0.2.778-win-x64-portable-shutdownfix-20260802/WindowsFormsIntegration.dll","210768","2026-06-25T20:06:54.0000000Z","B30CCB902A725B7BDBB685E7AC410E948A2B026111904E76271F11E10A312D45",""
"Added","artifacts/CurrencyWarsSmartRaccoon-0.2.778-win-x64-portable-shutdownfix-20260802/WinRT.Runtime.dll","528944","2024-11-11T17:23:04.0000000Z","BCF3A14E8712A90837FC5C0D8C8A24696AF2BD7F74E9767597EC81EDEDFB23DB",""
"Added","artifacts/CurrencyWarsSmartRaccoon-0.2.778-win-x64-portable-shutdownfix-20260802/wpfgfx_cor3.dll","1955624","2026-06-25T18:17:46.0000000Z","CC40E27A3A7E14DD4A8C423081FA367406E093BE1DC79759E56D828E140BC014",""
"Added","artifacts/CurrencyWarsSmartRaccoon-0.2.778-win-x64-portable-shutdownfix-20260802/zh-Hans/Microsoft.VisualBasic.Forms.resources.dll","24912","2026-06-25T16:58:26.0000000Z","A7E20563E469A876676D3E926FB6DCC679AD43F1D8CDA5D4740004A9A0D12EC3",""
"Added","artifacts/CurrencyWarsSmartRaccoon-0.2.778-win-x64-portable-shutdownfix-20260802/zh-Hans/PresentationCore.resources.dll","100136","2026-06-25T18:17:44.0000000Z","13DB399EB232A74A7FDB2AA99869B222AD9F639D3926B55D2661466F4A290014",""
"Added","artifacts/CurrencyWarsSmartRaccoon-0.2.778-win-x64-portable-shutdownfix-20260802/zh-Hans/PresentationFramework.resources.dll","183120","2026-06-25T18:18:08.0000000Z","2B3BB46FCFBB52273EB2068FA1205D416C189C6462AD21BAC511F1821B9BAC2D",""
"Added","artifacts/CurrencyWarsSmartRaccoon-0.2.778-win-x64-portable-shutdownfix-20260802/zh-Hans/PresentationUI.resources.dll","42792","2026-06-25T18:18:30.0000000Z","F60663638452524DDBF1DBA14B2A463E9799A8C1ADED0ADC690C9E829718ECC2",""
"Added","artifacts/CurrencyWarsSmartRaccoon-0.2.778-win-x64-portable-shutdownfix-20260802/zh-Hans/ReachFramework.resources.dll","36688","2026-06-25T18:17:56.0000000Z","81B76D6F9FB0151DFA80E095EE73B04E47C4A6408BA4E5B023ABB2942D354B59",""
"Added","artifacts/CurrencyWarsSmartRaccoon-0.2.778-win-x64-portable-shutdownfix-20260802/zh-Hans/System.Windows.Controls.Ribbon.resources.dll","18216","2026-06-25T18:18:52.0000000Z","9A07B7BCDE170B04E0E55BFB1FC3C679BEB7E72E963D26A729C0DC6A27B7AD0D",""
"Added","artifacts/CurrencyWarsSmartRaccoon-0.2.778-win-x64-portable-shutdownfix-20260802/zh-Hans/System.Windows.Forms.Design.resources.dll","144680","2026-06-25T16:58:32.0000000Z","809185071203D564CC8C68642397F3456470D49185F4AB053DCD552DC9D647A8",""
"Added","artifacts/CurrencyWarsSmartRaccoon-0.2.778-win-x64-portable-shutdownfix-20260802/zh-Hans/System.Windows.Forms.Primitives.resources.dll","15656","2026-06-25T16:57:46.0000000Z","116B7A7A79062252AA8BB22A0E1772676EDB0C9BB8161D8014EDA5B30D66F808",""
"Added","artifacts/CurrencyWarsSmartRaccoon-0.2.778-win-x64-portable-shutdownfix-20260802/zh-Hans/System.Windows.Forms.resources.dll","319272","2026-06-25T16:58:22.0000000Z","0ED1B6072FD13F13F1671CF93EC00BF69EC84DFD7924C07ACB3F33B5F79602AA",""
"Added","artifacts/CurrencyWarsSmartRaccoon-0.2.778-win-x64-portable-shutdownfix-20260802/zh-Hans/System.Windows.Input.Manipulations.resources.dll","16208","2026-06-25T18:17:04.0000000Z","B2DB24CC7D83EA581B446485164465494A8AA16D234ACBC20FA757B967470342",""
"Added","artifacts/CurrencyWarsSmartRaccoon-0.2.778-win-x64-portable-shutdownfix-20260802/zh-Hans/System.Xaml.resources.dll","60712","2026-06-25T18:17:06.0000000Z","B41530DBA0E5932DE3C1563A0BE94E848270558F82120776A8EF9CF8C69CAD29",""
"Added","artifacts/CurrencyWarsSmartRaccoon-0.2.778-win-x64-portable-shutdownfix-20260802/zh-Hans/UIAutomationClient.resources.dll","19280","2026-06-25T18:17:50.0000000Z","FDD0201287FB0C68FFBA703B7A3F70CE6BF98BC0AACE34E5960E27911FD52EBD",""
"Added","artifacts/CurrencyWarsSmartRaccoon-0.2.778-win-x64-portable-shutdownfix-20260802/zh-Hans/UIAutomationClientSideProviders.resources.dll","20264","2026-06-25T18:17:50.0000000Z","F6FBDA1A460E44ED09E4B028C760D04C60E7BBE4F572ECC4509CA3AFF11E5AAF",""
"Added","artifacts/CurrencyWarsSmartRaccoon-0.2.778-win-x64-portable-shutdownfix-20260802/zh-Hans/UIAutomationProvider.resources.dll","15144","2026-06-25T18:17:32.0000000Z","22514D9331598543D86DB88587D9DAD0CEBED65D7FAA1EC5ABF2535967CF6AC6",""
"Added","artifacts/CurrencyWarsSmartRaccoon-0.2.778-win-x64-portable-shutdownfix-20260802/zh-Hans/UIAutomationTypes.resources.dll","18256","2026-06-25T18:17:24.0000000Z","BE8B9C947AECB7F46079AD61D95031269155EB47EE9DE083DE405B12C0775D9D",""
"Added","artifacts/CurrencyWarsSmartRaccoon-0.2.778-win-x64-portable-shutdownfix-20260802/zh-Hans/WindowsBase.resources.dll","78632","2026-06-25T18:17:20.0000000Z","955371DC1B5F7D54DBFF89BD3538E74747B73A6CB3BFE317FCF819E37554E4A6",""
"Added","artifacts/CurrencyWarsSmartRaccoon-0.2.778-win-x64-portable-shutdownfix-20260802/zh-Hans/WindowsFormsIntegration.resources.dll","15696","2026-06-25T18:18:12.0000000Z","2A34A03A3C8998B8DF072E1ED65E215364CB2A927DEE83E946D116DB8C25FB21",""
"Added","artifacts/CurrencyWarsSmartRaccoon-0.2.778-win-x64-portable-shutdownfix-20260802/zh-Hant/Microsoft.VisualBasic.Forms.resources.dll","24912","2026-06-25T16:58:26.0000000Z","A5BCD31768BD66C1E58745B965F5D092D597D687F54A6D33F400E4649BB84E16",""
"Added","artifacts/CurrencyWarsSmartRaccoon-0.2.778-win-x64-portable-shutdownfix-20260802/zh-Hant/PresentationCore.resources.dll","101200","2026-06-25T18:17:44.0000000Z","92A5E8DEF4EB525086F1999A90B2F114486D6D7905D414979E1BA11EF4B4E5CC",""
"Added","artifacts/CurrencyWarsSmartRaccoon-0.2.778-win-x64-portable-shutdownfix-20260802/zh-Hant/PresentationFramework.resources.dll","183632","2026-06-25T18:18:08.0000000Z","FA6A6CC548BA72F89F457D9BFCD59091EEF33800C11EA8CA214B2F8B9B259B5D",""
"Added","artifacts/CurrencyWarsSmartRaccoon-0.2.778-win-x64-portable-shutdownfix-20260802/zh-Hant/PresentationUI.resources.dll","42792","2026-06-25T18:18:30.0000000Z","D4BAC069F15F9EB389E48AAA5C4B5180C0BDEF3CF442024729E6798EF08F839A",""
"Added","artifacts/CurrencyWarsSmartRaccoon-0.2.778-win-x64-portable-shutdownfix-20260802/zh-Hant/ReachFramework.resources.dll","37200","2026-06-25T18:17:56.0000000Z","6EBA4CFFD399D62DD50F2FE0393BA731156E617276DA8EDFE3A42AE10B339DA3",""
"Added","artifacts/CurrencyWarsSmartRaccoon-0.2.778-win-x64-portable-shutdownfix-20260802/zh-Hant/System.Windows.Controls.Ribbon.resources.dll","18216","2026-06-25T18:18:52.0000000Z","866F4AB1BDAE9F53689771CF0C9E47A8DA50F2873CF33D5403C7521751C09B8D",""
"Added","artifacts/CurrencyWarsSmartRaccoon-0.2.778-win-x64-portable-shutdownfix-20260802/zh-Hant/System.Windows.Forms.Design.resources.dll","144680","2026-06-25T16:58:32.0000000Z","9949F8F9D6487F519C242FC92BFC70C41A34E77B755118FD563EE50C07C997DC",""
"Added","artifacts/CurrencyWarsSmartRaccoon-0.2.778-win-x64-portable-shutdownfix-20260802/zh-Hant/System.Windows.Forms.Primitives.resources.dll","15696","2026-06-25T16:57:46.0000000Z","B5B29FB112C451BCC2ACD4B1E8E271B6A9BD96E5F59269CBD38257439556F26D",""
"Added","artifacts/CurrencyWarsSmartRaccoon-0.2.778-win-x64-portable-shutdownfix-20260802/zh-Hant/System.Windows.Forms.resources.dll","324904","2026-06-25T16:58:22.0000000Z","32D4BC821ACA0128B74C001EA1FD7F91BA56BB6A232283C49F60A5206382B6BB",""
"Added","artifacts/CurrencyWarsSmartRaccoon-0.2.778-win-x64-portable-shutdownfix-20260802/zh-Hant/System.Windows.Input.Manipulations.resources.dll","16168","2026-06-25T18:17:04.0000000Z","E375F95BB21B74330BA609A0694E59F5DA19D67961CA4460B790C6C651962B00",""
"Added","artifacts/CurrencyWarsSmartRaccoon-0.2.778-win-x64-portable-shutdownfix-20260802/zh-Hant/System.Xaml.resources.dll","60200","2026-06-25T18:17:08.0000000Z","ABFA5866A0B7C9442357BF7D7B45EAC7D3E0CCFC66C392E1E4B3CDAFDF7892A9",""
"Added","artifacts/CurrencyWarsSmartRaccoon-0.2.778-win-x64-portable-shutdownfix-20260802/zh-Hant/UIAutomationClient.resources.dll","19280","2026-06-25T18:17:50.0000000Z","AB1869A6C6CA68EC60B6CDC3B45279BFBD10B63344136397B665C645BB48C21C",""
"Added","artifacts/CurrencyWarsSmartRaccoon-0.2.778-win-x64-portable-shutdownfix-20260802/zh-Hant/UIAutomationClientSideProviders.resources.dll","20264","2026-06-25T18:17:50.0000000Z","BE611FB83932B6180072964904C5AD0A8CAC4ECE267EE1F696B8CD1C10AE1B52",""
"Added","artifacts/CurrencyWarsSmartRaccoon-0.2.778-win-x64-portable-shutdownfix-20260802/zh-Hant/UIAutomationProvider.resources.dll","15144","2026-06-25T18:17:32.0000000Z","8FFA579DC2E23F92BDC1C050E8766D44108245F93AD880181848FC754B96974F",""
"Added","artifacts/CurrencyWarsSmartRaccoon-0.2.778-win-x64-portable-shutdownfix-20260802/zh-Hant/UIAutomationTypes.resources.dll","18256","2026-06-25T18:17:24.0000000Z","C0C4824F53F62FA08D6D0661EBB41ECD4177A83AE0638AE9725948FBCDF9F6E8",""
"Added","artifacts/CurrencyWarsSmartRaccoon-0.2.778-win-x64-portable-shutdownfix-20260802/zh-Hant/WindowsBase.resources.dll","80168","2026-06-25T18:17:20.0000000Z","37BE947A7F9002BA05C7B428AB1B02BCA5B1B85733277236341024AA34D3A6D2",""
"Added","artifacts/CurrencyWarsSmartRaccoon-0.2.778-win-x64-portable-shutdownfix-20260802/zh-Hant/WindowsFormsIntegration.resources.dll","15696","2026-06-25T18:18:12.0000000Z","4C00F864EE2486B2556F38C29F72AED748B719D1873BFA16EB6FBD4F1530117D",""
"Added","docs/AUDIT_AND_FIX_REPORT_2026-08-01.md","5720","2026-07-31T20:15:08.8089198Z","A0AC51EC3E3BC37F1285091FF7E1601879C1E28F49901721B9A46A7276142502",""
"Added","docs/HISTORICAL_UI_FIELD_COVERAGE_2026-08-01.md","10824","2026-08-01T12:10:11.8596557Z","77A7287FE6F5294EA0103CD9D2E1271600552D939CC56D8144E58301532D8330",""
"Added","docs/PENDING_USER_FIXES.md","7165","2026-08-01T02:49:03.4543078Z","6176C833277977139816A5BE6B58FAA063859AF215AE6C964712F1636A468125",""
"Added","docs/UPDATE_NOTES_0.2.756.md","4318","2026-07-31T20:17:16.2965488Z","EB45120675E0E315A92D4BA38AC81DA3ECAA04CDB973EC3340E930FCE7A12F42",""
"Added","docs/UPDATE_NOTES_0.2.757.md","2590","2026-07-31T20:29:29.1542900Z","6B942E21480B3E86F7CC05601C8C843C6B7C8F82756BA686F9E1DBB7CE9325AF",""
"Added","docs/UPDATE_NOTES_0.2.758.md","3190","2026-07-31T21:08:19.3458228Z","FFF828BD82E31C8B30B9AA962D2E1A1EFA35D067472D44D5C99CC2D956060AC2",""
"Added","docs/UPDATE_NOTES_0.2.759.md","1978","2026-08-01T00:43:13.1986478Z","B12E94E8E3F394A3980C260C387810A97D593598542DFDD6F00B520E4EB38899",""
"Added","docs/UPDATE_NOTES_0.2.760.md","4314","2026-08-01T01:10:13.2337383Z","4C67C642721722AF01521334A46FA775E92F41838DC56FA4D373D402CE6E7EA0",""
"Added","external-handoffs/CurrencyWars-GuideResearch-Handoff-v1.0.0.zip","68613","2026-08-01T15:52:15.7080803Z","060E091BCD1A9294C89C54CAA81815E7A1236FC6719F827BB3EDAD8C9A3CD352",""
"Added","external-handoffs/guide-research-v1.0.0/BUILD_VALIDATION_REPORT.md","1198","2026-08-01T15:51:28.5857824Z","F3B7371DA64C96EF6CF2282C72649EC5D92BEC212BD2DF1CDB31B1B85145532C",""
"Added","external-handoffs/guide-research-v1.0.0/docs/ACCEPTANCE_CHECKLIST.md","1122","2026-08-01T15:29:00.5864497Z","918F3F46FA524D12CF278E9B6A173A7E440C4D05802401F37D1F4E0751FF3816",""
"Added","external-handoffs/guide-research-v1.0.0/docs/FIELD_REFERENCE_AND_MAPPING.md","3540","2026-08-01T15:29:00.5833121Z","E898FA4D44FD667036546619DAF915015E5C156094D8F531BF661794B7F32B69",""
"Added","external-handoffs/guide-research-v1.0.0/docs/GAME_GLOSSARY.md","1916","2026-08-01T15:29:00.5776966Z","821A117FFA520BA9A60DD2C29B4CC2AF0C073F712650A7F4FC31B4DECEDB1C69",""
"Added","external-handoffs/guide-research-v1.0.0/docs/PROJECT_BACKGROUND_AND_GOALS.md","1592","2026-08-01T15:29:00.5685013Z","D6F7167354809B4C47C72507758AF7832F6954BC255DFF33BA55FB55695EFE60",""
"Added","external-handoffs/guide-research-v1.0.0/docs/SOURCE_AND_QUALITY_RULES.md","1905","2026-08-01T15:29:00.5848478Z","CF1E7E2788CCE61106918E696F899819544111E779E49EAB6CA6F53E08A53AC0",""
"Added","external-handoffs/guide-research-v1.0.0/docs/VALIDATION_GUIDE.md","1248","2026-08-01T15:29:00.5848478Z","209A2D9997BD117529FCEF4A43282A777FB9774346911E5772396E6970784899",""
"Added","external-handoffs/guide-research-v1.0.0/examples/invalid/invalid-evidence-confidence.json","1376","2026-08-01T15:26:50.3549725Z","EFCE448398ABDDCE7E90856D108A9310429A895FFFE7F33A5CBBAA88831CEC7D",""
"Added","external-handoffs/guide-research-v1.0.0/examples/invalid/invalid-playbook-executable-code.json","947","2026-08-01T15:26:50.3559816Z","920FB7408863D55577AC12D4FFF61DE6DD784C4DC79FB496F13AEE88CE34E11B",""
"Added","external-handoffs/guide-research-v1.0.0/examples/valid/01-complete.research-evidence.v1.json","4999","2026-08-01T15:26:50.3519290Z","A0622FD077ECDCA625BB0832CAD70143C13CAA51694AE6406B5DE98D08E98C1C",""
"Added","external-handoffs/guide-research-v1.0.0/examples/valid/02-incomplete-conflicted.research-evidence.v1.json","3766","2026-08-01T15:26:50.3519290Z","7CA3FCCE4E05FF14C928DCC2E9B9E7F998C02E92102AF2377219E2A9A9777935",""
"Added","external-handoffs/guide-research-v1.0.0/examples/valid/03-complete.guide-playbook.v1.json","8073","2026-08-01T15:26:50.3519290Z","DCD6AA51BFD5EC0E6178DB3ACA08D041737D0B70525D0EDC2376FE2F7A736369",""
"Added","external-handoffs/guide-research-v1.0.0/examples/valid/04-branching-transition.guide-playbook.v1.json","8723","2026-08-01T15:26:50.3534505Z","27EE3BBC985E8BBC8E1D964B79AD5D6C67C52431AD3C941042705E811C79D7EF",""
"Added","external-handoffs/guide-research-v1.0.0/examples/valid/05-incomplete-conflicted.guide-playbook.v1.json","5146","2026-08-01T15:26:50.3549725Z","1A378A85ACC91E4495F65D780058726EDA286E69AAD5C04407629F6D8707CA98",""
"Added","external-handoffs/guide-research-v1.0.0/FILE_LIST.md","1566","2026-08-01T15:46:19.9592492Z","BBCEBA4413EF018AF4998CC3F6DE79B4899D4B41D814B1DD84E8D0C9C89D9462",""
"Added","external-handoffs/guide-research-v1.0.0/output-template/evidence/README.md","88","2026-08-01T15:29:00.5910070Z","EFE6A1C60FB3C1B837DEA6517D545EE92F414854177B672D1A5524C284D75B89",""
"Added","external-handoffs/guide-research-v1.0.0/output-template/playbooks/README.md","74","2026-08-01T15:29:00.5925263Z","2F3F62020CEC03539B3A8C1325A4D72AD846CC9A239539D61D2F802AE8C6A16E",""
"Added","external-handoffs/guide-research-v1.0.0/output-template/README_OUTPUT.md","536","2026-08-01T15:29:00.5864497Z","8EE7A219BD57EA96623FF92E97F10623AA73C7C618C4369AB05EB2811E830D78",""
"Added","external-handoffs/guide-research-v1.0.0/output-template/reports/COVERAGE_AND_OPEN_QUESTIONS.md","190","2026-08-01T15:29:00.5966249Z","AF23A32F4609C8012F3F0A3BB0D9CE7F7C981B81CD647398FCB065CEACB2E618",""
"Added","external-handoffs/guide-research-v1.0.0/output-template/reports/SOURCE_INDEX.md","144","2026-08-01T15:29:00.5951013Z","BC1CD01A3DE72B57DB63FB842AF8FD90448D9982BE4A3AA910CA40FF0919BD6B",""
"Added","external-handoffs/guide-research-v1.0.0/output-template/reports/VALIDATION_RESULT.txt","103","2026-08-01T15:29:00.5966249Z","310AF306D689EEB61474454FB722DC09A15BDCB69C8701FE5374A3671F2A7F2B",""
"Added","external-handoffs/guide-research-v1.0.0/PACKAGE_MANIFEST.json","6835","2026-08-01T15:52:15.6624848Z","C935E6A94BFFDE32ECDBCB6D6E2C52B2F4B58BCB343038B83021D3C200DBA954",""
"Added","external-handoffs/guide-research-v1.0.0/README_START_HERE.md","3106","2026-08-01T15:29:00.5685013Z","270690DDCA4E07FBE379816E368A29D864B942C96D77C6BAAC0E777D844FB3E4",""
"Added","external-handoffs/guide-research-v1.0.0/schemas/guide-playbook.v1.schema.json","11587","2026-08-01T15:18:02.0590126Z","F39782C739A4726059C43B787A3A2ECA489D4A595A80D8EA203614836497C354",""
"Added","external-handoffs/guide-research-v1.0.0/schemas/research-evidence.v1.schema.json","6507","2026-08-01T15:18:02.0585053Z","92C04D3541944F48CE45F010624928C85A4CDBDE0A38E9557012D86047AD82AA",""
"Added","external-handoffs/guide-research-v1.0.0/standard-ids/bonds.json","6064","2026-08-01T15:19:13.6661690Z","B1C162607F01CEAF757331F154EA8CFD20AB7728AC7DA425564CE8DB91F9358F",""
"Added","external-handoffs/guide-research-v1.0.0/standard-ids/bond-states.json","16569","2026-08-01T15:19:13.6847389Z","FF5DD33170776C7B9F75FBDE2415FDCAA986FFD62AC409C2062DAEB56A4A41C3",""
"Added","external-handoffs/guide-research-v1.0.0/standard-ids/catalog-index.v1.json","2617","2026-08-01T15:19:13.7527795Z","CC9FE0D26C837C0CA3D71D9B90DB474E68F5AD517049F20724FC59F8B2C7904C",""
"Added","external-handoffs/guide-research-v1.0.0/standard-ids/characters.json","17836","2026-08-01T15:19:13.6346006Z","4273252A1C9D32DB9EDACD295B8C87C081D8BC2D5FD59B64761A1ECD5304DAD1",""
"Added","external-handoffs/guide-research-v1.0.0/standard-ids/enemy-affixes.json","4834","2026-08-01T15:19:13.7325534Z","841136AC78DDC802524CA5373C38919701ACF30ED51723C307FCE1E5534E6212",""
"Added","external-handoffs/guide-research-v1.0.0/standard-ids/equipment.json","29375","2026-08-01T15:19:13.6518408Z","9A70311F4C93EDBFC7B087B4AEF931F9F225DF6C152A4BB5A3DAF822FCD7F391",""
"Added","external-handoffs/guide-research-v1.0.0/standard-ids/investment-environments.json","7313","2026-08-01T15:19:13.7010439Z","4BE3A1268DC5540084E5E2D33AB0F6A3CA8D55E44FB50808ABA175ABDDFEB098",""
"Added","external-handoffs/guide-research-v1.0.0/standard-ids/investment-strategies.json","55401","2026-08-01T15:19:13.7170248Z","25369E81D48A4CEB5FE6EF4C4ACAE19C90194976958289D2E2BA2965043C9675",""
"Added","external-handoffs/guide-research-v1.0.0/TASK_PROMPT.md","6355","2026-08-01T15:44:59.0652555Z","3AAAFE8700ACFBB6663D364B7E93D5DFDC99D3B13E3A610E6CFC6EE50A3F556C",""
"Added","external-handoffs/guide-research-v1.0.0/tests/test_contracts.py","2428","2026-08-01T15:46:19.9607780Z","E419328E8ED8FE98E959D62EDF8DCF5E0A3FA4BF0BE48834ECDC12C1BADF5618",""
"Added","external-handoffs/guide-research-v1.0.0/tools/build_examples.py","30460","2026-08-01T15:26:31.5612373Z","A61F5E62A3A3FE9CA6CCBE484BD60D96304AF45296689E86E214052E129E91BD",""
"Added","external-handoffs/guide-research-v1.0.0/tools/build_package.py","4587","2026-08-01T15:46:19.9676079Z","24097371624C459A3359C4CF985720222207EA0289680980EC25FB03323ABA3D",""
"Added","external-handoffs/guide-research-v1.0.0/tools/build_standard_ids.py","6198","2026-08-01T15:18:57.7089496Z","9D06C5CD4321F3258502E13E79F755DD093ED9E0E1BEEC8C8A58ECF30FD2D1FD",""
"Added","external-handoffs/guide-research-v1.0.0/tools/validate_all.py","18122","2026-08-01T15:21:15.5891947Z","AE79A8E9ACB921EE900FD93233E14C269B09AD1DEC73F0E705030BEF63C05061",""
"Added","external-handoffs/guide-research-v1.0.0/VERSION.json","591","2026-08-01T15:46:19.9592492Z","52B3296A7414C46029E4DC503ACC3C52245C7922C03F6D851C683DA5188033F8",""
"Added","FILE_SHA256_MANIFEST.csv","471705","2026-07-31T19:04:00.0000000Z","4D7A6FEB49CDC243A487E9338F48FD0DC1ECA76C800A1EA2D44EF039E4C06A51",""
"Added","HANDOFF_FOR_CODEX.md","11679","2026-08-01T09:54:12.9540209Z","9387D7C9B4ED813D896CF08743273CB9504DC114D4A1B2EA91E58E9FAD6E60B1",""
"Added","HANDOFF_LATEST.md","313","2026-08-02T11:13:52.5674459Z","588CDEA88BDD8F1CC4BA00F3390153C4C4459344ED31769B5F340BC646D5BC1E",""
"Added","HANDOFF_UPDATE_2026-08-02.md","7140","2026-08-02T11:13:52.5674459Z","6177AD854CDBD3131FA795CB2F554E3BD01B218111A5C7F5E025D8D265360F4F",""
"Added","src/CurrencyWarsAssistant.App/CompletedRunsWindow.xaml","18281","2026-08-01T11:38:40.0890023Z","771ABB3E9D453D827042B9AD489DA082200FD43FE6D7C285747D6B9ECCFDC1AA",""
"Added","src/CurrencyWarsAssistant.App/CompletedRunsWindow.xaml.cs","952","2026-08-01T01:05:46.1107281Z","18C5924E5F3598B83638FC8126ACEFD89971D4887FF087BA6FF298AD0FB2F8CE",""
"Added","src/CurrencyWarsAssistant.App/HistoricalUiFieldCoverage.cs","28444","2026-08-01T19:39:58.6732975Z","8DDC2E42784B6CBFA35EFE6EE8D51DA4D0323D747E627D124C981DA201E1263A",""
"Added","src/CurrencyWarsAssistant.Tasks/Phase2PostCompletionBoundaryDetector.cs","1216","2026-08-01T14:09:06.1526788Z","4B2DF6884F58FC724D54F1EFFAE9395926C07564530E577A307ECCE8A4B1617F",""
"Added","src/CurrencyWarsAssistant.Tasks/Phase2SettlementSemanticClassifier.cs","5592","2026-08-01T12:48:04.6894779Z","BD65319F9423912BFE76B37849ED9E025AFDCD0D506ED3EE047075AD84286480",""
"Added","tests/CurrencyWarsAssistant.Tests/ApplicationShutdownContractTests.cs","3147","2026-08-02T09:08:49.2024617Z","F3F8896C365AEEB673831AF2892775CF5052CDCC5AE132C67395E5CED59E7B98",""
"Added","tests/CurrencyWarsAssistant.Tests/DataChainRegressionTests.cs","6479","2026-08-01T21:59:18.1363255Z","DAAD06DB663AE7C21B1DBBD69D87AF15AC7E773B88BD744640DCFD99448FBD31",""
"Added","tests/CurrencyWarsAssistant.Tests/EquipmentStateMergeRegressionTests.cs","16165","2026-08-01T19:29:47.2679506Z","FA7D70816B5EAA362D594B911475CED026FD806F87C620FBA075775253DD08DE",""
"Added","tests/CurrencyWarsAssistant.Tests/Fixtures/phase2-live-2026-07-29/preparation-1-4-user-2026-08-01.png","2457251","2026-08-01T05:30:31.8312986Z","CF872A2A2F215C201498F1FAFCC519D6B7C32D84A7A8BD136E83FDFDEE3902B7",""
"Added","tests/CurrencyWarsAssistant.Tests/Fixtures/phase2-live-2026-07-29/run-171955-battle-1-3.png","3337513","2026-08-01T09:37:56.7064349Z","A61F85FE9A0F58ED18814492AF741122B54F43AAC05728330F05E8053B61AD8A",""
"Added","tests/CurrencyWarsAssistant.Tests/Fixtures/phase2-live-2026-07-29/run-171955-battle-1-3-overlay.png","3026269","2026-08-01T09:37:52.6902221Z","C434E3F94D10F997CF62FC727C1A38943BDF2D466B43726E70C05C254B456419",""
"Added","tests/CurrencyWarsAssistant.Tests/Fixtures/phase2-live-2026-07-29/run-171955-node-settlement-animation-1.png","3881837","2026-08-01T09:41:05.7392237Z","490FB4FFACAD54B8A464791F31FA5938E80D0F7FFFEBE5C124096A59B950F911",""
"Added","tests/CurrencyWarsAssistant.Tests/Fixtures/phase2-live-2026-07-29/run-171955-node-settlement-animation-2.png","3980938","2026-08-01T09:41:07.5490639Z","7ABC58878B220FA476FC38AA2D14B5063B2F2EE9E20F34730366FB7C26DEBA06",""
"Added","tests/CurrencyWarsAssistant.Tests/Fixtures/phase2-live-2026-07-29/run-171955-node-settlement-details.png","3883810","2026-08-01T09:41:08.6112241Z","0582A611917C95EC61F329FCA50E5C56AAC728053A070FD13825B521535A7DC6",""
"Added","tests/CurrencyWarsAssistant.Tests/Fixtures/phase2-live-2026-07-29/run-171955-preparation-1-3-early.png","2452964","2026-08-01T09:35:57.4011158Z","6E77C7D366C22817BDFE873BE33EC917CF19230C0D9217E6DF1DDD6C87411729",""
"Added","tests/CurrencyWarsAssistant.Tests/Fixtures/phase2-live-2026-07-29/run-171955-preparation-1-3-stable.png","2290367","2026-08-01T09:37:50.0431351Z","5C5C589820826D742A6E23B45D1B099C38121467AC6E129352C844686C79BF4F",""
"Added","tests/CurrencyWarsAssistant.Tests/Fixtures/phase2-live-2026-07-29/run-171955-preparation-entry-transition.png","2546905","2026-08-01T09:35:56.2182369Z","20268B16DE48DC951483BCFB198DED0E25E641A209E2CE6D1989187D376D2FE4",""
"Added","tests/CurrencyWarsAssistant.Tests/Fixtures/phase2-live-2026-07-29/run-171955-preparation-exit-distorted.png","2694463","2026-08-01T09:37:41.8982862Z","10A5966903F2BAB26AAE0A7D9F3D63804EA68150B46F781354291BACAD7A63C6",""
"Added","tests/CurrencyWarsAssistant.Tests/Fixtures/phase2-live-2026-07-29/run-final-success-rating.png","2320129","2026-07-30T18:14:36.1933499Z","CCFE481E71F240710B585FD241FBE42167340990B20DD4BA34A4A78205C5E813",""
"Added","tests/CurrencyWarsAssistant.Tests/Fixtures/phase2-live-2026-07-29/settlement-failed-c.png","1229339","2026-08-01T06:16:54.8382677Z","A8289C5AAB000EE6AE27B121A82EEFC346D9EFC18B24B37D6373B9F20E9B02AF",""
"Added","tests/CurrencyWarsAssistant.Tests/Fixtures/phase2-live-2026-07-29/settlement-failure-transition.png","1480954","2026-08-01T10:16:04.5561209Z","607AD2CD92D464A44650A29D929866CCEA2728F245BE5D57DF89DA47121EFF95",""
"Added","tests/CurrencyWarsAssistant.Tests/Fixtures/phase2-live-2026-07-29/settlement-final-failure-positive-health.png","1236056","2026-08-01T10:15:52.3879273Z","FCF7A20C88DA3689ADA712CD5A66C1B2494E817F307CECC8091C15641D4C9576",""
"Added","tests/CurrencyWarsAssistant.Tests/Fixtures/phase2-live-2026-07-29/settlement-health-depleted.png","1727832","2026-08-01T06:17:01.9755958Z","DF95BC9EE28EDDCD2A06A83AB26836FE13F3FB708352068C8466F814D9777830",""
"Added","tests/CurrencyWarsAssistant.Tests/Fixtures/phase2-live-2026-07-29/settlement-success-anim.png","3638402","2026-08-01T06:18:25.8924515Z","5DBD1713AA07BEFF0CFAC1BEEAFF28463C5C91C699CFD5892A62FD2C9E7F3FC4",""
"Added","tests/CurrencyWarsAssistant.Tests/Fixtures/phase2-live-2026-07-29/settlement-success-animation-current.png","2398542","2026-08-01T10:16:24.4081698Z","08ED48905CDA4CC50A6CF76E9A38109999394F8CD75F5BD79330DF9284FC68C8",""
"Added","tests/CurrencyWarsAssistant.Tests/Fixtures/phase2-live-2026-07-29/settlement-success-details-current.png","2527145","2026-08-01T10:16:44.1865792Z","EE8F4894DC6B9C7736DEA725E690D5772E16D02421AEBCE28409CC9651FD7021",""
"Added","tests/CurrencyWarsAssistant.Tests/Fixtures/phase2-live-2026-07-29/settlement-success-final.png","3867599","2026-08-01T06:18:36.8197562Z","BEA66A072E1DABBC0D218FA43B09C84353653322B17027A85F3A003FB6FDC472",""
"Added","tests/CurrencyWarsAssistant.Tests/Fixtures/phase2-transition-2026-08-01/20260801-052238727.png","3223802","2026-08-01T05:22:43.9632154Z","E5C439ABB1D1BBC1049BF673F24BDE4997AF7C9339EBC0848DD9C76B2EC68941",""
"Added","tests/CurrencyWarsAssistant.Tests/Fixtures/phase2-transition-2026-08-01/20260801-052257314.png","4098528","2026-08-01T05:23:05.5523777Z","0265706290697B9C3498EDD82E2110932E4BB8A34A8E7CCF86ADA2D7AEBD3376",""
"Added","tests/CurrencyWarsAssistant.Tests/Fixtures/phase2-transition-2026-08-01/20260801-052317183.png","2307848","2026-08-01T05:23:41.0802833Z","E9691142138563D27CC3FBE507F2AA668B863A25FCA2319B903C205883B50582",""
"Added","tests/CurrencyWarsAssistant.Tests/Fixtures/phase2-transition-2026-08-01/20260801-052326804.png","2484074","2026-08-01T05:23:32.6804252Z","8711D85D7BC660F70FCB99576A18E4EFFE31A8CD691D1F43EF832003C785AE78",""
"Added","tests/CurrencyWarsAssistant.Tests/Fixtures/phase2-transition-2026-08-01/20260801-052327661.png","1318743","2026-08-01T05:23:35.5637151Z","20C2EA0C8FA4A6D187C4702A0B4A4C4B8F6833777C5306AC5DB685F847613E4E",""
"Added","tests/CurrencyWarsAssistant.Tests/Fixtures/phase2-transition-2026-08-01/20260801-052327905.png","162025","2026-08-01T05:23:36.1793404Z","BCF1FDF82A447B1AF7EA73EA5FF2C77A9802FD1F0E4BCF526AECF735DED3DB73",""
"Added","tests/CurrencyWarsAssistant.Tests/Fixtures/phase2-transition-2026-08-01/20260801-052341035.png","3811888","2026-08-01T05:23:57.2118397Z","7854D60CBE36522E4A1855AE4506C5BD977D8A18181D27D5412CA8CC2C57F455",""
"Added","tests/CurrencyWarsAssistant.Tests/Fixtures/phase2-transition-2026-08-01/20260801-052350508.png","2312586","2026-08-01T05:24:00.6705320Z","495810854F95A13878ACEADBD56968344F618F4C867DD09A5759869AB9D640EA",""
"Added","tests/CurrencyWarsAssistant.Tests/Fixtures/phase2-transition-2026-08-01/20260801-052355994.png","2074671","2026-08-01T05:24:13.0784099Z","F82ADF006F35B949DABC5E1961884A3C5B673EED348B307DAA21B3A31203D065",""
"Added","tests/CurrencyWarsAssistant.Tests/Fixtures/phase2-transition-2026-08-01/20260801-052358279.png","313428","2026-08-01T05:24:18.7763957Z","99F520D20EDEA00A4473ADED72618DAD5295034FF06ED432EDD1B50AC5FD73C4",""
"Added","tests/CurrencyWarsAssistant.Tests/Fixtures/phase2-transition-2026-08-01/20260801-052401448.png","3879085","2026-08-01T05:24:25.6040270Z","3931C923A79CFD05A0569F469C380A51CA084A5D62130DBC652A1406F8F84D2C",""
"Added","tests/CurrencyWarsAssistant.Tests/Fixtures/phase2-transition-2026-08-01/20260801-052426187.png","2064295","2026-08-01T05:24:30.0561493Z","AF4146454D5FE5B95FC3BD394DE53F8991754AEA623D85E84DE8BB84BD70F0B7",""
"Added","tests/CurrencyWarsAssistant.Tests/Fixtures/phase2-transition-2026-08-01/20260801-055332612.png","2314269","2026-08-01T05:53:36.1869903Z","3D3144D06D13F064A40873FC7B7E1E4D0C8BBD79C9092429387710F1BA3DE8FD",""
"Added","tests/CurrencyWarsAssistant.Tests/Fixtures/phase2-transition-2026-08-01/20260801-055453028.png","4644183","2026-08-01T05:54:56.6891534Z","456F23F8344903DEBDD97DDF2005BB720222D5344F15AD664B42EC9AECCDF16B",""
"Added","tests/CurrencyWarsAssistant.Tests/Fixtures/phase2-transition-2026-08-01/20260801-055614813.png","3810391","2026-08-01T05:56:17.2107813Z","BD3F9238529A55360E0C0A323D54240C4CC653D80052CB1739AF99C5F5AE9ADF",""
"Added","tests/CurrencyWarsAssistant.Tests/Fixtures/phase2-transition-2026-08-01/20260801-055615182.png","3830070","2026-08-01T05:56:19.4216001Z","92063CBE51C7592C017635B6809DD3E5FC106E7580B79CFAF28C89215510B73A",""
"Added","tests/CurrencyWarsAssistant.Tests/Fixtures/phase2-transition-2026-08-01/20260801-055615397.png","3754879","2026-08-01T05:56:21.3866822Z","415F3E8CCE15BF52D0C775ECFF44C53615D1CA5555F2DA39BE0F25F81A469735",""
"Added","tests/CurrencyWarsAssistant.Tests/Fixtures/phase2-transition-2026-08-01/20260801-055617597.png","1504865","2026-08-01T05:56:22.3705108Z","4013D4A2A4452E22129E91C1218A7B64615345CC11EAAF119568BCABC7F19216",""
"Added","tests/CurrencyWarsAssistant.Tests/HistoricalUiFieldCoverageTests.cs","11091","2026-08-01T22:48:08.3049909Z","F5F247B952AAEDDF108B7FA50687BBC57A8B6580ABC5A6D1F50F344309E8708F",""
"Added","tests/CurrencyWarsAssistant.Tests/NegativeAffixProductionRecognitionTests.cs","8797","2026-08-01T19:54:00.5831906Z","3D43D54C813EE744132295CE3FFEE79CF2DC1323AF313CBA19060308EAAF0F8B",""
"Added","tests/CurrencyWarsAssistant.Tests/Phase2PageStructuralEvidenceTests.cs","1452","2026-08-01T20:05:02.1155189Z","31CEDA44BFAE61B2483BD396404A5A2DF45FF9A06083377523B910D0B7BBEEBE",""
"Added","tests/CurrencyWarsAssistant.Tests/Phase2TransitionFramePolicyRealFrameTests.cs","7600","2026-08-01T16:57:41.0225323Z","226F38E03F30B6B0A42732D3008F5C8855C39717857A0889E3C2B7025905234E",""
"Added","tests/CurrencyWarsAssistant.Tests/RewardStageManualHandoffTests.cs","1371","2026-08-01T22:20:59.5974647Z","6DB1446EEAADE5A589DAA053235A5ED09897D5D739BF3D0758B5EA16DD2C7CD9",""
"Added","tests/CurrencyWarsAssistant.Tests/StableFactDataChainTests.cs","21921","2026-08-01T21:25:49.0714251Z","0E92FE661F328E9B3E69C066D36DFF20A20D7148993C6B6A0C7D2B301B9E3C03",""
"Modified","Directory.Build.props","352","2026-08-01T23:19:19.3148741Z","9BFE72AC4E03D5AE2C9FF73C7DBC23131AD01C5843F069D79B6A1585B90A668F","94F0CD9FD5C1EC44C085F95E28D24212CDC3E9671CC6C72D8615FBF98F2592E4"
"Modified","src/CurrencyWarsAssistant.Advisor/Contracts.cs","12965","2026-08-01T19:25:26.2032927Z","BC2FF6EACE0F140A2EB2866759F734E83C3D59D265AB4E7F86F2381AA382E18E","DDAE94AA9C1BF68B8C27D8B3612FFE399F94A6F39563C477C2DC78AC18B6C316"
"Modified","src/CurrencyWarsAssistant.Advisor/LocalRunStore.cs","39648","2026-08-01T19:38:13.9350944Z","95D2ABBAC6CFF660750F840973BFBCADC4F37931DB183331299D49FEB2D946BE","61C1EC2AF4398A81B69D287FDC13DC891A4827DC3145EE661ABB7BA85A42F27C"
"Modified","src/CurrencyWarsAssistant.Advisor/Phase2OperationalContracts.cs","14808","2026-08-01T18:20:29.4478899Z","6BBE2B96FB8EDA01BD87CEA8A7A371183B7C666E20D1C1A1CD22408CEA5796D0","98BB97245681F63FEF5B4AABA094EF84F7004B0C1D07D7B818C52D3CFAFB3D03"
"Modified","src/CurrencyWarsAssistant.Advisor/RunCheckpointContracts.cs","40149","2026-08-01T21:05:03.1415916Z","EDFC15CFDFC29AB813965FEBBBA6EA43DCC609A47950C9AEE9DAE0E26951490B","8759FBCF60DBA81A87E7E97244DA94D96AA864EC41ECC275861DE1B3D6B95856"
"Modified","src/CurrencyWarsAssistant.App/app.manifest","764","2026-08-01T09:09:03.7986632Z","7DE026A80BBB803159BDAEDA91295CE356852201DE2FC90C47140D903E0E50B6","0558A5237A074420E5E73842EA31803FAF3D3A15AB5488E086076165888080EF"
"Modified","src/CurrencyWarsAssistant.App/App.xaml","16885","2026-08-02T06:08:04.1210623Z","E6B8A127D078365F62BADC93BE076D7960702A29BCD4B3FFAA41AAFA3CEB3DF7","A6C3A0650EB4B5C3DAD2A62962ABD1B3FEA0BF99BFA32BD1B927B23003197B74"
"Modified","src/CurrencyWarsAssistant.App/App.xaml.cs","26437","2026-08-02T08:13:26.6954806Z","3FA873121F8EF154AA38ECC6E807444844E2994A6E562DD35C8B610966AD7C80","6677C69B1FBECC84208FB2DC79C39E3750EB7A17D3362CE8F3AEEA7DFBB4115C"
"Modified","src/CurrencyWarsAssistant.App/DetailedHistoryWindow.xaml","14377","2026-08-01T11:37:40.7527531Z","08B255AAF898185509CB51E6031B498339A050D51B61ADFE819FB1ADFBEF9603","48FAABC2F1B03CCCD843FB37D268A0DAF29E80E3186DE77EC4842877F08F5C60"
"Modified","src/CurrencyWarsAssistant.App/DetailedHistoryWindow.xaml.cs","1013","2026-08-01T01:05:46.1550445Z","9B953D101F90BFFAFBB7C605D839857C03B890E97D7AAFD42B773DE297F89F16","01BFDE24F39C919B1D584A9D2C5ED0B68F616E5E81B13E53EB773447E6A1E730"
"Modified","src/CurrencyWarsAssistant.App/HistoricalDetailViewModels.cs","49044","2026-08-01T22:48:08.2999024Z","5C2F1635CB861A8256408D5B5C7DEC99B35C7ECE8A42A1CFA1F6AA9CDDD3B12A","5C12182D5EF20642BACAB59008553D8710FD93A0D2177F59448CD3323DA85456"
"Modified","src/CurrencyWarsAssistant.App/LogOverlayWindow.xaml.cs","4035","2026-07-31T20:09:52.2903841Z","92FAE80634C6E84AB02B9D07F3E0BA4B1CD8160412ABBF6CD936039B16497C51","F8BFF6E1E7844771C74BC0177221A367B5DB30B44BB72288A6B462738EB39ABC"
"Modified","src/CurrencyWarsAssistant.App/MainViewModel.cs","86306","2026-08-02T07:40:06.7792747Z","2C9E3ECE16F89BD1B866E902973CDDD3881AC992196D3BDEEB135437D5DF1DD7","0382B222F8CA0B76D45780091086F6D7FFEF2502EEBB62C6A8D62566C50BBAFC"
"Modified","src/CurrencyWarsAssistant.App/MainWindow.xaml","62377","2026-08-01T06:41:18.8721519Z","40A46E395CEFA3374A9FBAEC1F66D42F4DF06D62FB19DEAEEBA93226B49994BE","58BDAE602DFAA09F6D908FCAE21A5AA23FC7812C40AFA17C5E6C512A5C7F16EC"
"Modified","src/CurrencyWarsAssistant.App/MainWindow.xaml.cs","19671","2026-08-02T09:08:49.2009493Z","6B0E3E7934CFD8FDEEDC228EBA72939609136BF8786AC5A719F8E3988F69E25A","2C9DC9B93DBC5C8A764BE27EC68E77C9559CACC42D2BC74686503258E7245E19"
"Modified","src/CurrencyWarsAssistant.App/OperationPanelWindow.xaml","25932","2026-08-01T05:55:56.7726043Z","775E34CCCF381C3BAB90E7F1D2077945D259002721ED7B52293A9B1EC6784625","4A6C4B9F5F0E179EAD9675659D1BF351B13BC27354EE45BD13951E2B6CDE1AF1"
"Modified","src/CurrencyWarsAssistant.App/OperationPanelWindow.xaml.cs","9801","2026-08-01T05:56:03.9605224Z","6D998867018C6EB2FEFC9306372C0A25239809254BAF13E0B8D14282936A7E27","10D0EFB80C8FD012BD234121F10C62784493E86B309DD7690C15EEB7D047CD17"
"Modified","src/CurrencyWarsAssistant.App/SituationAnalysisViewModel.cs","24737","2026-08-02T07:40:06.7799324Z","A4394C05926B20750C0EAB89CE20C849140B966F339C7078470035ADC2226009","9F0324BA17F616ED193F836C89A0E3B4C4BF0D6EFBB0ED7E8118BD578E13F6CC"
"Modified","src/CurrencyWarsAssistant.App/StartupNoticeWindow.xaml.cs","615","2026-07-31T20:06:40.9047046Z","371E7DF8DF3684B35C9829FBCFD5E0B5A02FEF5F82E8EB844A02DACF2D938243","F9E51E7F5B87751AC263D7A3B707AF7069B242058C7018157260814B5791BF14"
"Modified","src/CurrencyWarsAssistant.Automation/Win32InputBackend.cs","5870","2026-08-01T08:52:39.8569588Z","A317667E3D4F5A4C82F82C6A222A297DA65ED7595F4120669DA64207122B36BB","14AEC2C0C4AE818A6E888FCDBC2BBA35D56F11734F69DC90389B061E9A428685"
"Modified","src/CurrencyWarsAssistant.Automation/Win32InputController.cs","13348","2026-08-01T08:20:36.8597324Z","5F0C6BCCC9F00473129B814D8DFE40D15E2A28027DF32FF13964A9170BB05A49","A9C0B86168B95E7077235D75656CCC9557ABE7314A1C379BE8DCC524EAA51D95"
"Modified","src/CurrencyWarsAssistant.Tasks/CurrencyWarsAssistant.Tasks.csproj","780","2026-08-01T02:14:39.3931592Z","D0FF3E908811C7D95247241FF8C33EAFF2DDBB7929E7EF2BB6ED85B45904A836","7ED2C5EE5841CA9F37F9DE49A8B2C5DAA0674921B5FF671275CE6BF665440A19"
"Modified","src/CurrencyWarsAssistant.Tasks/CurrencyWarsNavigation.cs","58047","2026-08-01T08:46:00.7685131Z","3D5897CD5C70DD7FF317FB1476A4FA3EB4A972F71EE4AAA1042DED9281BA9C1F","FC99110E1A8085D2534E240393B68EA953EBDABA933A3BF3C080D66FC2EDC3D1"
"Modified","src/CurrencyWarsAssistant.Tasks/HistoricalDashboardProjection.cs","27715","2026-08-01T22:45:32.2007201Z","C03AE3EB94F818714F110CE317805AE33F6B1E116B9166881C55E5ABFFE8FE6A","41870780950ADE5BD8ACFC8924C24404A2C15BD064F13C9F0EF660434954CA01"
"Modified","src/CurrencyWarsAssistant.Tasks/OpeningRerollLoopCoordinator.cs","37050","2026-08-01T22:22:58.3460642Z","0D079B440FBBD6FDFD6475C4F66C0AA7D0860751ECE59D24F6A5C35B3AAFDC2C","1160FF830C3D3A359D33AAEBCC317B0E7C88F15771A436DBCA8DF07A4FF7BA6D"
"Modified","src/CurrencyWarsAssistant.Tasks/Phase2LiveCollectionService.cs","66366","2026-08-01T15:23:25.7721773Z","7302027E039DF2B908FC9AF1B87032BCC8BB8688A5FF32584A92A9ABD4EF7364","31E265DEF679345126CA9185E026B97B1E1F66E7C0B1D2EF8DCA04CE74A21AA4"
"Modified","src/CurrencyWarsAssistant.Tasks/Phase2OperationalScreenshotAnalyzer.cs","179919","2026-08-01T22:05:42.4204793Z","69C490C023D152E99B5D5DBDFD9ED89D06C6640201E0407EFB35914578B865DB","01814698BA0695FAA217776968E3B57F9B5B01A9A433AF9EF356701DDA2A51E6"
"Modified","src/CurrencyWarsAssistant.Tasks/Phase2OperationalScreenshotAnalyzer.StableRecognition.cs","28000","2026-08-01T21:03:06.6389555Z","9257F6FC653211444E5D169A723E90D721755DE9899F222CA924564B992D9D1C","390D698A5FB46CD889423C6A0118D34C52AAE638FD91BF0D5FABE2B14AFE78ED"
"Modified","src/CurrencyWarsAssistant.Tasks/Phase2OperationalStateTracker.cs","84520","2026-08-01T23:07:56.9486241Z","BF3E00C7EE4C607C89E76AC267CE67B7E8C7D809519B8567076E5ABE7564DDB6","B82DD2354E6DFC408F87373F329473614A14A1A2F76EE2FC51F3ECE9BAA94033"
"Modified","src/CurrencyWarsAssistant.Tasks/Phase2RealtimeRecognitionPipeline.cs","38885","2026-08-01T16:56:40.7626577Z","725CCD5693653FDB585826290096DE824B7FF91D397A067FC31C1ECE9848C346","570F773A053565E2D23CAF570DAE1C11E1DE25ADC36CB2E1E56D5D489CF6B628"
"Modified","src/CurrencyWarsAssistant.Tasks/Phase2RecognitionRegions.cs","15984","2026-08-01T21:03:06.6440710Z","B9CB3D910D19282301C18412E8CF0554B8864A5917F03EF67E669F4D1401823F","8A113FA1DE07D250FDC95BB5BAF1102006E10D05E2663A06E009B0DB6D73310C"
"Modified","src/CurrencyWarsAssistant.Tasks/Phase2RunCompletionDetector.cs","7682","2026-08-01T12:24:23.9026953Z","9A40E3D96AC9E0E9CE9B7AAB73739B4BEFACE19A51F2ECF8AEAD5FE85F77434E","CEDECB2F8109FE53D3DA0C9DB7328B6F20F1D8C9D052C4E2BC2E2D0B4B29C74F"
"Modified","src/CurrencyWarsAssistant.Tasks/PpOcrOfflineOcr.cs","18930","2026-08-01T03:00:26.6587428Z","DEB6F409F0283D27BD592B825F4D09060F9E1F7269F6C1B4815A96C1B549DA71","413492ACD4D75E403894EE800250EE0C35E75D8E64C27AFC1B98E4063ED67FAE"
"Modified","src/CurrencyWarsAssistant.Tasks/RewardStageAutomation.Battle.cs","49125","2026-08-01T22:24:30.6696409Z","6560B2ED52EA1480697BC877AB59383561B90F3E9D678A334A42A3341B89180F","AC21903635A5890EFE8BC160CFFBBE4F3497DCC11BD12B0D30D4E8CF83EB6651"
"Modified","src/CurrencyWarsAssistant.Tasks/RewardStageAutomation.cs","37483","2026-08-01T22:19:36.4833863Z","59D1C87A049E5619106678C89DCA341526E384EA7C13FC07F3E7D303A40373D5","5EACAF0980EB2551AAC4C566C72B6F571CCB4D79D10909A1F64A6C58A2DF63CC"
"Modified","src/CurrencyWarsAssistant.Tasks/SituationScreenshotAnalysis.cs","71928","2026-08-01T23:14:42.9162518Z","B8FB908AB47F9863890A429992EB935EF5458BB8016975591BD9D9C8F6733F04","498CE4012DB02361D5FB63A87EF368CFA152AEF6F4D23D11D3C27C31A89243E7"
"Modified","src/CurrencyWarsAssistant.Vision/CharacterCardRecognition.cs","24511","2026-08-01T16:58:12.3380218Z","18B32A790446352DB1C081AD10BC984E11A4942C8F5BF6BCC9043F4D15AD7F07","2E3856F16F1D3840D886ED00BE8B3C96E961BAFEFA88D2E3D09A928EB4D62122"
"Modified","src/CurrencyWarsAssistant.Vision/Phase2IconRecognition.cs","70267","2026-08-01T20:26:30.8948846Z","D8ADD9FDF98486E211153C49FAF9FA21B35E5E460DC3D7B391E9143C74D020EC","AD2413A864885CBAE9406F7758DB637D6FB76CF9C919D47E525A720BD94E3CA6"
"Modified","src/CurrencyWarsAssistant.Vision/TemplateMatching.cs","10055","2026-08-01T01:31:30.9041595Z","D757D7FC6AB00AE3CF6282B5A7D2DC2DC0D0A120BC1F80CA7D629632A6D3FAE3","81613E6ADD75486CC963D9EEF389041C5D82E70B654CD9DB6A6882923E241207"
"Modified","src/CurrencyWarsAssistant.Workflow/UnifiedRunLifecycleService.cs","11455","2026-08-01T01:03:36.3710979Z","8D93182A808C16F1318FF829B4102BF19FB7011A43FEC33D1F7C74AFF6C72092","B9DD5C1C2EAD0BF17315C420D1825B6F2EC80DD042EA452C45659D43638183C9"
"Modified","tests/CurrencyWarsAssistant.Tests/CharacterCardRecognizerTests.cs","19467","2026-08-01T16:36:30.5128181Z","96077D59B5EC02326BA6CFCEEAE42456E4623AF8E406507D67BF857B51BB6B8B","D100321045101D067099F96BBC23AC9776B897DF1D8DF13EDFB65AF84B732212"
"Modified","tests/CurrencyWarsAssistant.Tests/HistoricalDashboardProjectionTests.cs","16275","2026-08-01T21:20:24.8681723Z","90034AAA17F7F33516617ABB135AC2FA92780B3998F54A05CB43EC9551B2D6A3","1ECA25301DB339C939A74E3222EBCA04B0452904C65AF134BE367EA20A3C4AE3"
"Modified","tests/CurrencyWarsAssistant.Tests/OpeningRerollLoopCoordinatorTests.cs","33496","2026-08-01T22:20:59.5979849Z","9DDA9798F1E5D43F9A8DA92B9C6883C8B5774F6139EC4562208DDD3400423A6C","6C2E5A21F2C05622D0CED90E362FE57EF614BA4C96B6319C003C5647FABA4A45"
"Modified","tests/CurrencyWarsAssistant.Tests/Phase2BattleOutcomeHealthTests.cs","21408","2026-08-01T21:59:38.6780575Z","ECE348D99BD2347BB5F637E5C553C55F8AA28EAF84E1807B03D0193405368A94","C810A850149841456F40E28E89F03B966F6F13BCA01C3F26A04370E919F59FB5"
"Modified","tests/CurrencyWarsAssistant.Tests/Phase2OperationalCollectionTests.cs","185576","2026-08-01T20:07:47.1788118Z","D88662ECBE626A0590EA9F595A46EA313EDF03DA367B294C8D574CCF71E4F6DE","2EBE900A5696E287325D2FE894201116CF3DF5AF456CDDAB8C7915F67C11E5EF"
"Modified","tests/CurrencyWarsAssistant.Tests/Phase2RealtimeFrameBufferTests.cs","33378","2026-08-01T01:51:06.1608472Z","D4EDD6DE216DE784ED0A49E7EC0DA82110302D9565741CEC7006768FE30143B1","56E347BC598A664331D76AB5751513A1D2397A2F9374BFECDFE04AC71EA844E9"
"Modified","tests/CurrencyWarsAssistant.Tests/RunCheckpointTests.cs","20187","2026-08-01T15:39:52.2364866Z","3A0F57424A7AF1A1FFC16D920358FC9F548BF035958D949967F533986564E4B1","D7E8BF411544E8B6686368E3C6DC44E863CCBF298E2891452864FD3E8D67D539"
"Modified","tests/CurrencyWarsAssistant.Tests/RunCompletionArchiveTests.cs","29613","2026-08-01T15:18:21.7659822Z","2F81AC85622F0219B655F26879E44FD861D203D32410E281B4173B51F7E212A7","A19DC3C4E601D2F9117A64CE8317A7B900C1A7AF9DDB830B4C3F789E220AA67B"
"Modified","tests/CurrencyWarsAssistant.Tests/UiRedesignContractTests.cs","13425","2026-07-31T21:04:57.1053283Z","6E164B4E289C9F12384631D60F95A0CA50A6049A889EAC2C2B74422B81DDEBDF","49E7974346007F9744745A8DE343F49F990EE75C2897FE56EA32D1DA1025D740"
"Modified","tests/CurrencyWarsAssistant.Tests/UnifiedRunLifecycleTests.cs","7281","2026-08-01T09:50:03.9072030Z","B3C37FF4834940944D1AC35C898428A5A038A8E661F92F2254CC8FF9006DF03E","5E7612FAFA3E46070B8103534CA162136296E6E756F839E651A9DDFDB3BB1B89"
