序号,本地ID,中文名称,上游类型,运行分类,可装备,占装备槽,基础装备ID,合成组件ID,图标相对路径,声明SHA256,本地SHA256,交接三方一致,重复簇大小,重复IDs,重复Names,字节,宽,高,图像来源URL,来源页面URL,来源总表修订,远程HTTP,远程SHA256,远程=本地,尺寸一致,单页来源状态,页面标题,视觉联系表,视觉格位,视觉复核,图标身份结论,来源层级,冲突/边界,核对结果
1,currency_wars_equipment_001,命运圣杯星徽,阵营星徽,faction_emblem,是,是,,,assets/currency_wars_equipment_icons/currency_wars_equipment_001.png,501478d2b05cfdb8b55ff859d64f074347885803bb1a6d62cf79a2463e536dd0,501478d2b05cfdb8b55ff859d64f074347885803bb1a6d62cf79a2463e536dd0,true,1,001,命运圣杯星徽,27950,128,128,https://patchwiki.biligame.com/images/sr/3/32/mt2jp8xagpnmlqvtk4v20pql8zpbdp1.png,https://wiki.biligame.com/sr/%E5%91%BD%E8%BF%90%E5%9C%A3%E6%9D%AF%E6%98%9F%E5%BE%BD,99085,200,501478d2b05cfdb8b55ff859d64f074347885803bb1a6d62cf79a2463e536dd0,true,true,HTTP 567（限流/反爬）,,equipment-contact-01.png,第1行第1列,逐项可见；未见空白、破损、异常裁切或相邻错位,本地哈希唯一；未发现图标与名称错位,BWIKI oldid=99085+PatchWiki；米游社官方V4.4直接支持中文名/效果（不提供单项图标）,单条详情页本轮受限流/反爬影响，未获得独立页面实证,图标/名称/来源无已发现冲突
2,currency_wars_equipment_002,分裂•圣杯,命运改件,fate_component,是,是,,,assets/currency_wars_equipment_icons/currency_wars_equipment_002.png,9c8bafb41cc081b61811196ad180dce749b04c54725fde5d09a3ab0766741780,9c8bafb41cc081b61811196ad180dce749b04c54725fde5d09a3ab0766741780,true,3,002；003；013,分裂•圣杯；圣杯；诅咒•圣杯,33508,128,128,https://patchwiki.biligame.com/images/sr/9/9e/a898nbnuv6ywty7ktmu4wepm8nkdqep.png,https://wiki.biligame.com/sr/%E5%88%86%E8%A3%82%E2%80%A2%E5%9C%A3%E6%9D%AF,99085,200,9c8bafb41cc081b61811196ad180dce749b04c54725fde5d09a3ab0766741780,true,true,HTTP 567（限流/反爬）,,equipment-contact-01.png,第1行第2列,逐项可见；未见空白、破损、异常裁切或相邻错位,同图多ID；识别时必须保留CandidateIds/Unknown，不得强收敛,BWIKI oldid=99085+PatchWiki；米游社官方资料仅提供玩法或少量条目补充,仅凭图标无法区分本簇具体ID,图标一致；具体ID不唯一
3,currency_wars_equipment_003,圣杯,命运改件,fate_component,是,是,,,assets/currency_wars_equipment_icons/currency_wars_equipment_003.png,9c8bafb41cc081b61811196ad180dce749b04c54725fde5d09a3ab0766741780,9c8bafb41cc081b61811196ad180dce749b04c54725fde5d09a3ab0766741780,true,3,002；003；013,分裂•圣杯；圣杯；诅咒•圣杯,33508,128,128,https://patchwiki.biligame.com/images/sr/6/62/a898nbnuv6ywty7ktmu4wepm8nkdqep.png,https://wiki.biligame.com/sr/%E5%9C%A3%E6%9D%AF,99085,200,9c8bafb41cc081b61811196ad180dce749b04c54725fde5d09a3ab0766741780,true,true,页面实证通过,圣杯 - 崩坏：星穹铁道WIKI_BWIKI_哔哩哔哩,equipment-contact-01.png,第1行第3列,逐项可见；未见空白、破损、异常裁切或相邻错位,同图多ID；识别时必须保留CandidateIds/Unknown，不得强收敛,BWIKI oldid=99085+PatchWiki；米游社官方资料仅提供玩法或少量条目补充,仅凭图标无法区分本簇具体ID,图标一致；具体ID不唯一
4,currency_wars_equipment_004,天地乖离开辟之星,命运改件,fate_component,是,是,,,assets/currency_wars_equipment_icons/currency_wars_equipment_004.png,cc6f1dc7a6bca0646026af6139c43c658e6182fbd686040f58dcd24de89d2963,cc6f1dc7a6bca0646026af6139c43c658e6182fbd686040f58dcd24de89d2963,true,3,004；007；014,天地乖离开辟之星；极•天地乖离开辟之星；诅咒•天地乖离开辟之星,32624,128,128,https://patchwiki.biligame.com/images/sr/0/09/jl72tex7wlvns8yo9xeqj1u1qbo67zw.png,https://wiki.biligame.com/sr/%E5%A4%A9%E5%9C%B0%E4%B9%96%E7%A6%BB%E5%BC%80%E8%BE%9F%E4%B9%8B%E6%98%9F,99085,200,cc6f1dc7a6bca0646026af6139c43c658e6182fbd686040f58dcd24de89d2963,true,true,页面实证通过,天地乖离开辟之星 - 崩坏：星穹铁道WIKI_BWIKI_哔哩哔哩,equipment-contact-01.png,第1行第4列,逐项可见；未见空白、破损、异常裁切或相邻错位,同图多ID；识别时必须保留CandidateIds/Unknown，不得强收敛,BWIKI oldid=99085+PatchWiki；米游社官方资料仅提供玩法或少量条目补充,仅凭图标无法区分本簇具体ID,图标一致；具体ID不唯一
5,currency_wars_equipment_005,宝石剑泽尔里奇,命运改件,fate_component,是,是,,,assets/currency_wars_equipment_icons/currency_wars_equipment_005.png,01b3a550d1ab3f78d27ba856e15c50a3c05c399f9a281ae4ad7352dced994f0f,01b3a550d1ab3f78d27ba856e15c50a3c05c399f9a281ae4ad7352dced994f0f,true,3,005；008；015,宝石剑泽尔里奇；极•宝石剑泽尔里奇；诅咒•宝石剑泽尔里奇,26921,128,128,https://patchwiki.biligame.com/images/sr/5/5f/7vt0o74f8dyheiguftbnclyuretmfc1.png,https://wiki.biligame.com/sr/%E5%AE%9D%E7%9F%B3%E5%89%91%E6%B3%BD%E5%B0%94%E9%87%8C%E5%A5%87,99085,200,01b3a550d1ab3f78d27ba856e15c50a3c05c399f9a281ae4ad7352dced994f0f,true,true,HTTP 567（限流/反爬）,,equipment-contact-01.png,第1行第5列,逐项可见；未见空白、破损、异常裁切或相邻错位,同图多ID；识别时必须保留CandidateIds/Unknown，不得强收敛,BWIKI oldid=99085+PatchWiki；米游社官方资料仅提供玩法或少量条目补充,仅凭图标无法区分本簇具体ID,图标一致；具体ID不唯一
6,currency_wars_equipment_006,干将莫邪,命运改件,fate_component,是,是,,,assets/currency_wars_equipment_icons/currency_wars_equipment_006.png,8acf2cd30d8767f494c80a77d6b34df19bde721eddcbdddfcf4002161122e1ca,8acf2cd30d8767f494c80a77d6b34df19bde721eddcbdddfcf4002161122e1ca,true,3,006；009；016,干将莫邪；极•干将莫邪；诅咒•干将莫邪,31431,128,128,https://patchwiki.biligame.com/images/sr/6/6a/ggxm1iskstxe4qlaxb4g2mk6q9v8r1g.png,https://wiki.biligame.com/sr/%E5%B9%B2%E5%B0%86%E8%8E%AB%E9%82%AA,99085,200,8acf2cd30d8767f494c80a77d6b34df19bde721eddcbdddfcf4002161122e1ca,true,true,HTTP 567（限流/反爬）,,equipment-contact-01.png,第2行第1列,逐项可见；未见空白、破损、异常裁切或相邻错位,同图多ID；识别时必须保留CandidateIds/Unknown，不得强收敛,BWIKI oldid=99085+PatchWiki；米游社官方资料仅提供玩法或少量条目补充,仅凭图标无法区分本簇具体ID,图标一致；具体ID不唯一
7,currency_wars_equipment_007,极•天地乖离开辟之星,命运改件,fate_component,是,是,,,assets/currency_wars_equipment_icons/currency_wars_equipment_007.png,cc6f1dc7a6bca0646026af6139c43c658e6182fbd686040f58dcd24de89d2963,cc6f1dc7a6bca0646026af6139c43c658e6182fbd686040f58dcd24de89d2963,true,3,004；007；014,天地乖离开辟之星；极•天地乖离开辟之星；诅咒•天地乖离开辟之星,32624,128,128,https://patchwiki.biligame.com/images/sr/3/35/jl72tex7wlvns8yo9xeqj1u1qbo67zw.png,https://wiki.biligame.com/sr/%E6%9E%81%E2%80%A2%E5%A4%A9%E5%9C%B0%E4%B9%96%E7%A6%BB%E5%BC%80%E8%BE%9F%E4%B9%8B%E6%98%9F,99085,200,cc6f1dc7a6bca0646026af6139c43c658e6182fbd686040f58dcd24de89d2963,true,true,页面实证通过,极•天地乖离开辟之星 - 崩坏：星穹铁道WIKI_BWIKI_哔哩哔哩,equipment-contact-01.png,第2行第2列,逐项可见；未见空白、破损、异常裁切或相邻错位,同图多ID；识别时必须保留CandidateIds/Unknown，不得强收敛,BWIKI oldid=99085+PatchWiki；米游社官方资料仅提供玩法或少量条目补充,仅凭图标无法区分本簇具体ID,图标一致；具体ID不唯一
8,currency_wars_equipment_008,极•宝石剑泽尔里奇,命运改件,fate_component,是,是,,,assets/currency_wars_equipment_icons/currency_wars_equipment_008.png,01b3a550d1ab3f78d27ba856e15c50a3c05c399f9a281ae4ad7352dced994f0f,01b3a550d1ab3f78d27ba856e15c50a3c05c399f9a281ae4ad7352dced994f0f,true,3,005；008；015,宝石剑泽尔里奇；极•宝石剑泽尔里奇；诅咒•宝石剑泽尔里奇,26921,128,128,https://patchwiki.biligame.com/images/sr/6/61/7vt0o74f8dyheiguftbnclyuretmfc1.png,https://wiki.biligame.com/sr/%E6%9E%81%E2%80%A2%E5%AE%9D%E7%9F%B3%E5%89%91%E6%B3%BD%E5%B0%94%E9%87%8C%E5%A5%87,99085,200,01b3a550d1ab3f78d27ba856e15c50a3c05c399f9a281ae4ad7352dced994f0f,true,true,页面实证通过,极•宝石剑泽尔里奇 - 崩坏：星穹铁道WIKI_BWIKI_哔哩哔哩,equipment-contact-01.png,第2行第3列,逐项可见；未见空白、破损、异常裁切或相邻错位,同图多ID；识别时必须保留CandidateIds/Unknown，不得强收敛,BWIKI oldid=99085+PatchWiki；米游社官方资料仅提供玩法或少量条目补充,仅凭图标无法区分本簇具体ID,图标一致；具体ID不唯一
9,currency_wars_equipment_009,极•干将莫邪,命运改件,fate_component,是,是,,,assets/currency_wars_equipment_icons/currency_wars_equipment_009.png,8acf2cd30d8767f494c80a77d6b34df19bde721eddcbdddfcf4002161122e1ca,8acf2cd30d8767f494c80a77d6b34df19bde721eddcbdddfcf4002161122e1ca,true,3,006；009；016,干将莫邪；极•干将莫邪；诅咒•干将莫邪,31431,128,128,https://patchwiki.biligame.com/images/sr/3/38/ggxm1iskstxe4qlaxb4g2mk6q9v8r1g.png,https://wiki.biligame.com/sr/%E6%9E%81%E2%80%A2%E5%B9%B2%E5%B0%86%E8%8E%AB%E9%82%AA,99085,200,8acf2cd30d8767f494c80a77d6b34df19bde721eddcbdddfcf4002161122e1ca,true,true,HTTP 567（限流/反爬）,,equipment-contact-01.png,第2行第4列,逐项可见；未见空白、破损、异常裁切或相邻错位,同图多ID；识别时必须保留CandidateIds/Unknown，不得强收敛,BWIKI oldid=99085+PatchWiki；米游社官方资料仅提供玩法或少量条目补充,仅凭图标无法区分本簇具体ID,图标一致；具体ID不唯一
10,currency_wars_equipment_010,极•阿瓦隆,命运改件,fate_component,是,是,,,assets/currency_wars_equipment_icons/currency_wars_equipment_010.png,f3bed270b62a20ee5b4fd20767f8490872a12d701bdbd3f86783fbdf0128fb20,f3bed270b62a20ee5b4fd20767f8490872a12d701bdbd3f86783fbdf0128fb20,true,3,010；017；020,极•阿瓦隆；诅咒•阿瓦隆；阿瓦隆,30646,128,128,https://patchwiki.biligame.com/images/sr/1/18/iht3g55xaq1r666csbnjpbfc7onrud7.png,https://wiki.biligame.com/sr/%E6%9E%81%E2%80%A2%E9%98%BF%E7%93%A6%E9%9A%86,99085,200,f3bed270b62a20ee5b4fd20767f8490872a12d701bdbd3f86783fbdf0128fb20,true,true,HTTP 567（限流/反爬）,,equipment-contact-01.png,第2行第5列,逐项可见；未见空白、破损、异常裁切或相邻错位,同图多ID；识别时必须保留CandidateIds/Unknown，不得强收敛,BWIKI oldid=99085+PatchWiki；米游社官方资料仅提供玩法或少量条目补充,仅凭图标无法区分本簇具体ID,图标一致；具体ID不唯一
11,currency_wars_equipment_011,穿刺死棘之枪,命运改件,fate_component,是,是,,,assets/currency_wars_equipment_icons/currency_wars_equipment_011.png,b76cf23e2e2a70f706b61150374fec2a60f2282f18256467d1d8d90591b0a531,b76cf23e2e2a70f706b61150374fec2a60f2282f18256467d1d8d90591b0a531,true,1,011,穿刺死棘之枪,29153,128,128,https://patchwiki.biligame.com/images/sr/7/7b/rh56dh7ooqd569qbd3ouybjic8b0dlw.png,https://wiki.biligame.com/sr/%E7%A9%BF%E5%88%BA%E6%AD%BB%E6%A3%98%E4%B9%8B%E6%9E%AA,99085,200,b76cf23e2e2a70f706b61150374fec2a60f2282f18256467d1d8d90591b0a531,true,true,HTTP 567（限流/反爬）,,equipment-contact-01.png,第3行第1列,逐项可见；未见空白、破损、异常裁切或相邻错位,本地哈希唯一；未发现图标与名称错位,BWIKI oldid=99085+PatchWiki；米游社官方资料仅提供玩法或少量条目补充,单条详情页本轮受限流/反爬影响，未获得独立页面实证,图标/名称/来源无已发现冲突
12,currency_wars_equipment_012,罪孽王冠,命运改件,fate_component,是,是,,,assets/currency_wars_equipment_icons/currency_wars_equipment_012.png,492d69c4b540dc8354045387b84d3a94ff655c20f3acd373be398708bd4d85d9,492d69c4b540dc8354045387b84d3a94ff655c20f3acd373be398708bd4d85d9,true,1,012,罪孽王冠,32913,128,128,https://patchwiki.biligame.com/images/sr/9/9c/iuehtsznpoffsv35v33zm8ylit3wic6.png,https://wiki.biligame.com/sr/%E7%BD%AA%E5%AD%BD%E7%8E%8B%E5%86%A0,99085,200,492d69c4b540dc8354045387b84d3a94ff655c20f3acd373be398708bd4d85d9,true,true,HTTP 567（限流/反爬）,,equipment-contact-01.png,第3行第2列,逐项可见；未见空白、破损、异常裁切或相邻错位,本地哈希唯一；未发现图标与名称错位,BWIKI oldid=99085+PatchWiki；米游社官方资料仅提供玩法或少量条目补充,单条详情页本轮受限流/反爬影响，未获得独立页面实证,图标/名称/来源无已发现冲突
13,currency_wars_equipment_013,诅咒•圣杯,命运改件,fate_component,是,是,,,assets/currency_wars_equipment_icons/currency_wars_equipment_013.png,9c8bafb41cc081b61811196ad180dce749b04c54725fde5d09a3ab0766741780,9c8bafb41cc081b61811196ad180dce749b04c54725fde5d09a3ab0766741780,true,3,002；003；013,分裂•圣杯；圣杯；诅咒•圣杯,33508,128,128,https://patchwiki.biligame.com/images/sr/b/b7/a898nbnuv6ywty7ktmu4wepm8nkdqep.png,https://wiki.biligame.com/sr/%E8%AF%85%E5%92%92%E2%80%A2%E5%9C%A3%E6%9D%AF,99085,200,9c8bafb41cc081b61811196ad180dce749b04c54725fde5d09a3ab0766741780,true,true,页面实证通过,诅咒•圣杯 - 崩坏：星穹铁道WIKI_BWIKI_哔哩哔哩,equipment-contact-01.png,第3行第3列,逐项可见；未见空白、破损、异常裁切或相邻错位,同图多ID；识别时必须保留CandidateIds/Unknown，不得强收敛,BWIKI oldid=99085+PatchWiki；米游社官方资料仅提供玩法或少量条目补充,仅凭图标无法区分本簇具体ID,图标一致；具体ID不唯一
14,currency_wars_equipment_014,诅咒•天地乖离开辟之星,命运改件,fate_component,是,是,,,assets/currency_wars_equipment_icons/currency_wars_equipment_014.png,cc6f1dc7a6bca0646026af6139c43c658e6182fbd686040f58dcd24de89d2963,cc6f1dc7a6bca0646026af6139c43c658e6182fbd686040f58dcd24de89d2963,true,3,004；007；014,天地乖离开辟之星；极•天地乖离开辟之星；诅咒•天地乖离开辟之星,32624,128,128,https://patchwiki.biligame.com/images/sr/b/bc/jl72tex7wlvns8yo9xeqj1u1qbo67zw.png,https://wiki.biligame.com/sr/%E8%AF%85%E5%92%92%E2%80%A2%E5%A4%A9%E5%9C%B0%E4%B9%96%E7%A6%BB%E5%BC%80%E8%BE%9F%E4%B9%8B%E6%98%9F,99085,200,cc6f1dc7a6bca0646026af6139c43c658e6182fbd686040f58dcd24de89d2963,true,true,页面实证通过,诅咒•天地乖离开辟之星 - 崩坏：星穹铁道WIKI_BWIKI_哔哩哔哩,equipment-contact-01.png,第3行第4列,逐项可见；未见空白、破损、异常裁切或相邻错位,同图多ID；识别时必须保留CandidateIds/Unknown，不得强收敛,BWIKI oldid=99085+PatchWiki；米游社官方资料仅提供玩法或少量条目补充,仅凭图标无法区分本簇具体ID,图标一致；具体ID不唯一
15,currency_wars_equipment_015,诅咒•宝石剑泽尔里奇,命运改件,fate_component,是,是,,,assets/currency_wars_equipment_icons/currency_wars_equipment_015.png,01b3a550d1ab3f78d27ba856e15c50a3c05c399f9a281ae4ad7352dced994f0f,01b3a550d1ab3f78d27ba856e15c50a3c05c399f9a281ae4ad7352dced994f0f,true,3,005；008；015,宝石剑泽尔里奇；极•宝石剑泽尔里奇；诅咒•宝石剑泽尔里奇,26921,128,128,https://patchwiki.biligame.com/images/sr/4/44/7vt0o74f8dyheiguftbnclyuretmfc1.png,https://wiki.biligame.com/sr/%E8%AF%85%E5%92%92%E2%80%A2%E5%AE%9D%E7%9F%B3%E5%89%91%E6%B3%BD%E5%B0%94%E9%87%8C%E5%A5%87,99085,200,01b3a550d1ab3f78d27ba856e15c50a3c05c399f9a281ae4ad7352dced994f0f,true,true,页面实证通过,诅咒•宝石剑泽尔里奇 - 崩坏：星穹铁道WIKI_BWIKI_哔哩哔哩,equipment-contact-01.png,第3行第5列,逐项可见；未见空白、破损、异常裁切或相邻错位,同图多ID；识别时必须保留CandidateIds/Unknown，不得强收敛,BWIKI oldid=99085+PatchWiki；米游社官方资料仅提供玩法或少量条目补充,仅凭图标无法区分本簇具体ID,图标一致；具体ID不唯一
16,currency_wars_equipment_016,诅咒•干将莫邪,命运改件,fate_component,是,是,,,assets/currency_wars_equipment_icons/currency_wars_equipment_016.png,8acf2cd30d8767f494c80a77d6b34df19bde721eddcbdddfcf4002161122e1ca,8acf2cd30d8767f494c80a77d6b34df19bde721eddcbdddfcf4002161122e1ca,true,3,006；009；016,干将莫邪；极•干将莫邪；诅咒•干将莫邪,31431,128,128,https://patchwiki.biligame.com/images/sr/a/a7/ggxm1iskstxe4qlaxb4g2mk6q9v8r1g.png,https://wiki.biligame.com/sr/%E8%AF%85%E5%92%92%E2%80%A2%E5%B9%B2%E5%B0%86%E8%8E%AB%E9%82%AA,99085,200,8acf2cd30d8767f494c80a77d6b34df19bde721eddcbdddfcf4002161122e1ca,true,true,页面实证通过,诅咒•干将莫邪 - 崩坏：星穹铁道WIKI_BWIKI_哔哩哔哩,equipment-contact-01.png,第4行第1列,逐项可见；未见空白、破损、异常裁切或相邻错位,同图多ID；识别时必须保留CandidateIds/Unknown，不得强收敛,BWIKI oldid=99085+PatchWiki；米游社官方资料仅提供玩法或少量条目补充,仅凭图标无法区分本簇具体ID,图标一致；具体ID不唯一
17,currency_wars_equipment_017,诅咒•阿瓦隆,命运改件,fate_component,是,是,,,assets/currency_wars_equipment_icons/currency_wars_equipment_017.png,f3bed270b62a20ee5b4fd20767f8490872a12d701bdbd3f86783fbdf0128fb20,f3bed270b62a20ee5b4fd20767f8490872a12d701bdbd3f86783fbdf0128fb20,true,3,010；017；020,极•阿瓦隆；诅咒•阿瓦隆；阿瓦隆,30646,128,128,https://patchwiki.biligame.com/images/sr/9/99/iht3g55xaq1r666csbnjpbfc7onrud7.png,https://wiki.biligame.com/sr/%E8%AF%85%E5%92%92%E2%80%A2%E9%98%BF%E7%93%A6%E9%9A%86,99085,200,f3bed270b62a20ee5b4fd20767f8490872a12d701bdbd3f86783fbdf0128fb20,true,true,页面实证通过,诅咒•阿瓦隆 - 崩坏：星穹铁道WIKI_BWIKI_哔哩哔哩,equipment-contact-01.png,第4行第2列,逐项可见；未见空白、破损、异常裁切或相邻错位,同图多ID；识别时必须保留CandidateIds/Unknown，不得强收敛,BWIKI oldid=99085+PatchWiki；米游社官方资料仅提供玩法或少量条目补充,仅凭图标无法区分本簇具体ID,图标一致；具体ID不唯一
18,currency_wars_equipment_020,阿瓦隆,命运改件,fate_component,是,是,,,assets/currency_wars_equipment_icons/currency_wars_equipment_020.png,f3bed270b62a20ee5b4fd20767f8490872a12d701bdbd3f86783fbdf0128fb20,f3bed270b62a20ee5b4fd20767f8490872a12d701bdbd3f86783fbdf0128fb20,true,3,010；017；020,极•阿瓦隆；诅咒•阿瓦隆；阿瓦隆,30646,128,128,https://patchwiki.biligame.com/images/sr/4/47/iht3g55xaq1r666csbnjpbfc7onrud7.png,https://wiki.biligame.com/sr/%E9%98%BF%E7%93%A6%E9%9A%86,99085,200,f3bed270b62a20ee5b4fd20767f8490872a12d701bdbd3f86783fbdf0128fb20,true,true,HTTP 567（限流/反爬）,,equipment-contact-01.png,第4行第3列,逐项可见；未见空白、破损、异常裁切或相邻错位,同图多ID；识别时必须保留CandidateIds/Unknown，不得强收敛,BWIKI oldid=99085+PatchWiki；米游社官方资料仅提供玩法或少量条目补充,仅凭图标无法区分本簇具体ID,图标一致；具体ID不唯一
19,currency_wars_equipment_021,欢愉星徽,流派星徽,style_emblem,是,是,,currency_wars_equipment_084；currency_wars_equipment_038,assets/currency_wars_equipment_icons/currency_wars_equipment_021.png,5790f420123a8c5c13f73666891d70bc7384c7061d990ecbc7071d6ebb073f12,5790f420123a8c5c13f73666891d70bc7384c7061d990ecbc7071d6ebb073f12,true,1,021,欢愉星徽,33358,128,128,https://patchwiki.biligame.com/images/sr/e/e8/tstujhmze6hmqvrfdkz87iwad9x9ea1.png,https://wiki.biligame.com/sr/%E6%AC%A2%E6%84%89%E6%98%9F%E5%BE%BD,99085,200,5790f420123a8c5c13f73666891d70bc7384c7061d990ecbc7071d6ebb073f12,true,true,HTTP 567（限流/反爬）,,equipment-contact-01.png,第4行第4列,逐项可见；未见空白、破损、异常裁切或相邻错位,本地哈希唯一；未发现图标与名称错位,BWIKI oldid=99085+PatchWiki；米游社官方V4.2直接支持欢愉星徽名称/效果（不提供单项图标）,单条详情页本轮受限流/反爬影响，未获得独立页面实证,图标/名称/来源无已发现冲突
20,currency_wars_equipment_022,分身墨镜,骇客改件,hacking_component,是,否,,,assets/currency_wars_equipment_icons/currency_wars_equipment_022.png,f0441e17ce30349f9454dc72c5730e631a70843499c9b1692d410783a8b914ea,f0441e17ce30349f9454dc72c5730e631a70843499c9b1692d410783a8b914ea,true,2,022；023,分身墨镜；分身墨镜Max,26569,128,128,https://patchwiki.biligame.com/images/sr/1/1a/emh3rn2idwueurtdyfysii3x8catb5o.png,https://wiki.biligame.com/sr/%E5%88%86%E8%BA%AB%E5%A2%A8%E9%95%9C,99085,200,f0441e17ce30349f9454dc72c5730e631a70843499c9b1692d410783a8b914ea,true,true,HTTP 567（限流/反爬）,,equipment-contact-01.png,第4行第5列,逐项可见；未见空白、破损、异常裁切或相邻错位,同图多ID；识别时必须保留CandidateIds/Unknown，不得强收敛,BWIKI oldid=99085+PatchWiki；米游社官方V4.2仅支持骇客改件类别语义，不逐项支持16个子名称/图标,仅凭图标无法区分本簇具体ID,图标一致；具体ID不唯一
21,currency_wars_equipment_023,分身墨镜Max,骇客改件,hacking_component,是,否,,,assets/currency_wars_equipment_icons/currency_wars_equipment_023.png,f0441e17ce30349f9454dc72c5730e631a70843499c9b1692d410783a8b914ea,f0441e17ce30349f9454dc72c5730e631a70843499c9b1692d410783a8b914ea,true,2,022；023,分身墨镜；分身墨镜Max,26569,128,128,https://patchwiki.biligame.com/images/sr/8/87/emh3rn2idwueurtdyfysii3x8catb5o.png,https://wiki.biligame.com/sr/%E5%88%86%E8%BA%AB%E5%A2%A8%E9%95%9CMax,99085,200,f0441e17ce30349f9454dc72c5730e631a70843499c9b1692d410783a8b914ea,true,true,HTTP 567（限流/反爬）,,equipment-contact-02.png,第1行第1列,逐项可见；未见空白、破损、异常裁切或相邻错位,同图多ID；识别时必须保留CandidateIds/Unknown，不得强收敛,BWIKI oldid=99085+PatchWiki；米游社官方V4.2仅支持骇客改件类别语义，不逐项支持16个子名称/图标,仅凭图标无法区分本簇具体ID,图标一致；具体ID不唯一
22,currency_wars_equipment_024,扑满病毒,骇客改件,hacking_component,是,否,,,assets/currency_wars_equipment_icons/currency_wars_equipment_024.png,a1cb19ac93cdcdefe2cf4d4f98e32770f1b60e047b33a25e9e2daee54912419c,a1cb19ac93cdcdefe2cf4d4f98e32770f1b60e047b33a25e9e2daee54912419c,true,3,024；025；026,扑满病毒；扑满病毒Max；扑满病毒Pro,22471,128,128,https://patchwiki.biligame.com/images/sr/9/90/b7cdaze07091ukd588kbyjid7md76l7.png,https://wiki.biligame.com/sr/%E6%89%91%E6%BB%A1%E7%97%85%E6%AF%92,99085,200,a1cb19ac93cdcdefe2cf4d4f98e32770f1b60e047b33a25e9e2daee54912419c,true,true,HTTP 567（限流/反爬）,,equipment-contact-02.png,第1行第2列,逐项可见；未见空白、破损、异常裁切或相邻错位,同图多ID；识别时必须保留CandidateIds/Unknown，不得强收敛,BWIKI oldid=99085+PatchWiki；米游社官方V4.2仅支持骇客改件类别语义，不逐项支持16个子名称/图标,仅凭图标无法区分本簇具体ID,图标一致；具体ID不唯一
23,currency_wars_equipment_025,扑满病毒Max,骇客改件,hacking_component,是,否,,,assets/currency_wars_equipment_icons/currency_wars_equipment_025.png,a1cb19ac93cdcdefe2cf4d4f98e32770f1b60e047b33a25e9e2daee54912419c,a1cb19ac93cdcdefe2cf4d4f98e32770f1b60e047b33a25e9e2daee54912419c,true,3,024；025；026,扑满病毒；扑满病毒Max；扑满病毒Pro,22471,128,128,https://patchwiki.biligame.com/images/sr/d/d0/b7cdaze07091ukd588kbyjid7md76l7.png,https://wiki.biligame.com/sr/%E6%89%91%E6%BB%A1%E7%97%85%E6%AF%92Max,99085,200,a1cb19ac93cdcdefe2cf4d4f98e32770f1b60e047b33a25e9e2daee54912419c,true,true,HTTP 567（限流/反爬）,,equipment-contact-02.png,第1行第3列,逐项可见；未见空白、破损、异常裁切或相邻错位,同图多ID；识别时必须保留CandidateIds/Unknown，不得强收敛,BWIKI oldid=99085+PatchWiki；米游社官方V4.2仅支持骇客改件类别语义，不逐项支持16个子名称/图标,仅凭图标无法区分本簇具体ID,图标一致；具体ID不唯一
24,currency_wars_equipment_026,扑满病毒Pro,骇客改件,hacking_component,是,否,,,assets/currency_wars_equipment_icons/currency_wars_equipment_026.png,a1cb19ac93cdcdefe2cf4d4f98e32770f1b60e047b33a25e9e2daee54912419c,a1cb19ac93cdcdefe2cf4d4f98e32770f1b60e047b33a25e9e2daee54912419c,true,3,024；025；026,扑满病毒；扑满病毒Max；扑满病毒Pro,22471,128,128,https://patchwiki.biligame.com/images/sr/2/23/b7cdaze07091ukd588kbyjid7md76l7.png,https://wiki.biligame.com/sr/%E6%89%91%E6%BB%A1%E7%97%85%E6%AF%92Pro,99085,200,a1cb19ac93cdcdefe2cf4d4f98e32770f1b60e047b33a25e9e2daee54912419c,true,true,HTTP 567（限流/反爬）,,equipment-contact-02.png,第1行第4列,逐项可见；未见空白、破损、异常裁切或相邻错位,同图多ID；识别时必须保留CandidateIds/Unknown，不得强收敛,BWIKI oldid=99085+PatchWiki；米游社官方V4.2仅支持骇客改件类别语义，不逐项支持16个子名称/图标,仅凭图标无法区分本簇具体ID,图标一致；具体ID不唯一
25,currency_wars_equipment_027,数据拷贝仪,骇客改件,hacking_component,是,否,,,assets/currency_wars_equipment_icons/currency_wars_equipment_027.png,9ef6d5af3970dd9023021ac532d72a3a1a3c57b97507a99b432677be3635b4af,9ef6d5af3970dd9023021ac532d72a3a1a3c57b97507a99b432677be3635b4af,true,3,027；028；029,数据拷贝仪；数据拷贝仪Max；数据拷贝仪Pro,31237,128,128,https://patchwiki.biligame.com/images/sr/4/42/g7d2z7yk1xtrk1nza76mj2vgwfcrpyy.png,https://wiki.biligame.com/sr/%E6%95%B0%E6%8D%AE%E6%8B%B7%E8%B4%9D%E4%BB%AA,99085,200,9ef6d5af3970dd9023021ac532d72a3a1a3c57b97507a99b432677be3635b4af,true,true,HTTP 567（限流/反爬）,,equipment-contact-02.png,第1行第5列,逐项可见；未见空白、破损、异常裁切或相邻错位,同图多ID；识别时必须保留CandidateIds/Unknown，不得强收敛,BWIKI oldid=99085+PatchWiki；米游社官方V4.2仅支持骇客改件类别语义，不逐项支持16个子名称/图标,仅凭图标无法区分本簇具体ID,图标一致；具体ID不唯一
26,currency_wars_equipment_028,数据拷贝仪Max,骇客改件,hacking_component,是,否,,,assets/currency_wars_equipment_icons/currency_wars_equipment_028.png,9ef6d5af3970dd9023021ac532d72a3a1a3c57b97507a99b432677be3635b4af,9ef6d5af3970dd9023021ac532d72a3a1a3c57b97507a99b432677be3635b4af,true,3,027；028；029,数据拷贝仪；数据拷贝仪Max；数据拷贝仪Pro,31237,128,128,https://patchwiki.biligame.com/images/sr/0/05/g7d2z7yk1xtrk1nza76mj2vgwfcrpyy.png,https://wiki.biligame.com/sr/%E6%95%B0%E6%8D%AE%E6%8B%B7%E8%B4%9D%E4%BB%AAMax,99085,200,9ef6d5af3970dd9023021ac532d72a3a1a3c57b97507a99b432677be3635b4af,true,true,HTTP 567（限流/反爬）,,equipment-contact-02.png,第2行第1列,逐项可见；未见空白、破损、异常裁切或相邻错位,同图多ID；识别时必须保留CandidateIds/Unknown，不得强收敛,BWIKI oldid=99085+PatchWiki；米游社官方V4.2仅支持骇客改件类别语义，不逐项支持16个子名称/图标,仅凭图标无法区分本簇具体ID,图标一致；具体ID不唯一
27,currency_wars_equipment_029,数据拷贝仪Pro,骇客改件,hacking_component,是,否,,,assets/currency_wars_equipment_icons/currency_wars_equipment_029.png,9ef6d5af3970dd9023021ac532d72a3a1a3c57b97507a99b432677be3635b4af,9ef6d5af3970dd9023021ac532d72a3a1a3c57b97507a99b432677be3635b4af,true,3,027；028；029,数据拷贝仪；数据拷贝仪Max；数据拷贝仪Pro,31237,128,128,https://patchwiki.biligame.com/images/sr/4/49/g7d2z7yk1xtrk1nza76mj2vgwfcrpyy.png,https://wiki.biligame.com/sr/%E6%95%B0%E6%8D%AE%E6%8B%B7%E8%B4%9D%E4%BB%AAPro,99085,200,9ef6d5af3970dd9023021ac532d72a3a1a3c57b97507a99b432677be3635b4af,true,true,HTTP 567（限流/反爬）,,equipment-contact-02.png,第2行第2列,逐项可见；未见空白、破损、异常裁切或相邻错位,同图多ID；识别时必须保留CandidateIds/Unknown，不得强收敛,BWIKI oldid=99085+PatchWiki；米游社官方V4.2仅支持骇客改件类别语义，不逐项支持16个子名称/图标,仅凭图标无法区分本簇具体ID,图标一致；具体ID不唯一
28,currency_wars_equipment_030,星核猎手卡带,骇客改件,hacking_component,是,否,,,assets/currency_wars_equipment_icons/currency_wars_equipment_030.png,5e7cfa755e8919353448b176967365876c4748dca06fd6c1e0ae66e899032788,5e7cfa755e8919353448b176967365876c4748dca06fd6c1e0ae66e899032788,true,2,030；031,星核猎手卡带；星核猎手卡带Max,28923,128,128,https://patchwiki.biligame.com/images/sr/0/05/4gz84q81cg5l3ygh6bjip2ytanu5lhf.png,https://wiki.biligame.com/sr/%E6%98%9F%E6%A0%B8%E7%8C%8E%E6%89%8B%E5%8D%A1%E5%B8%A6,99085,200,5e7cfa755e8919353448b176967365876c4748dca06fd6c1e0ae66e899032788,true,true,HTTP 567（限流/反爬）,,equipment-contact-02.png,第2行第3列,逐项可见；未见空白、破损、异常裁切或相邻错位,同图多ID；识别时必须保留CandidateIds/Unknown，不得强收敛,BWIKI oldid=99085+PatchWiki；米游社官方V4.2仅支持骇客改件类别语义，不逐项支持16个子名称/图标,仅凭图标无法区分本簇具体ID,图标一致；具体ID不唯一
29,currency_wars_equipment_031,星核猎手卡带Max,骇客改件,hacking_component,是,否,,,assets/currency_wars_equipment_icons/currency_wars_equipment_031.png,5e7cfa755e8919353448b176967365876c4748dca06fd6c1e0ae66e899032788,5e7cfa755e8919353448b176967365876c4748dca06fd6c1e0ae66e899032788,true,2,030；031,星核猎手卡带；星核猎手卡带Max,28923,128,128,https://patchwiki.biligame.com/images/sr/f/f3/4gz84q81cg5l3ygh6bjip2ytanu5lhf.png,https://wiki.biligame.com/sr/%E6%98%9F%E6%A0%B8%E7%8C%8E%E6%89%8B%E5%8D%A1%E5%B8%A6Max,99085,200,5e7cfa755e8919353448b176967365876c4748dca06fd6c1e0ae66e899032788,true,true,HTTP 567（限流/反爬）,,equipment-contact-02.png,第2行第4列,逐项可见；未见空白、破损、异常裁切或相邻错位,同图多ID；识别时必须保留CandidateIds/Unknown，不得强收敛,BWIKI oldid=99085+PatchWiki；米游社官方V4.2仅支持骇客改件类别语义，不逐项支持16个子名称/图标,仅凭图标无法区分本簇具体ID,图标一致；具体ID不唯一
30,currency_wars_equipment_032,欢愉卡带,骇客改件,hacking_component,是,否,,,assets/currency_wars_equipment_icons/currency_wars_equipment_032.png,41bf730530558f7ffe3c31adc6c4aeca06ab97bc495b8e372d7482642fbb4c53,41bf730530558f7ffe3c31adc6c4aeca06ab97bc495b8e372d7482642fbb4c53,true,2,032；033,欢愉卡带；欢愉卡带Max,30570,128,128,https://patchwiki.biligame.com/images/sr/3/3c/m9l08rfrkf6adh8v9qwem5ch0rxlpba.png,https://wiki.biligame.com/sr/%E6%AC%A2%E6%84%89%E5%8D%A1%E5%B8%A6,99085,200,41bf730530558f7ffe3c31adc6c4aeca06ab97bc495b8e372d7482642fbb4c53,true,true,HTTP 567（限流/反爬）,,equipment-contact-02.png,第2行第5列,逐项可见；未见空白、破损、异常裁切或相邻错位,同图多ID；识别时必须保留CandidateIds/Unknown，不得强收敛,BWIKI oldid=99085+PatchWiki；米游社官方V4.2仅支持骇客改件类别语义，不逐项支持16个子名称/图标,仅凭图标无法区分本簇具体ID,图标一致；具体ID不唯一
31,currency_wars_equipment_033,欢愉卡带Max,骇客改件,hacking_component,是,否,,,assets/currency_wars_equipment_icons/currency_wars_equipment_033.png,41bf730530558f7ffe3c31adc6c4aeca06ab97bc495b8e372d7482642fbb4c53,41bf730530558f7ffe3c31adc6c4aeca06ab97bc495b8e372d7482642fbb4c53,true,2,032；033,欢愉卡带；欢愉卡带Max,30570,128,128,https://patchwiki.biligame.com/images/sr/3/37/m9l08rfrkf6adh8v9qwem5ch0rxlpba.png,https://wiki.biligame.com/sr/%E6%AC%A2%E6%84%89%E5%8D%A1%E5%B8%A6Max,99085,200,41bf730530558f7ffe3c31adc6c4aeca06ab97bc495b8e372d7482642fbb4c53,true,true,HTTP 567（限流/反爬）,,equipment-contact-02.png,第3行第1列,逐项可见；未见空白、破损、异常裁切或相邻错位,同图多ID；识别时必须保留CandidateIds/Unknown，不得强收敛,BWIKI oldid=99085+PatchWiki；米游社官方V4.2仅支持骇客改件类别语义，不逐项支持16个子名称/图标,仅凭图标无法区分本簇具体ID,图标一致；具体ID不唯一
32,currency_wars_equipment_034,病毒防火墙,骇客改件,hacking_component,是,否,,,assets/currency_wars_equipment_icons/currency_wars_equipment_034.png,0dff01418203ef0b8953f58ea464daa675e1f7dcf15d3e8f7a1862dea70d1d07,0dff01418203ef0b8953f58ea464daa675e1f7dcf15d3e8f7a1862dea70d1d07,true,2,034；035,病毒防火墙；病毒防火墙Max,30116,128,128,https://patchwiki.biligame.com/images/sr/d/df/qfh49x0x28j4oxozvjtvvrdo1qxg92t.png,https://wiki.biligame.com/sr/%E7%97%85%E6%AF%92%E9%98%B2%E7%81%AB%E5%A2%99,99085,200,0dff01418203ef0b8953f58ea464daa675e1f7dcf15d3e8f7a1862dea70d1d07,true,true,HTTP 567（限流/反爬）,,equipment-contact-02.png,第3行第2列,逐项可见；未见空白、破损、异常裁切或相邻错位,同图多ID；识别时必须保留CandidateIds/Unknown，不得强收敛,BWIKI oldid=99085+PatchWiki；米游社官方V4.2仅支持骇客改件类别语义，不逐项支持16个子名称/图标,仅凭图标无法区分本簇具体ID,图标一致；具体ID不唯一
33,currency_wars_equipment_035,病毒防火墙Max,骇客改件,hacking_component,是,否,,,assets/currency_wars_equipment_icons/currency_wars_equipment_035.png,0dff01418203ef0b8953f58ea464daa675e1f7dcf15d3e8f7a1862dea70d1d07,0dff01418203ef0b8953f58ea464daa675e1f7dcf15d3e8f7a1862dea70d1d07,true,2,034；035,病毒防火墙；病毒防火墙Max,30116,128,128,https://patchwiki.biligame.com/images/sr/d/d8/qfh49x0x28j4oxozvjtvvrdo1qxg92t.png,https://wiki.biligame.com/sr/%E7%97%85%E6%AF%92%E9%98%B2%E7%81%AB%E5%A2%99Max,99085,200,0dff01418203ef0b8953f58ea464daa675e1f7dcf15d3e8f7a1862dea70d1d07,true,true,HTTP 567（限流/反爬）,,equipment-contact-02.png,第3行第3列,逐项可见；未见空白、破损、异常裁切或相邻错位,同图多ID；识别时必须保留CandidateIds/Unknown，不得强收敛,BWIKI oldid=99085+PatchWiki；米游社官方V4.2仅支持骇客改件类别语义，不逐项支持16个子名称/图标,仅凭图标无法区分本簇具体ID,图标一致；具体ID不唯一
34,currency_wars_equipment_036,破解芯片,骇客改件,hacking_component,是,否,,,assets/currency_wars_equipment_icons/currency_wars_equipment_036.png,7f1683113b9e41cda1a63b4e538b1281cd1da09ce3952c5693e0ebba607626ee,7f1683113b9e41cda1a63b4e538b1281cd1da09ce3952c5693e0ebba607626ee,true,1,036,破解芯片,31045,128,128,https://patchwiki.biligame.com/images/sr/f/fb/m434g5lpflmkuhum94x1vkdpf95s04v.png,https://wiki.biligame.com/sr/%E7%A0%B4%E8%A7%A3%E8%8A%AF%E7%89%87,99085,200,7f1683113b9e41cda1a63b4e538b1281cd1da09ce3952c5693e0ebba607626ee,true,true,HTTP 567（限流/反爬）,,equipment-contact-02.png,第3行第4列,逐项可见；未见空白、破损、异常裁切或相邻错位,本地哈希唯一；未发现图标与名称错位,BWIKI oldid=99085+PatchWiki；米游社官方V4.2仅支持骇客改件类别语义，不逐项支持16个子名称/图标,单条详情页本轮受限流/反爬影响，未获得独立页面实证,图标/名称/来源无已发现冲突
35,currency_wars_equipment_037,管理员手套ProMax,骇客改件,hacking_component,是,否,,,assets/currency_wars_equipment_icons/currency_wars_equipment_037.png,5bac56504b1db84ae69062e3ecd70d19a3b66d62bae4054de1f2e407624032fd,5bac56504b1db84ae69062e3ecd70d19a3b66d62bae4054de1f2e407624032fd,true,1,037,管理员手套ProMax,32843,128,128,https://patchwiki.biligame.com/images/sr/5/59/2emick776yvh75j4ufh5knj1l1i25l0.png,https://wiki.biligame.com/sr/%E7%AE%A1%E7%90%86%E5%91%98%E6%89%8B%E5%A5%97ProMax,99085,200,5bac56504b1db84ae69062e3ecd70d19a3b66d62bae4054de1f2e407624032fd,true,true,HTTP 567（限流/反爬）,,equipment-contact-02.png,第3行第5列,逐项可见；未见空白、破损、异常裁切或相邻错位,本地哈希唯一；未发现图标与名称错位,BWIKI oldid=99085+PatchWiki；米游社官方V4.2仅支持骇客改件类别语义，不逐项支持16个子名称/图标,单条详情页本轮受限流/反爬影响，未获得独立页面实证,图标/名称/来源无已发现冲突
36,currency_wars_equipment_038,垃圾袋,？,special_material,是,是,,,assets/currency_wars_equipment_icons/currency_wars_equipment_038.png,dcff06368995fd6ca429b87f3885c8d6db241fbcd9492ddb245e9ba6b828e98f,dcff06368995fd6ca429b87f3885c8d6db241fbcd9492ddb245e9ba6b828e98f,true,1,038,垃圾袋,25685,128,128,https://patchwiki.biligame.com/images/sr/6/68/tfubi1plc8f6cbakh2y7jwl2fi493ln.png,https://wiki.biligame.com/sr/%E5%9E%83%E5%9C%BE%E8%A2%8B,99085,200,dcff06368995fd6ca429b87f3885c8d6db241fbcd9492ddb245e9ba6b828e98f,true,true,HTTP 567（限流/反爬）,,equipment-contact-02.png,第4行第1列,逐项可见；未见空白、破损、异常裁切或相邻错位,本地哈希唯一；未发现图标与名称错位,BWIKI oldid=99085+PatchWiki；米游社官方V4.0直接支持垃圾袋/金垃圾袋属于新增装备（不提供单项图标）,上游类型为“？”，本地映射 special_material；分类未获可靠来源确认,分类冲突待确认
37,currency_wars_equipment_039,金垃圾袋,？？？,special_material,是,是,,,assets/currency_wars_equipment_icons/currency_wars_equipment_039.png,b8999031cac93715af548d29aeae29006fd0ccb2d993f830593dc9d2f3099e49,b8999031cac93715af548d29aeae29006fd0ccb2d993f830593dc9d2f3099e49,true,1,039,金垃圾袋,29806,128,128,https://patchwiki.biligame.com/images/sr/2/2a/8ubsp3k0083fix177nan94xruy3h6qc.png,https://wiki.biligame.com/sr/%E9%87%91%E5%9E%83%E5%9C%BE%E8%A2%8B,99085,200,b8999031cac93715af548d29aeae29006fd0ccb2d993f830593dc9d2f3099e49,true,true,HTTP 567（限流/反爬）,,equipment-contact-02.png,第4行第2列,逐项可见；未见空白、破损、异常裁切或相邻错位,本地哈希唯一；未发现图标与名称错位,BWIKI oldid=99085+PatchWiki；米游社官方V4.0直接支持垃圾袋/金垃圾袋属于新增装备（不提供单项图标）,上游类型为“？？？”，本地映射 special_material；分类未获可靠来源确认,分类冲突待确认
38,currency_wars_equipment_040,以太钻头,简易装备,basic,是,是,,,assets/currency_wars_equipment_icons/currency_wars_equipment_040.png,3bf2828af7d7ddb7fc4dd7ec056806d1e4c0b52088be0c8ed5f43047b70de715,3bf2828af7d7ddb7fc4dd7ec056806d1e4c0b52088be0c8ed5f43047b70de715,true,1,040,以太钻头,13641,98,100,https://patchwiki.biligame.com/images/sr/6/6e/bhk964m385zlsbozvgxuyp143xatr3t.png,https://wiki.biligame.com/sr/%E4%BB%A5%E5%A4%AA%E9%92%BB%E5%A4%B4,99085,200,3bf2828af7d7ddb7fc4dd7ec056806d1e4c0b52088be0c8ed5f43047b70de715,true,true,HTTP 567（限流/反爬）,,equipment-contact-02.png,第4行第3列,逐项可见；未见空白、破损、异常裁切或相邻错位,本地哈希唯一；未发现图标与名称错位,BWIKI oldid=99085+PatchWiki；米游社官方资料仅提供玩法或少量条目补充,单条详情页本轮受限流/反爬影响，未获得独立页面实证,图标/名称/来源无已发现冲突
39,currency_wars_equipment_041,光能电池,简易装备,basic,是,是,,,assets/currency_wars_equipment_icons/currency_wars_equipment_041.png,9f391d51343b6fbdeb159b5832d4013412170df6dd49f2d4f407e54e9f7f0013,9f391d51343b6fbdeb159b5832d4013412170df6dd49f2d4f407e54e9f7f0013,true,1,041,光能电池,14421,105,106,https://patchwiki.biligame.com/images/sr/5/5a/s5tbp47335hgbqoey7at9rquqdwzgw4.png,https://wiki.biligame.com/sr/%E5%85%89%E8%83%BD%E7%94%B5%E6%B1%A0,99085,200,9f391d51343b6fbdeb159b5832d4013412170df6dd49f2d4f407e54e9f7f0013,true,true,HTTP 567（限流/反爬）,,equipment-contact-02.png,第4行第4列,逐项可见；未见空白、破损、异常裁切或相邻错位,本地哈希唯一；未发现图标与名称错位,BWIKI oldid=99085+PatchWiki；米游社官方资料仅提供玩法或少量条目补充,单条详情页本轮受限流/反爬影响，未获得独立页面实证,图标/名称/来源无已发现冲突
40,currency_wars_equipment_042,和平手枪,简易装备,basic,是,是,,,assets/currency_wars_equipment_icons/currency_wars_equipment_042.png,7fe80889efea95eea2445faadc74748aa5c236bad00ed96e1111d6b91b03eb09,7fe80889efea95eea2445faadc74748aa5c236bad00ed96e1111d6b91b03eb09,true,1,042,和平手枪,16206,115,119,https://patchwiki.biligame.com/images/sr/4/47/pzpvx95meoarawtue4rr20emrzkllqw.png,https://wiki.biligame.com/sr/%E5%92%8C%E5%B9%B3%E6%89%8B%E6%9E%AA,99085,200,7fe80889efea95eea2445faadc74748aa5c236bad00ed96e1111d6b91b03eb09,true,true,HTTP 567（限流/反爬）,,equipment-contact-02.png,第4行第5列,逐项可见；未见空白、破损、异常裁切或相邻错位,本地哈希唯一；未发现图标与名称错位,BWIKI oldid=99085+PatchWiki；米游社官方资料仅提供玩法或少量条目补充,单条详情页本轮受限流/反爬影响，未获得独立页面实证,图标/名称/来源无已发现冲突
41,currency_wars_equipment_043,幸运星,简易装备,basic,是,是,,,assets/currency_wars_equipment_icons/currency_wars_equipment_043.png,0f48b0a0f9fb6045a0c9f0955416a0016e9484e2ef46f3e1f61d84b604019bf7,0f48b0a0f9fb6045a0c9f0955416a0016e9484e2ef46f3e1f61d84b604019bf7,true,1,043,幸运星,13879,110,105,https://patchwiki.biligame.com/images/sr/f/f0/p1elhq9rvdan8fi3fnuj7q1rj626pn0.png,https://wiki.biligame.com/sr/%E5%B9%B8%E8%BF%90%E6%98%9F,99085,200,0f48b0a0f9fb6045a0c9f0955416a0016e9484e2ef46f3e1f61d84b604019bf7,true,true,HTTP 567（限流/反爬）,,equipment-contact-03.png,第1行第1列,逐项可见；未见空白、破损、异常裁切或相邻错位,本地哈希唯一；未发现图标与名称错位,BWIKI oldid=99085+PatchWiki；米游社官方资料仅提供玩法或少量条目补充,单条详情页本轮受限流/反爬影响，未获得独立页面实证,图标/名称/来源无已发现冲突
42,currency_wars_equipment_044,折叠小刀,简易装备,basic,是,是,,,assets/currency_wars_equipment_icons/currency_wars_equipment_044.png,a9e3c2be6eaef07306123fd11a9c326d182a8d7ddebcea7b06489b2783c18de4,a9e3c2be6eaef07306123fd11a9c326d182a8d7ddebcea7b06489b2783c18de4,true,1,044,折叠小刀,11910,115,99,https://patchwiki.biligame.com/images/sr/b/b6/3xtgvw37s5gakbvjzb9afhec2zkngnt.png,https://wiki.biligame.com/sr/%E6%8A%98%E5%8F%A0%E5%B0%8F%E5%88%80,99085,200,a9e3c2be6eaef07306123fd11a9c326d182a8d7ddebcea7b06489b2783c18de4,true,true,HTTP 567（限流/反爬）,,equipment-contact-03.png,第1行第2列,逐项可见；未见空白、破损、异常裁切或相邻错位,本地哈希唯一；未发现图标与名称错位,BWIKI oldid=99085+PatchWiki；米游社官方资料仅提供玩法或少量条目补充,单条详情页本轮受限流/反爬影响，未获得独立页面实证,图标/名称/来源无已发现冲突
43,currency_wars_equipment_045,生命之花,简易装备,basic,是,是,,,assets/currency_wars_equipment_icons/currency_wars_equipment_045.png,08498d5f24560de057cf968027c9dccf579e81bcf04cd8efb03806bda74e0a62,08498d5f24560de057cf968027c9dccf579e81bcf04cd8efb03806bda74e0a62,true,1,045,生命之花,19244,105,109,https://patchwiki.biligame.com/images/sr/9/9b/ova1zcng0frnbh1932iij24m58031be.png,https://wiki.biligame.com/sr/%E7%94%9F%E5%91%BD%E4%B9%8B%E8%8A%B1,99085,200,08498d5f24560de057cf968027c9dccf579e81bcf04cd8efb03806bda74e0a62,true,true,HTTP 567（限流/反爬）,,equipment-contact-03.png,第1行第3列,逐项可见；未见空白、破损、异常裁切或相邻错位,本地哈希唯一；未发现图标与名称错位,BWIKI oldid=99085+PatchWiki；米游社官方资料仅提供玩法或少量条目补充,单条详情页本轮受限流/反爬影响，未获得独立页面实证,图标/名称/来源无已发现冲突
44,currency_wars_equipment_046,轮滑鞋,简易装备,basic,是,是,,,assets/currency_wars_equipment_icons/currency_wars_equipment_046.png,35e375357edaf3cdbe3fd7d57989bf4302350ff428ce1d2160a2c555a94d67b1,35e375357edaf3cdbe3fd7d57989bf4302350ff428ce1d2160a2c555a94d67b1,true,1,046,轮滑鞋,18603,115,120,https://patchwiki.biligame.com/images/sr/f/f1/qu4txn7itc6ho8i79dv2ulrqnzhj0bh.png,https://wiki.biligame.com/sr/%E8%BD%AE%E6%BB%91%E9%9E%8B,99085,200,35e375357edaf3cdbe3fd7d57989bf4302350ff428ce1d2160a2c555a94d67b1,true,true,HTTP 567（限流/反爬）,,equipment-contact-03.png,第1行第4列,逐项可见；未见空白、破损、异常裁切或相邻错位,本地哈希唯一；未发现图标与名称错位,BWIKI oldid=99085+PatchWiki；米游社官方资料仅提供玩法或少量条目补充,单条详情页本轮受限流/反爬影响，未获得独立页面实证,图标/名称/来源无已发现冲突
45,currency_wars_equipment_047,量产型装甲,简易装备,basic,是,是,,,assets/currency_wars_equipment_icons/currency_wars_equipment_047.png,c261f505b9f0b395cf89838f153c4f073decdb3ec3076a78f9fb12def099d56f,c261f505b9f0b395cf89838f153c4f073decdb3ec3076a78f9fb12def099d56f,true,1,047,量产型装甲,14406,103,114,https://patchwiki.biligame.com/images/sr/c/c9/ahyladeaygqsp08r7ym0u4n14ued1r7.png,https://wiki.biligame.com/sr/%E9%87%8F%E4%BA%A7%E5%9E%8B%E8%A3%85%E7%94%B2,99085,200,c261f505b9f0b395cf89838f153c4f073decdb3ec3076a78f9fb12def099d56f,true,true,HTTP 567（限流/反爬）,,equipment-contact-03.png,第1行第5列,逐项可见；未见空白、破损、异常裁切或相邻错位,本地哈希唯一；未发现图标与名称错位,BWIKI oldid=99085+PatchWiki；米游社官方资料仅提供玩法或少量条目补充,单条详情页本轮受限流/反爬影响，未获得独立页面实证,图标/名称/来源无已发现冲突
46,currency_wars_equipment_048,以牙还牙甲,进阶装备,advanced,是,是,,currency_wars_equipment_047；currency_wars_equipment_043,assets/currency_wars_equipment_icons/currency_wars_equipment_048.png,0111479a0ccb4585ccb931acbaab0e9771877936a5ce7ae10850242a446e0cb9,0111479a0ccb4585ccb931acbaab0e9771877936a5ce7ae10850242a446e0cb9,true,2,048；087,以牙还牙甲；以牙还牙甲•特权,35177,128,128,https://patchwiki.biligame.com/images/sr/d/db/eo02d2gr85j4lqukmjstaz91b6ip3wu.png,https://wiki.biligame.com/sr/%E4%BB%A5%E7%89%99%E8%BF%98%E7%89%99%E7%94%B2,99085,200,0111479a0ccb4585ccb931acbaab0e9771877936a5ce7ae10850242a446e0cb9,true,true,HTTP 567（限流/反爬）,,equipment-contact-03.png,第2行第1列,逐项可见；未见空白、破损、异常裁切或相邻错位,同图多ID；识别时必须保留CandidateIds/Unknown，不得强收敛,BWIKI oldid=99085+PatchWiki；米游社官方资料仅提供玩法或少量条目补充,仅凭图标无法区分本簇具体ID,图标一致；具体ID不唯一
47,currency_wars_equipment_049,信心注入器,进阶装备,advanced,是,是,,currency_wars_equipment_047；currency_wars_equipment_044,assets/currency_wars_equipment_icons/currency_wars_equipment_049.png,56bea7098d3578a24612068268e277f53e143b1aa23ac0d32df8afadca76c09e,56bea7098d3578a24612068268e277f53e143b1aa23ac0d32df8afadca76c09e,true,2,049；088,信心注入器；信心注入器•特权,31189,128,128,https://patchwiki.biligame.com/images/sr/a/a0/4hqov03g1ee61d5brm35ncbu1ln8tje.png,https://wiki.biligame.com/sr/%E4%BF%A1%E5%BF%83%E6%B3%A8%E5%85%A5%E5%99%A8,99085,200,56bea7098d3578a24612068268e277f53e143b1aa23ac0d32df8afadca76c09e,true,true,HTTP 567（限流/反爬）,,equipment-contact-03.png,第2行第2列,逐项可见；未见空白、破损、异常裁切或相邻错位,同图多ID；识别时必须保留CandidateIds/Unknown，不得强收敛,BWIKI oldid=99085+PatchWiki；米游社官方资料仅提供玩法或少量条目补充,仅凭图标无法区分本簇具体ID,图标一致；具体ID不唯一
48,currency_wars_equipment_050,光能盾牌,进阶装备,advanced,是,是,,currency_wars_equipment_041；currency_wars_equipment_047,assets/currency_wars_equipment_icons/currency_wars_equipment_050.png,4c7f19fa94a7b2845a067e086a52874e66cd3f35ffb3533a14b142dd475fb782,4c7f19fa94a7b2845a067e086a52874e66cd3f35ffb3533a14b142dd475fb782,true,2,050；089,光能盾牌；光能盾牌•特权,23578,128,128,https://patchwiki.biligame.com/images/sr/9/96/mehybcs3df2tt1o2lv56ktaea1caa3q.png,https://wiki.biligame.com/sr/%E5%85%89%E8%83%BD%E7%9B%BE%E7%89%8C,99085,200,4c7f19fa94a7b2845a067e086a52874e66cd3f35ffb3533a14b142dd475fb782,true,true,HTTP 567（限流/反爬）,,equipment-contact-03.png,第2行第3列,逐项可见；未见空白、破损、异常裁切或相邻错位,同图多ID；识别时必须保留CandidateIds/Unknown，不得强收敛,BWIKI oldid=99085+PatchWiki；米游社官方资料仅提供玩法或少量条目补充,仅凭图标无法区分本簇具体ID,图标一致；具体ID不唯一
49,currency_wars_equipment_051,光速螺旋桨,进阶装备,advanced,是,是,,currency_wars_equipment_040；currency_wars_equipment_046,assets/currency_wars_equipment_icons/currency_wars_equipment_051.png,e6a8adcd7331b1036186a76b3190cd5746b58d89e84e5a6aa07a25860b760eb2,e6a8adcd7331b1036186a76b3190cd5746b58d89e84e5a6aa07a25860b760eb2,true,4,051；090；143；146,光速螺旋桨；光速螺旋桨•特权；极•白昼•光速螺旋桨；白昼•光速螺旋桨,31526,128,128,https://patchwiki.biligame.com/images/sr/e/ed/tuj9v192vmobh7xslh16kbia0uurl7q.png,https://wiki.biligame.com/sr/%E5%85%89%E9%80%9F%E8%9E%BA%E6%97%8B%E6%A1%A8,99085,200,e6a8adcd7331b1036186a76b3190cd5746b58d89e84e5a6aa07a25860b760eb2,true,true,HTTP 567（限流/反爬）,,equipment-contact-03.png,第2行第4列,逐项可见；未见空白、破损、异常裁切或相邻错位,同图多ID；识别时必须保留CandidateIds/Unknown，不得强收敛,BWIKI oldid=99085+PatchWiki；米游社官方资料仅提供玩法或少量条目补充,仅凭图标无法区分本簇具体ID,图标一致；具体ID不唯一
50,currency_wars_equipment_052,冷笑话引擎,进阶装备,advanced,是,是,,currency_wars_equipment_041；currency_wars_equipment_043,assets/currency_wars_equipment_icons/currency_wars_equipment_052.png,8558d839f989cfece0189ce7007c88f6deb48c685f9cfb48fa717f2e85273cc9,8558d839f989cfece0189ce7007c88f6deb48c685f9cfb48fa717f2e85273cc9,true,2,052；091,冷笑话引擎；冷笑话引擎•特权,32541,128,128,https://patchwiki.biligame.com/images/sr/a/a8/7slh4vr9sj62l96ejejxu2emvixd77o.png,https://wiki.biligame.com/sr/%E5%86%B7%E7%AC%91%E8%AF%9D%E5%BC%95%E6%93%8E,99085,200,8558d839f989cfece0189ce7007c88f6deb48c685f9cfb48fa717f2e85273cc9,true,true,HTTP 567（限流/反爬）,,equipment-contact-03.png,第2行第5列,逐项可见；未见空白、破损、异常裁切或相邻错位,同图多ID；识别时必须保留CandidateIds/Unknown，不得强收敛,BWIKI oldid=99085+PatchWiki；米游社官方资料仅提供玩法或少量条目补充,仅凭图标无法区分本簇具体ID,图标一致；具体ID不唯一
51,currency_wars_equipment_053,动能激发剑,进阶装备,advanced,是,是,,currency_wars_equipment_040；currency_wars_equipment_044,assets/currency_wars_equipment_icons/currency_wars_equipment_053.png,359b80002377cf9ecec3020db298d7dd3210dd5a6041da94304099da2f042d58,359b80002377cf9ecec3020db298d7dd3210dd5a6041da94304099da2f042d58,true,2,053；092,动能激发剑；动能激发剑•特权,29689,128,128,https://patchwiki.biligame.com/images/sr/4/4e/pfnwa5i7hlxk6ziktp34zphh6s7h757.png,https://wiki.biligame.com/sr/%E5%8A%A8%E8%83%BD%E6%BF%80%E5%8F%91%E5%89%91,99085,200,359b80002377cf9ecec3020db298d7dd3210dd5a6041da94304099da2f042d58,true,true,HTTP 567（限流/反爬）,,equipment-contact-03.png,第3行第1列,逐项可见；未见空白、破损、异常裁切或相邻错位,同图多ID；识别时必须保留CandidateIds/Unknown，不得强收敛,BWIKI oldid=99085+PatchWiki；米游社官方资料仅提供玩法或少量条目补充,仅凭图标无法区分本簇具体ID,图标一致；具体ID不唯一
52,currency_wars_equipment_054,反卫星狙击枪,进阶装备,advanced,是,是,,currency_wars_equipment_043；currency_wars_equipment_042,assets/currency_wars_equipment_icons/currency_wars_equipment_054.png,d56460779d29bc6f8e2169276f523f28c6e341ce95aa0905c903bd5e8cf415f5,d56460779d29bc6f8e2169276f523f28c6e341ce95aa0905c903bd5e8cf415f5,true,2,054；093,反卫星狙击枪；反卫星狙击枪•特权,32182,128,128,https://patchwiki.biligame.com/images/sr/7/7f/ih4obknjsrxnsotbtbgko1mtl6jtg6v.png,https://wiki.biligame.com/sr/%E5%8F%8D%E5%8D%AB%E6%98%9F%E7%8B%99%E5%87%BB%E6%9E%AA,99085,200,d56460779d29bc6f8e2169276f523f28c6e341ce95aa0905c903bd5e8cf415f5,true,true,HTTP 567（限流/反爬）,,equipment-contact-03.png,第3行第2列,逐项可见；未见空白、破损、异常裁切或相邻错位,同图多ID；识别时必须保留CandidateIds/Unknown，不得强收敛,BWIKI oldid=99085+PatchWiki；米游社官方资料仅提供玩法或少量条目补充,仅凭图标无法区分本簇具体ID,图标一致；具体ID不唯一
53,currency_wars_equipment_055,反重力皮靴,进阶装备,advanced,是,是,,currency_wars_equipment_046；currency_wars_equipment_046,assets/currency_wars_equipment_icons/currency_wars_equipment_055.png,4ed72ae50d0fe4badc8ed4aa14681ede39657bbc080e4bc89bc2d18d90f145a3,4ed72ae50d0fe4badc8ed4aa14681ede39657bbc080e4bc89bc2d18d90f145a3,true,2,055；094,反重力皮靴；反重力皮靴•特权,27496,128,128,https://patchwiki.biligame.com/images/sr/2/27/cvbi5e5z4thqgs311yf2j5ln6m5p89m.png,https://wiki.biligame.com/sr/%E5%8F%8D%E9%87%8D%E5%8A%9B%E7%9A%AE%E9%9D%B4,99085,200,4ed72ae50d0fe4badc8ed4aa14681ede39657bbc080e4bc89bc2d18d90f145a3,true,true,HTTP 567（限流/反爬）,,equipment-contact-03.png,第3行第3列,逐项可见；未见空白、破损、异常裁切或相邻错位,同图多ID；识别时必须保留CandidateIds/Unknown，不得强收敛,BWIKI oldid=99085+PatchWiki；米游社官方资料仅提供玩法或少量条目补充,仅凭图标无法区分本簇具体ID,图标一致；具体ID不唯一
54,currency_wars_equipment_056,天基轨道炮,进阶装备,advanced,是,是,,currency_wars_equipment_042；currency_wars_equipment_042,assets/currency_wars_equipment_icons/currency_wars_equipment_056.png,99b3abc3f7a8173db5accad10cbc62cf4dce5ea3fec2ed23e2d5f8f57c3ec898,99b3abc3f7a8173db5accad10cbc62cf4dce5ea3fec2ed23e2d5f8f57c3ec898,true,2,056；095,天基轨道炮；天基轨道炮•特权,36000,128,128,https://patchwiki.biligame.com/images/sr/6/65/qv6dvngy31xn8r2eorix1rfc0uu5k4z.png,https://wiki.biligame.com/sr/%E5%A4%A9%E5%9F%BA%E8%BD%A8%E9%81%93%E7%82%AE,99085,200,99b3abc3f7a8173db5accad10cbc62cf4dce5ea3fec2ed23e2d5f8f57c3ec898,true,true,HTTP 567（限流/反爬）,,equipment-contact-03.png,第3行第4列,逐项可见；未见空白、破损、异常裁切或相邻错位,同图多ID；识别时必须保留CandidateIds/Unknown，不得强收敛,BWIKI oldid=99085+PatchWiki；米游社官方资料仅提供玩法或少量条目补充,仅凭图标无法区分本簇具体ID,图标一致；具体ID不唯一
55,currency_wars_equipment_057,很硬的甲,进阶装备,advanced,是,是,,currency_wars_equipment_047；currency_wars_equipment_047,assets/currency_wars_equipment_icons/currency_wars_equipment_057.png,fe7118a0d80b31261cc4d653850bc491820b4c1be3ba1dedf59a73cdf8eb8618,fe7118a0d80b31261cc4d653850bc491820b4c1be3ba1dedf59a73cdf8eb8618,true,2,057；096,很硬的甲；很硬的甲•特权,29210,128,128,https://patchwiki.biligame.com/images/sr/0/02/mefj3fu8vx0ri4eb0c103cor4it683j.png,https://wiki.biligame.com/sr/%E5%BE%88%E7%A1%AC%E7%9A%84%E7%94%B2,99085,200,fe7118a0d80b31261cc4d653850bc491820b4c1be3ba1dedf59a73cdf8eb8618,true,true,HTTP 567（限流/反爬）,,equipment-contact-03.png,第3行第5列,逐项可见；未见空白、破损、异常裁切或相邻错位,同图多ID；识别时必须保留CandidateIds/Unknown，不得强收敛,BWIKI oldid=99085+PatchWiki；米游社官方资料仅提供玩法或少量条目补充,仅凭图标无法区分本簇具体ID,图标一致；具体ID不唯一
56,currency_wars_equipment_058,战场进化手册,进阶装备,advanced,是,是,,currency_wars_equipment_041；currency_wars_equipment_044,assets/currency_wars_equipment_icons/currency_wars_equipment_058.png,ceb9c15bd35a9524343fec674b485fc4c2695d6bc659a7a2ec311d65e9c4e78e,ceb9c15bd35a9524343fec674b485fc4c2695d6bc659a7a2ec311d65e9c4e78e,true,2,058；097,战场进化手册；战场进化手册•特权,32644,128,128,https://patchwiki.biligame.com/images/sr/9/9c/0unwdntnbtfeibmr78936k53mwugz26.png,https://wiki.biligame.com/sr/%E6%88%98%E5%9C%BA%E8%BF%9B%E5%8C%96%E6%89%8B%E5%86%8C,99085,200,ceb9c15bd35a9524343fec674b485fc4c2695d6bc659a7a2ec311d65e9c4e78e,true,true,HTTP 567（限流/反爬）,,equipment-contact-03.png,第4行第1列,逐项可见；未见空白、破损、异常裁切或相邻错位,同图多ID；识别时必须保留CandidateIds/Unknown，不得强收敛,BWIKI oldid=99085+PatchWiki；米游社官方资料仅提供玩法或少量条目补充,仅凭图标无法区分本簇具体ID,图标一致；具体ID不唯一
57,currency_wars_equipment_059,掩体生成枪,进阶装备,advanced,是,是,,currency_wars_equipment_045；currency_wars_equipment_042,assets/currency_wars_equipment_icons/currency_wars_equipment_059.png,141d508a6fdef1b32355695aae4ce660ce2ab31ddd97f7a353192992fc7b6c83,141d508a6fdef1b32355695aae4ce660ce2ab31ddd97f7a353192992fc7b6c83,true,2,059；098,掩体生成枪；掩体生成枪•特权,31931,128,128,https://patchwiki.biligame.com/images/sr/3/31/tt9chl4txl7z29941avj88i1yoedelf.png,https://wiki.biligame.com/sr/%E6%8E%A9%E4%BD%93%E7%94%9F%E6%88%90%E6%9E%AA,99085,200,141d508a6fdef1b32355695aae4ce660ce2ab31ddd97f7a353192992fc7b6c83,true,true,HTTP 567（限流/反爬）,,equipment-contact-03.png,第4行第2列,逐项可见；未见空白、破损、异常裁切或相邻错位,同图多ID；识别时必须保留CandidateIds/Unknown，不得强收敛,BWIKI oldid=99085+PatchWiki；米游社官方资料仅提供玩法或少量条目补充,仅凭图标无法区分本簇具体ID,图标一致；具体ID不唯一
58,currency_wars_equipment_060,斩首行动,进阶装备,advanced,是,是,,currency_wars_equipment_040；currency_wars_equipment_042,assets/currency_wars_equipment_icons/currency_wars_equipment_060.png,b0adf69dddd5d0a23fdd0fea212c0b83a830ed01a268fbdddcc3f9825bfbc7a5,b0adf69dddd5d0a23fdd0fea212c0b83a830ed01a268fbdddcc3f9825bfbc7a5,true,4,060；099；144；147,斩首行动；斩首行动•特权；极•白昼•斩首行动；白昼•斩首行动,31190,128,128,https://patchwiki.biligame.com/images/sr/3/36/pz3qe0xci2okxgu51qyp9zur7ejpert.png,https://wiki.biligame.com/sr/%E6%96%A9%E9%A6%96%E8%A1%8C%E5%8A%A8,99085,200,b0adf69dddd5d0a23fdd0fea212c0b83a830ed01a268fbdddcc3f9825bfbc7a5,true,true,HTTP 567（限流/反爬）,,equipment-contact-03.png,第4行第3列,逐项可见；未见空白、破损、异常裁切或相邻错位,同图多ID；识别时必须保留CandidateIds/Unknown，不得强收敛,BWIKI oldid=99085+PatchWiki；米游社官方资料仅提供玩法或少量条目补充,仅凭图标无法区分本簇具体ID,图标一致；具体ID不唯一
59,currency_wars_equipment_061,杀红眼,进阶装备,advanced,是,是,,currency_wars_equipment_045；currency_wars_equipment_044,assets/currency_wars_equipment_icons/currency_wars_equipment_061.png,f521d20bc46c8e46893fa4ebed01e15fdc6732e627607eaaf062680cad852b7b,f521d20bc46c8e46893fa4ebed01e15fdc6732e627607eaaf062680cad852b7b,true,2,061；100,杀红眼；杀红眼•特权,29300,128,128,https://patchwiki.biligame.com/images/sr/9/9d/c8u8zqx3igju3acfb4lw5inlon0t9rq.png,https://wiki.biligame.com/sr/%E6%9D%80%E7%BA%A2%E7%9C%BC,99085,200,f521d20bc46c8e46893fa4ebed01e15fdc6732e627607eaaf062680cad852b7b,true,true,HTTP 567（限流/反爬）,,equipment-contact-03.png,第4行第4列,逐项可见；未见空白、破损、异常裁切或相邻错位,同图多ID；识别时必须保留CandidateIds/Unknown，不得强收敛,BWIKI oldid=99085+PatchWiki；米游社官方资料仅提供玩法或少量条目补充,仅凭图标无法区分本簇具体ID,图标一致；具体ID不唯一
60,currency_wars_equipment_062,步步生花,进阶装备,advanced,是,是,,currency_wars_equipment_045；currency_wars_equipment_046,assets/currency_wars_equipment_icons/currency_wars_equipment_062.png,4c8eae7c74f190fa5c1fd125f6edcf48bf821f2363f91e4ab6774e0fbb20b8b7,4c8eae7c74f190fa5c1fd125f6edcf48bf821f2363f91e4ab6774e0fbb20b8b7,true,2,062；101,步步生花；步步生花•特权,31263,128,128,https://patchwiki.biligame.com/images/sr/a/a6/tp9rcxq8umu91bel9q1dgy0h5any5f3.png,https://wiki.biligame.com/sr/%E6%AD%A5%E6%AD%A5%E7%94%9F%E8%8A%B1,99085,200,4c8eae7c74f190fa5c1fd125f6edcf48bf821f2363f91e4ab6774e0fbb20b8b7,true,true,HTTP 567（限流/反爬）,,equipment-contact-03.png,第4行第5列,逐项可见；未见空白、破损、异常裁切或相邻错位,同图多ID；识别时必须保留CandidateIds/Unknown，不得强收敛,BWIKI oldid=99085+PatchWiki；米游社官方资料仅提供玩法或少量条目补充,仅凭图标无法区分本簇具体ID,图标一致；具体ID不唯一
61,currency_wars_equipment_063,武器大师,进阶装备,advanced,是,是,,currency_wars_equipment_042；currency_wars_equipment_044,assets/currency_wars_equipment_icons/currency_wars_equipment_063.png,93348c2a315f9c98e8161bda98add1b8f30ca312fd1ca69d1b26d466f4dfcc06,93348c2a315f9c98e8161bda98add1b8f30ca312fd1ca69d1b26d466f4dfcc06,true,4,063；102；145；148,武器大师；武器大师•特权；极•白昼•武器大师；白昼•武器大师,34524,128,128,https://patchwiki.biligame.com/images/sr/4/48/hgt31ij3fy4x37nmhmuads1kd3ffaw1.png,https://wiki.biligame.com/sr/%E6%AD%A6%E5%99%A8%E5%A4%A7%E5%B8%88,99085,200,93348c2a315f9c98e8161bda98add1b8f30ca312fd1ca69d1b26d466f4dfcc06,true,true,HTTP 567（限流/反爬）,,equipment-contact-04.png,第1行第1列,逐项可见；未见空白、破损、异常裁切或相邻错位,同图多ID；识别时必须保留CandidateIds/Unknown，不得强收敛,BWIKI oldid=99085+PatchWiki；米游社官方资料仅提供玩法或少量条目补充,仅凭图标无法区分本簇具体ID,图标一致；具体ID不唯一
62,currency_wars_equipment_064,永动机,进阶装备,advanced,是,是,,currency_wars_equipment_041；currency_wars_equipment_041,assets/currency_wars_equipment_icons/currency_wars_equipment_064.png,20f77f28e219c512cc588f109f488b5ea091da115a8a98ad2968abfc39b6ea7e,20f77f28e219c512cc588f109f488b5ea091da115a8a98ad2968abfc39b6ea7e,true,2,064；103,永动机；永动机•特权,32428,128,128,https://patchwiki.biligame.com/images/sr/8/85/q757o4d9skctjwjsmnow7zsyexw5le2.png,https://wiki.biligame.com/sr/%E6%B0%B8%E5%8A%A8%E6%9C%BA,99085,200,20f77f28e219c512cc588f109f488b5ea091da115a8a98ad2968abfc39b6ea7e,true,true,HTTP 567（限流/反爬）,,equipment-contact-04.png,第1行第2列,逐项可见；未见空白、破损、异常裁切或相邻错位,同图多ID；识别时必须保留CandidateIds/Unknown，不得强收敛,BWIKI oldid=99085+PatchWiki；米游社官方资料仅提供玩法或少量条目补充,仅凭图标无法区分本簇具体ID,图标一致；具体ID不唯一
63,currency_wars_equipment_065,流星飞翼,进阶装备,advanced,是,是,,currency_wars_equipment_047；currency_wars_equipment_046,assets/currency_wars_equipment_icons/currency_wars_equipment_065.png,563ed7f4a54407f1b8ee88e837789e264cb59f4cb17de0460115d5f747796d4b,563ed7f4a54407f1b8ee88e837789e264cb59f4cb17de0460115d5f747796d4b,true,2,065；104,流星飞翼；流星飞翼•特权,29579,128,128,https://patchwiki.biligame.com/images/sr/c/c4/alrn3tliluloz3vgqjrk499cd0w0da2.png,https://wiki.biligame.com/sr/%E6%B5%81%E6%98%9F%E9%A3%9E%E7%BF%BC,99085,200,563ed7f4a54407f1b8ee88e837789e264cb59f4cb17de0460115d5f747796d4b,true,true,HTTP 567（限流/反爬）,,equipment-contact-04.png,第1行第3列,逐项可见；未见空白、破损、异常裁切或相邻错位,同图多ID；识别时必须保留CandidateIds/Unknown，不得强收敛,BWIKI oldid=99085+PatchWiki；米游社官方资料仅提供玩法或少量条目补充,仅凭图标无法区分本簇具体ID,图标一致；具体ID不唯一
64,currency_wars_equipment_066,火力风暴潮,进阶装备,advanced,是,是,,currency_wars_equipment_044；currency_wars_equipment_046,assets/currency_wars_equipment_icons/currency_wars_equipment_066.png,3f53c178daa9ce82877b9e7bf4d39f0dcac781e269e892b800f0551c68d6f548,3f53c178daa9ce82877b9e7bf4d39f0dcac781e269e892b800f0551c68d6f548,true,2,066；105,火力风暴潮；火力风暴潮•特权,26355,128,128,https://patchwiki.biligame.com/images/sr/e/ec/procmtsk0qooo58ce92in7h1z2v9tv0.png,https://wiki.biligame.com/sr/%E7%81%AB%E5%8A%9B%E9%A3%8E%E6%9A%B4%E6%BD%AE,99085,200,3f53c178daa9ce82877b9e7bf4d39f0dcac781e269e892b800f0551c68d6f548,true,true,HTTP 567（限流/反爬）,,equipment-contact-04.png,第1行第4列,逐项可见；未见空白、破损、异常裁切或相邻错位,同图多ID；识别时必须保留CandidateIds/Unknown，不得强收敛,BWIKI oldid=99085+PatchWiki；米游社官方资料仅提供玩法或少量条目补充,仅凭图标无法区分本簇具体ID,图标一致；具体ID不唯一
65,currency_wars_equipment_067,热血沸腾拳,进阶装备,advanced,是,是,,currency_wars_equipment_045；currency_wars_equipment_043,assets/currency_wars_equipment_icons/currency_wars_equipment_067.png,111a5d051a9c8ceea2486d22098c6f919130418e525d151f6098ce9fa1625389,111a5d051a9c8ceea2486d22098c6f919130418e525d151f6098ce9fa1625389,true,2,067；106,热血沸腾拳；热血沸腾拳•特权,32281,128,128,https://patchwiki.biligame.com/images/sr/3/38/t7w5i6ofsl91u1vognn688cpmp6ubi3.png,https://wiki.biligame.com/sr/%E7%83%AD%E8%A1%80%E6%B2%B8%E8%85%BE%E6%8B%B3,99085,200,111a5d051a9c8ceea2486d22098c6f919130418e525d151f6098ce9fa1625389,true,true,HTTP 567（限流/反爬）,,equipment-contact-04.png,第1行第5列,逐项可见；未见空白、破损、异常裁切或相邻错位,同图多ID；识别时必须保留CandidateIds/Unknown，不得强收敛,BWIKI oldid=99085+PatchWiki；米游社官方资料仅提供玩法或少量条目补充,仅凭图标无法区分本簇具体ID,图标一致；具体ID不唯一
66,currency_wars_equipment_068,物质分解液,进阶装备,advanced,是,是,,currency_wars_equipment_040；currency_wars_equipment_045,assets/currency_wars_equipment_icons/currency_wars_equipment_068.png,4204a0b84679223ecf29a6ca036e6aa95957cf6cd33512c64e55e6ae576dbb2e,4204a0b84679223ecf29a6ca036e6aa95957cf6cd33512c64e55e6ae576dbb2e,true,2,068；107,物质分解液；物质分解液•特权,25438,128,128,https://patchwiki.biligame.com/images/sr/2/2e/owez3qwb6fk9kcaoslr3tz116fhqblr.png,https://wiki.biligame.com/sr/%E7%89%A9%E8%B4%A8%E5%88%86%E8%A7%A3%E6%B6%B2,99085,200,4204a0b84679223ecf29a6ca036e6aa95957cf6cd33512c64e55e6ae576dbb2e,true,true,HTTP 567（限流/反爬）,,equipment-contact-04.png,第2行第1列,逐项可见；未见空白、破损、异常裁切或相邻错位,同图多ID；识别时必须保留CandidateIds/Unknown，不得强收敛,BWIKI oldid=99085+PatchWiki；米游社官方资料仅提供玩法或少量条目补充,仅凭图标无法区分本簇具体ID,图标一致；具体ID不唯一
67,currency_wars_equipment_069,生命之环,进阶装备,advanced,是,是,,currency_wars_equipment_045；currency_wars_equipment_045,assets/currency_wars_equipment_icons/currency_wars_equipment_069.png,f61a5944c98c2e3d9db314585345c0e673df145de7ce9ba27cea447c8d9d2220,f61a5944c98c2e3d9db314585345c0e673df145de7ce9ba27cea447c8d9d2220,true,2,069；108,生命之环；生命之环•特权,33094,128,128,https://patchwiki.biligame.com/images/sr/a/a6/r6bi8e7h04qglgienze9g5nbz625m97.png,https://wiki.biligame.com/sr/%E7%94%9F%E5%91%BD%E4%B9%8B%E7%8E%AF,99085,200,f61a5944c98c2e3d9db314585345c0e673df145de7ce9ba27cea447c8d9d2220,true,true,HTTP 567（限流/反爬）,,equipment-contact-04.png,第2行第2列,逐项可见；未见空白、破损、异常裁切或相邻错位,同图多ID；识别时必须保留CandidateIds/Unknown，不得强收敛,BWIKI oldid=99085+PatchWiki；米游社官方资料仅提供玩法或少量条目补充,仅凭图标无法区分本簇具体ID,图标一致；具体ID不唯一
68,currency_wars_equipment_070,电光履,进阶装备,advanced,是,是,,currency_wars_equipment_041；currency_wars_equipment_046,assets/currency_wars_equipment_icons/currency_wars_equipment_070.png,88a4334ec2c83711532325576281581f338b1b709b968407b0c90458cf2b63b8,88a4334ec2c83711532325576281581f338b1b709b968407b0c90458cf2b63b8,true,2,070；109,电光履；电光履•特权,29134,128,128,https://patchwiki.biligame.com/images/sr/0/0c/kwytpntq59eppt02fspkrfkxg0zt8h8.png,https://wiki.biligame.com/sr/%E7%94%B5%E5%85%89%E5%B1%A5,99085,200,88a4334ec2c83711532325576281581f338b1b709b968407b0c90458cf2b63b8,true,true,HTTP 567（限流/反爬）,,equipment-contact-04.png,第2行第3列,逐项可见；未见空白、破损、异常裁切或相邻错位,同图多ID；识别时必须保留CandidateIds/Unknown，不得强收敛,BWIKI oldid=99085+PatchWiki；米游社官方资料仅提供玩法或少量条目补充,仅凭图标无法区分本簇具体ID,图标一致；具体ID不唯一
69,currency_wars_equipment_071,电磁弹射器,进阶装备,advanced,是,是,,currency_wars_equipment_042；currency_wars_equipment_046,assets/currency_wars_equipment_icons/currency_wars_equipment_071.png,4a5f98d5703c2f8ec46dd348a41161178ef6976ea790711cc3bef4331708ec47,4a5f98d5703c2f8ec46dd348a41161178ef6976ea790711cc3bef4331708ec47,true,2,071；110,电磁弹射器；电磁弹射器•特权,32555,128,128,https://patchwiki.biligame.com/images/sr/7/70/ok0fy6uy98drftzv20o7k5djfhbshnv.png,https://wiki.biligame.com/sr/%E7%94%B5%E7%A3%81%E5%BC%B9%E5%B0%84%E5%99%A8,99085,200,4a5f98d5703c2f8ec46dd348a41161178ef6976ea790711cc3bef4331708ec47,true,true,HTTP 567（限流/反爬）,,equipment-contact-04.png,第2行第4列,逐项可见；未见空白、破损、异常裁切或相邻错位,同图多ID；识别时必须保留CandidateIds/Unknown，不得强收敛,BWIKI oldid=99085+PatchWiki；米游社官方资料仅提供玩法或少量条目补充,仅凭图标无法区分本簇具体ID,图标一致；具体ID不唯一
70,currency_wars_equipment_072,痛觉阻断芯片,进阶装备,advanced,是,是,,currency_wars_equipment_047；currency_wars_equipment_045,assets/currency_wars_equipment_icons/currency_wars_equipment_072.png,0e381740b644f074d8d57a640343a5197bba7c3469149f96c7d6bae8ea2d124b,0e381740b644f074d8d57a640343a5197bba7c3469149f96c7d6bae8ea2d124b,true,2,072；111,痛觉阻断芯片；痛觉阻断芯片•特权,29438,128,128,https://patchwiki.biligame.com/images/sr/7/71/6549yh6pqolczbqqxp02vqdjmzfs7ke.png,https://wiki.biligame.com/sr/%E7%97%9B%E8%A7%89%E9%98%BB%E6%96%AD%E8%8A%AF%E7%89%87,99085,200,0e381740b644f074d8d57a640343a5197bba7c3469149f96c7d6bae8ea2d124b,true,true,HTTP 567（限流/反爬）,,equipment-contact-04.png,第2行第5列,逐项可见；未见空白、破损、异常裁切或相邻错位,同图多ID；识别时必须保留CandidateIds/Unknown，不得强收敛,BWIKI oldid=99085+PatchWiki；米游社官方资料仅提供玩法或少量条目补充,仅凭图标无法区分本簇具体ID,图标一致；具体ID不唯一
71,currency_wars_equipment_073,碎星斩舰刀,进阶装备,advanced,是,是,,currency_wars_equipment_044；currency_wars_equipment_044,assets/currency_wars_equipment_icons/currency_wars_equipment_073.png,bc53b2f878f643ce96519b04075f5e3d9301249e8c703dbeafc2c83098710fea,bc53b2f878f643ce96519b04075f5e3d9301249e8c703dbeafc2c83098710fea,true,2,073；112,碎星斩舰刀；碎星斩舰刀•特权,31837,128,128,https://patchwiki.biligame.com/images/sr/1/11/4tp5deflxs90qowulzea1284u7y5xj7.png,https://wiki.biligame.com/sr/%E7%A2%8E%E6%98%9F%E6%96%A9%E8%88%B0%E5%88%80,99085,200,bc53b2f878f643ce96519b04075f5e3d9301249e8c703dbeafc2c83098710fea,true,true,HTTP 567（限流/反爬）,,equipment-contact-04.png,第3行第1列,逐项可见；未见空白、破损、异常裁切或相邻错位,同图多ID；识别时必须保留CandidateIds/Unknown，不得强收敛,BWIKI oldid=99085+PatchWiki；米游社官方资料仅提供玩法或少量条目补充,仅凭图标无法区分本簇具体ID,图标一致；具体ID不唯一
72,currency_wars_equipment_074,绝对热量,进阶装备,advanced,是,是,,currency_wars_equipment_041；currency_wars_equipment_045,assets/currency_wars_equipment_icons/currency_wars_equipment_074.png,b7715ddb5c9dea4d24897d8f80a1c790c272ce6cbfa1ab336a6078c379b610d2,b7715ddb5c9dea4d24897d8f80a1c790c272ce6cbfa1ab336a6078c379b610d2,true,2,074；113,绝对热量；绝对热量•特权,30024,128,128,https://patchwiki.biligame.com/images/sr/5/58/44folvfa971o8gov65thbnxgum3u1f2.png,https://wiki.biligame.com/sr/%E7%BB%9D%E5%AF%B9%E7%83%AD%E9%87%8F,99085,200,b7715ddb5c9dea4d24897d8f80a1c790c272ce6cbfa1ab336a6078c379b610d2,true,true,HTTP 567（限流/反爬）,,equipment-contact-04.png,第3行第2列,逐项可见；未见空白、破损、异常裁切或相邻错位,同图多ID；识别时必须保留CandidateIds/Unknown，不得强收敛,BWIKI oldid=99085+PatchWiki；米游社官方资料仅提供玩法或少量条目补充,仅凭图标无法区分本簇具体ID,图标一致；具体ID不唯一
73,currency_wars_equipment_075,胜利之旗,进阶装备,advanced,是,是,,currency_wars_equipment_040；currency_wars_equipment_043,assets/currency_wars_equipment_icons/currency_wars_equipment_075.png,a7992e1a9bc95462f233d13ad4619571c80b69e62ddca7f14275f4abd006ea90,a7992e1a9bc95462f233d13ad4619571c80b69e62ddca7f14275f4abd006ea90,true,2,075；114,胜利之旗；胜利之旗•特权,25775,128,128,https://patchwiki.biligame.com/images/sr/3/31/535v3d7kzwbgfxudq0forup9v3chxok.png,https://wiki.biligame.com/sr/%E8%83%9C%E5%88%A9%E4%B9%8B%E6%97%97,99085,200,a7992e1a9bc95462f233d13ad4619571c80b69e62ddca7f14275f4abd006ea90,true,true,HTTP 567（限流/反爬）,,equipment-contact-04.png,第3行第3列,逐项可见；未见空白、破损、异常裁切或相邻错位,同图多ID；识别时必须保留CandidateIds/Unknown，不得强收敛,BWIKI oldid=99085+PatchWiki；米游社官方资料仅提供玩法或少量条目补充,仅凭图标无法区分本簇具体ID,图标一致；具体ID不唯一
74,currency_wars_equipment_076,自适应外骨骼,进阶装备,advanced,是,是,,currency_wars_equipment_047；currency_wars_equipment_042,assets/currency_wars_equipment_icons/currency_wars_equipment_076.png,4f0536a5df57dbb1fd94fa4688a2da232f7e20347f9810ad0d3633404917eaac,4f0536a5df57dbb1fd94fa4688a2da232f7e20347f9810ad0d3633404917eaac,true,2,076；115,自适应外骨骼；自适应外骨骼•特权,34365,128,128,https://patchwiki.biligame.com/images/sr/e/e7/es524rclnsrht795b56rnt1nfxkvjln.png,https://wiki.biligame.com/sr/%E8%87%AA%E9%80%82%E5%BA%94%E5%A4%96%E9%AA%A8%E9%AA%BC,99085,200,4f0536a5df57dbb1fd94fa4688a2da232f7e20347f9810ad0d3633404917eaac,true,true,HTTP 567（限流/反爬）,,equipment-contact-04.png,第3行第4列,逐项可见；未见空白、破损、异常裁切或相邻错位,同图多ID；识别时必须保留CandidateIds/Unknown，不得强收敛,BWIKI oldid=99085+PatchWiki；米游社官方资料仅提供玩法或少量条目补充,仅凭图标无法区分本簇具体ID,图标一致；具体ID不唯一
75,currency_wars_equipment_077,蓄能帆,进阶装备,advanced,是,是,,currency_wars_equipment_041；currency_wars_equipment_042,assets/currency_wars_equipment_icons/currency_wars_equipment_077.png,33121ab041df3a0573fb638f4687c2dabd116e0ba6f4ae08d6a0839d25affe9c,33121ab041df3a0573fb638f4687c2dabd116e0ba6f4ae08d6a0839d25affe9c,true,2,077；116,蓄能帆；蓄能帆•特权,34741,128,128,https://patchwiki.biligame.com/images/sr/3/31/50olq8xte3l0aeuagqh7l3gcu0hmjm6.png,https://wiki.biligame.com/sr/%E8%93%84%E8%83%BD%E5%B8%86,99085,200,33121ab041df3a0573fb638f4687c2dabd116e0ba6f4ae08d6a0839d25affe9c,true,true,HTTP 567（限流/反爬）,,equipment-contact-04.png,第3行第5列,逐项可见；未见空白、破损、异常裁切或相邻错位,同图多ID；识别时必须保留CandidateIds/Unknown，不得强收敛,BWIKI oldid=99085+PatchWiki；米游社官方资料仅提供玩法或少量条目补充,仅凭图标无法区分本簇具体ID,图标一致；具体ID不唯一
76,currency_wars_equipment_078,虫洞掘进钻头,进阶装备,advanced,是,是,,currency_wars_equipment_040；currency_wars_equipment_040,assets/currency_wars_equipment_icons/currency_wars_equipment_078.png,5468037f10a03db79db0ff7fd5c64de648cc4a5e9459279826d25a2e9d083302,5468037f10a03db79db0ff7fd5c64de648cc4a5e9459279826d25a2e9d083302,true,2,078；117,虫洞掘进钻头；虫洞掘进钻头•特权,32726,128,128,https://patchwiki.biligame.com/images/sr/5/5d/7alriyktsxdl43fuoc5z3hkqog26m5l.png,https://wiki.biligame.com/sr/%E8%99%AB%E6%B4%9E%E6%8E%98%E8%BF%9B%E9%92%BB%E5%A4%B4,99085,200,5468037f10a03db79db0ff7fd5c64de648cc4a5e9459279826d25a2e9d083302,true,true,HTTP 200 反爬占位页,,equipment-contact-04.png,第4行第1列,逐项可见；未见空白、破损、异常裁切或相邻错位,同图多ID；识别时必须保留CandidateIds/Unknown，不得强收敛,BWIKI oldid=99085+PatchWiki；米游社官方资料仅提供玩法或少量条目补充,仅凭图标无法区分本簇具体ID,图标一致；具体ID不唯一
77,currency_wars_equipment_079,行星钻地弹,进阶装备,advanced,是,是,,currency_wars_equipment_041；currency_wars_equipment_040,assets/currency_wars_equipment_icons/currency_wars_equipment_079.png,057093a212c7dc7196a410cd1fae91fec7bd4e34113ea1ffe0fd38573350dc11,057093a212c7dc7196a410cd1fae91fec7bd4e34113ea1ffe0fd38573350dc11,true,2,079；118,行星钻地弹；行星钻地弹•特权,26340,128,128,https://patchwiki.biligame.com/images/sr/2/24/4hbqrn3pq600ijf5mkqpqzdeude4h5i.png,https://wiki.biligame.com/sr/%E8%A1%8C%E6%98%9F%E9%92%BB%E5%9C%B0%E5%BC%B9,99085,200,057093a212c7dc7196a410cd1fae91fec7bd4e34113ea1ffe0fd38573350dc11,true,true,HTTP 567（限流/反爬）,,equipment-contact-04.png,第4行第2列,逐项可见；未见空白、破损、异常裁切或相邻错位,同图多ID；识别时必须保留CandidateIds/Unknown，不得强收敛,BWIKI oldid=99085+PatchWiki；米游社官方资料仅提供玩法或少量条目补充,仅凭图标无法区分本簇具体ID,图标一致；具体ID不唯一
78,currency_wars_equipment_080,追逐星辰,进阶装备,advanced,是,是,,currency_wars_equipment_043；currency_wars_equipment_046,assets/currency_wars_equipment_icons/currency_wars_equipment_080.png,ef05ef9c99143308d34121776f49b584f899a13afff12bc3d8ae58c6acac8898,ef05ef9c99143308d34121776f49b584f899a13afff12bc3d8ae58c6acac8898,true,2,080；119,追逐星辰；追逐星辰•特权,33526,128,128,https://patchwiki.biligame.com/images/sr/9/99/b0d8lme3910kdmbez1qs905zlxudaz6.png,https://wiki.biligame.com/sr/%E8%BF%BD%E9%80%90%E6%98%9F%E8%BE%B0,99085,200,ef05ef9c99143308d34121776f49b584f899a13afff12bc3d8ae58c6acac8898,true,true,HTTP 200 反爬占位页,,equipment-contact-04.png,第4行第3列,逐项可见；未见空白、破损、异常裁切或相邻错位,同图多ID；识别时必须保留CandidateIds/Unknown，不得强收敛,BWIKI oldid=99085+PatchWiki；米游社官方资料仅提供玩法或少量条目补充,仅凭图标无法区分本簇具体ID,图标一致；具体ID不唯一
79,currency_wars_equipment_081,闪光手榴弹,进阶装备,advanced,是,是,,currency_wars_equipment_040；currency_wars_equipment_047,assets/currency_wars_equipment_icons/currency_wars_equipment_081.png,014ef547bca716049301e771bb5f9ff025777d31210818901237269f6872a98b,014ef547bca716049301e771bb5f9ff025777d31210818901237269f6872a98b,true,2,081；120,闪光手榴弹；闪光手榴弹•特权,31824,128,128,https://patchwiki.biligame.com/images/sr/8/85/kubtrv6ger3f7d36hfttomyu0smwfvk.png,https://wiki.biligame.com/sr/%E9%97%AA%E5%85%89%E6%89%8B%E6%A6%B4%E5%BC%B9,99085,200,014ef547bca716049301e771bb5f9ff025777d31210818901237269f6872a98b,true,true,HTTP 200 反爬占位页,,equipment-contact-04.png,第4行第4列,逐项可见；未见空白、破损、异常裁切或相邻错位,同图多ID；识别时必须保留CandidateIds/Unknown，不得强收敛,BWIKI oldid=99085+PatchWiki；米游社官方资料仅提供玩法或少量条目补充,仅凭图标无法区分本簇具体ID,图标一致；具体ID不唯一
80,currency_wars_equipment_082,随便骰子,进阶装备,advanced,是,是,,currency_wars_equipment_043；currency_wars_equipment_043,assets/currency_wars_equipment_icons/currency_wars_equipment_082.png,41503631a9126cb5eff4a7386e577541e7a29c980222264e131febf96517b31b,41503631a9126cb5eff4a7386e577541e7a29c980222264e131febf96517b31b,true,2,082；121,随便骰子；随便骰子•特权,24563,128,128,https://patchwiki.biligame.com/images/sr/f/fe/2r86qfn8jis73yz7ymp1keg0ljkppe8.png,https://wiki.biligame.com/sr/%E9%9A%8F%E4%BE%BF%E9%AA%B0%E5%AD%90,99085,200,41503631a9126cb5eff4a7386e577541e7a29c980222264e131febf96517b31b,true,true,HTTP 200 反爬占位页,,equipment-contact-04.png,第4行第5列,逐项可见；未见空白、破损、异常裁切或相邻错位,同图多ID；识别时必须保留CandidateIds/Unknown，不得强收敛,BWIKI oldid=99085+PatchWiki；米游社官方资料仅提供玩法或少量条目补充,仅凭图标无法区分本簇具体ID,图标一致；具体ID不唯一
81,currency_wars_equipment_083,高周波电锯,进阶装备,advanced,是,是,,currency_wars_equipment_043；currency_wars_equipment_044,assets/currency_wars_equipment_icons/currency_wars_equipment_083.png,68bb0c44f85d14e6d41ada9323292b90c02acd6ff956315e456b912f73c8bf4e,68bb0c44f85d14e6d41ada9323292b90c02acd6ff956315e456b912f73c8bf4e,true,2,083；122,高周波电锯；高周波电锯•特权,30328,128,128,https://patchwiki.biligame.com/images/sr/d/d1/295dp1qdznous57998ddav5rpftk3q2.png,https://wiki.biligame.com/sr/%E9%AB%98%E5%91%A8%E6%B3%A2%E7%94%B5%E9%94%AF,99085,200,68bb0c44f85d14e6d41ada9323292b90c02acd6ff956315e456b912f73c8bf4e,true,true,HTTP 200 反爬占位页,,equipment-contact-05.png,第1行第1列,逐项可见；未见空白、破损、异常裁切或相邻错位,同图多ID；识别时必须保留CandidateIds/Unknown，不得强收敛,BWIKI oldid=99085+PatchWiki；米游社官方资料仅提供玩法或少量条目补充,仅凭图标无法区分本簇具体ID,图标一致；具体ID不唯一
82,currency_wars_equipment_084,红钻,钻石,gem_material,是,是,,,assets/currency_wars_equipment_icons/currency_wars_equipment_084.png,89a8842bef4cd82a65c23ccc24c11539b90bd4c9f3245e3d46d5238e1c1f7999,89a8842bef4cd82a65c23ccc24c11539b90bd4c9f3245e3d46d5238e1c1f7999,true,1,084,红钻,25537,128,128,https://patchwiki.biligame.com/images/sr/4/42/2u1q96qnbehmsfl5aothiodopwi83gn.png,https://wiki.biligame.com/sr/%E7%BA%A2%E9%92%BB,99085,200,89a8842bef4cd82a65c23ccc24c11539b90bd4c9f3245e3d46d5238e1c1f7999,true,true,HTTP 200 反爬占位页,,equipment-contact-05.png,第1行第2列,逐项可见；未见空白、破损、异常裁切或相邻错位,本地哈希唯一；未发现图标与名称错位,BWIKI oldid=99085+PatchWiki；米游社官方资料仅提供玩法或少量条目补充,单条详情页本轮受限流/反爬影响，未获得独立页面实证,图标/名称/来源无已发现冲突
83,currency_wars_equipment_085,蓝钻,钻石,gem_material,是,是,,,assets/currency_wars_equipment_icons/currency_wars_equipment_085.png,7d996184f8090bd7a0bb79699810f2a9e1cdebd52fde7ed2cf34ec7e8e6d143c,7d996184f8090bd7a0bb79699810f2a9e1cdebd52fde7ed2cf34ec7e8e6d143c,true,1,085,蓝钻,23266,128,128,https://patchwiki.biligame.com/images/sr/b/b5/jy9fk5wb7wlcv16m191bwp2fjzkd8d5.png,https://wiki.biligame.com/sr/%E8%93%9D%E9%92%BB,99085,200,7d996184f8090bd7a0bb79699810f2a9e1cdebd52fde7ed2cf34ec7e8e6d143c,true,true,HTTP 200 反爬占位页,,equipment-contact-05.png,第1行第3列,逐项可见；未见空白、破损、异常裁切或相邻错位,本地哈希唯一；未发现图标与名称错位,BWIKI oldid=99085+PatchWiki；米游社官方资料仅提供玩法或少量条目补充,单条详情页本轮受限流/反爬影响，未获得独立页面实证,图标/名称/来源无已发现冲突
84,currency_wars_equipment_086,财富宝钻,宝钻,wealth_gem,是,是,,currency_wars_equipment_084；currency_wars_equipment_084,assets/currency_wars_equipment_icons/currency_wars_equipment_086.png,1e13d90dc6590245df3aa2df61285035f1a37d311dba5770e7588e4d5e9543cb,1e13d90dc6590245df3aa2df61285035f1a37d311dba5770e7588e4d5e9543cb,true,1,086,财富宝钻,25733,128,128,https://patchwiki.biligame.com/images/sr/6/6b/61t8p4n2dqp3hckscoinmra0mypyfsl.png,https://wiki.biligame.com/sr/%E8%B4%A2%E5%AF%8C%E5%AE%9D%E9%92%BB,99085,200,1e13d90dc6590245df3aa2df61285035f1a37d311dba5770e7588e4d5e9543cb,true,true,HTTP 200 反爬占位页,,equipment-contact-05.png,第1行第4列,逐项可见；未见空白、破损、异常裁切或相邻错位,本地哈希唯一；未发现图标与名称错位,BWIKI oldid=99085+PatchWiki；米游社官方资料仅提供玩法或少量条目补充,单条详情页本轮受限流/反爬影响，未获得独立页面实证,图标/名称/来源无已发现冲突
85,currency_wars_equipment_087,以牙还牙甲•特权,特权装备,privileged,是,是,currency_wars_equipment_048,,assets/currency_wars_equipment_icons/currency_wars_equipment_087.png,0111479a0ccb4585ccb931acbaab0e9771877936a5ce7ae10850242a446e0cb9,0111479a0ccb4585ccb931acbaab0e9771877936a5ce7ae10850242a446e0cb9,true,2,048；087,以牙还牙甲；以牙还牙甲•特权,35177,128,128,https://patchwiki.biligame.com/images/sr/b/b9/eo02d2gr85j4lqukmjstaz91b6ip3wu.png,https://wiki.biligame.com/sr/%E4%BB%A5%E7%89%99%E8%BF%98%E7%89%99%E7%94%B2%E2%80%A2%E7%89%B9%E6%9D%83,99085,200,0111479a0ccb4585ccb931acbaab0e9771877936a5ce7ae10850242a446e0cb9,true,true,HTTP 200 反爬占位页,,equipment-contact-05.png,第1行第5列,逐项可见；未见空白、破损、异常裁切或相邻错位,同图多ID；识别时必须保留CandidateIds/Unknown，不得强收敛,BWIKI oldid=99085+PatchWiki；米游社官方资料仅提供玩法或少量条目补充,仅凭图标无法区分本簇具体ID,图标一致；具体ID不唯一
86,currency_wars_equipment_088,信心注入器•特权,特权装备,privileged,是,是,currency_wars_equipment_049,,assets/currency_wars_equipment_icons/currency_wars_equipment_088.png,56bea7098d3578a24612068268e277f53e143b1aa23ac0d32df8afadca76c09e,56bea7098d3578a24612068268e277f53e143b1aa23ac0d32df8afadca76c09e,true,2,049；088,信心注入器；信心注入器•特权,31189,128,128,https://patchwiki.biligame.com/images/sr/1/19/4hqov03g1ee61d5brm35ncbu1ln8tje.png,https://wiki.biligame.com/sr/%E4%BF%A1%E5%BF%83%E6%B3%A8%E5%85%A5%E5%99%A8%E2%80%A2%E7%89%B9%E6%9D%83,99085,200,56bea7098d3578a24612068268e277f53e143b1aa23ac0d32df8afadca76c09e,true,true,HTTP 200 反爬占位页,,equipment-contact-05.png,第2行第1列,逐项可见；未见空白、破损、异常裁切或相邻错位,同图多ID；识别时必须保留CandidateIds/Unknown，不得强收敛,BWIKI oldid=99085+PatchWiki；米游社官方资料仅提供玩法或少量条目补充,仅凭图标无法区分本簇具体ID,图标一致；具体ID不唯一
87,currency_wars_equipment_089,光能盾牌•特权,特权装备,privileged,是,是,currency_wars_equipment_050,,assets/currency_wars_equipment_icons/currency_wars_equipment_089.png,4c7f19fa94a7b2845a067e086a52874e66cd3f35ffb3533a14b142dd475fb782,4c7f19fa94a7b2845a067e086a52874e66cd3f35ffb3533a14b142dd475fb782,true,2,050；089,光能盾牌；光能盾牌•特权,23578,128,128,https://patchwiki.biligame.com/images/sr/3/3b/mehybcs3df2tt1o2lv56ktaea1caa3q.png,https://wiki.biligame.com/sr/%E5%85%89%E8%83%BD%E7%9B%BE%E7%89%8C%E2%80%A2%E7%89%B9%E6%9D%83,99085,200,4c7f19fa94a7b2845a067e086a52874e66cd3f35ffb3533a14b142dd475fb782,true,true,HTTP 200 反爬占位页,,equipment-contact-05.png,第2行第2列,逐项可见；未见空白、破损、异常裁切或相邻错位,同图多ID；识别时必须保留CandidateIds/Unknown，不得强收敛,BWIKI oldid=99085+PatchWiki；米游社官方资料仅提供玩法或少量条目补充,仅凭图标无法区分本簇具体ID,图标一致；具体ID不唯一
88,currency_wars_equipment_090,光速螺旋桨•特权,特权装备,privileged,是,是,currency_wars_equipment_051,,assets/currency_wars_equipment_icons/currency_wars_equipment_090.png,e6a8adcd7331b1036186a76b3190cd5746b58d89e84e5a6aa07a25860b760eb2,e6a8adcd7331b1036186a76b3190cd5746b58d89e84e5a6aa07a25860b760eb2,true,4,051；090；143；146,光速螺旋桨；光速螺旋桨•特权；极•白昼•光速螺旋桨；白昼•光速螺旋桨,31526,128,128,https://patchwiki.biligame.com/images/sr/9/99/tuj9v192vmobh7xslh16kbia0uurl7q.png,https://wiki.biligame.com/sr/%E5%85%89%E9%80%9F%E8%9E%BA%E6%97%8B%E6%A1%A8%E2%80%A2%E7%89%B9%E6%9D%83,99085,200,e6a8adcd7331b1036186a76b3190cd5746b58d89e84e5a6aa07a25860b760eb2,true,true,HTTP 200 反爬占位页,,equipment-contact-05.png,第2行第3列,逐项可见；未见空白、破损、异常裁切或相邻错位,同图多ID；识别时必须保留CandidateIds/Unknown，不得强收敛,BWIKI oldid=99085+PatchWiki；米游社官方资料仅提供玩法或少量条目补充,仅凭图标无法区分本簇具体ID,图标一致；具体ID不唯一
89,currency_wars_equipment_091,冷笑话引擎•特权,特权装备,privileged,是,是,currency_wars_equipment_052,,assets/currency_wars_equipment_icons/currency_wars_equipment_091.png,8558d839f989cfece0189ce7007c88f6deb48c685f9cfb48fa717f2e85273cc9,8558d839f989cfece0189ce7007c88f6deb48c685f9cfb48fa717f2e85273cc9,true,2,052；091,冷笑话引擎；冷笑话引擎•特权,32541,128,128,https://patchwiki.biligame.com/images/sr/0/00/7slh4vr9sj62l96ejejxu2emvixd77o.png,https://wiki.biligame.com/sr/%E5%86%B7%E7%AC%91%E8%AF%9D%E5%BC%95%E6%93%8E%E2%80%A2%E7%89%B9%E6%9D%83,99085,200,8558d839f989cfece0189ce7007c88f6deb48c685f9cfb48fa717f2e85273cc9,true,true,HTTP 200 反爬占位页,,equipment-contact-05.png,第2行第4列,逐项可见；未见空白、破损、异常裁切或相邻错位,同图多ID；识别时必须保留CandidateIds/Unknown，不得强收敛,BWIKI oldid=99085+PatchWiki；米游社官方资料仅提供玩法或少量条目补充,仅凭图标无法区分本簇具体ID,图标一致；具体ID不唯一
90,currency_wars_equipment_092,动能激发剑•特权,特权装备,privileged,是,是,currency_wars_equipment_053,,assets/currency_wars_equipment_icons/currency_wars_equipment_092.png,359b80002377cf9ecec3020db298d7dd3210dd5a6041da94304099da2f042d58,359b80002377cf9ecec3020db298d7dd3210dd5a6041da94304099da2f042d58,true,2,053；092,动能激发剑；动能激发剑•特权,29689,128,128,https://patchwiki.biligame.com/images/sr/5/53/pfnwa5i7hlxk6ziktp34zphh6s7h757.png,https://wiki.biligame.com/sr/%E5%8A%A8%E8%83%BD%E6%BF%80%E5%8F%91%E5%89%91%E2%80%A2%E7%89%B9%E6%9D%83,99085,200,359b80002377cf9ecec3020db298d7dd3210dd5a6041da94304099da2f042d58,true,true,HTTP 200 反爬占位页,,equipment-contact-05.png,第2行第5列,逐项可见；未见空白、破损、异常裁切或相邻错位,同图多ID；识别时必须保留CandidateIds/Unknown，不得强收敛,BWIKI oldid=99085+PatchWiki；米游社官方资料仅提供玩法或少量条目补充,仅凭图标无法区分本簇具体ID,图标一致；具体ID不唯一
91,currency_wars_equipment_093,反卫星狙击枪•特权,特权装备,privileged,是,是,currency_wars_equipment_054,,assets/currency_wars_equipment_icons/currency_wars_equipment_093.png,d56460779d29bc6f8e2169276f523f28c6e341ce95aa0905c903bd5e8cf415f5,d56460779d29bc6f8e2169276f523f28c6e341ce95aa0905c903bd5e8cf415f5,true,2,054；093,反卫星狙击枪；反卫星狙击枪•特权,32182,128,128,https://patchwiki.biligame.com/images/sr/0/0f/ih4obknjsrxnsotbtbgko1mtl6jtg6v.png,https://wiki.biligame.com/sr/%E5%8F%8D%E5%8D%AB%E6%98%9F%E7%8B%99%E5%87%BB%E6%9E%AA%E2%80%A2%E7%89%B9%E6%9D%83,99085,200,d56460779d29bc6f8e2169276f523f28c6e341ce95aa0905c903bd5e8cf415f5,true,true,HTTP 200 反爬占位页,,equipment-contact-05.png,第3行第1列,逐项可见；未见空白、破损、异常裁切或相邻错位,同图多ID；识别时必须保留CandidateIds/Unknown，不得强收敛,BWIKI oldid=99085+PatchWiki；米游社官方资料仅提供玩法或少量条目补充,仅凭图标无法区分本簇具体ID,图标一致；具体ID不唯一
92,currency_wars_equipment_094,反重力皮靴•特权,特权装备,privileged,是,是,currency_wars_equipment_055,,assets/currency_wars_equipment_icons/currency_wars_equipment_094.png,4ed72ae50d0fe4badc8ed4aa14681ede39657bbc080e4bc89bc2d18d90f145a3,4ed72ae50d0fe4badc8ed4aa14681ede39657bbc080e4bc89bc2d18d90f145a3,true,2,055；094,反重力皮靴；反重力皮靴•特权,27496,128,128,https://patchwiki.biligame.com/images/sr/9/9d/cvbi5e5z4thqgs311yf2j5ln6m5p89m.png,https://wiki.biligame.com/sr/%E5%8F%8D%E9%87%8D%E5%8A%9B%E7%9A%AE%E9%9D%B4%E2%80%A2%E7%89%B9%E6%9D%83,99085,200,4ed72ae50d0fe4badc8ed4aa14681ede39657bbc080e4bc89bc2d18d90f145a3,true,true,HTTP 200 反爬占位页,,equipment-contact-05.png,第3行第2列,逐项可见；未见空白、破损、异常裁切或相邻错位,同图多ID；识别时必须保留CandidateIds/Unknown，不得强收敛,BWIKI oldid=99085+PatchWiki；米游社官方资料仅提供玩法或少量条目补充,仅凭图标无法区分本簇具体ID,图标一致；具体ID不唯一
93,currency_wars_equipment_095,天基轨道炮•特权,特权装备,privileged,是,是,currency_wars_equipment_056,,assets/currency_wars_equipment_icons/currency_wars_equipment_095.png,99b3abc3f7a8173db5accad10cbc62cf4dce5ea3fec2ed23e2d5f8f57c3ec898,99b3abc3f7a8173db5accad10cbc62cf4dce5ea3fec2ed23e2d5f8f57c3ec898,true,2,056；095,天基轨道炮；天基轨道炮•特权,36000,128,128,https://patchwiki.biligame.com/images/sr/4/4a/qv6dvngy31xn8r2eorix1rfc0uu5k4z.png,https://wiki.biligame.com/sr/%E5%A4%A9%E5%9F%BA%E8%BD%A8%E9%81%93%E7%82%AE%E2%80%A2%E7%89%B9%E6%9D%83,99085,200,99b3abc3f7a8173db5accad10cbc62cf4dce5ea3fec2ed23e2d5f8f57c3ec898,true,true,HTTP 200 反爬占位页,,equipment-contact-05.png,第3行第3列,逐项可见；未见空白、破损、异常裁切或相邻错位,同图多ID；识别时必须保留CandidateIds/Unknown，不得强收敛,BWIKI oldid=99085+PatchWiki；米游社官方资料仅提供玩法或少量条目补充,仅凭图标无法区分本簇具体ID,图标一致；具体ID不唯一
94,currency_wars_equipment_096,很硬的甲•特权,特权装备,privileged,是,是,currency_wars_equipment_057,,assets/currency_wars_equipment_icons/currency_wars_equipment_096.png,fe7118a0d80b31261cc4d653850bc491820b4c1be3ba1dedf59a73cdf8eb8618,fe7118a0d80b31261cc4d653850bc491820b4c1be3ba1dedf59a73cdf8eb8618,true,2,057；096,很硬的甲；很硬的甲•特权,29210,128,128,https://patchwiki.biligame.com/images/sr/f/fe/mefj3fu8vx0ri4eb0c103cor4it683j.png,https://wiki.biligame.com/sr/%E5%BE%88%E7%A1%AC%E7%9A%84%E7%94%B2%E2%80%A2%E7%89%B9%E6%9D%83,99085,200,fe7118a0d80b31261cc4d653850bc491820b4c1be3ba1dedf59a73cdf8eb8618,true,true,HTTP 200 反爬占位页,,equipment-contact-05.png,第3行第4列,逐项可见；未见空白、破损、异常裁切或相邻错位,同图多ID；识别时必须保留CandidateIds/Unknown，不得强收敛,BWIKI oldid=99085+PatchWiki；米游社官方资料仅提供玩法或少量条目补充,仅凭图标无法区分本簇具体ID,图标一致；具体ID不唯一
95,currency_wars_equipment_097,战场进化手册•特权,特权装备,privileged,是,是,currency_wars_equipment_058,,assets/currency_wars_equipment_icons/currency_wars_equipment_097.png,ceb9c15bd35a9524343fec674b485fc4c2695d6bc659a7a2ec311d65e9c4e78e,ceb9c15bd35a9524343fec674b485fc4c2695d6bc659a7a2ec311d65e9c4e78e,true,2,058；097,战场进化手册；战场进化手册•特权,32644,128,128,https://patchwiki.biligame.com/images/sr/b/b0/0unwdntnbtfeibmr78936k53mwugz26.png,https://wiki.biligame.com/sr/%E6%88%98%E5%9C%BA%E8%BF%9B%E5%8C%96%E6%89%8B%E5%86%8C%E2%80%A2%E7%89%B9%E6%9D%83,99085,200,ceb9c15bd35a9524343fec674b485fc4c2695d6bc659a7a2ec311d65e9c4e78e,true,true,HTTP 200 反爬占位页,,equipment-contact-05.png,第3行第5列,逐项可见；未见空白、破损、异常裁切或相邻错位,同图多ID；识别时必须保留CandidateIds/Unknown，不得强收敛,BWIKI oldid=99085+PatchWiki；米游社官方资料仅提供玩法或少量条目补充,仅凭图标无法区分本簇具体ID,图标一致；具体ID不唯一
96,currency_wars_equipment_098,掩体生成枪•特权,特权装备,privileged,是,是,currency_wars_equipment_059,,assets/currency_wars_equipment_icons/currency_wars_equipment_098.png,141d508a6fdef1b32355695aae4ce660ce2ab31ddd97f7a353192992fc7b6c83,141d508a6fdef1b32355695aae4ce660ce2ab31ddd97f7a353192992fc7b6c83,true,2,059；098,掩体生成枪；掩体生成枪•特权,31931,128,128,https://patchwiki.biligame.com/images/sr/3/3a/tt9chl4txl7z29941avj88i1yoedelf.png,https://wiki.biligame.com/sr/%E6%8E%A9%E4%BD%93%E7%94%9F%E6%88%90%E6%9E%AA%E2%80%A2%E7%89%B9%E6%9D%83,99085,200,141d508a6fdef1b32355695aae4ce660ce2ab31ddd97f7a353192992fc7b6c83,true,true,HTTP 200 反爬占位页,,equipment-contact-05.png,第4行第1列,逐项可见；未见空白、破损、异常裁切或相邻错位,同图多ID；识别时必须保留CandidateIds/Unknown，不得强收敛,BWIKI oldid=99085+PatchWiki；米游社官方资料仅提供玩法或少量条目补充,仅凭图标无法区分本簇具体ID,图标一致；具体ID不唯一
97,currency_wars_equipment_099,斩首行动•特权,特权装备,privileged,是,是,currency_wars_equipment_060,,assets/currency_wars_equipment_icons/currency_wars_equipment_099.png,b0adf69dddd5d0a23fdd0fea212c0b83a830ed01a268fbdddcc3f9825bfbc7a5,b0adf69dddd5d0a23fdd0fea212c0b83a830ed01a268fbdddcc3f9825bfbc7a5,true,4,060；099；144；147,斩首行动；斩首行动•特权；极•白昼•斩首行动；白昼•斩首行动,31190,128,128,https://patchwiki.biligame.com/images/sr/d/dc/pz3qe0xci2okxgu51qyp9zur7ejpert.png,https://wiki.biligame.com/sr/%E6%96%A9%E9%A6%96%E8%A1%8C%E5%8A%A8%E2%80%A2%E7%89%B9%E6%9D%83,99085,200,b0adf69dddd5d0a23fdd0fea212c0b83a830ed01a268fbdddcc3f9825bfbc7a5,true,true,HTTP 200 反爬占位页,,equipment-contact-05.png,第4行第2列,逐项可见；未见空白、破损、异常裁切或相邻错位,同图多ID；识别时必须保留CandidateIds/Unknown，不得强收敛,BWIKI oldid=99085+PatchWiki；米游社官方资料仅提供玩法或少量条目补充,仅凭图标无法区分本簇具体ID,图标一致；具体ID不唯一
98,currency_wars_equipment_100,杀红眼•特权,特权装备,privileged,是,是,currency_wars_equipment_061,,assets/currency_wars_equipment_icons/currency_wars_equipment_100.png,f521d20bc46c8e46893fa4ebed01e15fdc6732e627607eaaf062680cad852b7b,f521d20bc46c8e46893fa4ebed01e15fdc6732e627607eaaf062680cad852b7b,true,2,061；100,杀红眼；杀红眼•特权,29300,128,128,https://patchwiki.biligame.com/images/sr/0/06/c8u8zqx3igju3acfb4lw5inlon0t9rq.png,https://wiki.biligame.com/sr/%E6%9D%80%E7%BA%A2%E7%9C%BC%E2%80%A2%E7%89%B9%E6%9D%83,99085,200,f521d20bc46c8e46893fa4ebed01e15fdc6732e627607eaaf062680cad852b7b,true,true,HTTP 200 反爬占位页,,equipment-contact-05.png,第4行第3列,逐项可见；未见空白、破损、异常裁切或相邻错位,同图多ID；识别时必须保留CandidateIds/Unknown，不得强收敛,BWIKI oldid=99085+PatchWiki；米游社官方资料仅提供玩法或少量条目补充,仅凭图标无法区分本簇具体ID,图标一致；具体ID不唯一
99,currency_wars_equipment_101,步步生花•特权,特权装备,privileged,是,是,currency_wars_equipment_062,,assets/currency_wars_equipment_icons/currency_wars_equipment_101.png,4c8eae7c74f190fa5c1fd125f6edcf48bf821f2363f91e4ab6774e0fbb20b8b7,4c8eae7c74f190fa5c1fd125f6edcf48bf821f2363f91e4ab6774e0fbb20b8b7,true,2,062；101,步步生花；步步生花•特权,31263,128,128,https://patchwiki.biligame.com/images/sr/3/39/tp9rcxq8umu91bel9q1dgy0h5any5f3.png,https://wiki.biligame.com/sr/%E6%AD%A5%E6%AD%A5%E7%94%9F%E8%8A%B1%E2%80%A2%E7%89%B9%E6%9D%83,99085,200,4c8eae7c74f190fa5c1fd125f6edcf48bf821f2363f91e4ab6774e0fbb20b8b7,true,true,HTTP 200 反爬占位页,,equipment-contact-05.png,第4行第4列,逐项可见；未见空白、破损、异常裁切或相邻错位,同图多ID；识别时必须保留CandidateIds/Unknown，不得强收敛,BWIKI oldid=99085+PatchWiki；米游社官方资料仅提供玩法或少量条目补充,仅凭图标无法区分本簇具体ID,图标一致；具体ID不唯一
100,currency_wars_equipment_102,武器大师•特权,特权装备,privileged,是,是,currency_wars_equipment_063,,assets/currency_wars_equipment_icons/currency_wars_equipment_102.png,93348c2a315f9c98e8161bda98add1b8f30ca312fd1ca69d1b26d466f4dfcc06,93348c2a315f9c98e8161bda98add1b8f30ca312fd1ca69d1b26d466f4dfcc06,true,4,063；102；145；148,武器大师；武器大师•特权；极•白昼•武器大师；白昼•武器大师,34524,128,128,https://patchwiki.biligame.com/images/sr/6/61/hgt31ij3fy4x37nmhmuads1kd3ffaw1.png,https://wiki.biligame.com/sr/%E6%AD%A6%E5%99%A8%E5%A4%A7%E5%B8%88%E2%80%A2%E7%89%B9%E6%9D%83,99085,200,93348c2a315f9c98e8161bda98add1b8f30ca312fd1ca69d1b26d466f4dfcc06,true,true,HTTP 200 反爬占位页,,equipment-contact-05.png,第4行第5列,逐项可见；未见空白、破损、异常裁切或相邻错位,同图多ID；识别时必须保留CandidateIds/Unknown，不得强收敛,BWIKI oldid=99085+PatchWiki；米游社官方资料仅提供玩法或少量条目补充,仅凭图标无法区分本簇具体ID,图标一致；具体ID不唯一
101,currency_wars_equipment_103,永动机•特权,特权装备,privileged,是,是,currency_wars_equipment_064,,assets/currency_wars_equipment_icons/currency_wars_equipment_103.png,20f77f28e219c512cc588f109f488b5ea091da115a8a98ad2968abfc39b6ea7e,20f77f28e219c512cc588f109f488b5ea091da115a8a98ad2968abfc39b6ea7e,true,2,064；103,永动机；永动机•特权,32428,128,128,https://patchwiki.biligame.com/images/sr/9/90/q757o4d9skctjwjsmnow7zsyexw5le2.png,https://wiki.biligame.com/sr/%E6%B0%B8%E5%8A%A8%E6%9C%BA%E2%80%A2%E7%89%B9%E6%9D%83,99085,200,20f77f28e219c512cc588f109f488b5ea091da115a8a98ad2968abfc39b6ea7e,true,true,HTTP 200 反爬占位页,,equipment-contact-06.png,第1行第1列,逐项可见；未见空白、破损、异常裁切或相邻错位,同图多ID；识别时必须保留CandidateIds/Unknown，不得强收敛,BWIKI oldid=99085+PatchWiki；米游社官方资料仅提供玩法或少量条目补充,仅凭图标无法区分本簇具体ID,图标一致；具体ID不唯一
102,currency_wars_equipment_104,流星飞翼•特权,特权装备,privileged,是,是,currency_wars_equipment_065,,assets/currency_wars_equipment_icons/currency_wars_equipment_104.png,563ed7f4a54407f1b8ee88e837789e264cb59f4cb17de0460115d5f747796d4b,563ed7f4a54407f1b8ee88e837789e264cb59f4cb17de0460115d5f747796d4b,true,2,065；104,流星飞翼；流星飞翼•特权,29579,128,128,https://patchwiki.biligame.com/images/sr/f/f0/alrn3tliluloz3vgqjrk499cd0w0da2.png,https://wiki.biligame.com/sr/%E6%B5%81%E6%98%9F%E9%A3%9E%E7%BF%BC%E2%80%A2%E7%89%B9%E6%9D%83,99085,200,563ed7f4a54407f1b8ee88e837789e264cb59f4cb17de0460115d5f747796d4b,true,true,HTTP 200 反爬占位页,,equipment-contact-06.png,第1行第2列,逐项可见；未见空白、破损、异常裁切或相邻错位,同图多ID；识别时必须保留CandidateIds/Unknown，不得强收敛,BWIKI oldid=99085+PatchWiki；米游社官方资料仅提供玩法或少量条目补充,仅凭图标无法区分本簇具体ID,图标一致；具体ID不唯一
103,currency_wars_equipment_105,火力风暴潮•特权,特权装备,privileged,是,是,currency_wars_equipment_066,,assets/currency_wars_equipment_icons/currency_wars_equipment_105.png,3f53c178daa9ce82877b9e7bf4d39f0dcac781e269e892b800f0551c68d6f548,3f53c178daa9ce82877b9e7bf4d39f0dcac781e269e892b800f0551c68d6f548,true,2,066；105,火力风暴潮；火力风暴潮•特权,26355,128,128,https://patchwiki.biligame.com/images/sr/e/e4/procmtsk0qooo58ce92in7h1z2v9tv0.png,https://wiki.biligame.com/sr/%E7%81%AB%E5%8A%9B%E9%A3%8E%E6%9A%B4%E6%BD%AE%E2%80%A2%E7%89%B9%E6%9D%83,99085,200,3f53c178daa9ce82877b9e7bf4d39f0dcac781e269e892b800f0551c68d6f548,true,true,HTTP 200 反爬占位页,,equipment-contact-06.png,第1行第3列,逐项可见；未见空白、破损、异常裁切或相邻错位,同图多ID；识别时必须保留CandidateIds/Unknown，不得强收敛,BWIKI oldid=99085+PatchWiki；米游社官方资料仅提供玩法或少量条目补充,仅凭图标无法区分本簇具体ID,图标一致；具体ID不唯一
104,currency_wars_equipment_106,热血沸腾拳•特权,特权装备,privileged,是,是,currency_wars_equipment_067,,assets/currency_wars_equipment_icons/currency_wars_equipment_106.png,111a5d051a9c8ceea2486d22098c6f919130418e525d151f6098ce9fa1625389,111a5d051a9c8ceea2486d22098c6f919130418e525d151f6098ce9fa1625389,true,2,067；106,热血沸腾拳；热血沸腾拳•特权,32281,128,128,https://patchwiki.biligame.com/images/sr/f/f1/t7w5i6ofsl91u1vognn688cpmp6ubi3.png,https://wiki.biligame.com/sr/%E7%83%AD%E8%A1%80%E6%B2%B8%E8%85%BE%E6%8B%B3%E2%80%A2%E7%89%B9%E6%9D%83,99085,200,111a5d051a9c8ceea2486d22098c6f919130418e525d151f6098ce9fa1625389,true,true,HTTP 200 反爬占位页,,equipment-contact-06.png,第1行第4列,逐项可见；未见空白、破损、异常裁切或相邻错位,同图多ID；识别时必须保留CandidateIds/Unknown，不得强收敛,BWIKI oldid=99085+PatchWiki；米游社官方资料仅提供玩法或少量条目补充,仅凭图标无法区分本簇具体ID,图标一致；具体ID不唯一
105,currency_wars_equipment_107,物质分解液•特权,特权装备,privileged,是,是,currency_wars_equipment_068,,assets/currency_wars_equipment_icons/currency_wars_equipment_107.png,4204a0b84679223ecf29a6ca036e6aa95957cf6cd33512c64e55e6ae576dbb2e,4204a0b84679223ecf29a6ca036e6aa95957cf6cd33512c64e55e6ae576dbb2e,true,2,068；107,物质分解液；物质分解液•特权,25438,128,128,https://patchwiki.biligame.com/images/sr/7/74/owez3qwb6fk9kcaoslr3tz116fhqblr.png,https://wiki.biligame.com/sr/%E7%89%A9%E8%B4%A8%E5%88%86%E8%A7%A3%E6%B6%B2%E2%80%A2%E7%89%B9%E6%9D%83,99085,200,4204a0b84679223ecf29a6ca036e6aa95957cf6cd33512c64e55e6ae576dbb2e,true,true,HTTP 200 反爬占位页,,equipment-contact-06.png,第1行第5列,逐项可见；未见空白、破损、异常裁切或相邻错位,同图多ID；识别时必须保留CandidateIds/Unknown，不得强收敛,BWIKI oldid=99085+PatchWiki；米游社官方资料仅提供玩法或少量条目补充,仅凭图标无法区分本簇具体ID,图标一致；具体ID不唯一
106,currency_wars_equipment_108,生命之环•特权,特权装备,privileged,是,是,currency_wars_equipment_069,,assets/currency_wars_equipment_icons/currency_wars_equipment_108.png,f61a5944c98c2e3d9db314585345c0e673df145de7ce9ba27cea447c8d9d2220,f61a5944c98c2e3d9db314585345c0e673df145de7ce9ba27cea447c8d9d2220,true,2,069；108,生命之环；生命之环•特权,33094,128,128,https://patchwiki.biligame.com/images/sr/b/ba/r6bi8e7h04qglgienze9g5nbz625m97.png,https://wiki.biligame.com/sr/%E7%94%9F%E5%91%BD%E4%B9%8B%E7%8E%AF%E2%80%A2%E7%89%B9%E6%9D%83,99085,200,f61a5944c98c2e3d9db314585345c0e673df145de7ce9ba27cea447c8d9d2220,true,true,HTTP 200 反爬占位页,,equipment-contact-06.png,第2行第1列,逐项可见；未见空白、破损、异常裁切或相邻错位,同图多ID；识别时必须保留CandidateIds/Unknown，不得强收敛,BWIKI oldid=99085+PatchWiki；米游社官方资料仅提供玩法或少量条目补充,仅凭图标无法区分本簇具体ID,图标一致；具体ID不唯一
107,currency_wars_equipment_109,电光履•特权,特权装备,privileged,是,是,currency_wars_equipment_070,,assets/currency_wars_equipment_icons/currency_wars_equipment_109.png,88a4334ec2c83711532325576281581f338b1b709b968407b0c90458cf2b63b8,88a4334ec2c83711532325576281581f338b1b709b968407b0c90458cf2b63b8,true,2,070；109,电光履；电光履•特权,29134,128,128,https://patchwiki.biligame.com/images/sr/3/37/kwytpntq59eppt02fspkrfkxg0zt8h8.png,https://wiki.biligame.com/sr/%E7%94%B5%E5%85%89%E5%B1%A5%E2%80%A2%E7%89%B9%E6%9D%83,99085,200,88a4334ec2c83711532325576281581f338b1b709b968407b0c90458cf2b63b8,true,true,HTTP 200 反爬占位页,,equipment-contact-06.png,第2行第2列,逐项可见；未见空白、破损、异常裁切或相邻错位,同图多ID；识别时必须保留CandidateIds/Unknown，不得强收敛,BWIKI oldid=99085+PatchWiki；米游社官方资料仅提供玩法或少量条目补充,仅凭图标无法区分本簇具体ID,图标一致；具体ID不唯一
108,currency_wars_equipment_110,电磁弹射器•特权,特权装备,privileged,是,是,currency_wars_equipment_071,,assets/currency_wars_equipment_icons/currency_wars_equipment_110.png,4a5f98d5703c2f8ec46dd348a41161178ef6976ea790711cc3bef4331708ec47,4a5f98d5703c2f8ec46dd348a41161178ef6976ea790711cc3bef4331708ec47,true,2,071；110,电磁弹射器；电磁弹射器•特权,32555,128,128,https://patchwiki.biligame.com/images/sr/4/45/ok0fy6uy98drftzv20o7k5djfhbshnv.png,https://wiki.biligame.com/sr/%E7%94%B5%E7%A3%81%E5%BC%B9%E5%B0%84%E5%99%A8%E2%80%A2%E7%89%B9%E6%9D%83,99085,200,4a5f98d5703c2f8ec46dd348a41161178ef6976ea790711cc3bef4331708ec47,true,true,HTTP 200 反爬占位页,,equipment-contact-06.png,第2行第3列,逐项可见；未见空白、破损、异常裁切或相邻错位,同图多ID；识别时必须保留CandidateIds/Unknown，不得强收敛,BWIKI oldid=99085+PatchWiki；米游社官方资料仅提供玩法或少量条目补充,仅凭图标无法区分本簇具体ID,图标一致；具体ID不唯一
109,currency_wars_equipment_111,痛觉阻断芯片•特权,特权装备,privileged,是,是,currency_wars_equipment_072,,assets/currency_wars_equipment_icons/currency_wars_equipment_111.png,0e381740b644f074d8d57a640343a5197bba7c3469149f96c7d6bae8ea2d124b,0e381740b644f074d8d57a640343a5197bba7c3469149f96c7d6bae8ea2d124b,true,2,072；111,痛觉阻断芯片；痛觉阻断芯片•特权,29438,128,128,https://patchwiki.biligame.com/images/sr/3/39/6549yh6pqolczbqqxp02vqdjmzfs7ke.png,https://wiki.biligame.com/sr/%E7%97%9B%E8%A7%89%E9%98%BB%E6%96%AD%E8%8A%AF%E7%89%87%E2%80%A2%E7%89%B9%E6%9D%83,99085,200,0e381740b644f074d8d57a640343a5197bba7c3469149f96c7d6bae8ea2d124b,true,true,HTTP 200 反爬占位页,,equipment-contact-06.png,第2行第4列,逐项可见；未见空白、破损、异常裁切或相邻错位,同图多ID；识别时必须保留CandidateIds/Unknown，不得强收敛,BWIKI oldid=99085+PatchWiki；米游社官方资料仅提供玩法或少量条目补充,仅凭图标无法区分本簇具体ID,图标一致；具体ID不唯一
110,currency_wars_equipment_112,碎星斩舰刀•特权,特权装备,privileged,是,是,currency_wars_equipment_073,,assets/currency_wars_equipment_icons/currency_wars_equipment_112.png,bc53b2f878f643ce96519b04075f5e3d9301249e8c703dbeafc2c83098710fea,bc53b2f878f643ce96519b04075f5e3d9301249e8c703dbeafc2c83098710fea,true,2,073；112,碎星斩舰刀；碎星斩舰刀•特权,31837,128,128,https://patchwiki.biligame.com/images/sr/6/6b/4tp5deflxs90qowulzea1284u7y5xj7.png,https://wiki.biligame.com/sr/%E7%A2%8E%E6%98%9F%E6%96%A9%E8%88%B0%E5%88%80%E2%80%A2%E7%89%B9%E6%9D%83,99085,200,bc53b2f878f643ce96519b04075f5e3d9301249e8c703dbeafc2c83098710fea,true,true,HTTP 200 反爬占位页,,equipment-contact-06.png,第2行第5列,逐项可见；未见空白、破损、异常裁切或相邻错位,同图多ID；识别时必须保留CandidateIds/Unknown，不得强收敛,BWIKI oldid=99085+PatchWiki；米游社官方资料仅提供玩法或少量条目补充,仅凭图标无法区分本簇具体ID,图标一致；具体ID不唯一
111,currency_wars_equipment_113,绝对热量•特权,特权装备,privileged,是,是,currency_wars_equipment_074,,assets/currency_wars_equipment_icons/currency_wars_equipment_113.png,b7715ddb5c9dea4d24897d8f80a1c790c272ce6cbfa1ab336a6078c379b610d2,b7715ddb5c9dea4d24897d8f80a1c790c272ce6cbfa1ab336a6078c379b610d2,true,2,074；113,绝对热量；绝对热量•特权,30024,128,128,https://patchwiki.biligame.com/images/sr/7/7d/44folvfa971o8gov65thbnxgum3u1f2.png,https://wiki.biligame.com/sr/%E7%BB%9D%E5%AF%B9%E7%83%AD%E9%87%8F%E2%80%A2%E7%89%B9%E6%9D%83,99085,200,b7715ddb5c9dea4d24897d8f80a1c790c272ce6cbfa1ab336a6078c379b610d2,true,true,HTTP 200 反爬占位页,,equipment-contact-06.png,第3行第1列,逐项可见；未见空白、破损、异常裁切或相邻错位,同图多ID；识别时必须保留CandidateIds/Unknown，不得强收敛,BWIKI oldid=99085+PatchWiki；米游社官方资料仅提供玩法或少量条目补充,仅凭图标无法区分本簇具体ID,图标一致；具体ID不唯一
112,currency_wars_equipment_114,胜利之旗•特权,特权装备,privileged,是,是,currency_wars_equipment_075,,assets/currency_wars_equipment_icons/currency_wars_equipment_114.png,a7992e1a9bc95462f233d13ad4619571c80b69e62ddca7f14275f4abd006ea90,a7992e1a9bc95462f233d13ad4619571c80b69e62ddca7f14275f4abd006ea90,true,2,075；114,胜利之旗；胜利之旗•特权,25775,128,128,https://patchwiki.biligame.com/images/sr/0/0c/535v3d7kzwbgfxudq0forup9v3chxok.png,https://wiki.biligame.com/sr/%E8%83%9C%E5%88%A9%E4%B9%8B%E6%97%97%E2%80%A2%E7%89%B9%E6%9D%83,99085,200,a7992e1a9bc95462f233d13ad4619571c80b69e62ddca7f14275f4abd006ea90,true,true,HTTP 200 反爬占位页,,equipment-contact-06.png,第3行第2列,逐项可见；未见空白、破损、异常裁切或相邻错位,同图多ID；识别时必须保留CandidateIds/Unknown，不得强收敛,BWIKI oldid=99085+PatchWiki；米游社官方资料仅提供玩法或少量条目补充,仅凭图标无法区分本簇具体ID,图标一致；具体ID不唯一
113,currency_wars_equipment_115,自适应外骨骼•特权,特权装备,privileged,是,是,currency_wars_equipment_076,,assets/currency_wars_equipment_icons/currency_wars_equipment_115.png,4f0536a5df57dbb1fd94fa4688a2da232f7e20347f9810ad0d3633404917eaac,4f0536a5df57dbb1fd94fa4688a2da232f7e20347f9810ad0d3633404917eaac,true,2,076；115,自适应外骨骼；自适应外骨骼•特权,34365,128,128,https://patchwiki.biligame.com/images/sr/9/94/es524rclnsrht795b56rnt1nfxkvjln.png,https://wiki.biligame.com/sr/%E8%87%AA%E9%80%82%E5%BA%94%E5%A4%96%E9%AA%A8%E9%AA%BC%E2%80%A2%E7%89%B9%E6%9D%83,99085,200,4f0536a5df57dbb1fd94fa4688a2da232f7e20347f9810ad0d3633404917eaac,true,true,HTTP 200 反爬占位页,,equipment-contact-06.png,第3行第3列,逐项可见；未见空白、破损、异常裁切或相邻错位,同图多ID；识别时必须保留CandidateIds/Unknown，不得强收敛,BWIKI oldid=99085+PatchWiki；米游社官方资料仅提供玩法或少量条目补充,仅凭图标无法区分本簇具体ID,图标一致；具体ID不唯一
114,currency_wars_equipment_116,蓄能帆•特权,特权装备,privileged,是,是,currency_wars_equipment_077,,assets/currency_wars_equipment_icons/currency_wars_equipment_116.png,33121ab041df3a0573fb638f4687c2dabd116e0ba6f4ae08d6a0839d25affe9c,33121ab041df3a0573fb638f4687c2dabd116e0ba6f4ae08d6a0839d25affe9c,true,2,077；116,蓄能帆；蓄能帆•特权,34741,128,128,https://patchwiki.biligame.com/images/sr/5/5d/50olq8xte3l0aeuagqh7l3gcu0hmjm6.png,https://wiki.biligame.com/sr/%E8%93%84%E8%83%BD%E5%B8%86%E2%80%A2%E7%89%B9%E6%9D%83,99085,200,33121ab041df3a0573fb638f4687c2dabd116e0ba6f4ae08d6a0839d25affe9c,true,true,HTTP 200 反爬占位页,,equipment-contact-06.png,第3行第4列,逐项可见；未见空白、破损、异常裁切或相邻错位,同图多ID；识别时必须保留CandidateIds/Unknown，不得强收敛,BWIKI oldid=99085+PatchWiki；米游社官方资料仅提供玩法或少量条目补充,仅凭图标无法区分本簇具体ID,图标一致；具体ID不唯一
115,currency_wars_equipment_117,虫洞掘进钻头•特权,特权装备,privileged,是,是,currency_wars_equipment_078,,assets/currency_wars_equipment_icons/currency_wars_equipment_117.png,5468037f10a03db79db0ff7fd5c64de648cc4a5e9459279826d25a2e9d083302,5468037f10a03db79db0ff7fd5c64de648cc4a5e9459279826d25a2e9d083302,true,2,078；117,虫洞掘进钻头；虫洞掘进钻头•特权,32726,128,128,https://patchwiki.biligame.com/images/sr/a/a2/7alriyktsxdl43fuoc5z3hkqog26m5l.png,https://wiki.biligame.com/sr/%E8%99%AB%E6%B4%9E%E6%8E%98%E8%BF%9B%E9%92%BB%E5%A4%B4%E2%80%A2%E7%89%B9%E6%9D%83,99085,200,5468037f10a03db79db0ff7fd5c64de648cc4a5e9459279826d25a2e9d083302,true,true,HTTP 200 反爬占位页,,equipment-contact-06.png,第3行第5列,逐项可见；未见空白、破损、异常裁切或相邻错位,同图多ID；识别时必须保留CandidateIds/Unknown，不得强收敛,BWIKI oldid=99085+PatchWiki；米游社官方资料仅提供玩法或少量条目补充,仅凭图标无法区分本簇具体ID,图标一致；具体ID不唯一
116,currency_wars_equipment_118,行星钻地弹•特权,特权装备,privileged,是,是,currency_wars_equipment_079,,assets/currency_wars_equipment_icons/currency_wars_equipment_118.png,057093a212c7dc7196a410cd1fae91fec7bd4e34113ea1ffe0fd38573350dc11,057093a212c7dc7196a410cd1fae91fec7bd4e34113ea1ffe0fd38573350dc11,true,2,079；118,行星钻地弹；行星钻地弹•特权,26340,128,128,https://patchwiki.biligame.com/images/sr/3/33/4hbqrn3pq600ijf5mkqpqzdeude4h5i.png,https://wiki.biligame.com/sr/%E8%A1%8C%E6%98%9F%E9%92%BB%E5%9C%B0%E5%BC%B9%E2%80%A2%E7%89%B9%E6%9D%83,99085,200,057093a212c7dc7196a410cd1fae91fec7bd4e34113ea1ffe0fd38573350dc11,true,true,HTTP 200 反爬占位页,,equipment-contact-06.png,第4行第1列,逐项可见；未见空白、破损、异常裁切或相邻错位,同图多ID；识别时必须保留CandidateIds/Unknown，不得强收敛,BWIKI oldid=99085+PatchWiki；米游社官方资料仅提供玩法或少量条目补充,仅凭图标无法区分本簇具体ID,图标一致；具体ID不唯一
117,currency_wars_equipment_119,追逐星辰•特权,特权装备,privileged,是,是,currency_wars_equipment_080,,assets/currency_wars_equipment_icons/currency_wars_equipment_119.png,ef05ef9c99143308d34121776f49b584f899a13afff12bc3d8ae58c6acac8898,ef05ef9c99143308d34121776f49b584f899a13afff12bc3d8ae58c6acac8898,true,2,080；119,追逐星辰；追逐星辰•特权,33526,128,128,https://patchwiki.biligame.com/images/sr/7/70/b0d8lme3910kdmbez1qs905zlxudaz6.png,https://wiki.biligame.com/sr/%E8%BF%BD%E9%80%90%E6%98%9F%E8%BE%B0%E2%80%A2%E7%89%B9%E6%9D%83,99085,200,ef05ef9c99143308d34121776f49b584f899a13afff12bc3d8ae58c6acac8898,true,true,HTTP 200 反爬占位页,,equipment-contact-06.png,第4行第2列,逐项可见；未见空白、破损、异常裁切或相邻错位,同图多ID；识别时必须保留CandidateIds/Unknown，不得强收敛,BWIKI oldid=99085+PatchWiki；米游社官方资料仅提供玩法或少量条目补充,仅凭图标无法区分本簇具体ID,图标一致；具体ID不唯一
118,currency_wars_equipment_120,闪光手榴弹•特权,特权装备,privileged,是,是,currency_wars_equipment_081,,assets/currency_wars_equipment_icons/currency_wars_equipment_120.png,014ef547bca716049301e771bb5f9ff025777d31210818901237269f6872a98b,014ef547bca716049301e771bb5f9ff025777d31210818901237269f6872a98b,true,2,081；120,闪光手榴弹；闪光手榴弹•特权,31824,128,128,https://patchwiki.biligame.com/images/sr/8/84/kubtrv6ger3f7d36hfttomyu0smwfvk.png,https://wiki.biligame.com/sr/%E9%97%AA%E5%85%89%E6%89%8B%E6%A6%B4%E5%BC%B9%E2%80%A2%E7%89%B9%E6%9D%83,99085,200,014ef547bca716049301e771bb5f9ff025777d31210818901237269f6872a98b,true,true,HTTP 200 反爬占位页,,equipment-contact-06.png,第4行第3列,逐项可见；未见空白、破损、异常裁切或相邻错位,同图多ID；识别时必须保留CandidateIds/Unknown，不得强收敛,BWIKI oldid=99085+PatchWiki；米游社官方资料仅提供玩法或少量条目补充,仅凭图标无法区分本簇具体ID,图标一致；具体ID不唯一
119,currency_wars_equipment_121,随便骰子•特权,特权装备,privileged,是,是,currency_wars_equipment_082,,assets/currency_wars_equipment_icons/currency_wars_equipment_121.png,41503631a9126cb5eff4a7386e577541e7a29c980222264e131febf96517b31b,41503631a9126cb5eff4a7386e577541e7a29c980222264e131febf96517b31b,true,2,082；121,随便骰子；随便骰子•特权,24563,128,128,https://patchwiki.biligame.com/images/sr/3/3d/2r86qfn8jis73yz7ymp1keg0ljkppe8.png,https://wiki.biligame.com/sr/%E9%9A%8F%E4%BE%BF%E9%AA%B0%E5%AD%90%E2%80%A2%E7%89%B9%E6%9D%83,99085,200,41503631a9126cb5eff4a7386e577541e7a29c980222264e131febf96517b31b,true,true,HTTP 200 反爬占位页,,equipment-contact-06.png,第4行第4列,逐项可见；未见空白、破损、异常裁切或相邻错位,同图多ID；识别时必须保留CandidateIds/Unknown，不得强收敛,BWIKI oldid=99085+PatchWiki；米游社官方资料仅提供玩法或少量条目补充,仅凭图标无法区分本簇具体ID,图标一致；具体ID不唯一
120,currency_wars_equipment_122,高周波电锯•特权,特权装备,privileged,是,是,currency_wars_equipment_083,,assets/currency_wars_equipment_icons/currency_wars_equipment_122.png,68bb0c44f85d14e6d41ada9323292b90c02acd6ff956315e456b912f73c8bf4e,68bb0c44f85d14e6d41ada9323292b90c02acd6ff956315e456b912f73c8bf4e,true,2,083；122,高周波电锯；高周波电锯•特权,30328,128,128,https://patchwiki.biligame.com/images/sr/9/9a/295dp1qdznous57998ddav5rpftk3q2.png,https://wiki.biligame.com/sr/%E9%AB%98%E5%91%A8%E6%B3%A2%E7%94%B5%E9%94%AF%E2%80%A2%E7%89%B9%E6%9D%83,99085,200,68bb0c44f85d14e6d41ada9323292b90c02acd6ff956315e456b912f73c8bf4e,true,true,HTTP 200 反爬占位页,,equipment-contact-06.png,第4行第5列,逐项可见；未见空白、破损、异常裁切或相邻错位,同图多ID；识别时必须保留CandidateIds/Unknown，不得强收敛,BWIKI oldid=99085+PatchWiki；米游社官方资料仅提供玩法或少量条目补充,仅凭图标无法区分本簇具体ID,图标一致；具体ID不唯一
121,currency_wars_equipment_123,仙舟星徽,阵营星徽,faction_emblem,是,是,,currency_wars_equipment_084；currency_wars_equipment_044,assets/currency_wars_equipment_icons/currency_wars_equipment_123.png,38a5e8c5f8a6501e4f39d29f089f8285f6c436da2e3565efb22ebb032fc10ead,38a5e8c5f8a6501e4f39d29f089f8285f6c436da2e3565efb22ebb032fc10ead,true,1,123,仙舟星徽,27148,128,128,https://patchwiki.biligame.com/images/sr/2/2b/dtb6cawn7laskup2sv7snm7j61d5hf7.png,https://wiki.biligame.com/sr/%E4%BB%99%E8%88%9F%E6%98%9F%E5%BE%BD,99085,200,38a5e8c5f8a6501e4f39d29f089f8285f6c436da2e3565efb22ebb032fc10ead,true,true,HTTP 200 反爬占位页,,equipment-contact-07.png,第1行第1列,逐项可见；未见空白、破损、异常裁切或相邻错位,本地哈希唯一；未发现图标与名称错位,BWIKI oldid=99085+PatchWiki；米游社官方资料仅提供玩法或少量条目补充,单条详情页本轮受限流/反爬影响，未获得独立页面实证,图标/名称/来源无已发现冲突
122,currency_wars_equipment_124,列车同行星徽,阵营星徽,faction_emblem,是,是,,,assets/currency_wars_equipment_icons/currency_wars_equipment_124.png,2869b5b66d622304f025a8128beea24990f68ece240482a1765a59a6301e70b3,2869b5b66d622304f025a8128beea24990f68ece240482a1765a59a6301e70b3,true,1,124,列车同行星徽,25846,128,128,https://patchwiki.biligame.com/images/sr/c/c6/tkj5rv3wtbmt6wa5uplhrxam2j0oyow.png,https://wiki.biligame.com/sr/%E5%88%97%E8%BD%A6%E5%90%8C%E8%A1%8C%E6%98%9F%E5%BE%BD,99085,200,2869b5b66d622304f025a8128beea24990f68ece240482a1765a59a6301e70b3,true,true,HTTP 200 反爬占位页,,equipment-contact-07.png,第1行第2列,逐项可见；未见空白、破损、异常裁切或相邻错位,本地哈希唯一；未发现图标与名称错位,BWIKI oldid=99085+PatchWiki；米游社官方资料仅提供玩法或少量条目补充,单条详情页本轮受限流/反爬影响，未获得独立页面实证,图标/名称/来源无已发现冲突
123,currency_wars_equipment_125,夜之半神星徽,阵营星徽,faction_emblem,是,是,,currency_wars_equipment_084；currency_wars_equipment_042,assets/currency_wars_equipment_icons/currency_wars_equipment_125.png,aa71050e1b417b0fd8e55512fbbc3a97d5cf5c0b53d8b92ffca2f775c3a8e688,aa71050e1b417b0fd8e55512fbbc3a97d5cf5c0b53d8b92ffca2f775c3a8e688,true,1,125,夜之半神星徽,25909,128,128,https://patchwiki.biligame.com/images/sr/6/63/lbdmz7g25pygp32wxfvrj3qstk47c39.png,https://wiki.biligame.com/sr/%E5%A4%9C%E4%B9%8B%E5%8D%8A%E7%A5%9E%E6%98%9F%E5%BE%BD,99085,200,aa71050e1b417b0fd8e55512fbbc3a97d5cf5c0b53d8b92ffca2f775c3a8e688,true,true,HTTP 200 反爬占位页,,equipment-contact-07.png,第1行第3列,逐项可见；未见空白、破损、异常裁切或相邻错位,本地哈希唯一；未发现图标与名称错位,BWIKI oldid=99085+PatchWiki；米游社官方资料仅提供玩法或少量条目补充,单条详情页本轮受限流/反爬影响，未获得独立页面实证,图标/名称/来源无已发现冲突
124,currency_wars_equipment_126,星间旅人星徽,阵营星徽,faction_emblem,是,是,,currency_wars_equipment_084；currency_wars_equipment_040,assets/currency_wars_equipment_icons/currency_wars_equipment_126.png,c16bcfcf474563dc9990b04fe05763aff710c3d8faed01b11adc4ddf9d2410bc,c16bcfcf474563dc9990b04fe05763aff710c3d8faed01b11adc4ddf9d2410bc,true,1,126,星间旅人星徽,26082,128,128,https://patchwiki.biligame.com/images/sr/5/55/o1i8w4wb2rvqrhv8f2jjagfvo24v784.png,https://wiki.biligame.com/sr/%E6%98%9F%E9%97%B4%E6%97%85%E4%BA%BA%E6%98%9F%E5%BE%BD,99085,200,c16bcfcf474563dc9990b04fe05763aff710c3d8faed01b11adc4ddf9d2410bc,true,true,HTTP 200 反爬占位页,,equipment-contact-07.png,第1行第4列,逐项可见；未见空白、破损、异常裁切或相邻错位,本地哈希唯一；未发现图标与名称错位,BWIKI oldid=99085+PatchWiki；米游社官方资料仅提供玩法或少量条目补充,单条详情页本轮受限流/反爬影响，未获得独立页面实证,图标/名称/来源无已发现冲突
125,currency_wars_equipment_127,昼之半神星徽,阵营星徽,faction_emblem,是,是,,currency_wars_equipment_084；currency_wars_equipment_046,assets/currency_wars_equipment_icons/currency_wars_equipment_127.png,dccf11fdb09f71f7f570f079cfd58863fd7757dad39bdba3ff03eee4349c0c56,dccf11fdb09f71f7f570f079cfd58863fd7757dad39bdba3ff03eee4349c0c56,true,1,127,昼之半神星徽,26680,128,128,https://patchwiki.biligame.com/images/sr/a/a3/9p2645jqpndr6gmn7zybd1h0xo8ym68.png,https://wiki.biligame.com/sr/%E6%98%BC%E4%B9%8B%E5%8D%8A%E7%A5%9E%E6%98%9F%E5%BE%BD,99085,200,dccf11fdb09f71f7f570f079cfd58863fd7757dad39bdba3ff03eee4349c0c56,true,true,HTTP 200 反爬占位页,,equipment-contact-07.png,第1行第5列,逐项可见；未见空白、破损、异常裁切或相邻错位,本地哈希唯一；未发现图标与名称错位,BWIKI oldid=99085+PatchWiki；米游社官方资料仅提供玩法或少量条目补充,单条详情页本轮受限流/反爬影响，未获得独立页面实证,图标/名称/来源无已发现冲突
126,currency_wars_equipment_128,狼狩星徽,阵营星徽,faction_emblem,是,是,,currency_wars_equipment_084；currency_wars_equipment_045,assets/currency_wars_equipment_icons/currency_wars_equipment_128.png,9f2a9834bcd8371c975a437b2b5cf1152563aad16093868017f4f7f19489e37c,9f2a9834bcd8371c975a437b2b5cf1152563aad16093868017f4f7f19489e37c,true,1,128,狼狩星徽,26614,128,128,https://patchwiki.biligame.com/images/sr/c/cd/9vasx98ucji1qjf4gl29g6esbxhs5ry.png,https://wiki.biligame.com/sr/%E7%8B%BC%E7%8B%A9%E6%98%9F%E5%BE%BD,99085,200,9f2a9834bcd8371c975a437b2b5cf1152563aad16093868017f4f7f19489e37c,true,true,HTTP 200 反爬占位页,,equipment-contact-07.png,第2行第1列,逐项可见；未见空白、破损、异常裁切或相邻错位,本地哈希唯一；未发现图标与名称错位,BWIKI oldid=99085+PatchWiki；米游社官方资料仅提供玩法或少量条目补充,单条详情页本轮受限流/反爬影响，未获得独立页面实证,图标/名称/来源无已发现冲突
127,currency_wars_equipment_129,盛会之星星徽,阵营星徽,faction_emblem,是,是,,currency_wars_equipment_084；currency_wars_equipment_043,assets/currency_wars_equipment_icons/currency_wars_equipment_129.png,710a48b9c446d50c60fc386e373a1c3cf25fdf4ee5e547c2f4fb31369d7b81d3,710a48b9c446d50c60fc386e373a1c3cf25fdf4ee5e547c2f4fb31369d7b81d3,true,1,129,盛会之星星徽,27034,128,128,https://patchwiki.biligame.com/images/sr/b/b0/t3fdqap7fwrxkd042pgcojbmikgceoc.png,https://wiki.biligame.com/sr/%E7%9B%9B%E4%BC%9A%E4%B9%8B%E6%98%9F%E6%98%9F%E5%BE%BD,99085,200,710a48b9c446d50c60fc386e373a1c3cf25fdf4ee5e547c2f4fb31369d7b81d3,true,true,HTTP 200 反爬占位页,,equipment-contact-07.png,第2行第2列,逐项可见；未见空白、破损、异常裁切或相邻错位,本地哈希唯一；未发现图标与名称错位,BWIKI oldid=99085+PatchWiki；米游社官方资料仅提供玩法或少量条目补充,单条详情页本轮受限流/反爬影响，未获得独立页面实证,图标/名称/来源无已发现冲突
128,currency_wars_equipment_130,贝洛伯格星徽,阵营星徽,faction_emblem,是,是,,currency_wars_equipment_084；currency_wars_equipment_047,assets/currency_wars_equipment_icons/currency_wars_equipment_130.png,81b1786cfd6e9b9e549d6a6b7323dc02e6d40a3b3ca7a85315d3faaeb5e029b7,81b1786cfd6e9b9e549d6a6b7323dc02e6d40a3b3ca7a85315d3faaeb5e029b7,true,1,130,贝洛伯格星徽,25578,128,128,https://patchwiki.biligame.com/images/sr/f/fc/r6llwnn97af90pwv0p2yt7s7k58lycy.png,https://wiki.biligame.com/sr/%E8%B4%9D%E6%B4%9B%E4%BC%AF%E6%A0%BC%E6%98%9F%E5%BE%BD,99085,200,81b1786cfd6e9b9e549d6a6b7323dc02e6d40a3b3ca7a85315d3faaeb5e029b7,true,true,HTTP 200 反爬占位页,,equipment-contact-07.png,第2行第3列,逐项可见；未见空白、破损、异常裁切或相邻错位,本地哈希唯一；未发现图标与名称错位,BWIKI oldid=99085+PatchWiki；米游社官方资料仅提供玩法或少量条目补充,单条详情页本轮受限流/反爬影响，未获得独立页面实证,图标/名称/来源无已发现冲突
129,currency_wars_equipment_131,银河学者星徽,阵营星徽,faction_emblem,是,是,,currency_wars_equipment_084；currency_wars_equipment_041,assets/currency_wars_equipment_icons/currency_wars_equipment_131.png,7dae9e939ac94f2c746eca6de9bd3728fbe82ff62eb553d39216af4088141975,7dae9e939ac94f2c746eca6de9bd3728fbe82ff62eb553d39216af4088141975,true,1,131,银河学者星徽,25394,128,128,https://patchwiki.biligame.com/images/sr/b/bb/tb3yzne2ury2gfe2jqy9x9cnnbwat63.png,https://wiki.biligame.com/sr/%E9%93%B6%E6%B2%B3%E5%AD%A6%E8%80%85%E6%98%9F%E5%BE%BD,99085,200,7dae9e939ac94f2c746eca6de9bd3728fbe82ff62eb553d39216af4088141975,true,true,HTTP 200 反爬占位页,,equipment-contact-07.png,第2行第4列,逐项可见；未见空白、破损、异常裁切或相邻错位,本地哈希唯一；未发现图标与名称错位,BWIKI oldid=99085+PatchWiki；米游社官方资料仅提供玩法或少量条目补充,单条详情页本轮受限流/反爬影响，未获得独立页面实证,图标/名称/来源无已发现冲突
130,currency_wars_equipment_132,减益星徽,流派星徽,style_emblem,是,是,,currency_wars_equipment_042；currency_wars_equipment_085,assets/currency_wars_equipment_icons/currency_wars_equipment_132.png,585a2587813f1f4bfd773e2130ed0ca0b8de2f02290f404ad95bbbe11e929b10,585a2587813f1f4bfd773e2130ed0ca0b8de2f02290f404ad95bbbe11e929b10,true,1,132,减益星徽,27178,128,128,https://patchwiki.biligame.com/images/sr/3/31/oyb57y9ny4vkniy0725jayleew3t3u8.png,https://wiki.biligame.com/sr/%E5%87%8F%E7%9B%8A%E6%98%9F%E5%BE%BD,99085,200,585a2587813f1f4bfd773e2130ed0ca0b8de2f02290f404ad95bbbe11e929b10,true,true,HTTP 200 反爬占位页,,equipment-contact-07.png,第2行第5列,逐项可见；未见空白、破损、异常裁切或相邻错位,本地哈希唯一；未发现图标与名称错位,BWIKI oldid=99085+PatchWiki；米游社官方资料仅提供玩法或少量条目补充,单条详情页本轮受限流/反爬影响，未获得独立页面实证,图标/名称/来源无已发现冲突
131,currency_wars_equipment_133,击破星徽,流派星徽,style_emblem,是,是,,currency_wars_equipment_040；currency_wars_equipment_085,assets/currency_wars_equipment_icons/currency_wars_equipment_133.png,870f1be4b0c3e3e61e4e5b81f1664a50b5a6198641651097ea723bfa39e74415,870f1be4b0c3e3e61e4e5b81f1664a50b5a6198641651097ea723bfa39e74415,true,1,133,击破星徽,25113,128,128,https://patchwiki.biligame.com/images/sr/4/4f/ptsnpbtwlf73l26d4op71l8qtw3ofd2.png,https://wiki.biligame.com/sr/%E5%87%BB%E7%A0%B4%E6%98%9F%E5%BE%BD,99085,200,870f1be4b0c3e3e61e4e5b81f1664a50b5a6198641651097ea723bfa39e74415,true,true,HTTP 200 反爬占位页,,equipment-contact-07.png,第3行第1列,逐项可见；未见空白、破损、异常裁切或相邻错位,本地哈希唯一；未发现图标与名称错位,BWIKI oldid=99085+PatchWiki；米游社官方资料仅提供玩法或少量条目补充,单条详情页本轮受限流/反爬影响，未获得独立页面实证,图标/名称/来源无已发现冲突
132,currency_wars_equipment_134,战技点星徽,流派星徽,style_emblem,是,是,,currency_wars_equipment_044；currency_wars_equipment_085,assets/currency_wars_equipment_icons/currency_wars_equipment_134.png,8af9217d459ceb46087dd63761c0fd1bb201b2efb4f7c258c58ab2a8a1fc5428,8af9217d459ceb46087dd63761c0fd1bb201b2efb4f7c258c58ab2a8a1fc5428,true,1,134,战技点星徽,26933,128,128,https://patchwiki.biligame.com/images/sr/6/67/m80i6wskk8pvz90it9ump9xbhdydv8t.png,https://wiki.biligame.com/sr/%E6%88%98%E6%8A%80%E7%82%B9%E6%98%9F%E5%BE%BD,99085,200,8af9217d459ceb46087dd63761c0fd1bb201b2efb4f7c258c58ab2a8a1fc5428,true,true,HTTP 200 反爬占位页,,equipment-contact-07.png,第3行第2列,逐项可见；未见空白、破损、异常裁切或相邻错位,本地哈希唯一；未发现图标与名称错位,BWIKI oldid=99085+PatchWiki；米游社官方资料仅提供玩法或少量条目补充,单条详情页本轮受限流/反爬影响，未获得独立页面实证,图标/名称/来源无已发现冲突
133,currency_wars_equipment_135,护盾星徽,流派星徽,style_emblem,是,是,,,assets/currency_wars_equipment_icons/currency_wars_equipment_135.png,bc44eee255bb1d4f622ffb9bbe1da30f5b6b594ddf60c3a72e885736878c24d8,bc44eee255bb1d4f622ffb9bbe1da30f5b6b594ddf60c3a72e885736878c24d8,true,1,135,护盾星徽,24888,128,128,https://patchwiki.biligame.com/images/sr/3/37/mao35lg1cseoabbpvbv7l6i2x42c1d1.png,https://wiki.biligame.com/sr/%E6%8A%A4%E7%9B%BE%E6%98%9F%E5%BE%BD,99085,200,bc44eee255bb1d4f622ffb9bbe1da30f5b6b594ddf60c3a72e885736878c24d8,true,true,HTTP 200 反爬占位页,,equipment-contact-07.png,第3行第3列,逐项可见；未见空白、破损、异常裁切或相邻错位,本地哈希唯一；未发现图标与名称错位,BWIKI oldid=99085+PatchWiki；米游社官方资料仅提供玩法或少量条目补充,单条详情页本轮受限流/反爬影响，未获得独立页面实证,图标/名称/来源无已发现冲突
134,currency_wars_equipment_136,持续伤害星徽,流派星徽,style_emblem,是,是,,currency_wars_equipment_047；currency_wars_equipment_085,assets/currency_wars_equipment_icons/currency_wars_equipment_136.png,725f266ea49995ee8f41806ec5cf20b7c3a0bc0ca8cd50d083022d166b3aa3cc,725f266ea49995ee8f41806ec5cf20b7c3a0bc0ca8cd50d083022d166b3aa3cc,true,1,136,持续伤害星徽,27559,128,128,https://patchwiki.biligame.com/images/sr/a/ad/ivtu3g97uenx0kqgjtc4i10hw31wvv2.png,https://wiki.biligame.com/sr/%E6%8C%81%E7%BB%AD%E4%BC%A4%E5%AE%B3%E6%98%9F%E5%BE%BD,99085,200,725f266ea49995ee8f41806ec5cf20b7c3a0bc0ca8cd50d083022d166b3aa3cc,true,true,HTTP 200 反爬占位页,,equipment-contact-07.png,第3行第4列,逐项可见；未见空白、破损、异常裁切或相邻错位,本地哈希唯一；未发现图标与名称错位,BWIKI oldid=99085+PatchWiki；米游社官方资料仅提供玩法或少量条目补充,单条详情页本轮受限流/反爬影响，未获得独立页面实证,图标/名称/来源无已发现冲突
135,currency_wars_equipment_137,治疗星徽,流派星徽,style_emblem,是,是,,,assets/currency_wars_equipment_icons/currency_wars_equipment_137.png,9bbeb50daf0a95e2ce786c53f82303d2d40ad7bc3eefd9653f701867f922aacf,9bbeb50daf0a95e2ce786c53f82303d2d40ad7bc3eefd9653f701867f922aacf,true,1,137,治疗星徽,24766,128,128,https://patchwiki.biligame.com/images/sr/1/14/ff8v3eqgtwxnw7if42twnvxijhyiuwd.png,https://wiki.biligame.com/sr/%E6%B2%BB%E7%96%97%E6%98%9F%E5%BE%BD,99085,200,9bbeb50daf0a95e2ce786c53f82303d2d40ad7bc3eefd9653f701867f922aacf,true,true,HTTP 200 反爬占位页,,equipment-contact-07.png,第3行第5列,逐项可见；未见空白、破损、异常裁切或相邻错位,本地哈希唯一；未发现图标与名称错位,BWIKI oldid=99085+PatchWiki；米游社官方资料仅提供玩法或少量条目补充,单条详情页本轮受限流/反爬影响，未获得独立页面实证,图标/名称/来源无已发现冲突
136,currency_wars_equipment_138,燃血星徽,流派星徽,style_emblem,是,是,,currency_wars_equipment_045；currency_wars_equipment_085,assets/currency_wars_equipment_icons/currency_wars_equipment_138.png,8003530a04476b75315bda28e9874c06a97faef18906c0fe57e11954930445f5,8003530a04476b75315bda28e9874c06a97faef18906c0fe57e11954930445f5,true,1,138,燃血星徽,26359,128,128,https://patchwiki.biligame.com/images/sr/5/5e/opcd5d3mm9ij4o4mpw9ciyb46c7ny25.png,https://wiki.biligame.com/sr/%E7%87%83%E8%A1%80%E6%98%9F%E5%BE%BD,99085,200,8003530a04476b75315bda28e9874c06a97faef18906c0fe57e11954930445f5,true,true,HTTP 200 反爬占位页,,equipment-contact-07.png,第4行第1列,逐项可见；未见空白、破损、异常裁切或相邻错位,本地哈希唯一；未发现图标与名称错位,BWIKI oldid=99085+PatchWiki；米游社官方资料仅提供玩法或少量条目补充,单条详情页本轮受限流/反爬影响，未获得独立页面实证,图标/名称/来源无已发现冲突
137,currency_wars_equipment_139,群攻星徽,流派星徽,style_emblem,是,是,,currency_wars_equipment_043；currency_wars_equipment_085,assets/currency_wars_equipment_icons/currency_wars_equipment_139.png,97668b0024b2fe93b402593edc60fe012573248ccd6c6d0197abbd00317c7647,97668b0024b2fe93b402593edc60fe012573248ccd6c6d0197abbd00317c7647,true,1,139,群攻星徽,26370,128,128,https://patchwiki.biligame.com/images/sr/e/e6/kt8zr4eug1g4fgqke749w70e0ocmwa6.png,https://wiki.biligame.com/sr/%E7%BE%A4%E6%94%BB%E6%98%9F%E5%BE%BD,99085,200,97668b0024b2fe93b402593edc60fe012573248ccd6c6d0197abbd00317c7647,true,true,HTTP 200 反爬占位页,,equipment-contact-07.png,第4行第2列,逐项可见；未见空白、破损、异常裁切或相邻错位,本地哈希唯一；未发现图标与名称错位,BWIKI oldid=99085+PatchWiki；米游社官方资料仅提供玩法或少量条目补充,单条详情页本轮受限流/反爬影响，未获得独立页面实证,图标/名称/来源无已发现冲突
138,currency_wars_equipment_140,能量星徽,流派星徽,style_emblem,是,是,,currency_wars_equipment_041；currency_wars_equipment_085,assets/currency_wars_equipment_icons/currency_wars_equipment_140.png,6bf18d593f86e4963b0ac3862024e6a45424db064e41a5fe8dc55cb91f7dec5f,6bf18d593f86e4963b0ac3862024e6a45424db064e41a5fe8dc55cb91f7dec5f,true,1,140,能量星徽,25558,128,128,https://patchwiki.biligame.com/images/sr/d/da/50uqdwdxpy277ilhqvqyxzcko0nz1gw.png,https://wiki.biligame.com/sr/%E8%83%BD%E9%87%8F%E6%98%9F%E5%BE%BD,99085,200,6bf18d593f86e4963b0ac3862024e6a45424db064e41a5fe8dc55cb91f7dec5f,true,true,HTTP 200 反爬占位页,,equipment-contact-07.png,第4行第3列,逐项可见；未见空白、破损、异常裁切或相邻错位,本地哈希唯一；未发现图标与名称错位,BWIKI oldid=99085+PatchWiki；米游社官方资料仅提供玩法或少量条目补充,单条详情页本轮受限流/反爬影响，未获得独立页面实证,图标/名称/来源无已发现冲突
139,currency_wars_equipment_141,追击星徽,流派星徽,style_emblem,是,是,,currency_wars_equipment_046；currency_wars_equipment_085,assets/currency_wars_equipment_icons/currency_wars_equipment_141.png,665cbd400c31a3fc7c53968301bbee428275924775d69d0848d631924c94c4cd,665cbd400c31a3fc7c53968301bbee428275924775d69d0848d631924c94c4cd,true,1,141,追击星徽,25965,128,128,https://patchwiki.biligame.com/images/sr/d/dd/mfq8mgtwupqqbp5v4nbftz4dw581c7y.png,https://wiki.biligame.com/sr/%E8%BF%BD%E5%87%BB%E6%98%9F%E5%BE%BD,99085,200,665cbd400c31a3fc7c53968301bbee428275924775d69d0848d631924c94c4cd,true,true,HTTP 200 反爬占位页,,equipment-contact-07.png,第4行第4列,逐项可见；未见空白、破损、异常裁切或相邻错位,本地哈希唯一；未发现图标与名称错位,BWIKI oldid=99085+PatchWiki；米游社官方资料仅提供玩法或少量条目补充,单条详情页本轮受限流/反爬影响，未获得独立页面实证,图标/名称/来源无已发现冲突
140,currency_wars_equipment_142,量子同频星徽,流派星徽,style_emblem,是,是,,,assets/currency_wars_equipment_icons/currency_wars_equipment_142.png,cea8385b73e582e4c3ce4889fdc34ee4bdef30e897e43d077fc9f751015b2ca2,cea8385b73e582e4c3ce4889fdc34ee4bdef30e897e43d077fc9f751015b2ca2,true,1,142,量子同频星徽,25361,128,128,https://patchwiki.biligame.com/images/sr/1/19/bkvzoohw5g9n06c2rufyqhytuevu5vx.png,https://wiki.biligame.com/sr/%E9%87%8F%E5%AD%90%E5%90%8C%E9%A2%91%E6%98%9F%E5%BE%BD,99085,200,cea8385b73e582e4c3ce4889fdc34ee4bdef30e897e43d077fc9f751015b2ca2,true,true,HTTP 200 反爬占位页,,equipment-contact-07.png,第4行第5列,逐项可见；未见空白、破损、异常裁切或相邻错位,本地哈希唯一；未发现图标与名称错位,BWIKI oldid=99085+PatchWiki；米游社官方资料仅提供玩法或少量条目补充,单条详情页本轮受限流/反爬影响，未获得独立页面实证,图标/名称/来源无已发现冲突
141,currency_wars_equipment_143,极•白昼•光速螺旋桨,羁绊装备,bond_equipment,是,是,,,assets/currency_wars_equipment_icons/currency_wars_equipment_143.png,e6a8adcd7331b1036186a76b3190cd5746b58d89e84e5a6aa07a25860b760eb2,e6a8adcd7331b1036186a76b3190cd5746b58d89e84e5a6aa07a25860b760eb2,true,4,051；090；143；146,光速螺旋桨；光速螺旋桨•特权；极•白昼•光速螺旋桨；白昼•光速螺旋桨,31526,128,128,https://patchwiki.biligame.com/images/sr/2/2f/tuj9v192vmobh7xslh16kbia0uurl7q.png,https://wiki.biligame.com/sr/%E6%9E%81%E2%80%A2%E7%99%BD%E6%98%BC%E2%80%A2%E5%85%89%E9%80%9F%E8%9E%BA%E6%97%8B%E6%A1%A8,99085,200,e6a8adcd7331b1036186a76b3190cd5746b58d89e84e5a6aa07a25860b760eb2,true,true,HTTP 200 反爬占位页,,equipment-contact-08.png,第1行第1列,逐项可见；未见空白、破损、异常裁切或相邻错位,同图多ID；识别时必须保留CandidateIds/Unknown，不得强收敛,BWIKI oldid=99085+PatchWiki；米游社官方资料仅提供玩法或少量条目补充,仅凭图标无法区分本簇具体ID,图标一致；具体ID不唯一
142,currency_wars_equipment_144,极•白昼•斩首行动,羁绊装备,bond_equipment,是,是,,,assets/currency_wars_equipment_icons/currency_wars_equipment_144.png,b0adf69dddd5d0a23fdd0fea212c0b83a830ed01a268fbdddcc3f9825bfbc7a5,b0adf69dddd5d0a23fdd0fea212c0b83a830ed01a268fbdddcc3f9825bfbc7a5,true,4,060；099；144；147,斩首行动；斩首行动•特权；极•白昼•斩首行动；白昼•斩首行动,31190,128,128,https://patchwiki.biligame.com/images/sr/5/52/pz3qe0xci2okxgu51qyp9zur7ejpert.png,https://wiki.biligame.com/sr/%E6%9E%81%E2%80%A2%E7%99%BD%E6%98%BC%E2%80%A2%E6%96%A9%E9%A6%96%E8%A1%8C%E5%8A%A8,99085,200,b0adf69dddd5d0a23fdd0fea212c0b83a830ed01a268fbdddcc3f9825bfbc7a5,true,true,HTTP 200 反爬占位页,,equipment-contact-08.png,第1行第2列,逐项可见；未见空白、破损、异常裁切或相邻错位,同图多ID；识别时必须保留CandidateIds/Unknown，不得强收敛,BWIKI oldid=99085+PatchWiki；米游社官方资料仅提供玩法或少量条目补充,仅凭图标无法区分本簇具体ID,图标一致；具体ID不唯一
143,currency_wars_equipment_145,极•白昼•武器大师,羁绊装备,bond_equipment,是,是,,,assets/currency_wars_equipment_icons/currency_wars_equipment_145.png,93348c2a315f9c98e8161bda98add1b8f30ca312fd1ca69d1b26d466f4dfcc06,93348c2a315f9c98e8161bda98add1b8f30ca312fd1ca69d1b26d466f4dfcc06,true,4,063；102；145；148,武器大师；武器大师•特权；极•白昼•武器大师；白昼•武器大师,34524,128,128,https://patchwiki.biligame.com/images/sr/b/b1/hgt31ij3fy4x37nmhmuads1kd3ffaw1.png,https://wiki.biligame.com/sr/%E6%9E%81%E2%80%A2%E7%99%BD%E6%98%BC%E2%80%A2%E6%AD%A6%E5%99%A8%E5%A4%A7%E5%B8%88,99085,200,93348c2a315f9c98e8161bda98add1b8f30ca312fd1ca69d1b26d466f4dfcc06,true,true,HTTP 200 反爬占位页,,equipment-contact-08.png,第1行第3列,逐项可见；未见空白、破损、异常裁切或相邻错位,同图多ID；识别时必须保留CandidateIds/Unknown，不得强收敛,BWIKI oldid=99085+PatchWiki；米游社官方资料仅提供玩法或少量条目补充,仅凭图标无法区分本簇具体ID,图标一致；具体ID不唯一
144,currency_wars_equipment_146,白昼•光速螺旋桨,羁绊装备,bond_equipment,是,是,,,assets/currency_wars_equipment_icons/currency_wars_equipment_146.png,e6a8adcd7331b1036186a76b3190cd5746b58d89e84e5a6aa07a25860b760eb2,e6a8adcd7331b1036186a76b3190cd5746b58d89e84e5a6aa07a25860b760eb2,true,4,051；090；143；146,光速螺旋桨；光速螺旋桨•特权；极•白昼•光速螺旋桨；白昼•光速螺旋桨,31526,128,128,https://patchwiki.biligame.com/images/sr/6/69/tuj9v192vmobh7xslh16kbia0uurl7q.png,https://wiki.biligame.com/sr/%E7%99%BD%E6%98%BC%E2%80%A2%E5%85%89%E9%80%9F%E8%9E%BA%E6%97%8B%E6%A1%A8,99085,200,e6a8adcd7331b1036186a76b3190cd5746b58d89e84e5a6aa07a25860b760eb2,true,true,HTTP 200 反爬占位页,,equipment-contact-08.png,第1行第4列,逐项可见；未见空白、破损、异常裁切或相邻错位,同图多ID；识别时必须保留CandidateIds/Unknown，不得强收敛,BWIKI oldid=99085+PatchWiki；米游社官方资料仅提供玩法或少量条目补充,仅凭图标无法区分本簇具体ID,图标一致；具体ID不唯一
145,currency_wars_equipment_147,白昼•斩首行动,羁绊装备,bond_equipment,是,是,,,assets/currency_wars_equipment_icons/currency_wars_equipment_147.png,b0adf69dddd5d0a23fdd0fea212c0b83a830ed01a268fbdddcc3f9825bfbc7a5,b0adf69dddd5d0a23fdd0fea212c0b83a830ed01a268fbdddcc3f9825bfbc7a5,true,4,060；099；144；147,斩首行动；斩首行动•特权；极•白昼•斩首行动；白昼•斩首行动,31190,128,128,https://patchwiki.biligame.com/images/sr/8/8d/pz3qe0xci2okxgu51qyp9zur7ejpert.png,https://wiki.biligame.com/sr/%E7%99%BD%E6%98%BC%E2%80%A2%E6%96%A9%E9%A6%96%E8%A1%8C%E5%8A%A8,99085,200,b0adf69dddd5d0a23fdd0fea212c0b83a830ed01a268fbdddcc3f9825bfbc7a5,true,true,HTTP 200 反爬占位页,,equipment-contact-08.png,第1行第5列,逐项可见；未见空白、破损、异常裁切或相邻错位,同图多ID；识别时必须保留CandidateIds/Unknown，不得强收敛,BWIKI oldid=99085+PatchWiki；米游社官方资料仅提供玩法或少量条目补充,仅凭图标无法区分本簇具体ID,图标一致；具体ID不唯一
146,currency_wars_equipment_148,白昼•武器大师,羁绊装备,bond_equipment,是,是,,,assets/currency_wars_equipment_icons/currency_wars_equipment_148.png,93348c2a315f9c98e8161bda98add1b8f30ca312fd1ca69d1b26d466f4dfcc06,93348c2a315f9c98e8161bda98add1b8f30ca312fd1ca69d1b26d466f4dfcc06,true,4,063；102；145；148,武器大师；武器大师•特权；极•白昼•武器大师；白昼•武器大师,34524,128,128,https://patchwiki.biligame.com/images/sr/0/0d/hgt31ij3fy4x37nmhmuads1kd3ffaw1.png,https://wiki.biligame.com/sr/%E7%99%BD%E6%98%BC%E2%80%A2%E6%AD%A6%E5%99%A8%E5%A4%A7%E5%B8%88,99085,200,93348c2a315f9c98e8161bda98add1b8f30ca312fd1ca69d1b26d466f4dfcc06,true,true,HTTP 200 反爬占位页,,equipment-contact-08.png,第2行第1列,逐项可见；未见空白、破损、异常裁切或相邻错位,同图多ID；识别时必须保留CandidateIds/Unknown，不得强收敛,BWIKI oldid=99085+PatchWiki；米游社官方资料仅提供玩法或少量条目补充,仅凭图标无法区分本簇具体ID,图标一致；具体ID不唯一
147,currency_wars_equipment_149,冶金炉,消耗品,consumable,否,否,,,assets/currency_wars_equipment_icons/currency_wars_equipment_149.png,52909de2e822053c674356b2f226e42ec3431c9352facfabee595f226b0fb0d2,52909de2e822053c674356b2f226e42ec3431c9352facfabee595f226b0fb0d2,true,1,149,冶金炉,31684,128,128,https://patchwiki.biligame.com/images/sr/e/ee/tm987zq2s9k6gioxrt0xrpon793eq27.png,https://wiki.biligame.com/sr/%E5%86%B6%E9%87%91%E7%82%89,99085,200,52909de2e822053c674356b2f226e42ec3431c9352facfabee595f226b0fb0d2,true,true,HTTP 200 反爬占位页,,equipment-contact-08.png,第2行第2列,逐项可见；未见空白、破损、异常裁切或相邻错位,本地哈希唯一；未发现图标与名称错位,BWIKI oldid=99085+PatchWiki；米游社官方资料仅提供玩法或少量条目补充,单条详情页本轮受限流/反爬影响，未获得独立页面实证,图标/名称/来源无已发现冲突
148,currency_wars_equipment_150,员工投影仪,消耗品,consumable,否,否,,,assets/currency_wars_equipment_icons/currency_wars_equipment_150.png,47ab81a776419ebfbf96b932d1478c479722741510867f78d6185af939c1d524,47ab81a776419ebfbf96b932d1478c479722741510867f78d6185af939c1d524,true,1,150,员工投影仪,21516,128,128,https://patchwiki.biligame.com/images/sr/6/6a/5h34jtucjpahjnya0s4dty34fofr8zd.png,https://wiki.biligame.com/sr/%E5%91%98%E5%B7%A5%E6%8A%95%E5%BD%B1%E4%BB%AA,99085,200,47ab81a776419ebfbf96b932d1478c479722741510867f78d6185af939c1d524,true,true,HTTP 200 反爬占位页,,equipment-contact-08.png,第2行第3列,逐项可见；未见空白、破损、异常裁切或相邻错位,本地哈希唯一；未发现图标与名称错位,BWIKI oldid=99085+PatchWiki；米游社官方资料仅提供玩法或少量条目补充,单条详情页本轮受限流/反爬影响，未获得独立页面实证,图标/名称/来源无已发现冲突
149,currency_wars_equipment_151,好运令牌,消耗品,consumable,否,否,,,assets/currency_wars_equipment_icons/currency_wars_equipment_151.png,16a3b61d5ea6814e5356616d975dc92138dd7caa538d2c7d8107615acf9666b7,16a3b61d5ea6814e5356616d975dc92138dd7caa538d2c7d8107615acf9666b7,true,1,151,好运令牌,29452,128,128,https://patchwiki.biligame.com/images/sr/e/eb/ec1wmho5we8rjxna2gmxcn5wy6ld1lv.png,https://wiki.biligame.com/sr/%E5%A5%BD%E8%BF%90%E4%BB%A4%E7%89%8C,99085,200,16a3b61d5ea6814e5356616d975dc92138dd7caa538d2c7d8107615acf9666b7,true,true,HTTP 200 反爬占位页,,equipment-contact-08.png,第2行第4列,逐项可见；未见空白、破损、异常裁切或相邻错位,本地哈希唯一；未发现图标与名称错位,BWIKI oldid=99085+PatchWiki；米游社官方资料仅提供玩法或少量条目补充,单条详情页本轮受限流/反爬影响，未获得独立页面实证,图标/名称/来源无已发现冲突
150,currency_wars_equipment_152,完美投影仪,消耗品,consumable,否,否,,,assets/currency_wars_equipment_icons/currency_wars_equipment_152.png,a26c1fad95d900395c1970af71cb8e27ef8cb33e813612f8b95688e1597adcc8,a26c1fad95d900395c1970af71cb8e27ef8cb33e813612f8b95688e1597adcc8,true,1,152,完美投影仪,25723,128,128,https://patchwiki.biligame.com/images/sr/d/d0/ltbni6v7mh0xnhfhbbprmwwaxufelnj.png,https://wiki.biligame.com/sr/%E5%AE%8C%E7%BE%8E%E6%8A%95%E5%BD%B1%E4%BB%AA,99085,200,a26c1fad95d900395c1970af71cb8e27ef8cb33e813612f8b95688e1597adcc8,true,true,HTTP 200 反爬占位页,,equipment-contact-08.png,第2行第5列,逐项可见；未见空白、破损、异常裁切或相邻错位,本地哈希唯一；未发现图标与名称错位,BWIKI oldid=99085+PatchWiki；米游社官方资料仅提供玩法或少量条目补充,单条详情页本轮受限流/反爬影响，未获得独立页面实证,图标/名称/来源无已发现冲突
151,currency_wars_equipment_153,拆装扳手,消耗品,consumable,否,否,,,assets/currency_wars_equipment_icons/currency_wars_equipment_153.png,9844590643c43ac6f7fafc0d4c46f0139fa14587939c1b4a1179756fb930d083,9844590643c43ac6f7fafc0d4c46f0139fa14587939c1b4a1179756fb930d083,true,1,153,拆装扳手,23025,128,128,https://patchwiki.biligame.com/images/sr/8/8d/byr0dil4xk0vofznnae74s0uixdjray.png,https://wiki.biligame.com/sr/%E6%8B%86%E8%A3%85%E6%89%B3%E6%89%8B,99085,200,9844590643c43ac6f7fafc0d4c46f0139fa14587939c1b4a1179756fb930d083,true,true,HTTP 200 反爬占位页,,equipment-contact-08.png,第3行第1列,逐项可见；未见空白、破损、异常裁切或相邻错位,本地哈希唯一；未发现图标与名称错位,BWIKI oldid=99085+PatchWiki；米游社官方资料仅提供玩法或少量条目补充,单条详情页本轮受限流/反爬影响，未获得独立页面实证,图标/名称/来源无已发现冲突
152,currency_wars_equipment_154,特权赋予卡,消耗品,consumable,否,否,,,assets/currency_wars_equipment_icons/currency_wars_equipment_154.png,4ef96afdd43945d75018892980415b2c408c8c6e6cb8146b47590a7024835655,4ef96afdd43945d75018892980415b2c408c8c6e6cb8146b47590a7024835655,true,1,154,特权赋予卡,30878,128,128,https://patchwiki.biligame.com/images/sr/3/3b/jsi3f3awcru1azwl2ms2a4wov5g8jy9.png,https://wiki.biligame.com/sr/%E7%89%B9%E6%9D%83%E8%B5%8B%E4%BA%88%E5%8D%A1,99085,200,4ef96afdd43945d75018892980415b2c408c8c6e6cb8146b47590a7024835655,true,true,HTTP 200 反爬占位页,,equipment-contact-08.png,第3行第2列,逐项可见；未见空白、破损、异常裁切或相邻错位,本地哈希唯一；未发现图标与名称错位,BWIKI oldid=99085+PatchWiki；米游社官方资料仅提供玩法或少量条目补充,单条详情页本轮受限流/反爬影响，未获得独立页面实证,图标/名称/来源无已发现冲突
153,currency_wars_equipment_155,精密拆装扳手,消耗品,consumable,否,否,,,assets/currency_wars_equipment_icons/currency_wars_equipment_155.png,eef0a6e2130743ff0573605b704486f6302e6cd69ce21a34696b29501ee3da40,eef0a6e2130743ff0573605b704486f6302e6cd69ce21a34696b29501ee3da40,true,1,155,精密拆装扳手,28657,128,128,https://patchwiki.biligame.com/images/sr/2/27/1r0qt0a4jyq2ijfzgs5evx66mf6h9rb.png,https://wiki.biligame.com/sr/%E7%B2%BE%E5%AF%86%E6%8B%86%E8%A3%85%E6%89%B3%E6%89%8B,99085,200,eef0a6e2130743ff0573605b704486f6302e6cd69ce21a34696b29501ee3da40,true,true,HTTP 200 反爬占位页,,equipment-contact-08.png,第3行第3列,逐项可见；未见空白、破损、异常裁切或相邻错位,本地哈希唯一；未发现图标与名称错位,BWIKI oldid=99085+PatchWiki；米游社官方资料仅提供玩法或少量条目补充,单条详情页本轮受限流/反爬影响，未获得独立页面实证,图标/名称/来源无已发现冲突
154,currency_wars_equipment_156,特权武装箱,武装箱,armament_box,否,否,,,assets/currency_wars_equipment_icons/currency_wars_equipment_156.png,711860952e82f3e60ade4dc4c1bab8ca671ad4e6bf29b651240a81ee20041448,711860952e82f3e60ade4dc4c1bab8ca671ad4e6bf29b651240a81ee20041448,true,1,156,特权武装箱,66998,256,256,https://patchwiki.biligame.com/images/sr/7/7a/b81pv64eg17eei1fq9zsa03djcryphh.png,https://wiki.biligame.com/sr/%E7%89%B9%E6%9D%83%E6%AD%A6%E8%A3%85%E7%AE%B1,99085,200,711860952e82f3e60ade4dc4c1bab8ca671ad4e6bf29b651240a81ee20041448,true,true,HTTP 200 反爬占位页,,equipment-contact-08.png,第3行第4列,逐项可见；未见空白、破损、异常裁切或相邻错位,本地哈希唯一；未发现图标与名称错位,BWIKI oldid=99085+PatchWiki；米游社官方资料仅提供玩法或少量条目补充,单条详情页本轮受限流/反爬影响，未获得独立页面实证,图标/名称/来源无已发现冲突
155,currency_wars_equipment_157,简易武装箱,武装箱,armament_box,否,否,,,assets/currency_wars_equipment_icons/currency_wars_equipment_157.png,a71aaabf88d868e61717a8a8a855a11e9ec2a93cbb19b197f3cd5a113db39d7d,a71aaabf88d868e61717a8a8a855a11e9ec2a93cbb19b197f3cd5a113db39d7d,true,1,157,简易武装箱,64322,256,256,https://patchwiki.biligame.com/images/sr/2/25/3j97sn7gxou5qosa2cn6qzpzkpmzweh.png,https://wiki.biligame.com/sr/%E7%AE%80%E6%98%93%E6%AD%A6%E8%A3%85%E7%AE%B1,99085,200,a71aaabf88d868e61717a8a8a855a11e9ec2a93cbb19b197f3cd5a113db39d7d,true,true,HTTP 200 反爬占位页,,equipment-contact-08.png,第3行第5列,逐项可见；未见空白、破损、异常裁切或相邻错位,本地哈希唯一；未发现图标与名称错位,BWIKI oldid=99085+PatchWiki；米游社官方资料仅提供玩法或少量条目补充,单条详情页本轮受限流/反爬影响，未获得独立页面实证,图标/名称/来源无已发现冲突
156,currency_wars_equipment_158,进阶武装箱,武装箱,armament_box,否,否,,,assets/currency_wars_equipment_icons/currency_wars_equipment_158.png,9ba802baa6ddbac5a2350d9193e4ca9e989c507bd87610612a1a506e7e1bf1cb,9ba802baa6ddbac5a2350d9193e4ca9e989c507bd87610612a1a506e7e1bf1cb,true,1,158,进阶武装箱,73683,256,256,https://patchwiki.biligame.com/images/sr/c/cb/jvtcs2l2xrk58kbxoe7se04ifkxwvpq.png,https://wiki.biligame.com/sr/%E8%BF%9B%E9%98%B6%E6%AD%A6%E8%A3%85%E7%AE%B1,99085,200,9ba802baa6ddbac5a2350d9193e4ca9e989c507bd87610612a1a506e7e1bf1cb,true,true,HTTP 200 反爬占位页,,equipment-contact-08.png,第4行第1列,逐项可见；未见空白、破损、异常裁切或相邻错位,本地哈希唯一；未发现图标与名称错位,BWIKI oldid=99085+PatchWiki；米游社官方资料仅提供玩法或少量条目补充,单条详情页本轮受限流/反爬影响，未获得独立页面实证,图标/名称/来源无已发现冲突
157,currency_wars_equipment_159,星徽秘典,特殊道具,special_item,否,否,,,assets/currency_wars_equipment_icons/currency_wars_equipment_159.png,a53c1ec7a89554e14c61ba004aa0b670bc79f14111e74ff11a37cf8ce3396359,a53c1ec7a89554e14c61ba004aa0b670bc79f14111e74ff11a37cf8ce3396359,true,1,159,星徽秘典,79028,256,256,https://patchwiki.biligame.com/images/sr/4/4e/26bh0motok3wj2egjzvtzek8qsiis4e.png,https://wiki.biligame.com/sr/装备一览,99085,200,a53c1ec7a89554e14c61ba004aa0b670bc79f14111e74ff11a37cf8ce3396359,true,true,汇总页URL；单页未验证,,equipment-contact-08.png,第4行第2列,逐项可见；未见空白、破损、异常裁切或相邻错位,本地哈希唯一；未发现图标与名称错位,BWIKI oldid=99085+PatchWiki；米游社官方资料仅提供玩法或少量条目补充,筛选表外补入；无独立BWIKI详情页，来源页指向总表,图标/名称/来源无已发现冲突